# vtk DataFile Version 3.0
SUBOFF ice impact; physical displacement scale 1
ASCII
DATASET UNSTRUCTURED_GRID
POINTS 1346 double
0.06597866081370732 0.08347783165515225 -0.08213328967107453
0.06602022064494367 0.0981873067700479 -0.0642384052573813
0.06602048511358981 0.1090938186241363 -0.043828108104512535
0.066020535511607 0.11580924363673255 -0.02168413964772207
0.06602085475295716 0.11807650917131285 0.0013443594018411266
0.06602067762791525 0.11580934841168473 0.02437287022375465
0.06602061330103641 0.10909412354965735 0.04651691277085856
0.06602076387209309 0.09818748468031825 0.06692714512289527
0.0659792907250466 0.08347801921652641 0.08482204946906519
0.06602099855225702 0.065583218283227 0.09953164565444782
0.06602169232837167 0.04517257004078378 0.11043752043494713
0.06602237540370462 0.02302842374210135 0.11715241249456518
0.06602197650725909 -1.0187301560790626e-10 0.11942030836338899
0.06602237441442285 -0.02302842399163261 0.11715241336248308
0.06602169367564895 -0.04517256918152022 0.11043751871898476
0.06602100044841216 -0.06558321655193751 0.09953164286432722
0.06597928888899124 -0.08347802138734828 0.08482205143289576
0.06602076182204102 -0.09818748769324036 0.06692714757956914
0.0660206154222284 -0.10909412143946984 0.04651691211623347
0.06602067672971834 -0.11580934941656645 0.024372870280772126
0.06602085274956292 -0.11807651289935367 0.0013443597013538732
0.0660205372856696 -0.11580924003490872 -0.021684138628951875
0.0660204867596731 -0.10909381625906572 -0.0438281071084085
0.06602022065177698 -0.09818730581040326 -0.06423840468466736
0.06597865880766081 -0.08347783387719898 -0.08213329168120449
0.06601989693813588 -0.0655832018595465 -0.0968430749585195
0.06602081153947982 -0.04517241408142022 -0.10774869180981228
0.06602075316400002 -0.02302843282480649 -0.11446403929469545
0.0660209361162244 -6.941300428757185e-11 -0.1167316301107447
0.06602075568456163 0.023028432325699212 -0.11446403467515556
0.06602080955131975 0.04517241571338932 -0.10774869475030195
0.06601989590573859 0.0655832017646386 -0.09684307531101123
0.19848772989196045 0.12343318377109334 -0.12208900749230557
0.19848773756031635 0.1451423081554856 -0.09563674455324869
0.19848756531425923 0.16127384936035294 -0.06545758641057557
0.19848764459471707 0.17120769889196144 -0.03271120852678737
0.1984873493031855 0.1745626178771336 0.0013438911980961626
0.19848754244902736 0.17120856846537336 0.03539906894116977
0.19848790095591579 0.16127457946086488 0.06814538448413295
0.19848800011280726 0.1451434785649021 0.09832475578098415
0.19848854510563696 0.12343421738123715 0.12477687605294924
0.1984888867351663 0.09698169654737837 0.14648563400082681
0.19848960297914262 0.06680189047868751 0.1626158903398824
0.19848986140181205 0.03405523736767061 0.17254880798729114
0.1984903744155271 -1.98997589411356e-11 0.17590255476843528
0.1984898615945348 -0.03405523740570949 0.17254880844756645
0.19848960273160585 -0.06680189048210863 0.16261589039712435
0.19848888622628874 -0.0969816966373198 0.1464856339810803
0.19848854542215397 -0.12343421741560041 0.1247768760668089
0.19848800079242768 -0.14514347804065456 0.09832475549418193
0.19848790023605822 -0.16127457866771597 0.0681453841616243
0.19848754267940424 -0.17120856930087874 0.035399069171148115
0.19848735007448112 -0.17456261676534954 0.0013438912997116557
0.19848764423540827 -0.1712076993599545 -0.032711208563110473
0.19848756466082937 -0.16127385060751862 -0.06545758688177082
0.1984877382738667 -0.1451423071005367 -0.09563674396917662
0.19848773004363937 -0.12343318407063106 -0.12208900797765573
0.19848778779070914 -0.09698087656603606 -0.1437980618446241
0.1984874719105564 -0.06680165377121286 -0.15992945021925004
0.19848765696900028 -0.034055209539400104 -0.16986311580164926
0.1984874418513127 -4.285488033730408e-11 -0.17321729356449092
0.1984876568507524 0.03405520936545575 -0.1698631148965649
0.19848747200388853 0.06680165428649952 -0.15992945137237624
0.19848778855572552 0.09698087624236898 -0.14379806138936502
0.33102576490186 0.14169740400353611 -0.1403532315840304
0.3310257189664811 0.166618262660402 -0.10998651414204132
0.3310257659221881 0.18513710371289566 -0.0753420397804869
0.3310252948596551 0.1965422466379939 -0.03775065349383921
0.33102542825654396 0.20039331830433854 0.0013436045960520991
0.3310253974029851 0.19654324839323037 0.04043798088752391
0.33102545840261 0.18513998504581813 0.07802998521983548
0.33102581893088123 0.1666218161018441 0.11267487091652885
0.33102609310888964 0.1417009437704839 0.14304162470319587
0.3310270992503273 0.11133290998964203 0.16796093819224522
0.3310278948414454 0.07668699253926407 0.18647715613420665
0.3310288011075955 0.03909442585492109 0.19787839421260156
0.3310289316859988 2.8526746886140298e-11 0.20172747154968249
0.33102880124411704 -0.03909442582847931 0.19787839375948793
0.3310278947080259 -0.07668699268291479 0.18647715635576126
0.3310270998183443 -0.11133290974074904 0.1679609378467111
0.33102609300823843 -0.14170094394926147 0.14304162481889832
0.33102581844039486 -0.16662181651232555 0.11267487115859642
0.33102545915394993 -0.18513998468808565 0.0780299850622501
0.3310253969283634 -0.19654324886397379 0.04043798099299732
0.3310254280462833 -0.20039331851876568 0.0013436045722552204
0.3310252950374869 -0.19654224624048192 -0.03775065353094015
0.33102576594635796 -0.18513710352395318 -0.07534203976323663
0.33102571866756064 -0.16661826286217243 -0.10998651427955697
0.33102576495773267 -0.1416974040392002 -0.14035323166381633
0.33102564802851814 -0.11133084895792456 -0.1652743057511895
0.3310258137378867 -0.0766860644607954 -0.18379258830913806
0.33102554925065253 -0.03909426547778365 -0.1951963185706753
0.3310257545131477 -2.8291585655947108e-11 -0.19904685254958593
0.3310255494746828 0.03909426538342195 -0.19519631824151906
0.33102581343814186 0.07668606447985084 -0.18379258846622126
0.33102564776068294 0.11133084894404084 -0.16527430575112004
0.46368907375958673 0.15445698806502428 -0.1531126984505946
0.46368915407912625 0.18162265119832807 -0.12001222585515584
0.46368898061402203 0.20180826948691027 -0.0822477540431864
0.4636891216471033 0.21423940078095702 -0.04127118015350074
0.463688976640153 0.21843678965065697 0.0013432923178082897
0.46368904433300584 0.214239681848262 0.043957787521561
0.4636887502707074 0.20181246234629097 0.08493552517989804
0.46368865725479363 0.18162904018972603 0.12270111543484898
0.4636895441448327 0.15446246055928106 0.15580076886180608
0.4636905297288494 0.1213598567732369 0.18296375219654248
0.46369201941822313 0.08359243055987045 0.2031437687006631
0.463692743847904 0.042614481766163816 0.2155704536728819
0.4636929675179427 -7.46820383341427e-11 0.21976794532784802
0.4636927436118451 -0.042614481827656606 0.21557045376859582
0.463692019840821 -0.08359243063778557 0.20314376888977848
0.46369052906399694 -0.12135985672485491 0.1829637520950882
0.46368954430440656 -0.15446246046413917 0.15580076881776475
0.46368865746261784 -0.18162904008777414 0.12270111547413685
0.4636887498846365 -0.20181246225264193 0.0849355251962637
0.46368904470891115 -0.2142396816805836 0.04395778748222433
0.46368897678858007 -0.21843678955389814 0.0013432923198826682
0.46368912153172015 -0.21423940089832547 -0.041271180173845595
0.4636889807419842 -0.2018082699010506 -0.08224775425230335
0.46368915403629296 -0.18162265086078483 -0.12001222565101549
0.4636890737815308 -0.1544569879289206 -0.15311269831041835
0.46368922812658164 -0.12135609485254803 -0.18027781146360172
0.4636891217905909 -0.08359146983120999 -0.2004630723428598
0.46368943360681014 -0.0426143885906648 -0.21289248620060428
0.4636891073537078 -3.141443485508705e-11 -0.21709060235347696
0.4636894333855923 0.042614388537220625 -0.21289248611290396
0.46368912190500583 0.08359147000740777 -0.20046307279796385
0.4636892283209109 0.12135609457408432 -0.18027781106962817
0.5963739924371171 0.16500243698619108 -0.16365824758136424
0.5963738712796568 0.19402239078499012 -0.12829749906641044
0.5963738187446462 0.2155875416113885 -0.0879554006088475
0.5963738959200163 0.22886455265625077 -0.04418027511499245
0.5963737896853124 0.23334965713986996 0.001343609451775102
0.596373246709442 0.2288698958038071 0.04686801082497841
0.5963729708530182 0.2155951696602339 0.09064382606009466
0.596373206168858 0.1940340867924622 0.13098810024807722
0.5963741013314173 0.1650114967436841 0.16634667870170555
0.5963757794860578 0.129645667771198 0.19536045626461274
0.5963768084316159 0.08929999890891177 0.2169189906715666
0.5963777552545566 0.04552421631179974 0.23019397608766037
0.5963779741918757 2.34365345706836e-11 0.23467661593393094
0.5963777557730461 -0.045524216278938656 0.23019397582831688
0.5963768076850251 -0.08929999892542606 0.2169189906768542
0.5963757802527007 -0.1296456676331419 0.19536045621764095
0.5963741011609803 -0.16501149674483573 0.16634667881164591
0.5963732059887739 -0.19403408702282696 0.13098810040285983
0.5963729710172433 -0.21559516961025535 0.0906438260016171
0.5963732465972851 -0.22886989600604982 0.04686801083111949
0.596373789588533 -0.23334965743375266 0.0013436095034414914
0.5963738962416664 -0.22886455217808532 -0.04418027492102899
0.5963738183642453 -0.21558754156088736 -0.08795540049821758
0.5963738714822188 -0.19402239093757057 -0.12829749915334654
0.5963739923703075 -0.16500243689715557 -0.16365824760572323
0.5963738380580682 -0.1296419624584145 -0.19267851651245113
0.5963740948686325 -0.08929844531277678 -0.2142409374973536
0.596373867107873 -0.045524073851376815 -0.22752027530626878
0.5963741774458775 -1.3534057543916371e-11 -0.23200310532207083
0.5963738673171236 0.045524073826352505 -0.2275202750900759
0.5963740947111399 0.08929844534463069 -0.21424093755119597
0.5963738380780741 0.12964196249955562 -0.19267851648645784
0.7290479663518605 0.17302223606074485 -0.1716779721461788
0.7290479537252422 0.20345253720941264 -0.13459855668274526
0.7290481330135399 0.2260629166913623 -0.09229422169258296
0.7290479840201299 0.23998766876265096 -0.04639227196593766
0.7290475410014646 0.24469197080496843 0.0013440677638267683
0.7290469683707215 0.2399977487600161 0.049081388859266314
0.7290468031014926 0.22607867436992504 0.09498501718906739
0.7290473322821632 0.2034668789765065 0.13728857001907943
0.7290485538301106 0.17303287973833134 0.17436495186463774
0.7290497937112574 0.1359473311820968 0.20478782762153802
0.7290511325284944 0.09364064208251553 0.2273938759400944
0.7290518792830063 0.04773711629592065 0.24131348591365484
0.7290525600314642 -2.514079344109507e-11 0.2460101635329372
0.7290518786916308 -0.04773711635580903 0.2413134861905412
0.7290511331553959 -0.09364064196387337 0.227393875780992
0.7290497933087282 -0.13594733138776496 0.2047878279943973
0.7290485540087315 -0.1730328794583757 0.17436495158824075
0.7290473323809741 -0.2034668790242298 0.13728857001165257
0.7290468029074387 -0.226078674305215 0.09498501710278337
0.7290469684939223 -0.2399977484922281 0.04908138874475948
0.7290475410798085 -0.24469197092106745 0.0013440677202877136
0.7290479838053732 -0.2399876687331157 -0.04639227198100461
0.7290481332408297 -0.22606291711075113 -0.09229422186400454
0.7290479533801163 -0.20345253709954245 -0.13459855657645486
0.7290479664368937 -0.1730222358015175 -0.17167797195956983
0.7290482366039642 -0.13594188791109027 -0.20210716542831728
0.7290480933725153 -0.09363868574074045 -0.2247197422917441
0.7290481320990521 -0.047736747922682614 -0.23864462247608026
0.729048081302362 -2.4312722592737593e-11 -0.24334531678135743
0.7290481318553687 0.047736747847398765 -0.23864462220370747
0.7290480938139177 0.09363868603493396 -0.2247197429308248
0.7290482363645707 0.13594188759136558 -0.20210716484421493
0.8617150628487742 0.1775272630483027 -0.1761826634421018
0.8617150451504646 0.208749109042406 -0.13813759563766195
0.8617152850941054 0.23194515242994684 -0.09473049791781694
0.8617150568218592 0.24623296441273704 -0.04763387168046454
0.8617145525921778 0.2510640144943285 0.001344663791176343
0.8617140270754363 0.2462488261203852 0.05032475656769636
0.8617138825561159 0.23196973447582947 0.09742400011956977
0.8617146445934021 0.2087664589402626 0.14082720192850554
0.8617157467294391 0.17753830711998012 0.1788671175723236
0.8617170366947672 0.1394882653588818 0.21008299866735727
0.8617182963640523 0.09607855635529626 0.23327430941514535
0.861719220759203 0.04897959701697632 0.2475545588283585
0.8617193973654048 -3.8620001773056045e-11 0.2523754216331131
0.8617192212202016 -0.04897959701792041 0.24755455869300577
0.8617182957425472 -0.09607855631193668 0.23327430934343846
0.8617170371084877 -0.13948826533195025 0.21008299867390046
0.8617157466317191 -0.17753830714318064 0.1788671175714022
0.8617146444703624 -0.20876645919203965 0.14082720205454208
0.8617138826867949 -0.2319697344794074 0.09742400010484611
0.8617140270660697 -0.24624882623076402 0.05032475657227442
0.8617145524001979 -0.25106401470261036 0.001344663811325245
0.8617150571282067 -0.2462329640878668 -0.04763387161591918
0.8617152847285099 -0.23194515222405643 -0.09473049782061009
0.861715045499412 -0.20874910923145423 -0.13813759574599155
0.8617150626795889 -0.17752726295125673 -0.17618266331971896
0.8617153182790821 -0.13948052235594266 -0.20740253871323436
0.8617156355589518 -0.09607542547301573 -0.23060244969619403
0.8617153813424583 -0.04897908979020116 -0.2448913163189566
0.8617152526882798 -4.096100617826454e-11 -0.24971696510422506
0.8617153817053909 0.04897908974241243 -0.24489131621555027
0.8617156351452493 0.09607542549966905 -0.23060244973608368
0.8617153184197363 0.13948052233392869 -0.20740253863648875
0.9944010593385364 0.1786469527576623 -0.1773019436754907
0.994401136067972 0.21006131749628243 -0.13901465239649757
0.9944011878771303 0.23340001315501605 -0.09533306460866013
0.9944010825277516 0.24777843341975966 -0.04794071226582507
0.9944007104876186 0.2526400128212409 0.0013455530204278228
0.9944003169701126 0.2478018304700517 0.05063413133845695
0.9944002898205222 0.23343471019538153 0.09802987298775687
0.9944008965474133 0.21008337329218568 0.14170464306661515
0.9944019227708597 0.17865790643380972 0.17998274185260799
0.9944032144673468 0.1403664558889289 0.21139194838596326
0.9944043970862811 0.09668241468992107 0.2347259841202478
0.9944051871042908 0.04928724943843331 0.24909514226990184
0.9944053711174732 7.706470883837983e-12 0.2539472727391156
0.9944051868955979 -0.04928724947146209 0.2490951423281744
0.9944043975484846 -0.09668241472808715 0.23472598424977242
0.9944032140840141 -0.14036645582715224 0.21139194828837454
0.9944019226958067 -0.17865790649632493 0.17998274192233624
0.9944008968040615 -0.21008337296457794 0.14170464285971282
0.9944002896533611 -0.23343471029296384 0.09802987305276967
0.9944003170980444 -0.24780183020717378 0.050634131321576466
0.9944007103840201 -0.2526400127737931 0.0013455530088865267
0.9944010823067087 -0.2477784335627442 -0.04794071227685862
0.9944011883759768 -0.23340001346456163 -0.09533306471543515
0.9944011356829581 -0.21006131727614422 -0.13901465220310302
0.9944010595165759 -0.17864695288270668 -0.1773019437853071
0.9944014836899391 -0.1403578670300733 -0.20871418439890313
0.9944017985712361 -0.09667747487756756 -0.2320552752579017
0.9944017601982929 -0.04928650885851869 -0.24643857515104775
0.9944014530925434 -1.5815289142623904e-11 -0.2512986752605488
0.9944017597235753 0.04928650885128165 -0.24643857524442242
0.9944017989867296 0.09667747488321798 -0.23205527527059183
0.9944014836126345 0.14035786701509476 -0.2087141844611702
1.1271141289016382 0.17865384135698348 -0.17730794132592753
1.127114036512749 0.2100677553804454 -0.13901887380863096
1.1271139877540475 0.2334043779288157 -0.09533491633267661
1.1271139395438357 0.2477816303414458 -0.04794109640479264
1.1271137656941668 0.25264475725102137 0.001346077111924032
1.127113666974381 0.24780960930080154 0.0506359811743109
1.127113642534671 0.23344566825305135 0.0980337467808527
1.1271141026867033 0.21009465072155978 0.14170989286821148
1.1271150264581535 0.17866596255363168 0.179986778083798
1.1271161547415605 0.1403721296375054 0.21139490831051092
1.1271171597870633 0.09668522695659873 0.2347260524448282
1.1271179624541887 0.04928822231635995 0.24909298151654197
1.1271182362684726 -6.904436559965764e-12 0.25394675634901626
1.1271179627421342 -0.04928822229344947 0.24909298143211184
1.1271171596649998 -0.09668522693828432 0.23472605237162059
1.127116154550866 -0.14037212967474008 0.21139490836501076
1.1271150268097825 -0.17866596252557496 0.1799867780487968
1.1271141021019142 -0.21009465099389663 0.14170989305542714
1.127113643296412 -0.2334456681375812 0.09803374670699533
1.1271136663483547 -0.24780960959006373 0.05063598119295572
1.1271137659994566 -0.25264475721684937 0.001346077145429389
1.1271139393798102 -0.2477816302690179 -0.0479410963742309
1.1271139877273213 -0.2334043775796415 -0.0953349162112863
1.127114036695216 -0.21006775559376903 -0.139018873986191
1.127114128876271 -0.17865384124791922 -0.17730794121719748
1.1271144485123084 -0.14036202482171026 -0.20871856080044524
1.1271147311799135 -0.09667830963671925 -0.23205580756837602
1.127114842594008 -0.04928698140216373 -0.24644169406427557
1.1271148261738406 2.6578928066891393e-11 -0.25130806052772586
1.1271148428027977 0.049286981405244665 -0.24644169400019073
1.1271147307095009 0.0966783096263123 -0.23205580752960137
1.1271144489127114 0.14036202486725552 -0.20871856076614453
1.2598361929949704 0.1786560156935854 -0.17730889593340055
1.2598359742201837 0.21006919659621603 -0.1390192317330899
1.2598358747399483 0.23340481785760409 -0.09533476259086994
1.2598357312572765 0.24778382998607315 -0.04794147038307719
1.2598358140446357 0.2526449039626868 0.0013459390858404803
1.2598357576609012 0.2478109726017363 0.050636035378042454
1.2598357942025125 0.2334521644576526 0.09803543909196327
1.2598362319028116 0.2100999348106851 0.1417109703842336
1.2598370245792179 0.1786689818304867 0.17998597787495546
1.2598379213289161 0.1403739599019741 0.2113925838273388
1.2598388862430001 0.09668606647370208 0.2347217473629271
1.2598395332663448 0.04928828300010215 0.24908585035192765
1.2598397588134025 1.0280382029419305e-11 0.25393765059337114
1.2598395331109593 -0.04928828301917063 0.24908585045916914
1.2598388865021024 -0.09668606650230922 0.23472174737302937
1.2598379212264785 -0.1403739598629972 0.21139258379906736
1.2598370242734582 -0.17866898182512506 0.17998597786548812
1.2598362325221721 -0.21009993458542445 0.14171097022875864
1.2598357935462823 -0.23345216453062614 0.09803543911695446
1.2598357581582325 -0.24781097240307204 0.05063603533138895
1.2598358138391081 -0.2526449038771959 0.0013459390427355198
1.259835731097018 -0.24778383016399264 -0.04794147043674957
1.2598358750199985 -0.23340481810201857 -0.09533476267443183
1.259835974020725 -0.21006919644161914 -0.13901923164495367
1.2598361930498116 -0.17865601575350007 -0.1773088960174385
1.2598363973098528 -0.14036214467693922 -0.20871698983116882
1.2598365988248175 -0.09667843428921122 -0.23205421972822105
1.259836727205534 -0.049287154110050045 -0.24644034950389337
1.2598368431594569 -9.736812307618119e-12 -0.2513051983668356
1.2598367270063742 0.049287154127863324 -0.24644034955513644
1.2598365990146247 0.09667843429859141 -0.23205421976684742
1.2598363972916344 0.14036214464719066 -0.2087169898401679
1.392558298990046 0.17865641092505266 -0.1773082896012916
1.3925581024261375 0.210070092462308 -0.1390190583251185
1.392557917069103 0.23340638772124217 -0.09533495809954895
1.3925578062673285 0.2477854136097864 -0.04794168552159618
1.3925577458538076 0.25264544298518204 0.0013458133260354965
1.3925578521729187 0.24781238108760162 0.050635993454028055
1.3925580607534112 0.23345573064089942 0.09803606298233708
1.392558325399378 0.21010421818482705 0.1417119944706935
1.3925589379246597 0.17867226062279867 0.17998615556028602
1.3925597567797106 0.1403755894869301 0.21139069518606396
1.3925605790853883 0.09668593958709841 0.23471649389602242
1.3925610850112433 0.049288138475523324 0.24908029008849977
1.392561325979028 -7.313222786015728e-12 0.2539329830977139
1.3925610851686583 -0.04928813844557521 0.24908028992877773
1.3925605788268531 -0.09668593962206333 0.23471649399478525
1.3925597570336077 -0.1403755894640284 0.2113906950920752
1.3925589378860899 -0.17867226070178535 0.17998615569221585
1.3925583252514813 -0.21010421829275558 0.1417119945572306
1.3925580610082153 -0.23345573067409262 0.09803606298719753
1.3925578521349715 -0.24781238115557694 0.05063599350271166
1.3925577455884115 -0.25264544318630766 0.0013458133617553181
1.392557806844806 -0.2477854132973561 -0.047941685426635454
1.3925579164393371 -0.23340638762671476 -0.09533495804658335
1.3925581028868057 -0.21007009247473998 -0.13901905833470338
1.3925582987812901 -0.17865641094463805 -0.1773082896344995
1.3925584240152997 -0.14036274723583925 -0.2087166394698713
1.392558509240179 -0.0966789359999867 -0.23205366902699417
1.3925586721798342 -0.04928727460497944 -0.24643842065114102
1.3925587163272095 4.30468074128717e-12 -0.2513017178749193
1.3925586722295917 0.04928727460308143 -0.24643842065924487
1.3925585091765782 0.09667893592205232 -0.23205366890072546
1.3925584239733122 0.14036274732594253 -0.2087166395952047
1.525280375013278 0.17865699367100563 -0.1773081239471051
1.525280140663552 0.21007101413571916 -0.13901909374224858
1.5252800182157316 0.2334065984870431 -0.09533457158737099
1.525279807109325 0.24778754901199074 -0.04794183398916776
1.5252798029477537 0.2526476340628401 0.0013456723208295606
1.5252798700590253 0.24781343795826377 0.050635718979637125
1.525280170775162 0.23345570612400807 0.0980354452023605
1.5252804411938095 0.210106698414245 0.14171268309845425
1.525280863534434 0.17867658425934382 0.17998833526829097
1.5252815183442479 0.14037627063921224 0.21138844334186516
1.5252820799584272 0.09668682241353918 0.2347146241471699
1.5252826469862089 0.04928849202354548 0.24907688874482561
1.5252828479635079 7.331304906201337e-12 0.25392660797935435
1.5252826468708356 -0.04928849206718419 0.24907688892683374
1.525282080187893 -0.0966868223553643 0.234714623987681
1.525281518116092 -0.14037627069832906 0.2113884434690082
1.52528086374868 -0.17867658410906667 0.17998833509514142
1.5252804411322007 -0.21010669837402454 0.1417126830645801
1.525280170693856 -0.23345570603138396 0.09803544517507445
1.5252798701764942 -0.2478134379656343 0.05063571892771773
1.5252798030532775 -0.25264763378342636 0.0013456723024326232
1.5252798067604199 -0.24778754938690573 -0.04794183409276326
1.5252800187594995 -0.23340659851711673 -0.09533457160202947
1.5252801402799996 -0.21007101418499663 -0.13901909373729027
1.5252803751238184 -0.1786569936324009 -0.1773081238979904
1.525280384643099 -0.14036264632641285 -0.20871571184622903
1.5252805123672608 -0.09667959094993858 -0.2320542071842088
1.5252805454481748 -0.04928743064877908 -0.24643745448960708
1.5252806530170728 8.141158274726304e-12 -0.25129934491991923
1.5252805453611422 0.049287430636309644 -0.24643745447127602
1.5252805125586424 0.09667959100541645 -0.2320542073242259
1.525280384484453 0.14036264622289668 -0.20871571172244704
1.6580023332619 0.17865623813282314 -0.17730694643907496
1.658002302066943 0.21007031262075945 -0.13901806720806892
1.6580020099720152 0.2334068455565947 -0.09533415716489305
1.6580019286086698 0.24778815646043562 -0.04794166043284251
1.658001830118267 0.25264863687691763 0.0013456960048045122
1.658001889669533 0.24781609333893703 0.05063583042556152
1.6580020867251082 0.23345673073206125 0.09803500452750233
1.658002487831404 0.2101079470532011 0.14171233743033765
1.6580028393024557 0.17867785271399075 0.17998796353228344
1.6580032433310077 0.1403779445861149 0.21138848962644022
1.6580037662463023 0.09668763780633013 0.2347129619242936
1.6580040966532188 0.04928862318201208 0.24907279545556865
1.6580043243402431 -2.4462447645834804e-12 0.25392139667094293
1.6580040967268093 -0.049288623130515664 0.24907279529989956
1.6580037660198301 -0.09668763786616189 0.23471296206248177
1.6580032436234993 -0.14037794456274813 0.21138848956852335
1.6580028390556 -0.17867785283612264 0.1799879636494447
1.6580024879190642 -0.21010794716664735 0.1417123374878032
1.6580020867911038 -0.23345673074124457 0.09803500451036891
1.6580018895644362 -0.24781609343454505 0.05063583045755583
1.6580018301578388 -0.2526486370606272 0.0013456959992756785
1.65800192873192 -0.24778815618200353 -0.047941660339596674
1.658002009798924 -0.23340684544437157 -0.09533415713754265
1.658002302171807 -0.21007031262967263 -0.13901806727976304
1.6580023333364662 -0.17865623809688733 -0.1773069464128235
1.6580025166513004 -0.14036299700712404 -0.20871582387848744
1.6580023909301609 -0.09667957056355002 -0.2320536217116285
1.658002459495567 -0.049287340545498756 -0.24643663095509558
1.658002370000774 -1.760184240558215e-11 -0.25129953430639135
1.6580024596806777 0.049287340534508464 -0.246436630942392
1.6580023906701282 0.09667957054340974 -0.2320536216469039
1.658002516825585 0.14036299707429678 -0.20871582391366378
1.7907244856478772 0.17865545743426164 -0.17730559191586592
1.7907243494775864 0.2100703963830513 -0.13901730594985598
1.7907241845395985 0.23340847949260368 -0.09533413093464979
1.790723980893438 0.24778964724003572 -0.04794146990900647
1.7907238206597642 0.25265219665910044 0.0013457982302970365
1.7907239105065882 0.2478185440561035 0.05063590291942317
1.7907240114362721 0.23345990404335998 0.09803535567443307
1.7907243866342946 0.2101086427621228 0.14171141755145228
1.7907246704257294 0.17867905857708988 0.17998753521614905
1.7907251018741768 0.14037916383236237 0.21138814793013985
1.7907253410995443 0.09668813213805498 0.2347113385680462
1.7907256573096386 0.04928873733214104 0.2490699591055617
1.790725617622177 1.1223140744932814e-11 0.2539168240426916
1.7907256572128905 -0.049288737371941775 0.24906995924575373
1.7907253412201343 -0.09668813207177139 0.2347113384725675
1.790725101758464 -0.14037916380591495 0.2113881479272845
1.7907246704856248 -0.178679058519985 0.1799875351733272
1.7907243866949718 -0.21010864255709022 0.14171141746528693
1.7907240112781884 -0.23345990417238555 0.09803535575811506
1.7907239106282204 -0.24781854384184077 0.05063590286897559
1.7907238206166307 -0.2526521966175998 0.0013457982365519586
1.7907239809533952 -0.24778964741250195 -0.04794146997362758
1.790724184375288 -0.23340847971322617 -0.09533413101716404
1.7907243497008163 -0.21007039629918037 -0.13901730584146316
1.7907244853674964 -0.1786554575378139 -0.17730559202380408
1.7907243711226388 -0.14036222772011736 -0.20871458374811136
1.7907243488468252 -0.09667942378664525 -0.23205367505590038
1.7907241545597683 -0.04928740348569301 -0.24643756821927298
1.790724197058262 1.612129390047627e-11 -0.25130012025632537
1.79072415442132 0.049287403525385826 -0.2464375682561215
1.7907243491144853 0.0966794237958737 -0.2320536750505678
1.7907243707963365 0.14036222769696954 -0.20871458376792493
1.9234463110171387 0.1786531402833685 -0.17730325251769494
1.9234463690902524 0.21006913453448245 -0.13901581984886727
1.9234462709594065 0.23340783734383677 -0.09533293612906525
1.923446028572833 0.24779134216644777 -0.04794094955748296
1.9234458677674515 0.2526557242608987 0.0013461665015769265
1.9234457926896915 0.2478210951180335 0.05063619930421868
1.923445960088224 0.23346242795643712 0.09803566780124517
1.9234461258667344 0.21011025621146903 0.14171129800513127
1.923446553118331 0.17867873745160817 0.17998588195741014
1.9234467492860992 0.14037967463916565 0.2113875574444071
1.9234470373977257 0.09668800287403362 0.2347096119187066
1.9234470122968217 0.04928863788174042 0.2490683636985604
1.9234471401361746 -1.3143982023096173e-11 0.2539161893763697
1.9234470123124316 -0.04928863782482932 0.24906836354944087
1.9234470373858692 -0.09668800292920628 0.23470961204525892
1.9234467492647118 -0.14037967466819753 0.21138755745586563
1.9234465532564806 -0.17867873749314483 0.17998588203416105
1.9234461257192883 -0.21011025639083708 0.14171129810545985
1.9234459601790141 -0.2334624278372894 0.09803566774267546
1.9234457925571844 -0.24782109531386382 0.05063619938226869
1.9234458679619004 -0.25265572435832184 0.001346166509248441
1.9234460283439505 -0.24779134196259633 -0.047940949485260245
1.9234462712333225 -0.233407837200202 -0.0953329360579562
1.9234463687149839 -0.2100691345873212 -0.13901581993299575
1.9234463113702993 -0.17865314021396708 -0.17730325244885223
1.9234462336915785 -0.14036178299254884 -0.20871457765207793
1.9234460440736012 -0.09667912158073744 -0.23205411257199873
1.923446046785131 -0.04928738182701161 -0.24643936276129505
1.9234459072854793 7.000916407346024e-12 -0.2513038458036298
1.9234460468379453 0.04928738180911386 -0.2464393627268393
1.923446043978031 0.09667912159988566 -0.23205411253375105
1.9234462339465546 0.14036178301846522 -0.20871457764827792
2.0561680688472666 0.1786535455168157 -0.17730392884571258
2.0561681748357663 0.21006715726800304 -0.1390145261160196
2.0561681771984612 0.2334063468668365 -0.09533188963221759
2.056168115450795 0.24779046461744883 -0.04794009538154038
2.056167975066784 0.25265650964565767 0.001346823063109412
2.0561677911957186 0.24782436130201707 0.050637069124048195
2.056167809812788 0.23346371948274644 0.09803589744807693
2.056168000712801 0.21011185979008576 0.14171162826166675
2.0561681899644415 0.17867900649676222 0.17998508349278125
2.0561685137314294 0.14037832311705534 0.21138476340873377
2.0561685348627674 0.09668776353440017 0.23470888864878653
2.056168637332901 0.0492884632818059 0.2490678643899669
2.0561685594965295 1.5082522808002714e-11 0.2539174012532544
2.0561686374208032 -0.04928846333377513 0.249067864546531
2.056168534720332 -0.09668776347649732 0.23470888851870056
2.0561685138137356 -0.14037832307764928 0.21138476339374063
2.056168190010147 -0.17867900647173482 0.17998508341389657
2.056168000554682 -0.21011185963849838 0.14171162816017568
2.0561678100280925 -0.23346371960743156 0.09803589750359583
2.056167791034319 -0.2478243611284166 0.0506370690531173
2.056167975098524 -0.2526565095383338 0.0013468230532141209
2.056168115571304 -0.2477904648558175 -0.04794009546676555
2.0561681769932107 -0.23340634698083593 -0.09533188970211803
2.056168174960063 -0.21006715724508943 -0.13901452606156708
2.0561680688442294 -0.17865354557223576 -0.17730392891701066
2.0561679436748728 -0.14036153431628554 -0.208714494862781
2.0561679021143524 -0.09667926082045655 -0.23205473214898192
2.0561677766169093 -0.04928746852315308 -0.2464396788304503
2.056167947401154 -1.1811220049000765e-11 -0.25130264226849663
2.0561677766894104 0.049287468546038486 -0.2464396788599783
2.056167902005312 0.09667926080377141 -0.23205473219008893
2.056167943761457 0.14036153429999024 -0.20871449483954055
2.1888898937976893 0.17865318894840757 -0.17730377712269157
2.1888899406442923 0.21006672583264577 -0.13901432204467182
2.1888899726091826 0.23340608974911126 -0.09533176399587265
2.188890078696059 0.24778862317129408 -0.047939496422427126
2.1888900907468343 0.2526555212953381 0.0013473179862202634
2.1888900378325724 0.24782523159558054 0.05063771811807854
2.188889946448676 0.23346542417166474 0.09803680045394922
2.1888898250149498 0.21011362899076633 0.14171259971345804
2.188889890254346 0.17867981361804197 0.17998526762048486
2.1888899592650417 0.14037831393032835 0.2113840042770143
2.1888901764002595 0.09668723168465582 0.23470727484736179
2.188890204183301 0.04928856821278826 0.24906852812072944
2.18889030541696 -1.234443650502888e-11 0.2539176251520318
2.188890204061285 -0.04928856817667066 0.24906852795900297
2.188890176582334 -0.09668723174986756 0.23470727497251911
2.1888899591533213 -0.1403783139739329 0.2113840043120019
2.188889890134731 -0.1786798136613537 0.17998526768248835
2.188889825338309 -0.21011362913081125 0.14171259979744996
2.1888899460386173 -0.23346542404823137 0.09803680039464975
2.188890038131877 -0.24782523176890328 0.05063771816636215
2.188890090644257 -0.2526555214041802 0.0013473179903711098
2.188890078582428 -0.24778862292500947 -0.04793949635806835
2.1888899727615985 -0.233406089630695 -0.09533176394194086
2.188889940651434 -0.2100667258489232 -0.1390143220783083
2.188889893556355 -0.17865318889505472 -0.17730377704545747
2.1888897606540847 -0.1403618075857017 -0.20871498034141658
2.1888896731037617 -0.09667935353497041 -0.23205464998798403
2.188889679579089 -0.04928754784389752 -0.24643906963677656
2.1888896667944926 7.209744369484915e-12 -0.25130004943510764
2.188889679352887 0.049287547809279464 -0.2464390696073057
2.188889673468028 0.09667935353031154 -0.23205464996705294
2.1888897602755106 0.1403618076077261 -0.20871498036464972
2.321611609417263 0.17865182316509115 -0.17730289994745183
2.321611640639448 0.21006619603219973 -0.13901414590650624
2.3216118536767736 0.23340614107233 -0.09533193213474335
2.321612010238145 0.2477889691252254 -0.04793975290949792
2.3216122080371897 0.252655218330994 0.0013471469256701382
2.321612415306723 0.24782197718585616 0.05063729136225178
2.3216122015707064 0.23346504083761077 0.0980372620269485
2.3216119129071178 0.2101142098279022 0.1417135778637141
2.321611649599687 0.17868169654930816 0.17998735056916096
2.3216115076573454 0.14037978078846097 0.21138555434224024
2.3216116189139324 0.09668772557185959 0.2347068976960301
2.3216118613198677 0.04928867872317711 0.24906674274426024
2.3216119489416407 5.530341101278084e-12 0.25391431321111607
2.321611861482957 -0.04928867877208648 0.2490667429282421
2.321611618688758 -0.09668772549131147 0.23470689752733465
2.3216115078126713 -0.14037978077849214 0.21138555434603631
2.321611649586582 -0.1786816964457702 0.1799873504479683
2.321611912656089 -0.2101142097896782 0.1417135778322304
2.3216122019347223 -0.23346504085228428 0.09803726203355356
2.321612415000225 -0.2478219771203447 0.05063729135656768
2.321612208069174 -0.25265521810059477 0.0013471469144861693
2.32161201038745 -0.24778896947106344 -0.04793975299358407
2.321611853456693 -0.23340614108401223 -0.09533193212454527
2.3216116407096807 -0.21006619609486146 -0.13901414592625153
2.3216116095983486 -0.17865182317486505 -0.17730289993575904
2.32161153868681 -0.14036128597740277 -0.20871520965938808
2.3216114509095833 -0.09667963411848882 -0.23205655727718033
2.3216114627299222 -0.04928769075899886 -0.24644101294887055
2.3216113812879335 -9.91616501867419e-12 -0.2513020330672291
2.3216114630803104 0.04928769076080518 -0.24644101296103005
2.321611450377104 0.09667963414034539 -0.23205655734880068
2.3216115391589875 0.1403612859060633 -0.20871520958965156
2.4543332087037593 0.1786514078601321 -0.17730309862863086
2.4543334115619975 0.21006703846166175 -0.13901550646797572
2.4543337152837412 0.2334052718748637 -0.09533248244354237
2.4543340710142716 0.24778897627432797 -0.047940625514508534
2.454334464328068 0.252652425473701 0.001346531148438692
2.4543345022033325 0.2478182686534731 0.05063658106123374
2.454334530952904 0.23346134362746743 0.09803655927412276
2.454334203373792 0.21011296215947783 0.14171418224446927
2.454333622831975 0.17868232044253543 0.17998941035044932
2.454333333234973 0.1403820204465423 0.21138951862855293
2.454333137681672 0.09668974313859398 0.2347105036244281
2.4543332479667357 0.04928893238642837 0.2490647997611042
2.4543332757844243 -7.390413441587343e-12 0.2539106282379067
2.4543332476843105 -0.04928893235009833 0.24906479956717967
2.454333138082328 -0.09668974322938083 0.23471050379400188
2.454333332906679 -0.14038202045046197 0.21138951861268054
2.4543336229336687 -0.1786823205601918 0.17998941048064815
2.4543342034990285 -0.2101129621532009 0.14171418224722138
2.4543345306792057 -0.2334613436430199 0.09803655927725234
2.45433450245454 -0.24781826866838166 0.05063658105998475
2.454334464232335 -0.2526524257294173 0.0013465311772831838
2.454334070866273 -0.24778897589519552 -0.047940625419294905
2.4543337155182234 -0.23340527189042687 -0.09533248246064073
2.4543334114284194 -0.2100670383775686 -0.13901550641361946
2.4543332085943566 -0.17865140786012476 -0.1773030986622594
2.4543331780795716 -0.1403611178046475 -0.20871557164844184
2.454333268773329 -0.09667964737203737 -0.23205714707926267
2.4543332123870862 -0.04928754620528869 -0.24644096947253216
2.4543332685092487 -3.4842085169792106e-12 -0.2513030575680637
2.454333212090565 0.04928754621715584 -0.24644096947448413
2.4543332691982447 0.09667964734509245 -0.23205714698664584
2.4543331777577326 0.14036111788456754 -0.20871557174770067
2.5870550253600197 0.17865441136596302 -0.1773068137545647
2.5870553842142163 0.21006848565478337 -0.1390178695690594
2.587055672710136 0.2334067216479379 -0.0953347845814066
2.5870561425279104 0.2477865539548375 -0.04794174020990765
2.5870564156441715 0.2526474672253679 0.0013456462149015155
2.587056634658173 0.24781604328238785 0.05063592410455629
2.587056677866668 0.23345641847621346 0.09803507585418927
2.587056422082454 0.21010938588781106 0.14171344932265198
2.587055928732257 0.17868324782208092 0.17999241828973983
2.58705536686077 0.1403824974193538 0.21139198815108187
2.5870548839731025 0.09668984499202736 0.23471220215878985
2.5870544435336336 0.04928907451819983 0.24906657851683353
2.5870543902824554 -4.933950659337539e-12 0.2539115335314938
2.5870544438737397 -0.04928907453222292 0.2490665786922768
2.5870548834640754 -0.09668984493147749 0.23471220202956522
2.5870553673340746 -0.14038249739384626 0.2113919881097882
2.5870559284881995 -0.17868324773579214 0.1799924182098682
2.5870564220837267 -0.2101093858540372 0.14171344929600113
2.5870566780024458 -0.23345641851099 0.09803507587040998
2.5870566346058954 -0.24781604320293493 0.050635924090515816
2.5870564155494518 -0.2526474670375422 0.001345646180064184
2.5870561427835104 -0.247786554254455 -0.047941740278196296
2.587055672415293 -0.23340672169227009 -0.09533478458960505
2.587055384449182 -0.21006848567990394 -0.139017869600428
2.5870550253138407 -0.17865441139513175 -0.1773068137642646
2.5870550731096 -0.1403622274717905 -0.2087169882533072
2.587055002249968 -0.09667955652434689 -0.2320561525719538
2.5870551080179176 -0.04928734142337323 -0.2464390495456668
2.5870550285905716 1.461612066710899e-11 -0.25130111079650763
2.5870551081881734 0.0492873414163789 -0.24643904955095597
2.5870550019944085 0.09667955654134851 -0.23205615264432453
2.587055073259465 0.14036222741761262 -0.2087169881845337
2.7197771900490104 0.17865539821352458 -0.17730887490867842
2.7197773609804408 0.21006957113189323 -0.13902003526914608
2.719777785680074 0.23340511430253802 -0.0953355573773385
2.719778050462395 0.24778537093181421 -0.047942715735254104
2.7197784620653036 0.2526470286547763 0.0013445393193301355
2.719778714825803 0.24781093618951838 0.050634320592232905
2.7197786055074906 0.2334524043712688 0.09803371578152871
2.719778495248332 0.21010685288273742 0.14171275400746403
2.7197782375762127 0.17867920147831134 0.1799904308264146
2.7197775668555897 0.14038052990869004 0.21139259600978402
2.719776599847369 0.09668912310223343 0.234715286338553
2.719775856718619 0.04928889002969157 0.24907157837599475
2.719775401749926 2.1518114471235878e-11 0.2539183569427736
2.719775856467325 -0.04928889003392078 0.24907157821664266
2.7197766002407326 -0.09668912313235987 0.23471528643591832
2.71977756649954 -0.14038052995016825 0.21139259608745345
2.719778237770825 -0.1786792015459347 0.17999043086961067
2.719778495245966 -0.2101068529172255 0.14171275404875863
2.7197786054524777 -0.23345240431553224 0.098033715764839
2.7197787148578887 -0.24781093628654208 0.05063432059935152
2.7197784621470538 -0.2526470288043401 0.0013445393498816086
2.719778050267603 -0.24778537066655695 -0.04794271567818335
2.7197777859587027 -0.23340511423033863 -0.09533555736107412
2.7197773607574316 -0.21006957113070984 -0.13902003525300455
2.7197771901664063 -0.17865539816738057 -0.17730887488284836
2.7197770014289735 -0.14036254645100074 -0.20871823722565808
2.719776995442297 -0.09667951188003732 -0.2320568147419104
2.7197768434774288 -0.049287497409682975 -0.24644069191184895
2.719776859479092 -1.268090480370776e-11 -0.25130250612277377
2.7197768434071254 0.049287497412475324 -0.24644069190298493
2.7197769955336923 0.09667951186312583 -0.2320568146777974
2.719777001401724 0.14036254649086716 -0.20871823728293548
2.8524991720406137 0.17865594427263254 -0.1773103424019426
2.8524994141148423 0.21006992823278545 -0.13902130713740132
2.8524997332534143 0.23340558554485913 -0.09533684458352464
2.852500218871335 0.24778596445287418 -0.04794396500635412
2.8525005740881113 0.25264344175376596 0.0013437555446044614
2.8525006278052554 0.24780937462499478 0.050633782949447724
2.852500641079498 0.2334538164423252 0.0980341315153653
2.85250059169288 0.2101046702797273 0.14171126432334383
2.8525003095940162 0.17867326350510107 0.17998581673105202
2.8524995068421157 0.14037523099228474 0.2113886860935848
2.852498502387675 0.09668616376997036 0.23471561571792074
2.852497321764011 0.0492881561729358 0.2490789566989625
2.852496873522427 -3.1459325191181937e-11 0.2539319991444582
2.852497321838919 -0.04928815615616707 0.24907895684519063
2.8524985023322578 -0.09668616373924185 0.23471561564489848
2.8524995068283845 -0.1403752309420808 0.2113886859981885
2.8525003096522568 -0.1786732634491544 0.17998581670072802
2.85250059161765 -0.21010467024406518 0.14171126427226602
2.852500641132264 -0.23345381650535676 0.09803413153470464
2.8525006277547638 -0.24780937451836438 0.05063378293794212
2.852500574094176 -0.25264344162500724 0.0013437555102516461
2.852500218950855 -0.2477859646869809 -0.04794396505424966
2.8524997331253776 -0.23340558563015512 -0.09533684460687843
2.8524994142098636 -0.21006992821996073 -0.13902130714376526
2.852499171975662 -0.1786559443317434 -0.17731034243487653
2.8524990610454815 -0.1403626522682388 -0.208719255301616
2.8524988576056742 -0.09667942602451852 -0.23205758078959648
2.8524987976527063 -0.049287269088158295 -0.2464411075730197
2.8524986940922488 2.912607693392964e-12 -0.25130573886952845
2.852498797648743 0.049287269083041596 -0.24644110758351992
2.8524988576147114 0.09667942604172002 -0.23205758084373354
2.852499061016471 0.14036265223500188 -0.20871925524943072
2.985221199989518 0.17865575184725577 -0.1773109138687307
2.985221459363193 0.21007128444929823 -0.13902314749155542
2.9852218279431497 0.2334066482344505 -0.095338504783083
2.985222209013503 0.24778259223592716 -0.047944251512997305
2.98522238977094 0.2526420079915904 0.0013433445450942501
2.9852226719619424 0.24780992234828936 0.05063362602910992
2.9852229038583205 0.23345338985542363 0.09803373178197206
2.985222851846624 0.2101007740732808 0.14170911499543
2.9852222124113386 0.1786676785119527 0.17998244096466487
2.9852211059180958 0.14037097578708793 0.2113870754928624
2.9852198894371296 0.09668329773677652 0.2347167775775082
2.985219110118591 0.04928783719151534 0.24908874568245248
2.985218820992704 3.1453304547777206e-11 0.2539459035747124
2.9852191102540218 -0.049287837198796716 0.24908874555260577
2.9852198891930994 -0.09668329776829622 0.23471677761355134
2.98522110617067 -0.14037097585021252 0.21138707559784412
2.9852222122119123 -0.17866767852941243 0.17998244097674507
2.985222851984488 -0.2101007741344465 0.14170911504988334
2.985222903811936 -0.23345338975911809 0.09803373175224654
2.9852226719370525 -0.24780992249278416 0.050633626039134585
2.9852223897940453 -0.25264200806777004 0.0013433445763161417
2.985222209010329 -0.24778259207235326 -0.047944251476678974
2.9852218279247777 -0.23340664810518216 -0.09533850474403117
2.985221459355204 -0.21007128450328946 -0.13902314752085954
2.9852212000649048 -0.17865575175496484 -0.17731091380461633
2.9852209700751975 -0.1403618342151195 -0.20871898861971794
2.985220883480854 -0.09667901157513048 -0.23205786149878602
2.9852207152174604 -0.0492873376259133 -0.24644257233741937
2.9852207163505287 2.4040003320115085e-12 -0.2513049803930797
2.9852207152879453 0.04928733763027515 -0.2464425723171611
2.9852208833931964 0.09667901156050963 -0.23205786147296995
2.9852209701727404 0.14036183423099313 -0.20871898864035743
3.117943361556598 0.17865486864211327 -0.1773115121269388
3.1179436272002357 0.21006905437219395 -0.13902266645753608
3.1179437562083008 0.23340591954393636 -0.09533885689952917
3.117943898024454 0.24778277083561784 -0.04794490071485261
3.1179443307440566 0.2526443781268338 0.0013424384373936797
3.1179448717445086 0.2478097706319413 0.050632396471098344
3.117945363255394 0.23344639347081095 0.09803032077089728
3.1179450855137074 0.2100909481567802 0.14170406194851518
3.1179441106716794 0.17866045574432912 0.17997942398428154
3.117942539533414 0.1403691690831418 0.21139058381763873
3.1179412799528077 0.09668512298632641 0.23472694567278765
3.1179407531800916 0.04928834767746292 0.2490944101818639
3.1179407373544104 -8.494840543293243e-12 0.2539457159771993
3.1179407529499947 -0.04928834768320915 0.2490944103155788
3.117941280281716 -0.09668512295446291 0.2347269456319224
3.1179425392265534 -0.14036916902775307 0.2113905837385446
3.1179441109309867 -0.17866045570038358 0.17997942395111005
3.1179450853111854 -0.21009094812176243 0.1417040619356475
3.1179453633686958 -0.23344639353810107 0.09803032078001804
3.1179448716437013 -0.24780977051532688 0.05063239647035666
3.117944330931946 -0.2526443780658518 0.0013424384200507195
3.1179438978052962 -0.24778277096888374 -0.047944900742178796
3.1179437564297925 -0.233405919687902 -0.0953388569395808
3.117943627038346 -0.2100690543085292 -0.1390226664104484
3.117943361548504 -0.1786548687165645 -0.17731151219305147
3.117942892220352 -0.1403625107053684 -0.2087214729406186
3.1179428311497146 -0.09667841250728196 -0.2320580336254919
3.1179427191047173 -0.049287061989855045 -0.24644407834225054
3.117942602489352 -6.688243313056671e-13 -0.25131029519269743
3.117942718992249 0.049287061986577646 -0.24644407833590784
3.1179428313067588 0.09667841252738989 -0.23205803367603392
3.117942892075986 0.14036251067275005 -0.2087214729117877
3.250645313316692 0.17865153138145484 -0.17730956827993008
3.2506453377102558 0.21006582871834983 -0.13902085872816422
3.250645272107609 0.2334079169894061 -0.09533987243789883
3.250645484045695 0.24778845518399206 -0.04794704813843838
3.250646081086672 0.2526472438825388 0.0013405660704092419
3.250647005838625 0.24780621798826377 0.050629910503513065
3.2506474472053988 0.23343563024931088 0.09802571238277408
3.2506468614342396 0.210080437525669 0.14169966959510158
3.250645587656171 0.17865572778210534 0.17997987169086946
3.2506441989328034 0.14036839757835565 0.21139595646524909
3.2506428663369324 0.096686738091473 0.2347368462155703
3.2506418475594128 0.04928890332516182 0.24910082660308877
3.250641591729162 -8.087521350009962e-12 0.25394681123901985
3.2506418476596037 -0.04928890330375921 0.2491008264500564
3.2506428661192732 -0.09668673814043435 0.23473684629705346
3.2506441991349573 -0.1403683976001155 0.21139595650017257
3.2506455876157654 -0.1786557278732555 0.1799798717745346
3.2506468614190767 -0.21008043748802535 0.14169966956522073
3.2506474472229776 -0.23343563026548592 0.09802571239954862
3.2506470058743835 -0.24780621801576364 0.05062991048953658
3.2506460809892883 -0.25264724401389116 0.0013405660814595941
3.250645484226876 -0.2477884549996529 -0.04794704809942981
3.250645271928776 -0.23340791691416382 -0.09533987241919972
3.2506453378254325 -0.2100658287403822 -0.13902085875523298
3.250645313372075 -0.17865153134207426 -0.17730956823094438
3.250644823788515 -0.14036245172531078 -0.20872340401130363
3.250644274999024 -0.09667921049636279 -0.23206127941616872
3.2506443867677817 -0.04928699950675449 -0.24644388089629948
3.250644641705486 5.346339495692732e-12 -0.25130876621070986
3.2506443869087795 0.049286999521972776 -0.24644388093139052
3.250644274831096 0.09667921048097779 -0.23206127934791776
3.250644823920472 0.14036245178368398 -0.20872340406651696
3.3832734100471904 0.17610883510468575 -0.17476771612717856
3.3832733475607464 0.20708071859815713 -0.137026553863193
3.3832731880884515 0.23009346904078096 -0.09396765396433722
3.3832736964329704 0.24426955139915402 -0.04724836298915851
3.383274348616576 0.24905933036025898 0.0013387574554130433
3.3832752083806183 0.24427836725192642 0.04992673573733576
3.3832753746007778 0.23010672294640705 0.09664728931346485
3.383274558153784 0.20708792818379698 0.13970283727849145
3.383273463169702 0.1761133049453556 0.17744165802082393
3.383272297115324 0.1383702170671979 0.20841107327739555
3.3832709852308605 0.09531060527156436 0.2314222731371023
3.383269576821546 0.048588238145772206 0.24558796169030953
3.3832686550319315 -2.316725842587651e-12 0.250366712931887
3.3832695768571437 -0.04858823818685494 0.24558796190887117
3.383270985191236 -0.09531060519927367 0.23142227299260987
3.383272297226174 -0.13837021707367658 0.20841107328230726
3.3832734629465935 -0.17611330491492155 0.17744165797710315
3.383274558476877 -0.2070879281379281 0.13970283723905913
3.3832753742092376 -0.23010672305617885 0.09664728935990814
3.3832752086984317 -0.24427836710645193 0.049926735726039576
3.383274348449522 -0.24905933027325125 0.0013387574464299795
3.383273696566489 -0.24426955159178457 -0.04724836302678244
3.3832731879894644 -0.2300934690886861 -0.09396765397737472
3.3832733476510373 -0.20708071859553248 -0.13702655385336796
3.383273409890154 -0.176108835178818 -0.17476771620895276
3.383272952629203 -0.13836648605736043 -0.20573814676050173
3.3832723595743017 -0.09530735980713095 -0.22875044147283388
3.3832725613271335 -0.048587360402377 -0.2429242003928388
3.3832728742083726 -1.1596485675760462e-11 -0.24771150474116185
3.3832725611471215 0.04858736040286272 -0.2429242004163934
3.3832723598412113 0.0953073598063381 -0.22875044147696819
3.383272952372714 0.13836648607292382 -0.20573814679716151
3.515844313568463 0.16414801599653528 -0.16280745583550263
3.5158443363701197 0.19301729498963496 -0.12762998074772536
3.5158442001435883 0.2144691262460378 -0.08749632521175267
3.515844858502609 0.2276818163494863 -0.04394959764398233
3.5158455203451076 0.23214530661106744 0.0013380166116177669
3.5158459240596067 0.22768633419695847 0.04662603215268923
3.5158457807783163 0.2144754128427348 0.09017323205534283
3.51584500722058 0.19302176053435874 0.13030586029923477
3.5158443190641604 0.16415103236961115 0.1654820725215118
3.515843105887317 0.12897151447509747 0.19434879575744382
3.515841990364199 0.08883658487786443 0.215798185440982
3.5158409242583875 0.04528816543508042 0.22900520904677737
3.5158400631928948 1.1076462522332988e-11 0.23346310735385725
3.5158409242086814 -0.045288165390675095 0.22900520876487682
3.5158419903904163 -0.08883658494541483 0.2157981856249016
3.515843105803944 -0.12897151442935903 0.19434879569945948
3.515844319190554 -0.16415103236873582 0.1654820725184965
3.5158450070484855 -0.19302176069836371 0.1303058603972301
3.515845781035517 -0.21447541267698195 0.09017323198551892
3.515845923849452 -0.2276863344066774 0.046626032197365254
3.515845520429303 -0.23214530667122282 0.0013380166308916053
3.5158448584394355 -0.2276818161464641 -0.043949597597938386
3.5158442001046812 -0.2144691261613291 -0.08749632516959094
3.5158443364085517 -0.19301729499211256 -0.12762998074094686
3.5158443135515074 -0.16414801588746422 -0.16280745573802116
3.515844039332844 -0.12897012779925812 -0.19167625310205946
3.515843706862528 -0.08883556502876946 -0.21312645772599287
3.5158436004030014 -0.045287818552330966 -0.22633588639312602
3.515843864337943 -2.707845329666379e-12 -0.23079787586719505
3.5158436004699323 0.04528781851972358 -0.22633588636887517
3.5158437067101533 0.08883556502909962 -0.2131264577097254
3.515844039465686 0.12897012775191277 -0.19167625298481558
3.648436063230234 0.14191106881309717 -0.14057068687835325
3.648435736566805 0.16686899889305315 -0.11015812859370465
3.648436156304906 0.18541644775887528 -0.07546211105530636
3.648436824360848 0.1968396813242598 -0.03781468071714847
3.648437691927336 0.20069884415335573 0.0013378973982241405
3.6484377453568024 0.19684250454342425 0.0404907650318304
3.6484369610023495 0.185419507198016 0.07813829299232757
3.6484366368489742 0.16687288571312286 0.1128347804598973
3.648435637215377 0.14191232669627032 0.1432452267391963
3.6484347715043612 0.1114992198817475 0.16820251357721314
3.6484339930629104 0.07680158147491624 0.18674691259041148
3.6484332417761545 0.039152870819294756 0.1981659718492968
3.6484332898684 -1.5403558234105205e-11 0.20202251827928322
3.648433241760034 -0.039152870839764174 0.19816597193065752
3.6484339932351917 -0.07680158149109119 0.18674691263893164
3.6484347713319267 -0.11149921980172874 0.16820251349028575
3.648435637298346 -0.14191232677000248 0.14324522683583557
3.648436636772293 -0.16687288553884386 0.11283478034660173
3.6484369610633482 -0.18541950746051064 0.07813829307806705
3.6484377452478896 -0.1968425041815837 0.04049076492113678
3.6484376920338275 -0.20069884436495164 0.0013378973699523559
3.6484368241790635 -0.19683968123022336 -0.03781468069714751
3.648436156673799 -0.18541644801429197 -0.07546211114893085
3.6484357362957667 -0.166868998770135 -0.11015812850710527
3.648436063394806 -0.1419110689655025 -0.14057068704403627
3.6484360904187296 -0.1114988715939559 -0.16552903545341482
3.6484355312694996 -0.07680109668218871 -0.18407315295374135
3.6484356036509564 -0.039152894675257656 -0.19549385538813047
3.6484356979778925 1.3104623295095776e-12 -0.19935008763660453
3.648435603648464 0.03915289470415202 -0.1954938554090349
3.648435531197618 0.07680109668791912 -0.18407315295587787
3.6484360905444038 0.1114988716159315 -0.1655290355002755
3.781082266722186 0.11228071306424546 -0.11093962364125183
3.7810824800945797 0.13202912159003038 -0.08687818206677796
3.7810832977808246 0.14670524812513816 -0.05942706772097888
3.781084434129161 0.15574437095451357 -0.029640383822243252
3.781084870013371 0.1587966097406885 0.0013376079861129972
3.781084180348595 0.15574356656973765 0.032315517632700186
3.7810829899245593 0.1467043706798313 0.062102169771702076
3.781081764761928 0.13202782884942163 0.08955304755530856
3.7810815333791896 0.11228047492818898 0.1136153339518232
3.78108145363592 0.08821829959182478 0.1333628506773893
3.7810813140318924 0.06076589522215111 0.14803661938883023
3.7810812732091814 0.03097821004698027 0.15707256506575373
3.781080987192371 2.841652056671047e-12 0.16012297387880786
3.78108127330538 -0.030978210036337463 0.15707256501803368
3.7810813138265895 -0.06076589520107868 0.14803661938497698
3.781081453878696 -0.0882182996052176 0.13336285076537321
3.7810815332476193 -0.11228047487022233 0.11361533395183271
3.7810817648326243 -0.13202782887948297 0.08955304760237567
3.7810829898017246 -0.14670437066773376 0.06210216977728402
3.781084180468011 -0.15574356666724684 0.0323155176544597
3.7810848698303827 -0.1587966095858126 0.0013376079782315058
3.7810844343859933 -0.15574437095266225 -0.029640383833020492
3.7810832975014184 -0.14670524817271832 -0.05942706774150545
3.781082480330459 -0.13202912156811078 -0.0868781820431391
3.7810822665082844 -0.11228071300938439 -0.11093962357772823
3.7810824766017443 -0.08821856314340197 -0.13068718425335088
3.781082672203061 -0.060766201996057576 -0.14536104521963022
3.781082395291047 -0.030978175789126 -0.15439590920847718
3.7810823496227637 1.2167662370343116e-11 -0.157446834650048
3.781082395216636 0.03097817580650213 -0.154395909306497
3.7810826723589854 0.06076620196621705 -0.1453610451635535
3.781082476433176 0.08821856314373376 -0.13068718424973966
3.913790788691003 0.0795725445487735 -0.07823000103409145
3.9137916156856654 0.09356878291376707 -0.06117915702466784
3.913792526887601 0.10396988170475746 -0.041725550307162115
3.9137924778087774 0.11037330690047152 -0.020615805433105875
3.9137918624281967 0.11253393141355528 0.0013377057485852125
3.913791291404612 0.11037056121812146 0.023290947401285473
3.9137905040889986 0.1039654915673879 0.04440019738702312
3.9137900385045463 0.09356595346727825 0.06385464431232779
3.9137897811059448 0.07957086970302761 0.08090644062525516
3.913789881894044 0.06251881075094481 0.09490119340130553
3.913789601347143 0.04306346490959353 0.10529902689539536
3.913789106137398 0.021953334572041 0.11170118473617789
3.91378924099034 -2.0322043016565423e-11 0.11386366053753066
3.9137891061812105 -0.021953334642301408 0.11170118503175275
3.913789601556488 -0.04306346483731455 0.1052990266968497
3.913789881736358 -0.06251881080945593 0.09490119342959812
3.913789781120082 -0.0795708696500347 0.08090644051470557
3.913790038317505 -0.09356595343391216 0.0638546442293171
3.9137905042577117 -0.10396549184816521 0.04440019748946163
3.9137912913289767 -0.11037056115466622 0.023290947414294626
3.9137918626526655 -0.11253393118550674 0.0013377057501984316
3.9137924776564175 -0.11037330684976361 -0.020615805451231362
3.9137925271727467 -0.10396988173812266 -0.04172555034093377
3.9137916154912014 -0.09356878302716858 -0.06117915709098963
3.913790788782988 -0.07957254439867077 -0.0782300008862798
3.9137901655799543 -0.06251894114390812 -0.0922228679599844
3.913789571819089 -0.043063248952336396 -0.1026200392113461
3.913789378704636 -0.021953398482819755 -0.10902307915518561
3.9137891920182195 -1.5398503565461363e-11 -0.11118475412750928
3.9137893787848457 0.021953398448390813 -0.10902307909662651
3.9137895715095685 0.04306324886867374 -0.10262003900009824
3.913790165722529 0.06251894115060916 -0.09222286792662364
4.046566444495056 0.0486375303680905 -0.04729620038233673
4.04656677723752 0.05719209533234379 -0.036873659553820846
4.046566918260775 0.06354849191555885 -0.024982225677599786
4.046567234218478 0.06746370190075462 -0.01207946473844426
4.046567465990409 0.06878646759311373 0.0013392000533154413
4.046567472234033 0.06746525143368105 0.014758019984708989
4.046567455288696 0.06355129973218537 0.027661169825567693
4.046567007719923 0.05719406369004938 0.03955216104775399
4.0465664519407545 0.04863905352321351 0.04997434199820079
4.046565643257873 0.03821441712592853 0.058526358272715524
4.046565067452263 0.026322153305840538 0.06488120097574866
4.046564826342619 0.01341885707758092 0.0687946289523853
4.046564466860366 -1.9497605019526388e-11 0.07011531783458401
4.046564826514203 -0.013418857141019314 0.06879462919341305
4.046565067270363 -0.026322153328211903 0.06488120107372321
4.04656564321836 -0.038214416860570755 0.05852635784700493
4.046566451780953 -0.048639053516282206 0.04997434191503381
4.046567007900004 -0.057194064059667746 0.039552161301692666
4.04656745515086 -0.06355129957952303 0.027661169817599467
4.04656747225852 -0.06746525117317619 0.014758019951476926
4.04656746593013 -0.06878646799655949 0.0013392000897384645
4.046567234529869 -0.06746370215948555 -0.012079464684496404
4.046566918051312 -0.06354849173531488 -0.024982225494386525
4.0465667772762846 -0.05719209488535578 -0.036873659225427104
4.046566444197201 -0.048637530091561874 -0.04729620017451114
4.046566014044912 -0.03821400687569359 -0.05584957831214479
4.046565669894199 -0.026322113663665183 -0.0622051486252019
4.04656534891836 -0.013418774029626318 -0.06611850929626199
4.0465653908816455 -1.6988980145011185e-11 -0.06744030371316914
4.046565349018626 0.013418774055700298 -0.0661185099037164
4.046565669984823 0.026322113384539873 -0.062205148216343195
4.046566013796436 0.038214006575878326 -0.055849577843216945
4.1794371835440005 0.025374612295702308 -0.024035766803971573
4.1794372592654785 0.029837390224210666 -0.018597760399572814
4.1794374709209015 0.03315400543274025 -0.012393864161069423
4.179437553073279 0.03519609597536454 -0.005661990278045622
4.179437654283479 0.03588567257168458 0.0013389159628123249
4.179437749763876 0.03519631685338933 0.0083398418677912
4.179437594221497 0.03315388539340183 0.015071604127344238
4.179437540624059 0.02983778575268764 0.02127576948460791
4.179437359342026 0.025374633047843896 0.0267134528156998
4.179437346922775 0.01993700132020084 0.031176670374183067
4.179437240842284 0.013732820029312979 0.03449274705793276
4.179437049318731 0.007000859282924001 0.03653454167664525
4.179437234935886 -8.153345767521288e-11 0.03722459926973348
4.179437049187571 -0.007000859449169397 0.036534541725203803
4.179437241043934 -0.013732820271455696 0.03449274737400035
4.179437347096394 -0.019937001906062176 0.031176671328518424
4.179437359676089 -0.0253746333196261 0.026713453373177508
4.179437540435686 -0.029837784757004094 0.021275768984688526
4.179437594107921 -0.033153884138585735 0.015071603477179172
4.179437749702464 -0.03519631671237739 0.008339841551434397
4.179437654616001 -0.03588567332842838 0.0013389157371532245
4.1794375529551795 -0.03519609655162148 -0.005661990481172867
4.179437470941739 -0.033154005162720795 -0.01239386410184964
4.179437259072748 -0.029837390108677836 -0.018597760423575936
4.179437183909219 -0.025374612764283454 -0.024035767320343796
4.179437186584143 -0.019936699931575555 -0.02849865589754248
4.179437188188245 -0.013732668019379455 -0.03181500880868201
4.179437276188222 -0.007000931750929764 -0.03385753637660881
4.179437166199351 8.114460484166516e-11 -0.03454684773753013
4.179437276260687 0.007000931927863924 -0.03385753653381708
4.179437188156457 0.013732668355755318 -0.03181500948770365
4.179437186662362 0.019936699912233256 -0.02849865591587118
4.312284293132392 0.016680949132549115 -0.015343078009049374
4.312268501739194 0.01962499374864933 -0.011756086865862195
4.312268218095033 0.02180029043089186 -0.007679588582381892
4.312268111826574 0.023139474005172227 -0.003258815172859986
4.312268041379811 0.023591553190008243 0.0013381494738240326
4.3122680264340705 0.0231391720388331 0.005935084908597616
4.3122682957227125 0.02180027465959562 0.01035595111315458
4.312268514566983 0.019624530789268714 0.014432204182607522
4.31228446414218 0.016680895985412232 0.018019548007617913
4.3122687171600464 0.013093726330410206 0.020963386791683598
4.312268667221744 0.009017610099450821 0.023139359401837343
4.312268750801839 0.004596983773961403 0.024478970438008705
4.312268538764805 2.7442847334242773e-11 0.02493069304748125
4.312268751017069 -0.004596983767993249 0.024478970935830926
4.312268667182924 -0.009017610082064195 0.023139359860027173
4.312268717106691 -0.013093725818503193 0.02096338634950512
4.312284463831681 -0.016680895205189512 0.018019547259463448
4.312268514659589 -0.019624530743686548 0.014432204058435018
4.31226829576228 -0.021800275012925946 0.01035595121434822
4.312268026506731 -0.02313917200759702 0.005935084895441948
4.312268041167468 -0.023591552987508688 0.0013381494399946564
4.312268112077199 -0.023139474273254516 -0.0032588152587558145
4.312268218206831 -0.02180029133278617 -0.00767958886508746
4.3122685019954154 -0.01962499415807792 -0.011756086882218424
4.312284292822974 -0.016680948732598084 -0.015343077337483834
4.312268500901491 -0.013094027909655765 -0.018287208324154633
4.312268328344261 -0.009017758918827312 -0.02046292682009067
4.312268146291519 -0.004596921097805634 -0.02180189944168613
4.312268221695379 -9.76294594374742e-11 -0.02225435526481012
4.312268146230004 0.004596920901754152 -0.021801899418683372
4.312268328371373 0.009017758608760109 -0.02046292643299534
4.312268500814327 0.013094027945134574 -0.018287208573456903
0.03402817940321453 -0.0625917638697635 -0.061247091910942957
0.03408721056759015 -0.044290263021922315 -0.07537152439946261
0.034088573078497775 -0.022923797798467285 -0.08422224536532427
0.034088290427673716 7.065832202226542e-11 -0.08724023688547222
0.03408857786280581 0.022923797581577702 -0.08422224177741171
0.03408719606197129 0.044290269221184425 -0.07537153487965882
0.03402817907656975 0.06259176370003096 -0.061247092659975126
0.03408680659305985 -0.07671654694551756 -0.04294582659914086
0.014683390940659407 -0.04169867020498729 -0.040353994506764364
0.014726339967451357 -0.022595312671756556 -0.05321488066495157
0.014729169247095539 3.10183338309018e-10 -0.057712777326554984
0.014726337535721149 0.0225953137738193 -0.05321488237748425
0.014683392912461336 0.041698669488854326 -0.040353993871971035
0.03408681931549952 0.0767165376940019 -0.042945821548884364
0.03408826121085692 -0.08556727911646977 -0.02157935021163193
0.014726682803276476 -0.05455949100746133 -0.02125064365643264
0.004488294350267502 -0.02083914056052133 -0.019494475238151187
0.004507299230752022 3.29998297645282e-10 -0.028209167113620617
0.004488293527357222 0.02083914080304725 -0.019494475235553522
0.014726684695086556 0.054559489369289935 -0.02125064266363478
0.03408825944271561 0.08556728043884712 -0.02157935040987878
0.034088467808383156 -0.08858506192090677 0.0013444903980109504
0.014729013694931422 -0.059057677040420496 0.001344572662537187
0.00450757855100651 -0.029553816535664013 0.0013446171750241898
0.001499914475256753 1.193658480237294e-10 0.001344614826783928
0.004507576026010126 0.029553817076920043 0.0013446175339920498
0.01472901225126482 0.059057677762371745 0.0013445731306812455
0.03408847090521802 0.0885850594133971 0.0013444904913965659
0.034088392415737 -0.08556735207919179 0.024268325333654764
0.014726615933084514 -0.05455961407235501 0.023939815335797077
0.004488306755359617 -0.02083916659738307 0.022183736045006716
0.004508063743049807 6.211059167907358e-11 0.03089826704437056
0.004488304569185327 0.020839167029667968 0.022183736241875678
0.014726611816604864 0.054559615747852015 0.023939816132244496
0.03408839032849006 0.08556735347982825 0.02426832589613516
0.034087659271935564 -0.0767162482068487 0.04563460842673471
0.01468394865006684 -0.04169861828653684 0.04304308739839832
0.014727645668897449 -0.022595169008050586 0.05590371035924976
0.014729215053186934 8.193174065668579e-13 0.06040224853480497
0.014727642155621024 0.02259516925841938 0.05590371125060332
0.01468395085502084 0.04169861740394742 0.0430430861380697
0.03408765236440034 0.0767162529950245 0.045634610531287235
0.034028670841548626 -0.06259185565451149 0.06393614511121713
0.03408817609035292 -0.04429021659731459 0.078060429466926
0.034088961922987916 -0.022923913085456556 0.08691160349653781
0.034089722919098224 -7.702633553944386e-11 0.08992890571040367
0.0340889615564571 0.022923912777181723 0.08691160398533619
0.03408818684151868 0.04429021200823607 0.07806042124991629
0.034028671573430515 0.06259185537990901 0.0639361440459504
4.334266138566096 -0.012291665191028435 -0.010953756133406264
4.3342081661849265 -0.008703447495421695 -0.013732595401091646
4.334207178487281 -0.004501677687081449 -0.015473609505105086
4.33420687735824 -1.3558590361270168e-11 -0.016065748911758566
4.334207178467874 0.004501677642331509 -0.0154736093871089
4.334208166148348 0.0087034475826436 -0.013732595585172303
4.334266138683567 0.0122916651623123 -0.010953756130998877
4.33420814083641 -0.015070506494890024 -0.0073654982168203775
4.346435943211328 -0.007952242391184909 -0.006614338696039397
4.34635095424736 -0.0043168750191114585 -0.009104676747057979
4.34634612244162 1.6262906393450447e-11 -0.009965279280290232
4.3463509542974865 0.004316875087281746 -0.009104676897365434
4.3464359432241695 0.007952242368928598 -0.006614338704106554
4.33420814088279 0.015070506897929343 -0.007365498494572177
4.334207038194272 -0.01681117961963997 -0.003163585330906247
4.346350987331251 -0.010442653387584745 -0.0029789806422527267
4.3527145849220945 -0.0037630261943458225 -0.002425141669003607
4.352610221744866 3.393093752260836e-11 -0.004128244578319612
4.352714584949467 0.0037630262655850913 -0.0024251416904770913
4.346350987227599 0.010442653390180422 -0.0029789806647264844
4.334207038340416 0.016811179724257767 -0.0031635854922621364
4.334206864698375 -0.01740354115665288 0.0013380720343842813
4.346346079621803 -0.011303075619239482 0.0013379339734533508
4.35261027368389 -0.0054661610021049505 0.0013378808042554815
4.354500111008059 3.910905190947556e-11 0.0013378806317776548
4.352610273642587 0.00546616107029955 0.0013378807812362383
4.346346079669774 0.011303075713502479 0.0013379339360874724
4.334206864528987 0.017403541004616153 0.0013380719186987479
4.334207176907762 -0.016811366759312763 0.005839752931349364
4.34635101408027 -0.010442564440931733 0.005654828417113727
4.352714615521244 -0.0037630134305448497 0.00510088633665415
4.352610363901192 5.426480466788555e-11 0.006804112462668418
4.352714615515875 0.0037630135234969823 0.005100886316308193
4.346351014065568 0.010442564564702455 0.005654828396755427
4.334207176916683 0.016811366668370166 0.005839752831249575
4.334208246534591 -0.01507044558106508 0.010041576642971051
4.3464360434566265 -0.007952237909278981 0.009290182914856842
4.346351183075121 -0.004316942109999747 0.01178069607828035
4.3463461526322575 8.206743317346443e-11 0.01264089672949177
4.346351183107796 0.0043169422862606366 0.011780696110975696
4.346436043588473 0.007952238101586313 0.009290182991040289
4.334208246494344 0.015070445690009293 0.010041576596337188
4.334266399587196 -0.012291906666292053 0.013630046115150273
4.334208410933502 -0.008703516934732517 0.01640869643866264
4.334207317596613 -0.004501603339048683 0.01814934466169354
4.3342073046055605 1.0625264987927556e-10 0.018742112574817515
4.334207317758042 0.004501603582959728 0.01814934493381508
4.334208411007609 0.008703517218246441 0.016408696781269196
4.33426639960982 0.012291906532661297 0.013630045866373074
-0.3 -0.6 0.25919235705950994
0.11299999999999999 -0.6 0.25919235705950994
0.11299993578850237 -0.30000001532956194 0.2591806297863051
-0.3 -0.3 0.25919235705950994
0.11299999999999999 -0.6 0.25919235705950994
0.526 -0.6 0.25919235705950994
0.5259991606831821 -0.3000001352740297 0.2592338557770567
0.11299990824654814 -0.3000000121102255 0.25918059354160466
0.526 -0.6 0.25919235705950994
0.9390000000000001 -0.6 0.25919235705950994
0.9389985541183673 -0.30000192806001874 0.2592797056794876
0.5259990957806221 -0.30000015567274807 0.2592338587716296
0.9389999999999998 -0.6 0.25919235705950994
1.3519999999999999 -0.6 0.25919235705950994
1.3519990031107487 -0.30000446067350844 0.2592808093937493
0.9389984083714548 -0.3000020245103368 0.2592797167900887
1.3519999999999999 -0.6 0.25919235705950994
1.765 -0.6 0.25919235705950994
1.7650001228672305 -0.30000439426303294 0.25926100350885933
1.351998833302897 -0.30000448904320864 0.25928081272236697
1.765 -0.6 0.25919235705950994
2.178 -0.6 0.25919235705950994
2.1780000602777267 -0.3000037185724704 0.25927760291514457
1.7649998817567591 -0.3000043795834043 0.25926101380083033
2.178 -0.6 0.25919235705950994
2.5909999999999997 -0.6 0.25919235705950994
2.5909996450867308 -0.300004344778935 0.259257989798148
2.1779998330747423 -0.3000037133324054 0.25927760868294014
2.591 -0.6 0.25919235705950994
3.004 -0.6 0.25919235705950994
3.0040009756326094 -0.3000051301972082 0.25929719387943373
2.59099937938003 -0.3000043905639497 0.2592579772706843
3.004 -0.6 0.25919235705950994
3.417 -0.6 0.25919235705950994
3.4170015038961874 -0.3000009914715182 0.2593073793867111
3.0040008016504824 -0.3000050976738166 0.25929720599355266
3.417 -0.6 0.25919235705950994
3.8299999999999996 -0.6 0.25919235705950994
3.830000254557474 -0.2999998354103538 0.25924484837758366
3.417001376617544 -0.30000092944797935 0.2593073699643374
3.83 -0.6 0.25919235705950994
4.243 -0.6 0.25919235705950994
4.242999969820846 -0.30000003292318367 0.25917796352277045
3.830000231149915 -0.29999986125671785 0.2592448208003642
4.243 -0.6 0.25919235705950994
4.656000000000001 -0.6 0.25919235705950994
4.656000000000001 -0.3 0.25919235705950994
4.24299996611173 -0.3000000304994352 0.25917799471690417
-0.3 -0.3 0.25919235705950994
0.11299993538015773 -0.3000000140451514 0.2591806208311943
0.11299983732582583 2.7159006282749237e-08 0.25918864984182083
-0.3 0.0 0.25919235705950994
0.11299990774983093 -0.30000000217711814 0.259180579356007
0.5259991260318305 -0.30000017394716383 0.25923385848708036
0.5259998580517641 2.002836188755743e-07 0.25917302686089494
0.11299979528809523 2.2287721347945684e-08 0.25918865825671755
0.5259990027373882 -0.3000002385321706 0.2592338722477647
0.9389984277515384 -0.3000022684046613 0.2592796947520704
0.9389992710348634 -3.5868220284133847e-06 0.25964411966272505
0.5259998733103626 2.651419142663581e-07 0.2591730038955513
0.9389982612156392 -0.30000258956326836 0.2592797064129516
1.3519988837581616 -0.30000534089483105 0.2592808180659935
1.3520002108830056 -1.087886300793334e-05 0.25959255268045417
0.9389993959035924 -4.856930516849649e-06 0.25964823316845315
1.3519988018679168 -0.30000543816694103 0.25928081699197925
1.76500014648594 -0.3000053628346681 0.2592609965757272
1.7649996059903104 -9.787665706149988e-06 0.25961027591939234
1.3519998895127945 -1.0795571987700247e-05 0.25959225676682046
1.7649999062469004 -0.30000529446385105 0.25926100672059815
2.1780000731433677 -0.3000045741737943 0.2592776031385042
2.177999882843957 -8.643861204903174e-06 0.2596686959341901
1.7649993825799875 -9.733928608733609e-06 0.25960927367568
2.177999834415087 -0.3000045463618599 0.25927761253632525
2.5909995879708387 -0.3000052455499364 0.2592579816330344
2.5910004990317237 -9.013303591275425e-06 0.2596549496965501
2.1779996827034487 -8.608971490476094e-06 0.259667421338174
2.590999271713993 -0.3000053979487195 0.25925796322732014
3.004000970507633 -0.3000061790229287 0.25929720677945867
3.0039991518237197 -1.3295163173293136e-05 0.2595984927807052
2.5910003230536303 -9.041089031313155e-06 0.25965647856224644
3.0040009533317282 -0.30000604075870946 0.2592972315399102
3.4170017082211817 -0.3000014100720923 0.2593073616813693
3.4169982548511912 -9.470506452902924e-07 0.2598457911617159
3.0039985559744995 -1.370536476837228e-05 0.2595991377134547
3.4170014674490994 -0.3000010955421352 0.25930735733195676
3.830000243971526 -0.2999998156001828 0.25924486540465047
3.830000119308761 4.8376444863602856e-08 0.25916097921735626
3.4169992028081513 -3.9266250947518037e-07 0.25984639585093583
3.830000222708121 -0.2999998588432625 0.25924482111899294
4.242999968473313 -0.300000036280699 0.25917794493289575
4.243000126061725 2.316646228858705e-08 0.25919219838142077
3.8300001008702704 5.12398377248229e-08 0.2591610221314262
4.242999966292832 -0.30000003131714276 0.2591779840334081
4.656000000000001 -0.3 0.25919235705950994
4.656000000000001 0.0 0.25919235705950994
4.243000110080645 2.406481407046904e-08 0.25919217020346763
-0.3 0.0 0.25919235705950994
0.11299984130601418 2.2904292453129108e-08 0.2591886502425715
0.11300000084359792 0.30000013548197246 0.25918389966320576
-0.3 0.3 0.25919235705950994
0.11299980688679588 6.946633691513314e-09 0.25918865866684787
0.525999862288902 2.0876443014715662e-07 0.2591730236604545
0.5259999599129034 0.2999995335158569 0.2592277942892073
0.11299998742033518 0.30000016221406545 0.2591838857535496
0.5259998635482103 3.32425188468035e-07 0.2591730001387584
0.9389989314275057 -2.946154479918939e-06 0.2596443969789007
0.9389992516282147 0.30000172534898545 0.2593366892804323
0.5259999754904385 0.2999993913062912 0.259227819634463
0.939001388686131 1.0326878673265313e-05 0.26036565746559925
1.35200093711425 1.0499536120353245e-05 0.26104137936293276
1.3520002860006004 0.3000063413178947 0.2594070390865676
0.938999105580176 0.3000026278043809 0.25933674066989537
1.35200058397326 1.0557516976195413e-05 0.2610395987180354
1.7650000535866746 9.816014560895349e-06 0.2607830241625721
1.7650005060665823 0.3000052637890252 0.25941461304970714
1.3520000352547796 0.3000062072765456 0.2594070506730862
1.7649997914851703 9.730938192888399e-06 0.26078236912665265
2.1780000410699443 8.596419373515992e-06 0.26054803987968667
2.17800018418605 0.3000046145813076 0.25936057740133106
1.7650002255656392 0.30000521459582885 0.2594146120476001
2.177999797501635 8.556482838049073e-06 0.2605468081217779
2.591000257353121 9.184925703279312e-06 0.2605990290234616
2.590999458582572 0.3000052977224459 0.2594044356100843
2.1779999035189475 0.3000045889813642 0.2593605760829956
2.59100002399182 9.235135039712187e-06 0.2606003567663937
3.003997971712435 1.2708409135072929e-05 0.2613426328871262
3.0040008345187617 0.300006048109042 0.2594083131353421
2.590999121232874 0.30000545561583114 0.2594044591337405
3.003999256746807 1.3464676623467957e-05 0.2613458133215782
3.4169978434963215 1.2192826069719327e-06 0.25985068331085004
3.417001823880306 0.3000014789956798 0.25936389469166576
3.00400080459628 0.30000594960924515 0.2594083225464648
3.416999421045308 -4.304618945723389e-08 0.2598462141208635
3.8300001265943555 3.5619930284950825e-08 0.2591609764189293
3.8300002500987285 0.2999997426832925 0.25922499847276814
3.4170015652315993 0.3000011283628225 0.25936383424737086
3.830000103616082 3.437088008983173e-08 0.2591610152778625
4.243000127399149 1.0564140270227847e-08 0.25919219607417776
4.242999991645958 0.30000012021203387 0.2591868131381826
3.83000022980355 0.2999998021079769 0.2592249657159774
4.243000108800269 1.9807702224601197e-08 0.2591921735811482
4.656000000000001 0.0 0.25919235705950994
4.656000000000001 0.3 0.25919235705950994
4.242999983416846 0.30000011047427194 0.259186823971629
-0.3 0.29999999999999993 0.25919235705950994
0.11300000629410974 0.30000013139119075 0.2591839107181729
0.11299999999999999 0.5999999999999999 0.25919235705950994
-0.3 0.5999999999999999 0.25919235705950994
0.11299998904460436 0.3000001500558671 0.2591838978817199
0.5259999451217764 0.29999954367981935 0.2592277918984802
0.526 0.5999999999999999 0.25919235705950994
0.11299999999999999 0.5999999999999999 0.25919235705950994
0.5259999723931963 0.2999994589499677 0.2592278107436679
0.9389993330254891 0.3000016351750578 0.25933669059946557
0.9390000000000001 0.5999999999999999 0.25919235705950994
0.526 0.5999999999999999 0.25919235705950994
0.9389992098133977 0.30000188565660196 0.2593367411131689
1.3520002680156329 0.3000053038513427 0.2594070613147876
1.3519999999999999 0.5999999999999999 0.25919235705950994
0.9389999999999998 0.5999999999999999 0.25919235705950994
1.3519999939969773 0.3000051949648793 0.25940707345626707
1.7650004593970132 0.30000430464199257 0.2594146150665464
1.765 0.5999999999999999 0.25919235705950994
1.3519999999999999 0.5999999999999999 0.25919235705950994
1.765000192853115 0.3000042955330601 0.2594146174440673
2.1780001635248905 0.30000375609219865 0.25936059228303476
2.178 0.5999999999999999 0.25919235705950994
1.765 0.5999999999999999 0.25919235705950994
2.177999908662764 0.30000374567241167 0.2593605974279259
2.5909995210648247 0.3000043827430571 0.2594044293986935
2.5909999999999997 0.5999999999999999 0.25919235705950994
2.178 0.5999999999999999 0.25919235705950994
2.590999250840631 0.3000044370449961 0.2594044403467806
3.0040008451410367 0.30000502247049887 0.2594083613126557
3.004 0.5999999999999999 0.25919235705950994
2.591 0.5999999999999999 0.25919235705950994
3.0040006737078073 0.3000050145374837 0.25940837502808833
3.417001605059994 0.30000105201434885 0.25936385918227545
3.417 0.5999999999999999 0.25919235705950994
3.004 0.5999999999999999 0.25919235705950994
3.417001470927982 0.30000097251481034 0.2593638242399686
3.8300002594765696 0.29999976760975894 0.2592249893550446
3.8299999999999996 0.5999999999999999 0.25919235705950994
3.417 0.5999999999999999 0.25919235705950994
3.8300002395734065 0.299999800816068 0.259224966026431
4.242999993354652 0.3000001134068212 0.2591868290222616
4.243 0.5999999999999999 0.25919235705950994
3.83 0.5999999999999999 0.25919235705950994
4.242999980382599 0.3000001072502909 0.25918683515116286
4.656000000000001 0.29999999999999993 0.25919235705950994
4.656000000000001 0.5999999999999999 0.25919235705950994
4.243 0.5999999999999999 0.25919235705950994
CELLS 1200 6000
4 0 1 33 32
4 1 2 34 33
4 2 3 35 34
4 3 4 36 35
4 4 5 37 36
4 5 6 38 37
4 6 7 39 38
4 7 8 40 39
4 8 9 41 40
4 9 10 42 41
4 10 11 43 42
4 11 12 44 43
4 12 13 45 44
4 13 14 46 45
4 14 15 47 46
4 15 16 48 47
4 16 17 49 48
4 17 18 50 49
4 18 19 51 50
4 19 20 52 51
4 20 21 53 52
4 21 22 54 53
4 22 23 55 54
4 23 24 56 55
4 24 25 57 56
4 25 26 58 57
4 26 27 59 58
4 27 28 60 59
4 28 29 61 60
4 29 30 62 61
4 30 31 63 62
4 31 0 32 63
4 32 33 65 64
4 33 34 66 65
4 34 35 67 66
4 35 36 68 67
4 36 37 69 68
4 37 38 70 69
4 38 39 71 70
4 39 40 72 71
4 40 41 73 72
4 41 42 74 73
4 42 43 75 74
4 43 44 76 75
4 44 45 77 76
4 45 46 78 77
4 46 47 79 78
4 47 48 80 79
4 48 49 81 80
4 49 50 82 81
4 50 51 83 82
4 51 52 84 83
4 52 53 85 84
4 53 54 86 85
4 54 55 87 86
4 55 56 88 87
4 56 57 89 88
4 57 58 90 89
4 58 59 91 90
4 59 60 92 91
4 60 61 93 92
4 61 62 94 93
4 62 63 95 94
4 63 32 64 95
4 64 65 97 96
4 65 66 98 97
4 66 67 99 98
4 67 68 100 99
4 68 69 101 100
4 69 70 102 101
4 70 71 103 102
4 71 72 104 103
4 72 73 105 104
4 73 74 106 105
4 74 75 107 106
4 75 76 108 107
4 76 77 109 108
4 77 78 110 109
4 78 79 111 110
4 79 80 112 111
4 80 81 113 112
4 81 82 114 113
4 82 83 115 114
4 83 84 116 115
4 84 85 117 116
4 85 86 118 117
4 86 87 119 118
4 87 88 120 119
4 88 89 121 120
4 89 90 122 121
4 90 91 123 122
4 91 92 124 123
4 92 93 125 124
4 93 94 126 125
4 94 95 127 126
4 95 64 96 127
4 96 97 129 128
4 97 98 130 129
4 98 99 131 130
4 99 100 132 131
4 100 101 133 132
4 101 102 134 133
4 102 103 135 134
4 103 104 136 135
4 104 105 137 136
4 105 106 138 137
4 106 107 139 138
4 107 108 140 139
4 108 109 141 140
4 109 110 142 141
4 110 111 143 142
4 111 112 144 143
4 112 113 145 144
4 113 114 146 145
4 114 115 147 146
4 115 116 148 147
4 116 117 149 148
4 117 118 150 149
4 118 119 151 150
4 119 120 152 151
4 120 121 153 152
4 121 122 154 153
4 122 123 155 154
4 123 124 156 155
4 124 125 157 156
4 125 126 158 157
4 126 127 159 158
4 127 96 128 159
4 128 129 161 160
4 129 130 162 161
4 130 131 163 162
4 131 132 164 163
4 132 133 165 164
4 133 134 166 165
4 134 135 167 166
4 135 136 168 167
4 136 137 169 168
4 137 138 170 169
4 138 139 171 170
4 139 140 172 171
4 140 141 173 172
4 141 142 174 173
4 142 143 175 174
4 143 144 176 175
4 144 145 177 176
4 145 146 178 177
4 146 147 179 178
4 147 148 180 179
4 148 149 181 180
4 149 150 182 181
4 150 151 183 182
4 151 152 184 183
4 152 153 185 184
4 153 154 186 185
4 154 155 187 186
4 155 156 188 187
4 156 157 189 188
4 157 158 190 189
4 158 159 191 190
4 159 128 160 191
4 160 161 193 192
4 161 162 194 193
4 162 163 195 194
4 163 164 196 195
4 164 165 197 196
4 165 166 198 197
4 166 167 199 198
4 167 168 200 199
4 168 169 201 200
4 169 170 202 201
4 170 171 203 202
4 171 172 204 203
4 172 173 205 204
4 173 174 206 205
4 174 175 207 206
4 175 176 208 207
4 176 177 209 208
4 177 178 210 209
4 178 179 211 210
4 179 180 212 211
4 180 181 213 212
4 181 182 214 213
4 182 183 215 214
4 183 184 216 215
4 184 185 217 216
4 185 186 218 217
4 186 187 219 218
4 187 188 220 219
4 188 189 221 220
4 189 190 222 221
4 190 191 223 222
4 191 160 192 223
4 192 193 225 224
4 193 194 226 225
4 194 195 227 226
4 195 196 228 227
4 196 197 229 228
4 197 198 230 229
4 198 199 231 230
4 199 200 232 231
4 200 201 233 232
4 201 202 234 233
4 202 203 235 234
4 203 204 236 235
4 204 205 237 236
4 205 206 238 237
4 206 207 239 238
4 207 208 240 239
4 208 209 241 240
4 209 210 242 241
4 210 211 243 242
4 211 212 244 243
4 212 213 245 244
4 213 214 246 245
4 214 215 247 246
4 215 216 248 247
4 216 217 249 248
4 217 218 250 249
4 218 219 251 250
4 219 220 252 251
4 220 221 253 252
4 221 222 254 253
4 222 223 255 254
4 223 192 224 255
4 224 225 257 256
4 225 226 258 257
4 226 227 259 258
4 227 228 260 259
4 228 229 261 260
4 229 230 262 261
4 230 231 263 262
4 231 232 264 263
4 232 233 265 264
4 233 234 266 265
4 234 235 267 266
4 235 236 268 267
4 236 237 269 268
4 237 238 270 269
4 238 239 271 270
4 239 240 272 271
4 240 241 273 272
4 241 242 274 273
4 242 243 275 274
4 243 244 276 275
4 244 245 277 276
4 245 246 278 277
4 246 247 279 278
4 247 248 280 279
4 248 249 281 280
4 249 250 282 281
4 250 251 283 282
4 251 252 284 283
4 252 253 285 284
4 253 254 286 285
4 254 255 287 286
4 255 224 256 287
4 256 257 289 288
4 257 258 290 289
4 258 259 291 290
4 259 260 292 291
4 260 261 293 292
4 261 262 294 293
4 262 263 295 294
4 263 264 296 295
4 264 265 297 296
4 265 266 298 297
4 266 267 299 298
4 267 268 300 299
4 268 269 301 300
4 269 270 302 301
4 270 271 303 302
4 271 272 304 303
4 272 273 305 304
4 273 274 306 305
4 274 275 307 306
4 275 276 308 307
4 276 277 309 308
4 277 278 310 309
4 278 279 311 310
4 279 280 312 311
4 280 281 313 312
4 281 282 314 313
4 282 283 315 314
4 283 284 316 315
4 284 285 317 316
4 285 286 318 317
4 286 287 319 318
4 287 256 288 319
4 288 289 321 320
4 289 290 322 321
4 290 291 323 322
4 291 292 324 323
4 292 293 325 324
4 293 294 326 325
4 294 295 327 326
4 295 296 328 327
4 296 297 329 328
4 297 298 330 329
4 298 299 331 330
4 299 300 332 331
4 300 301 333 332
4 301 302 334 333
4 302 303 335 334
4 303 304 336 335
4 304 305 337 336
4 305 306 338 337
4 306 307 339 338
4 307 308 340 339
4 308 309 341 340
4 309 310 342 341
4 310 311 343 342
4 311 312 344 343
4 312 313 345 344
4 313 314 346 345
4 314 315 347 346
4 315 316 348 347
4 316 317 349 348
4 317 318 350 349
4 318 319 351 350
4 319 288 320 351
4 320 321 353 352
4 321 322 354 353
4 322 323 355 354
4 323 324 356 355
4 324 325 357 356
4 325 326 358 357
4 326 327 359 358
4 327 328 360 359
4 328 329 361 360
4 329 330 362 361
4 330 331 363 362
4 331 332 364 363
4 332 333 365 364
4 333 334 366 365
4 334 335 367 366
4 335 336 368 367
4 336 337 369 368
4 337 338 370 369
4 338 339 371 370
4 339 340 372 371
4 340 341 373 372
4 341 342 374 373
4 342 343 375 374
4 343 344 376 375
4 344 345 377 376
4 345 346 378 377
4 346 347 379 378
4 347 348 380 379
4 348 349 381 380
4 349 350 382 381
4 350 351 383 382
4 351 320 352 383
4 352 353 385 384
4 353 354 386 385
4 354 355 387 386
4 355 356 388 387
4 356 357 389 388
4 357 358 390 389
4 358 359 391 390
4 359 360 392 391
4 360 361 393 392
4 361 362 394 393
4 362 363 395 394
4 363 364 396 395
4 364 365 397 396
4 365 366 398 397
4 366 367 399 398
4 367 368 400 399
4 368 369 401 400
4 369 370 402 401
4 370 371 403 402
4 371 372 404 403
4 372 373 405 404
4 373 374 406 405
4 374 375 407 406
4 375 376 408 407
4 376 377 409 408
4 377 378 410 409
4 378 379 411 410
4 379 380 412 411
4 380 381 413 412
4 381 382 414 413
4 382 383 415 414
4 383 352 384 415
4 384 385 417 416
4 385 386 418 417
4 386 387 419 418
4 387 388 420 419
4 388 389 421 420
4 389 390 422 421
4 390 391 423 422
4 391 392 424 423
4 392 393 425 424
4 393 394 426 425
4 394 395 427 426
4 395 396 428 427
4 396 397 429 428
4 397 398 430 429
4 398 399 431 430
4 399 400 432 431
4 400 401 433 432
4 401 402 434 433
4 402 403 435 434
4 403 404 436 435
4 404 405 437 436
4 405 406 438 437
4 406 407 439 438
4 407 408 440 439
4 408 409 441 440
4 409 410 442 441
4 410 411 443 442
4 411 412 444 443
4 412 413 445 444
4 413 414 446 445
4 414 415 447 446
4 415 384 416 447
4 416 417 449 448
4 417 418 450 449
4 418 419 451 450
4 419 420 452 451
4 420 421 453 452
4 421 422 454 453
4 422 423 455 454
4 423 424 456 455
4 424 425 457 456
4 425 426 458 457
4 426 427 459 458
4 427 428 460 459
4 428 429 461 460
4 429 430 462 461
4 430 431 463 462
4 431 432 464 463
4 432 433 465 464
4 433 434 466 465
4 434 435 467 466
4 435 436 468 467
4 436 437 469 468
4 437 438 470 469
4 438 439 471 470
4 439 440 472 471
4 440 441 473 472
4 441 442 474 473
4 442 443 475 474
4 443 444 476 475
4 444 445 477 476
4 445 446 478 477
4 446 447 479 478
4 447 416 448 479
4 448 449 481 480
4 449 450 482 481
4 450 451 483 482
4 451 452 484 483
4 452 453 485 484
4 453 454 486 485
4 454 455 487 486
4 455 456 488 487
4 456 457 489 488
4 457 458 490 489
4 458 459 491 490
4 459 460 492 491
4 460 461 493 492
4 461 462 494 493
4 462 463 495 494
4 463 464 496 495
4 464 465 497 496
4 465 466 498 497
4 466 467 499 498
4 467 468 500 499
4 468 469 501 500
4 469 470 502 501
4 470 471 503 502
4 471 472 504 503
4 472 473 505 504
4 473 474 506 505
4 474 475 507 506
4 475 476 508 507
4 476 477 509 508
4 477 478 510 509
4 478 479 511 510
4 479 448 480 511
4 480 481 513 512
4 481 482 514 513
4 482 483 515 514
4 483 484 516 515
4 484 485 517 516
4 485 486 518 517
4 486 487 519 518
4 487 488 520 519
4 488 489 521 520
4 489 490 522 521
4 490 491 523 522
4 491 492 524 523
4 492 493 525 524
4 493 494 526 525
4 494 495 527 526
4 495 496 528 527
4 496 497 529 528
4 497 498 530 529
4 498 499 531 530
4 499 500 532 531
4 500 501 533 532
4 501 502 534 533
4 502 503 535 534
4 503 504 536 535
4 504 505 537 536
4 505 506 538 537
4 506 507 539 538
4 507 508 540 539
4 508 509 541 540
4 509 510 542 541
4 510 511 543 542
4 511 480 512 543
4 512 513 545 544
4 513 514 546 545
4 514 515 547 546
4 515 516 548 547
4 516 517 549 548
4 517 518 550 549
4 518 519 551 550
4 519 520 552 551
4 520 521 553 552
4 521 522 554 553
4 522 523 555 554
4 523 524 556 555
4 524 525 557 556
4 525 526 558 557
4 526 527 559 558
4 527 528 560 559
4 528 529 561 560
4 529 530 562 561
4 530 531 563 562
4 531 532 564 563
4 532 533 565 564
4 533 534 566 565
4 534 535 567 566
4 535 536 568 567
4 536 537 569 568
4 537 538 570 569
4 538 539 571 570
4 539 540 572 571
4 540 541 573 572
4 541 542 574 573
4 542 543 575 574
4 543 512 544 575
4 544 545 577 576
4 545 546 578 577
4 546 547 579 578
4 547 548 580 579
4 548 549 581 580
4 549 550 582 581
4 550 551 583 582
4 551 552 584 583
4 552 553 585 584
4 553 554 586 585
4 554 555 587 586
4 555 556 588 587
4 556 557 589 588
4 557 558 590 589
4 558 559 591 590
4 559 560 592 591
4 560 561 593 592
4 561 562 594 593
4 562 563 595 594
4 563 564 596 595
4 564 565 597 596
4 565 566 598 597
4 566 567 599 598
4 567 568 600 599
4 568 569 601 600
4 569 570 602 601
4 570 571 603 602
4 571 572 604 603
4 572 573 605 604
4 573 574 606 605
4 574 575 607 606
4 575 544 576 607
4 576 577 609 608
4 577 578 610 609
4 578 579 611 610
4 579 580 612 611
4 580 581 613 612
4 581 582 614 613
4 582 583 615 614
4 583 584 616 615
4 584 585 617 616
4 585 586 618 617
4 586 587 619 618
4 587 588 620 619
4 588 589 621 620
4 589 590 622 621
4 590 591 623 622
4 591 592 624 623
4 592 593 625 624
4 593 594 626 625
4 594 595 627 626
4 595 596 628 627
4 596 597 629 628
4 597 598 630 629
4 598 599 631 630
4 599 600 632 631
4 600 601 633 632
4 601 602 634 633
4 602 603 635 634
4 603 604 636 635
4 604 605 637 636
4 605 606 638 637
4 606 607 639 638
4 607 576 608 639
4 608 609 641 640
4 609 610 642 641
4 610 611 643 642
4 611 612 644 643
4 612 613 645 644
4 613 614 646 645
4 614 615 647 646
4 615 616 648 647
4 616 617 649 648
4 617 618 650 649
4 618 619 651 650
4 619 620 652 651
4 620 621 653 652
4 621 622 654 653
4 622 623 655 654
4 623 624 656 655
4 624 625 657 656
4 625 626 658 657
4 626 627 659 658
4 627 628 660 659
4 628 629 661 660
4 629 630 662 661
4 630 631 663 662
4 631 632 664 663
4 632 633 665 664
4 633 634 666 665
4 634 635 667 666
4 635 636 668 667
4 636 637 669 668
4 637 638 670 669
4 638 639 671 670
4 639 608 640 671
4 640 641 673 672
4 641 642 674 673
4 642 643 675 674
4 643 644 676 675
4 644 645 677 676
4 645 646 678 677
4 646 647 679 678
4 647 648 680 679
4 648 649 681 680
4 649 650 682 681
4 650 651 683 682
4 651 652 684 683
4 652 653 685 684
4 653 654 686 685
4 654 655 687 686
4 655 656 688 687
4 656 657 689 688
4 657 658 690 689
4 658 659 691 690
4 659 660 692 691
4 660 661 693 692
4 661 662 694 693
4 662 663 695 694
4 663 664 696 695
4 664 665 697 696
4 665 666 698 697
4 666 667 699 698
4 667 668 700 699
4 668 669 701 700
4 669 670 702 701
4 670 671 703 702
4 671 640 672 703
4 672 673 705 704
4 673 674 706 705
4 674 675 707 706
4 675 676 708 707
4 676 677 709 708
4 677 678 710 709
4 678 679 711 710
4 679 680 712 711
4 680 681 713 712
4 681 682 714 713
4 682 683 715 714
4 683 684 716 715
4 684 685 717 716
4 685 686 718 717
4 686 687 719 718
4 687 688 720 719
4 688 689 721 720
4 689 690 722 721
4 690 691 723 722
4 691 692 724 723
4 692 693 725 724
4 693 694 726 725
4 694 695 727 726
4 695 696 728 727
4 696 697 729 728
4 697 698 730 729
4 698 699 731 730
4 699 700 732 731
4 700 701 733 732
4 701 702 734 733
4 702 703 735 734
4 703 672 704 735
4 704 705 737 736
4 705 706 738 737
4 706 707 739 738
4 707 708 740 739
4 708 709 741 740
4 709 710 742 741
4 710 711 743 742
4 711 712 744 743
4 712 713 745 744
4 713 714 746 745
4 714 715 747 746
4 715 716 748 747
4 716 717 749 748
4 717 718 750 749
4 718 719 751 750
4 719 720 752 751
4 720 721 753 752
4 721 722 754 753
4 722 723 755 754
4 723 724 756 755
4 724 725 757 756
4 725 726 758 757
4 726 727 759 758
4 727 728 760 759
4 728 729 761 760
4 729 730 762 761
4 730 731 763 762
4 731 732 764 763
4 732 733 765 764
4 733 734 766 765
4 734 735 767 766
4 735 704 736 767
4 736 737 769 768
4 737 738 770 769
4 738 739 771 770
4 739 740 772 771
4 740 741 773 772
4 741 742 774 773
4 742 743 775 774
4 743 744 776 775
4 744 745 777 776
4 745 746 778 777
4 746 747 779 778
4 747 748 780 779
4 748 749 781 780
4 749 750 782 781
4 750 751 783 782
4 751 752 784 783
4 752 753 785 784
4 753 754 786 785
4 754 755 787 786
4 755 756 788 787
4 756 757 789 788
4 757 758 790 789
4 758 759 791 790
4 759 760 792 791
4 760 761 793 792
4 761 762 794 793
4 762 763 795 794
4 763 764 796 795
4 764 765 797 796
4 765 766 798 797
4 766 767 799 798
4 767 736 768 799
4 768 769 801 800
4 769 770 802 801
4 770 771 803 802
4 771 772 804 803
4 772 773 805 804
4 773 774 806 805
4 774 775 807 806
4 775 776 808 807
4 776 777 809 808
4 777 778 810 809
4 778 779 811 810
4 779 780 812 811
4 780 781 813 812
4 781 782 814 813
4 782 783 815 814
4 783 784 816 815
4 784 785 817 816
4 785 786 818 817
4 786 787 819 818
4 787 788 820 819
4 788 789 821 820
4 789 790 822 821
4 790 791 823 822
4 791 792 824 823
4 792 793 825 824
4 793 794 826 825
4 794 795 827 826
4 795 796 828 827
4 796 797 829 828
4 797 798 830 829
4 798 799 831 830
4 799 768 800 831
4 800 801 833 832
4 801 802 834 833
4 802 803 835 834
4 803 804 836 835
4 804 805 837 836
4 805 806 838 837
4 806 807 839 838
4 807 808 840 839
4 808 809 841 840
4 809 810 842 841
4 810 811 843 842
4 811 812 844 843
4 812 813 845 844
4 813 814 846 845
4 814 815 847 846
4 815 816 848 847
4 816 817 849 848
4 817 818 850 849
4 818 819 851 850
4 819 820 852 851
4 820 821 853 852
4 821 822 854 853
4 822 823 855 854
4 823 824 856 855
4 824 825 857 856
4 825 826 858 857
4 826 827 859 858
4 827 828 860 859
4 828 829 861 860
4 829 830 862 861
4 830 831 863 862
4 831 800 832 863
4 832 833 865 864
4 833 834 866 865
4 834 835 867 866
4 835 836 868 867
4 836 837 869 868
4 837 838 870 869
4 838 839 871 870
4 839 840 872 871
4 840 841 873 872
4 841 842 874 873
4 842 843 875 874
4 843 844 876 875
4 844 845 877 876
4 845 846 878 877
4 846 847 879 878
4 847 848 880 879
4 848 849 881 880
4 849 850 882 881
4 850 851 883 882
4 851 852 884 883
4 852 853 885 884
4 853 854 886 885
4 854 855 887 886
4 855 856 888 887
4 856 857 889 888
4 857 858 890 889
4 858 859 891 890
4 859 860 892 891
4 860 861 893 892
4 861 862 894 893
4 862 863 895 894
4 863 832 864 895
4 864 865 897 896
4 865 866 898 897
4 866 867 899 898
4 867 868 900 899
4 868 869 901 900
4 869 870 902 901
4 870 871 903 902
4 871 872 904 903
4 872 873 905 904
4 873 874 906 905
4 874 875 907 906
4 875 876 908 907
4 876 877 909 908
4 877 878 910 909
4 878 879 911 910
4 879 880 912 911
4 880 881 913 912
4 881 882 914 913
4 882 883 915 914
4 883 884 916 915
4 884 885 917 916
4 885 886 918 917
4 886 887 919 918
4 887 888 920 919
4 888 889 921 920
4 889 890 922 921
4 890 891 923 922
4 891 892 924 923
4 892 893 925 924
4 893 894 926 925
4 894 895 927 926
4 895 864 896 927
4 896 897 929 928
4 897 898 930 929
4 898 899 931 930
4 899 900 932 931
4 900 901 933 932
4 901 902 934 933
4 902 903 935 934
4 903 904 936 935
4 904 905 937 936
4 905 906 938 937
4 906 907 939 938
4 907 908 940 939
4 908 909 941 940
4 909 910 942 941
4 910 911 943 942
4 911 912 944 943
4 912 913 945 944
4 913 914 946 945
4 914 915 947 946
4 915 916 948 947
4 916 917 949 948
4 917 918 950 949
4 918 919 951 950
4 919 920 952 951
4 920 921 953 952
4 921 922 954 953
4 922 923 955 954
4 923 924 956 955
4 924 925 957 956
4 925 926 958 957
4 926 927 959 958
4 927 896 928 959
4 928 929 961 960
4 929 930 962 961
4 930 931 963 962
4 931 932 964 963
4 932 933 965 964
4 933 934 966 965
4 934 935 967 966
4 935 936 968 967
4 936 937 969 968
4 937 938 970 969
4 938 939 971 970
4 939 940 972 971
4 940 941 973 972
4 941 942 974 973
4 942 943 975 974
4 943 944 976 975
4 944 945 977 976
4 945 946 978 977
4 946 947 979 978
4 947 948 980 979
4 948 949 981 980
4 949 950 982 981
4 950 951 983 982
4 951 952 984 983
4 952 953 985 984
4 953 954 986 985
4 954 955 987 986
4 955 956 988 987
4 956 957 989 988
4 957 958 990 989
4 958 959 991 990
4 959 928 960 991
4 960 961 993 992
4 961 962 994 993
4 962 963 995 994
4 963 964 996 995
4 964 965 997 996
4 965 966 998 997
4 966 967 999 998
4 967 968 1000 999
4 968 969 1001 1000
4 969 970 1002 1001
4 970 971 1003 1002
4 971 972 1004 1003
4 972 973 1005 1004
4 973 974 1006 1005
4 974 975 1007 1006
4 975 976 1008 1007
4 976 977 1009 1008
4 977 978 1010 1009
4 978 979 1011 1010
4 979 980 1012 1011
4 980 981 1013 1012
4 981 982 1014 1013
4 982 983 1015 1014
4 983 984 1016 1015
4 984 985 1017 1016
4 985 986 1018 1017
4 986 987 1019 1018
4 987 988 1020 1019
4 988 989 1021 1020
4 989 990 1022 1021
4 990 991 1023 1022
4 991 960 992 1023
4 992 993 1025 1024
4 993 994 1026 1025
4 994 995 1027 1026
4 995 996 1028 1027
4 996 997 1029 1028
4 997 998 1030 1029
4 998 999 1031 1030
4 999 1000 1032 1031
4 1000 1001 1033 1032
4 1001 1002 1034 1033
4 1002 1003 1035 1034
4 1003 1004 1036 1035
4 1004 1005 1037 1036
4 1005 1006 1038 1037
4 1006 1007 1039 1038
4 1007 1008 1040 1039
4 1008 1009 1041 1040
4 1009 1010 1042 1041
4 1010 1011 1043 1042
4 1011 1012 1044 1043
4 1012 1013 1045 1044
4 1013 1014 1046 1045
4 1014 1015 1047 1046
4 1015 1016 1048 1047
4 1016 1017 1049 1048
4 1017 1018 1050 1049
4 1018 1019 1051 1050
4 1019 1020 1052 1051
4 1020 1021 1053 1052
4 1021 1022 1054 1053
4 1022 1023 1055 1054
4 1023 992 1024 1055
4 23 1056 25 24
4 1056 1057 26 25
4 1057 1058 27 26
4 1058 1059 28 27
4 1059 1060 29 28
4 1060 1061 30 29
4 1061 1062 31 30
4 1062 1 0 31
4 22 1063 1056 23
4 1063 1064 1057 1056
4 1064 1065 1058 1057
4 1065 1066 1059 1058
4 1066 1067 1060 1059
4 1067 1068 1061 1060
4 1068 1069 1062 1061
4 1069 2 1 1062
4 21 1070 1063 22
4 1070 1071 1064 1063
4 1071 1072 1065 1064
4 1072 1073 1066 1065
4 1073 1074 1067 1066
4 1074 1075 1068 1067
4 1075 1076 1069 1068
4 1076 3 2 1069
4 20 1077 1070 21
4 1077 1078 1071 1070
4 1078 1079 1072 1071
4 1079 1080 1073 1072
4 1080 1081 1074 1073
4 1081 1082 1075 1074
4 1082 1083 1076 1075
4 1083 4 3 1076
4 19 1084 1077 20
4 1084 1085 1078 1077
4 1085 1086 1079 1078
4 1086 1087 1080 1079
4 1087 1088 1081 1080
4 1088 1089 1082 1081
4 1089 1090 1083 1082
4 1090 5 4 1083
4 18 1091 1084 19
4 1091 1092 1085 1084
4 1092 1093 1086 1085
4 1093 1094 1087 1086
4 1094 1095 1088 1087
4 1095 1096 1089 1088
4 1096 1097 1090 1089
4 1097 6 5 1090
4 17 1098 1091 18
4 1098 1099 1092 1091
4 1099 1100 1093 1092
4 1100 1101 1094 1093
4 1101 1102 1095 1094
4 1102 1103 1096 1095
4 1103 1104 1097 1096
4 1104 7 6 1097
4 16 15 1098 17
4 15 14 1099 1098
4 14 13 1100 1099
4 13 12 1101 1100
4 12 11 1102 1101
4 11 10 1103 1102
4 10 9 1104 1103
4 9 8 7 1104
4 1048 1049 1105 1047
4 1049 1050 1106 1105
4 1050 1051 1107 1106
4 1051 1052 1108 1107
4 1052 1053 1109 1108
4 1053 1054 1110 1109
4 1054 1055 1111 1110
4 1055 1024 1025 1111
4 1047 1105 1112 1046
4 1105 1106 1113 1112
4 1106 1107 1114 1113
4 1107 1108 1115 1114
4 1108 1109 1116 1115
4 1109 1110 1117 1116
4 1110 1111 1118 1117
4 1111 1025 1026 1118
4 1046 1112 1119 1045
4 1112 1113 1120 1119
4 1113 1114 1121 1120
4 1114 1115 1122 1121
4 1115 1116 1123 1122
4 1116 1117 1124 1123
4 1117 1118 1125 1124
4 1118 1026 1027 1125
4 1045 1119 1126 1044
4 1119 1120 1127 1126
4 1120 1121 1128 1127
4 1121 1122 1129 1128
4 1122 1123 1130 1129
4 1123 1124 1131 1130
4 1124 1125 1132 1131
4 1125 1027 1028 1132
4 1044 1126 1133 1043
4 1126 1127 1134 1133
4 1127 1128 1135 1134
4 1128 1129 1136 1135
4 1129 1130 1137 1136
4 1130 1131 1138 1137
4 1131 1132 1139 1138
4 1132 1028 1029 1139
4 1043 1133 1140 1042
4 1133 1134 1141 1140
4 1134 1135 1142 1141
4 1135 1136 1143 1142
4 1136 1137 1144 1143
4 1137 1138 1145 1144
4 1138 1139 1146 1145
4 1139 1029 1030 1146
4 1042 1140 1147 1041
4 1140 1141 1148 1147
4 1141 1142 1149 1148
4 1142 1143 1150 1149
4 1143 1144 1151 1150
4 1144 1145 1152 1151
4 1145 1146 1153 1152
4 1146 1030 1031 1153
4 1041 1147 1039 1040
4 1147 1148 1038 1039
4 1148 1149 1037 1038
4 1149 1150 1036 1037
4 1150 1151 1035 1036
4 1151 1152 1034 1035
4 1152 1153 1033 1034
4 1153 1031 1032 1033
4 1154 1155 1156 1157
4 1158 1159 1160 1161
4 1162 1163 1164 1165
4 1166 1167 1168 1169
4 1170 1171 1172 1173
4 1174 1175 1176 1177
4 1178 1179 1180 1181
4 1182 1183 1184 1185
4 1186 1187 1188 1189
4 1190 1191 1192 1193
4 1194 1195 1196 1197
4 1198 1199 1200 1201
4 1202 1203 1204 1205
4 1206 1207 1208 1209
4 1210 1211 1212 1213
4 1214 1215 1216 1217
4 1218 1219 1220 1221
4 1222 1223 1224 1225
4 1226 1227 1228 1229
4 1230 1231 1232 1233
4 1234 1235 1236 1237
4 1238 1239 1240 1241
4 1242 1243 1244 1245
4 1246 1247 1248 1249
4 1250 1251 1252 1253
4 1254 1255 1256 1257
4 1258 1259 1260 1261
4 1262 1263 1264 1265
4 1266 1267 1268 1269
4 1270 1271 1272 1273
4 1274 1275 1276 1277
4 1278 1279 1280 1281
4 1282 1283 1284 1285
4 1286 1287 1288 1289
4 1290 1291 1292 1293
4 1294 1295 1296 1297
4 1298 1299 1300 1301
4 1302 1303 1304 1305
4 1306 1307 1308 1309
4 1310 1311 1312 1313
4 1314 1315 1316 1317
4 1318 1319 1320 1321
4 1322 1323 1324 1325
4 1326 1327 1328 1329
4 1330 1331 1332 1333
4 1334 1335 1336 1337
4 1338 1339 1340 1341
4 1342 1343 1344 1345
CELL_TYPES 1200
9
9
9
9
9
9
9
9
9
9
9
9
9
9
9
9
9
9
9
9
9
9
9
9
9
9
9
9
9
9
9
9
9
9
9
9
9
9
9
9
9
9
9
9
9
9
9
9
9
9
9
9
9
9
9
9
9
9
9
9
9
9
9
9
9
9
9
9
9
9
9
9
9
9
9
9
9
9
9
9
9
9
9
9
9
9
9
9
9
9
9
9
9
9
9
9
9
9
9
9
9
9
9
9
9
9
9
9
9
9
9
9
9
9
9
9
9
9
9
9
9
9
9
9
9
9
9
9
9
9
9
9
9
9
9
9
9
9
9
9
9
9
9
9
9
9
9
9
9
9
9
9
9
9
9
9
9
9
9
9
9
9
9
9
9
9
9
9
9
9
9
9
9
9
9
9
9
9
9
9
9
9
9
9
9
9
9
9
9
9
9
9
9
9
9
9
9
9
9
9
9
9
9
9
9
9
9
9
9
9
9
9
9
9
9
9
9
9
9
9
9
9
9
9
9
9
9
9
9
9
9
9
9
9
9
9
9
9
9
9
9
9
9
9
9
9
9
9
9
9
9
9
9
9
9
9
9
9
9
9
9
9
9
9
9
9
9
9
9
9
9
9
9
9
9
9
9
9
9
9
9
9
9
9
9
9
9
9
9
9
9
9
9
9
9
9
9
9
9
9
9
9
9
9
9
9
9
9
9
9
9
9
9
9
9
9
9
9
9
9
9
9
9
9
9
9
9
9
9
9
9
9
9
9
9
9
9
9
9
9
9
9
9
9
9
9
9
9
9
9
9
9
9
9
9
9
9
9
9
9
9
9
9
9
9
9
9
9
9
9
9
9
9
9
9
9
9
9
9
9
9
9
9
9
9
9
9
9
9
9
9
9
9
9
9
9
9
9
9
9
9
9
9
9
9
9
9
9
9
9
9
9
9
9
9
9
9
9
9
9
9
9
9
9
9
9
9
9
9
9
9
9
9
9
9
9
9
9
9
9
9
9
9
9
9
9
9
9
9
9
9
9
9
9
9
9
9
9
9
9
9
9
9
9
9
9
9
9
9
9
9
9
9
9
9
9
9
9
9
9
9
9
9
9
9
9
9
9
9
9
9
9
9
9
9
9
9
9
9
9
9
9
9
9
9
9
9
9
9
9
9
9
9
9
9
9
9
9
9
9
9
9
9
9
9
9
9
9
9
9
9
9
9
9
9
9
9
9
9
9
9
9
9
9
9
9
9
9
9
9
9
9
9
9
9
9
9
9
9
9
9
9
9
9
9
9
9
9
9
9
9
9
9
9
9
9
9
9
9
9
9
9
9
9
9
9
9
9
9
9
9
9
9
9
9
9
9
9
9
9
9
9
9
9
9
9
9
9
9
9
9
9
9
9
9
9
9
9
9
9
9
9
9
9
9
9
9
9
9
9
9
9
9
9
9
9
9
9
9
9
9
9
9
9
9
9
9
9
9
9
9
9
9
9
9
9
9
9
9
9
9
9
9
9
9
9
9
9
9
9
9
9
9
9
9
9
9
9
9
9
9
9
9
9
9
9
9
9
9
9
9
9
9
9
9
9
9
9
9
9
9
9
9
9
9
9
9
9
9
9
9
9
9
9
9
9
9
9
9
9
9
9
9
9
9
9
9
9
9
9
9
9
9
9
9
9
9
9
9
9
9
9
9
9
9
9
9
9
9
9
9
9
9
9
9
9
9
9
9
9
9
9
9
9
9
9
9
9
9
9
9
9
9
9
9
9
9
9
9
9
9
9
9
9
9
9
9
9
9
9
9
9
9
9
9
9
9
9
9
9
9
9
9
9
9
9
9
9
9
9
9
9
9
9
9
9
9
9
9
9
9
9
9
9
9
9
9
9
9
9
9
9
9
9
9
9
9
9
9
9
9
9
9
9
9
9
9
9
9
9
9
9
9
9
9
9
9
9
9
9
9
9
9
9
9
9
9
9
9
9
9
9
9
9
9
9
9
9
9
9
9
9
9
9
9
9
9
9
9
9
9
9
9
9
9
9
9
9
9
9
9
9
9
9
9
9
9
9
9
9
9
9
9
9
9
9
9
9
9
9
9
9
9
9
9
9
9
9
9
9
9
9
9
9
9
9
9
9
9
9
9
9
9
9
9
9
9
9
9
9
9
9
9
9
9
9
9
9
9
9
9
9
9
9
9
9
9
9
9
9
9
9
9
9
9
9
9
9
9
9
9
9
9
9
9
9
9
9
9
9
9
9
9
9
9
9
9
9
9
9
9
9
9
9
9
9
9
9
9
9
9
9
9
9
9
9
9
9
9
9
9
9
9
9
9
9
9
9
9
9
9
9
9
9
9
9
9
9
9
9
9
9
9
9
9
9
9
9
9
9
9
9
9
9
9
9
9
9
9
9
9
9
9
9
9
9
9
9
9
9
9
9
9
9
9
9
9
9
9
9
9
9
9
9
9
9
9
9
9
9
9
9
9
9
9
9
9
9
9
9
9
9
9
9
9
9
9
9
9
9
9
9
9
9
9
9
9
9
9
9
9
9
9
9
9
9
9
9
9
9
9
9
9
9
9
9
9
9
9
9
9
9
9
9
9
9
9
9
9
9
9
9
9
9
9
9
9
9
9
9
9
9
9
9
9
9
9
9
9
9
9
9
9
9
9
9
9
9
9
9
9
9
9
9
9
9
9
9
9
9
9
9
9
9
9
9
9
9
9
9
POINT_DATA 1346
VECTORS displacement_m double
-3.018429735083862e-07 -4.877712678166294e-09 0.0013445468617903848
-1.9867569428505936e-07 -1.9619205557452125e-07 0.0013446853127436426
-4.03081944146041e-07 2.399461403596266e-07 0.0013444344693072554
-6.115689335669077e-07 4.630083927406591e-07 0.0013443486046132841
-3.7870129512558016e-07 3.018084686499136e-07 0.0013443594018411266
-4.6945262531238803e-07 5.677833449213167e-07 0.0013443819714192972
-2.748944975437424e-07 5.448716614190594e-07 0.0013443701970387674
3.4455145513291925e-07 -1.828178523033664e-08 0.0013440545527703296
3.2806836577374967e-07 1.8268366148226058e-07 0.00134421293620027
5.792316190602745e-07 1.2771310203191194e-07 0.001344142692344339
8.041328377194366e-07 2.746696398037343e-08 0.0013439417569511968
1.2283231640501256e-06 -6.451023403981468e-08 0.0013436318662253602
7.430530068004609e-07 -1.0187302294949499e-10 0.0013441010005447805
1.227333882291418e-06 6.426070276573336e-08 0.0013436327341432733
8.054801149969405e-07 -2.660770043318665e-08 0.0013439400409888185
5.811277742061664e-07 -1.2598181257908488e-07 0.0013441399022237203
3.2623231042010864e-07 -1.848544833525174e-07 0.0013442149000308277
3.4250140305592907e-07 1.526886313154673e-08 0.0013440570094441868
-2.727733055519855e-07 -5.427614738989969e-07 0.001344369542413662
-4.703508222194721e-07 -5.68788226636578e-07 0.001344382028436728
-3.807046893725382e-07 -3.055365094626051e-07 0.0013443597013538587
-6.097948709577552e-07 -4.594065689085659e-07 0.0013443496233834919
-4.014358608447576e-07 -2.3758106976303497e-07 0.0013444354654112297
-1.9866886096705433e-07 1.9715170024490914e-07 0.0013446858854575662
-3.0384902002001084e-07 2.655665968105854e-09 0.0013445448516604195
-5.223825020766953e-07 -1.1128942155532742e-07 0.0013444280035839749
-7.665605413358503e-08 1.2849239953691026e-07 0.0013448868681836658
-3.9391654053287273e-07 5.5427528917036865e-08 0.001344741333644341
-2.9733802789792203e-07 -6.941298249230287e-11 0.00134457725209951
-3.91395978936642e-07 -5.5926636150224335e-08 0.0013447459531842497
-7.864421419407054e-08 -1.268604304039004e-07 0.0013448839276940141
-5.23414899360551e-07 1.1119451368017291e-07 0.0013444276510922659
-5.098278649944769e-07 -1.519195273765643e-07 0.001344328198315133
-5.021595090723212e-07 6.019164604531788e-08 0.0013442049957747457
-6.744055661988268e-07 4.2431583447072867e-07 0.0013440534932247443
-5.951251083508971e-07 7.440480462073899e-07 0.0013439721730780152
-8.904166399248193e-07 1.520494506772967e-06 0.0013438911980961626
-6.972707980798371e-07 1.6136214581282145e-06 0.0013438882413043896
-3.3876390964952603e-07 1.154416346391885e-06 0.0013437445803326203
-2.396070181756541e-07 1.2306010625585148e-06 0.0013438062319607203
3.053858115254885e-07 8.816906164322893e-07 0.0013435403623285283
6.470153408737755e-07 7.469983549083662e-07 0.001343386036987273
1.3632593171892406e-06 2.505748871785228e-07 0.0013424652953639396
1.6216819866089425e-06 5.6667805177728724e-08 0.0013418531433759015
2.1346957016854094e-06 -1.989976973139605e-11 0.0013414573858084658
1.6218747093634234e-06 -5.67058440770483e-08 0.0013418536036512272
1.3630117804069634e-06 -2.505783083275687e-07 0.0013424653526058644
6.465064633009057e-07 -7.470882963926155e-07 0.0013433860172407035
3.057023285475418e-07 -8.817249797058049e-07 0.001343540376188183
-2.3892739774508185e-07 -1.2300768149783057e-06 0.001343805945158497
-3.394837672019097e-07 -1.1536231974994827e-06 0.0013437442578239595
-6.970404211783253e-07 -1.6144569635192289e-06 0.0013438884712826673
-8.896453443011175e-07 -1.5193827227181732e-06 0.0013438912997116343
-5.954844171568226e-07 -7.445160392770944e-07 0.0013439721367549346
-6.750589960522916e-07 -4.255630001165245e-07 0.0013440530220294028
-5.014459587253125e-07 -5.913669709767558e-08 0.0013442055798467847
-5.09676186060622e-07 1.5161998968876827e-07 0.0013443277129649687
-4.519291162859243e-07 7.298298737498222e-08 0.0013441861192154457
-7.678092690391171e-07 -1.3867412599334087e-08 0.0013439748252684328
-5.827508251516039e-07 -2.8839534639519073e-08 0.0013438390422659903
-7.978685127325388e-07 -4.285484806937894e-11 0.0013438038181358863
-5.82869073039005e-07 2.8665590356931374e-08 0.0013438399473503487
-7.677159369129538e-07 1.4382699305214885e-08 0.0013439736721422525
-4.5116409991564777e-07 -7.330665439864304e-08 0.0013441865744745827
-5.348303847149974e-07 -2.06802893639016e-07 0.0013443792223993634
-5.807657635694302e-07 -5.00807992405129e-07 0.0013445842840682867
-5.338100566163522e-07 2.532217479374072e-07 0.0013441545879865095
-1.0048725895966495e-06 2.0144625257508594e-06 0.001343629373530795
-8.71475700715211e-07 2.6353460211543963e-06 0.0013436045960520991
-9.023292595854703e-07 3.0162177622278865e-06 0.0013436980201539013
-8.413296346634125e-07 3.134554670416472e-06 0.001343790851362071
-4.808013634577532e-07 3.052633449698568e-06 0.0013437724904192339
-2.066233550538039e-07 3.3329640541323836e-06 0.0013440138967661082
7.995180826362229e-07 1.8115635323941172e-06 0.0013421747238508033
1.5951092007098739e-06 7.98170790657327e-07 0.0013403056430589192
2.5013753508572465e-06 1.4298755102962383e-07 0.0013381620371334072
2.6319537541183387e-06 2.8526734528985633e-11 0.0013367885913650901
2.501511872345416e-06 -1.4296110926881756e-07 0.0013381615840197707
1.5949757812242923e-06 -7.983144413995664e-07 0.0013403058646135279
8.000860995816074e-07 -1.811314639475932e-06 0.0013421743783166421
-2.0672400624005482e-07 -3.3331428317070793e-06 0.001344014012468568
-4.812918498283956e-07 -3.0530439311161346e-06 0.0013437727324868169
-8.405782947226095e-07 -3.1341969379289154e-06 0.0013437906937766929
-9.02803881288523e-07 -3.0166885056426786e-06 0.00134369812562724
-8.716859613366013e-07 -2.635560448307195e-06 0.0013436045722551957
-1.0046947577916237e-06 -2.0140650137718905e-06 0.001343629336429873
-5.337858866892269e-07 -2.530328054090598e-07 0.001344154605236664
-5.81064684020892e-07 5.006062220408949e-07 0.0013445841465526004
-5.347745120071039e-07 2.0676722958874023e-07 0.0013443791426134357
-6.517037265350497e-07 2.4946818505306355e-07 0.0013444577172048978
-4.859943579787214e-07 1.2990767794269496e-07 0.0013442621820097035
-7.504815921248133e-07 1.73895864408422e-08 0.0013439136047928544
-5.452190969668252e-07 -2.82915487085004e-11 0.0013438304087314654
-7.502575618350246e-07 -1.748394807006908e-08 0.001343913933949082
-4.862941028425284e-07 -1.2988862244179236e-07 0.0013442620249265254
-6.519715617567952e-07 -2.494820686935657e-07 0.001344457717274414
-7.90874107252431e-07 3.435132274285937e-07 0.0013439461012022225
-7.105545677378667e-07 8.512383112128785e-07 0.0013435810585796042
-8.840196719813053e-07 9.380364579719206e-07 0.0013435796299133967
-7.429865907048187e-07 1.880412854848301e-06 0.001343312204466167
-8.879935409934045e-07 2.1081268654553485e-06 0.0013432923178082897
-8.203006881664767e-07 2.1614801598297028e-06 0.0013432951635940981
-1.1143629866048267e-06 5.130895838679888e-06 0.001344191506798233
-1.2073789003781843e-06 7.240229709169877e-06 0.0013453085211135316
-3.204888612664831e-07 5.81600748420215e-06 0.0013441243100092437
6.650951554172189e-07 4.049859501424262e-06 0.0013419522365256
2.154784529128932e-06 1.0968867706389427e-06 0.0013364372502108193
2.879214210005411e-06 -1.0591803152835354e-08 0.0013329333047797352
3.1028842486850917e-06 -7.468205180767361e-11 0.0013332638040565285
2.8789781510735054e-06 1.0530310329827422e-08 0.0013329334004936464
2.15520712696279e-06 -1.0969646857799123e-06 0.0013364374393261913
6.644303029509838e-07 -4.049811119507585e-06 0.0013419521350712862
-3.203292874053213e-07 -5.815912342319576e-06 0.0013441242659678926
-1.2071710761380625e-06 -7.240127757272498e-06 0.0013453085604014036
-1.1147490574882834e-06 -5.130802189649681e-06 0.0013441915231638668
-8.199247828570083e-07 -2.161312481440619e-06 0.001343295124257346
-8.878451139185771e-07 -2.1080301066275037e-06 0.0013432923198826413
-7.431019738182769e-07 -1.8805302233052748e-06 0.0013433121841213281
-8.838917097579402e-07 -9.384505982648882e-07 0.001343579420796326
-7.105974010210484e-07 -8.509007679244999e-07 0.0013435812627199176
-7.90852163199581e-07 -3.433771237143248e-07 0.0013439462413784742
-6.365071123767865e-07 -2.8793881258025436e-07 0.0013439884964151518
-7.428431030874047e-07 -1.3615811025894088e-07 0.001344259107592539
-4.3102688387772046e-07 1.0376730219398709e-07 0.0013450341674978604
-7.5727998619279e-07 -3.141439469049665e-11 0.0013440791703145454
-4.312481016593988e-07 -1.0382074628964966e-07 0.0013450342551982154
-7.427286881680244e-07 1.3633430811349878e-07 0.0013442586524884932
-6.363127830740537e-07 2.876603489440995e-07 0.0013439888903887206
-6.376968625431063e-07 2.459355689511587e-07 0.0013439434692578704
-7.588543228001644e-07 3.3998282569548206e-07 0.0013438905648887937
-8.113893334032266e-07 1.789661189301889e-06 0.0013431417033269136
-7.342139632522565e-07 -6.089641958560257e-08 0.0013437269761997698
-8.404486672047366e-07 1.3207348036110757e-06 0.001343609451775102
-1.383424537612445e-06 5.282251136734626e-06 0.0013440087337861833
-1.659280961444547e-06 9.417710034698686e-06 0.0013452837479202393
-1.4239651216218156e-06 1.2035990297783891e-05 0.0013467106167779834
-5.288025622746833e-07 9.305693061951369e-06 0.0013444876510834368
1.149352078172098e-06 4.2781398987345566e-06 0.0013384054624483149
2.178297636292746e-06 1.4565967373305397e-06 0.0013332387213674359
3.1251205769406547e-06 2.1422060745610612e-07 0.0013293625349900362
3.3440578960918654e-06 2.343652018413382e-11 0.001328279528864585
3.1256390664257677e-06 -2.141877463993004e-07 0.0013293622756465383
2.177551045527293e-06 -1.4566132516279304e-06 0.0013332387266549938
1.1501187210620376e-06 -4.278001842710012e-06 0.001338405415476466
-5.289729992403501e-07 -9.30569421363113e-06 0.0013444877610237882
-1.4241452057418126e-06 -1.2036220662499337e-05 0.001346710771560597
-1.6591167363530023e-06 -9.417660056146716e-06 0.0013452836894426623
-1.3835366945445893e-06 -5.282453379462622e-06 0.0013440087399271816
-8.405454466208522e-07 -1.3210286863108842e-06 0.0013436095034414625
-7.338923132169502e-07 6.137458501181167e-08 0.001343727170163253
-8.117697342731187e-07 -1.7896106881260398e-06 0.0013431418139567088
-7.586517608809196e-07 -3.401354060822961e-07 0.0013438904779526303
-6.377636721122332e-07 -2.4584653341472593e-07 0.0013439434448988766
-7.920759114327e-07 -5.728271152794324e-07 0.0013435342897132932
-5.352653472064732e-07 9.699939757972644e-08 0.0013448144528456097
-7.630261066149146e-07 -7.176018449578733e-08 0.001344338246401553
-4.5268810209470073e-07 -1.3534014624729485e-11 0.0013452310829955225
-7.628168559912895e-07 7.17351602779844e-08 0.0013443384625944422
-5.3542283975276e-07 -9.696754361024315e-08 0.001344814399003261
-7.920559055137024e-07 5.72868256482943e-07 0.0013435343157066307
-8.004912274382344e-07 5.87606519379805e-07 0.0013436763080466282
-8.131178457607111e-07 6.021017097860387e-07 0.0013436801995652145
-6.338295481181565e-07 -7.61300788637187e-07 0.0013444196917101316
-7.828229580513099e-07 -2.5174668088919183e-07 0.0013442934450947127
-1.2258416233315248e-06 2.408976852929071e-06 0.0013440677638267683
-1.798472366496598e-06 9.828250684240808e-06 0.0013448234482339378
-1.9637415953014075e-06 1.4996377774103204e-05 0.0013463758047743025
-1.4345609247261994e-06 1.49438688036537e-05 0.0013463331367689604
-2.1301297734624187e-07 1.1231284105886452e-05 0.0013433034104122993
1.0268681695196474e-06 5.094299786280449e-06 0.001335892513835161
2.365685406404347e-06 2.00069822242759e-06 0.0013301979479434392
3.112439918359836e-06 5.508848882124577e-07 0.0013255654043229884
3.7931883762551167e-06 -2.514080851565616e-11 0.0013206017048217136
3.111848542851937e-06 -5.509447766212996e-07 0.0013255656812093458
2.3663123079674937e-06 -2.0005795802873873e-06 0.0013301977888410526
1.0264656403069191e-06 -5.094505454548406e-06 0.0013358928866943876
-2.1283435645560418e-07 -1.1231004150275695e-05 0.0013433031340152918
-1.4344621139215874e-06 -1.4943916526935557e-05 0.0013463331293420858
-1.9639356492656426e-06 -1.4996313064074361e-05 0.0013463757184902507
-1.798349165743545e-06 -9.827982896251e-06 0.0013448233337270208
-1.2257632793884447e-06 -2.4090929519609283e-06 0.0013440677202876835
-7.830377148193439e-07 2.51776216142396e-07 0.001344293430027796
-6.336022581610574e-07 7.608813998549316e-07 0.0013444195202884114
-8.134629716149498e-07 -6.019918395408643e-07 0.0013436803058555402
-8.004061941863846e-07 -5.873472919978963e-07 0.0013436764946556093
-5.302391236899007e-07 3.489712201997996e-07 0.0013447696793855628
-6.73470572599731e-07 -4.4356447426437874e-08 0.0013439357004068698
-6.347440359321134e-07 -1.8251165014180876e-07 0.0013432980332515507
-6.855407259560683e-07 -2.4312677695276097e-11 0.0013442450467580744
-6.349877192734009e-07 1.8243636637708677e-07 0.0013432983056243806
-6.730291703374476e-07 4.465064101753655e-08 0.0013439350613261764
-5.304785171946033e-07 -3.4929094480170616e-07 0.0013447702634879714
-8.812071402081475e-07 1.6954275674897183e-06 0.0013429041786334089
-8.989054498266364e-07 1.125271535355743e-06 0.0013433478267583054
-6.58961808956612e-07 -3.1795419626333166e-06 0.0013456469547649397
-8.872340552563904e-07 -2.071440653966625e-06 0.0013453222329484246
-1.3914637367225374e-06 4.949097102817958e-06 0.001344663791176343
-1.9169804781566678e-06 1.3790266994194137e-05 0.0013455626542833933
-2.0614997985662597e-06 2.140250391999535e-05 0.001347855246987882
-1.2994625124264461e-06 1.8475169391952395e-05 0.0013462584640852979
-1.9732647534101513e-07 1.2739499244872954e-05 0.001341549951588375
1.0926388527088243e-06 7.321894461549778e-06 0.001335014896486637
2.352308137797721e-06 2.411482714356126e-06 0.0013259774432358624
3.2767032886365406e-06 4.03103563286655e-07 0.0013195229749674987
3.453309490403867e-06 -3.862001724404198e-11 0.0013163562358873655
3.277164287113732e-06 -4.0310450739664943e-07 0.0013195228396147573
2.35168663281477e-06 -2.4114393548078968e-06 0.0013259773715289737
1.0930525732143232e-06 -7.3218675300392124e-06 0.001335014903029749
-1.9742419529753303e-07 -1.2739522445438709e-05 0.0013415499506669677
-1.2995855520447345e-06 -1.8475421168976856e-05 0.0013462585901218283
-2.0613691195403064e-06 -2.1402507497927847e-05 0.001347855232264203
-1.9169898447501667e-06 -1.37903773730106e-05 0.0013455626588613648
-1.3916557165407552e-06 -4.949305384659533e-06 0.0013446638113252139
-8.869277076662472e-07 2.071765524213155e-06 0.001345322297493817
-6.593274045127016e-07 3.1797478530961807e-06 0.0013456470519716518
-8.98556502421931e-07 -1.1254605835260955e-06 0.0013433477184286483
-8.813763255626678e-07 -1.6953305214594785e-06 0.0013429043010162538
-6.25776832365159e-07 4.21108477601574e-07 0.001345445057636276
-3.084969626839403e-07 7.193995660848496e-07 0.001345882275715479
-5.627134561539275e-07 1.0412321191576423e-07 0.0013437195344343702
-6.913676346491912e-07 -4.096096020239822e-11 0.0013421002930006723
-5.6235052362675e-07 -1.0417100055659434e-07 0.0013437196378407353
-3.0891066513159394e-07 -7.19372912681375e-07 0.0013458822358258411
-6.256361782297773e-07 -4.2113049148975656e-07 0.0013454451343819375
-1.002441036928055e-06 5.699342696490162e-06 0.0013393097394750714
-9.25711601416549e-07 1.4260200102051996e-06 0.0013428797715937491
-8.739024430918395e-07 -6.032556073790089e-06 0.0013468850647478476
-9.792518217675708e-07 -4.1030850890299055e-06 0.0013462986656909137
-1.351291954760705e-06 3.12944246729089e-06 0.0013455530204278228
-1.7448094607662267e-06 1.9293965203009863e-05 0.0013471204069409658
-1.771959051140428e-06 2.866448429169715e-05 0.0013499233143488844
-1.1652321600952237e-06 2.348181591347161e-05 0.0013471108985238127
-1.3900871365289084e-07 1.6653018843893993e-05 0.0013414884376422138
1.1526877734066546e-06 8.923720837559343e-06 0.0013320569096910344
2.33530670773919e-06 2.465016513077447e-06 0.001319938409157966
3.125324717480887e-06 2.3850691725488145e-07 0.0013126057650531546
3.309337899787402e-06 7.70645531625543e-12 0.0013103893603420155
3.1251160245250732e-06 -2.3853994606688107e-07 0.0013126058233257105
2.3357689113163754e-06 -2.465054679189341e-06 0.0013199385386825778
1.152304440764832e-06 -8.923659060966513e-06 0.001332056812102282
-1.3908376659125687e-07 -1.6653081359152333e-05 0.0013414885073704222
-1.164975511831602e-06 -2.348148830568901e-05 0.0013471106916214813
-1.7721262122067814e-06 -2.8664581873993167e-05 0.0013499233793616578
-1.7446815289077158e-06 -1.929370232508791e-05 0.001347120390060396
-1.3513955532318219e-06 -3.1293950194923924e-06 0.0013455530088864957
-9.794728647051009e-07 4.102942104485106e-06 0.0013462986546573853
-8.734035966123166e-07 6.03224652824583e-06 0.0013468849579726854
-9.260966152511387e-07 -1.4257998719359693e-06 0.0013428799649882449
-1.0022629974794605e-06 -5.699467740847982e-06 0.0013393096296586908
-5.780896342448284e-07 -3.3486198196658514e-07 0.0013457070773690775
-2.6320833720918335e-07 2.4747958403350318e-06 0.0013507704531881518
-3.015812805319807e-07 5.020729973952997e-07 0.0013439613538008982
-6.086870300168163e-07 -1.5815242873046385e-11 0.0013382081182248349
-3.020559980676887e-07 -5.020802343466161e-07 0.0013439612604262629
-2.6279284375205957e-07 -2.4747901898338733e-06 0.0013507704404980443
-5.781669389296345e-07 3.3484700350373086e-07 0.0013457070151020494
-9.021799367993053e-07 8.717465023269828e-06 0.0013371825660326462
-9.94568825913449e-07 3.312704705710455e-06 0.0013416993737214182
-1.0433275275522232e-06 -6.7248041714370465e-06 0.0013471280277864597
-1.0915377393630701e-06 -6.274669214575243e-06 0.001346982388923628
-1.2653874082658915e-06 2.4001911894105908e-06 0.001346077111924032
-1.3641071938092633e-06 2.1704290141166417e-05 0.0013479023805946346
-1.3885469037934625e-06 3.456552006421564e-05 0.0013517024203896337
-9.283948717451008e-07 3.0208045820107866e-05 0.0013493196858590949
-4.623421342764204e-09 2.083866167147097e-05 0.001341654191837816
1.1236599855631337e-06 1.1556455153001447e-05 0.0013304656347712302
2.1287054884319144e-06 3.182596135642821e-06 0.0013149497118410572
2.9313726136801654e-06 1.4352264361917366e-07 0.001305076505881589
3.2051868976892896e-06 -6.904452121696969e-12 0.0013043992891843192
2.931660559266114e-06 -1.434997331670631e-07 0.0013050764214514656
2.128583424834821e-06 -3.1825778212673153e-06 0.0013149496386334514
1.1234692909385183e-06 -1.1556492387775785e-05 0.0013304656892710262
-4.271792436579236e-09 -2.0838633614774305e-05 0.001341654156836593
-9.289796607822837e-07 -3.020831815692564e-05 0.0013493198730747718
-1.387785163089695e-06 -3.45654045940609e-05 0.0013517023465322306
-1.3647332202597412e-06 -2.1704579403370952e-05 0.0013479023992393623
-1.2650821184335783e-06 -2.4001570173866715e-06 0.0013460771454293578
-1.091701764853124e-06 6.274741642471265e-06 0.0013469824194853978
-1.0433542537455548e-06 6.725153345688785e-06 0.001347128149176624
-9.94386359010254e-07 -3.3129180293011636e-06 0.0013416991961612986
-9.022053041235792e-07 -8.717355958975284e-06 0.0013371826747627027
-5.825692666001282e-07 -1.4516393578859058e-06 0.0013458818752944393
-2.999016615798209e-07 3.7347237437522185e-06 0.001355295164611138
-1.8848756694181628e-07 1.0973915526359122e-06 0.0013462109463847583
-2.0490773443059924e-07 2.6578974331941637e-11 0.0013342965321060884
-1.882787773385989e-07 -1.0973884716122728e-06 0.0013462110104696453
-3.0037207410738084e-07 -3.7347341506084034e-06 0.0013552952033858204
-5.821688635726127e-07 1.4516849032395674e-06 0.001345881909595185
-6.820050295259481e-07 1.0891801852906383e-05 0.0013362279583319443
-9.007798161858019e-07 4.753920744112125e-06 0.0013413414490835657
-1.0002600516825248e-06 -6.284875085526329e-06 0.0013472817694698924
-1.1437427234671575e-06 -4.07502427137031e-06 0.0013466084105762598
-1.0609553641781452e-06 2.5469031768350997e-06 0.0013459390858404803
-1.1173390987394213e-06 2.3067591391756758e-05 0.0013479565843890057
-1.0807974874666323e-06 4.106172496297425e-05 0.0013533947316234321
-6.430971884472802e-07 3.549213521317404e-05 0.0013503972020601426
1.495792177909947e-07 2.3857938754191273e-05 0.0013408539832229847
1.0463289162224513e-06 1.3386719800609852e-05 0.001328141151866877
2.011243000040144e-06 4.0221133622249685e-06 0.0013106446302375038
2.6582663447574447e-06 2.042064486344869e-07 0.0012979453415831099
2.8838134026137727e-06 1.02803664676881e-11 0.0012952935338612047
2.6581109594139205e-06 -2.042255171428007e-07 0.0012979454488246164
2.0115021025195212e-06 -4.022141969405706e-06 0.0013106446403397464
1.0462264785276142e-06 -1.3386680823799357e-05 0.001328141123595388
1.4927345820385874e-07 -2.3857933392571607e-05 0.0013408539737556012
-6.424778277889711e-07 -3.549190995248928e-05 0.0013503970465851734
-1.081453717739225e-06 -4.1061797936537305e-05 0.001353394756614603
-1.1168417675091094e-06 -2.3067392727505746e-05 0.001347956537735411
-1.0611608917448573e-06 -2.5468176859574314e-06 0.0013459390427354885
-1.143902981942794e-06 4.074846351906208e-06 0.0013466083569039053
-9.999800015256167e-07 6.284630671103023e-06 0.0013472816859078475
-9.009792749097355e-07 -4.753766147158586e-06 0.001341341537219733
-6.819501882495192e-07 -1.0891861767528668e-05 0.001336227874294001
-4.776901472778654e-07 -1.571494765768511e-06 0.0013474528443031058
-2.761751825733672e-07 3.6100711285546328e-06 0.0013568830044685819
-1.4779446595105913e-07 9.246836035047406e-07 0.001347555506451123
-3.184054315854498e-08 -9.736766042565602e-12 0.0013371586926743252
-1.4799362587007278e-07 -9.246657901381932e-07 0.0013475554552081067
-2.7598537520166873e-07 -3.6100617482660845e-06 0.0013568829658422306
-4.777083656288336e-07 1.5714650172679353e-06 0.0013474528353040831
-4.5100995398393984e-07 1.1287033320141241e-05 0.0013368342904408884
-6.475738624454506e-07 5.649786836104299e-06 0.0013415148570549832
-8.329308972148982e-07 -4.715011447448347e-06 0.0013470862607908925
-9.437326714663308e-07 -2.4914005581389427e-06 0.0013463932720572686
-1.004146192391848e-06 3.085925672114958e-06 0.0013458133260354965
-8.978270814199975e-07 2.4476077257089856e-05 0.0013479146603746078
-6.892465888048798e-07 4.4627908209793475e-05 0.001354018621997247
-4.246006220703859e-07 3.97755093551335e-05 0.0013514212885200397
1.8792465964453515e-07 2.7136731066170877e-05 0.0013410316685535393
1.0067797105782375e-06 1.5016304756621374e-05 0.0013262525105920417
1.8290853881669565e-06 3.895226758553596e-06 0.001305391163332801
2.3350112431830285e-06 5.968186980587047e-08 0.0012923850781552308
2.5759790279507655e-06 -7.313238347746933e-12 0.001290626038203946
2.3351686581479975e-06 -5.965192172398625e-08 0.0012923849184331912
1.82882685312703e-06 -3.895261723501669e-06 0.0013053912620956281
1.0070336075879636e-06 -1.5016281854981354e-05 0.0013262524166032371
1.8788608981877953e-07 -2.713681005286032e-05 0.001341031800483331
-4.2474851873286843e-07 -3.977561728363156e-05 0.0013514213750571305
-6.889917847267254e-07 -4.462794140300126e-05 0.0013540186268576615
-8.978650284406427e-07 -2.4476145232401728e-05 0.0013479147090581212
-1.0044115886104985e-06 -3.086126797748246e-06 0.001345813361755287
-9.431551940738231e-07 2.4917129884351957e-06 0.0013463933670180195
-8.335606629716375e-07 4.7151059749252715e-06 0.0013470863137563342
-6.471131942677113e-07 -5.649799268020115e-06 0.0013415148474700185
-4.512187099272932e-07 -1.1287052905507289e-05 0.001336834257232989
-3.2598470039866094e-07 -2.1740536657798162e-06 0.0013478032056006258
-2.4075982095366447e-07 3.108360353067026e-06 0.0013574337056954538
-7.782016596663974e-08 8.041886741117613e-07 0.001349484359203486
-3.367279064332418e-08 4.304727006339687e-12 0.0013406391845906323
-7.777040829129999e-08 -8.041905720335047e-07 0.001349484351099668
-2.408234218222696e-07 -3.108438287353975e-06 0.0013574338319642227
-3.2602668794728344e-07 2.1741437691450183e-06 0.0013478030802672627
-2.4998672204535147e-07 1.1869779273113858e-05 0.0013369999446273678
-4.843364478912449e-07 6.571460247251449e-06 0.0013414794399248732
-6.067842684566821e-07 -4.504245646521977e-06 0.0013474727729688488
-8.178906750234827e-07 -3.5599835379924707e-07 0.0013462448044856907
-8.220522462127552e-07 5.2770033301478806e-06 0.0013456723208295606
-7.549409746780489e-07 2.553294791924451e-05 0.0013476401859836779
-4.542248378776583e-07 4.460339131845831e-05 0.0013534008420206605
-1.838061905492951e-07 4.225573877308859e-05 0.0013521099162807934
2.3853443387384905e-07 3.146036761130686e-05 0.0013432113765584988
8.933442479673442e-07 1.5697457038756486e-05 0.0013240006663932298
1.454958427230801e-06 4.77805319933167e-06 0.0013035214144802747
2.021986208984778e-06 4.1322989196381436e-07 0.0012889837344810693
2.222963508035141e-06 7.331289344470131e-12 0.0012842509198443934
2.0218708356561437e-06 -4.1327353070597516e-07 0.0012889839164892153
1.4551878929688648e-06 -4.77799502447786e-06 0.0013035212549913778
8.931160920134008e-07 -1.5697516155666204e-05 0.0013240007935362349
2.387486802425154e-07 -3.146021733419354e-05 0.0013432112034089038
-1.838677992228171e-07 -4.2255698552602096e-05 0.001352109882406645
-4.5430614409868303e-07 -4.460329869434635e-05 0.0013534008147345889
-7.548235056826322e-07 -2.5532955289770094e-05 0.0013476401340641927
-8.219467224062297e-07 -5.276723916448329e-06 0.001345672302432592
-8.182395800419212e-07 3.556234388039132e-07 0.0013462447008902169
-6.062405004205692e-07 4.504215572943715e-06 0.0013474727583102067
-4.847200004190149e-07 -6.571509524661203e-06 0.0013414794448831317
-2.498761814587433e-07 -1.1869740668347664e-05 0.001336999993742088
-2.403569010170304e-07 -2.0731442393806593e-06 0.0013487308292428801
-1.1263273917338441e-07 2.453410401190579e-06 0.0013568955484808357
-7.955182503349353e-08 6.481448744747046e-07 0.0013504505207374256
2.8017072872428112e-08 8.141204539778821e-12 0.0013430121395906977
-7.963885781431408e-08 -6.481573438148194e-07 0.0013504505390685012
-1.1244135752136067e-07 -2.4533549232135554e-06 0.0013568954084637588
-2.4051554703525783e-07 2.073040723313036e-06 0.0013487309530249283
-1.6673809978529945e-07 1.1114241090628888e-05 0.0013381774526575057
-1.9793305693737965e-07 5.869945287540875e-06 0.0013425059741045354
-4.900279846595013e-07 -4.257176094910223e-06 0.0013478871954467832
-5.713913300916598e-07 2.514500910758422e-07 0.0013464183608109376
-6.698817327071465e-07 6.279817407711447e-06 0.0013456960048045122
-6.103304667747803e-07 2.818832859250075e-05 0.0013477516319080748
-4.1327489170061986e-07 4.562799937162657e-05 0.0013529601671624903
-1.2168595980161047e-08 4.350437772917171e-05 0.001351764248164195
3.3930245583600033e-07 3.2728822258250646e-05 0.0013428396405509443
7.433310078117203e-07 1.7371403941427172e-05 0.0013240469509682973
1.2662463025376756e-06 5.593445990281976e-06 0.0013018591916040007
1.5966532190745905e-06 5.443883585652512e-07 0.0012848904452241255
1.8243402432985673e-06 -2.4462603263146855e-12 0.001279039611433006
1.5967268093971253e-06 -5.443368621768542e-07 0.0012848902895550242
1.266019830291116e-06 -5.593505822064742e-06 0.0013018593297921622
7.436234994850357e-07 -1.737138057473256e-05 0.0013240468930513895
3.3905560025363845e-07 -3.272894439015314e-05 0.0013428397577121768
-1.2080935530383626e-08 -4.3504491175400004e-05 0.0013517643056297414
-4.1320889602753386e-07 -4.562800855495738e-05 0.0013529601500290476
-6.104355637332806e-07 -2.818842420052323e-05 0.0013477516639022963
-6.698421610827133e-07 -6.280001117247659e-06 0.0013456959992756473
-5.71268079702857e-07 -2.5117165899231315e-07 0.0013464184540568037
-4.902010756600329e-07 4.2572883181023225e-06 0.0013478872227970337
-1.9782819269296393e-07 -5.8699542006462595e-06 0.0013425059024103705
-1.666635337376553e-07 -1.1114205154789005e-05 0.0013381774789089796
1.6651300470055406e-08 -2.4238249505818753e-06 0.001348618796984479
-1.0906983901606985e-07 2.473796789747963e-06 0.001357481021061151
-4.050443302695053e-08 7.382481547928699e-07 0.0013512740552489328
-1.2999922581987804e-07 -1.7601796140529632e-11 0.0013428227531185923
-4.031932220692617e-08 -7.382591449951801e-07 0.0013512740679525426
-1.0932987155751097e-07 -2.473816929924186e-06 0.0013574810857857626
1.6825585146033696e-08 2.4238921233991098e-06 0.0013486187618081983
1.106478772321976e-07 1.033354252912437e-05 0.001339531975866562
-2.5522413532637056e-08 5.9537075793991845e-06 0.0013432672323174918
-1.9046040154148302e-07 -2.623240085940583e-06 0.0013479134256900404
-3.941065618550543e-07 1.74222969118689e-06 0.0013466088846469824
-5.543402357095569e-07 9.839599590479433e-06 0.0013457982302970365
-4.644934117016436e-07 3.063904575897001e-05 0.0013478241257697222
-3.63563727897785e-07 4.8801310670364884e-05 0.0013533113140932387
1.1634294721239331e-08 4.420008665086729e-05 0.0013508443692788182
2.9542572951019215e-07 3.393468535736291e-05 0.001342411324416557
7.268741769080922e-07 1.8590650188887566e-05 0.0013237052546679325
9.660995443980248e-07 6.087777715127848e-06 0.001300235835356589
1.2823096386873744e-06 6.585384875228364e-07 0.001282054095217183
1.2426221771349671e-06 1.1223125183201609e-11 0.0012744669831816638
1.2822128904627529e-06 -6.585782882876521e-07 0.0012820542354092096
9.662201342602502e-07 -6.087711431568062e-06 0.0013002357398779001
7.267584640367958e-07 -1.8590623741549916e-05 0.0013237052518125124
2.954856248628669e-07 -3.393462825252499e-05 0.0013424112815946737
1.1694971915601272e-08 -4.419988161827008e-05 0.0013508442831134631
-3.637218115463931e-07 -4.88014396959225e-05 0.0013533113977751943
-4.6437177938862117e-07 -3.0638831496245996e-05 0.0013478240753220549
-5.543833691545265e-07 -9.839558089876289e-06 0.0013457982365519274
-3.9404660459246426e-07 -1.7424021574183959e-06 0.0013466088200258949
-1.9062471210156527e-07 2.623019463493941e-06 0.0013479133431756446
-2.529918365258788e-08 -5.9536237084067445e-06 0.0013432673407102519
1.1036749652106556e-07 -1.0333646081362134e-05 0.001339531867928389
-3.8773610719949424e-09 -1.6545379439073096e-06 0.0013498589273605688
-2.6153174717458815e-08 2.62057369451337e-06 0.0013574276767892666
-2.2044023156237474e-07 6.753079605419185e-07 0.0013503367910715324
-1.7794173790891605e-07 1.612134016552879e-11 0.0013422368031845548
-2.2057867995891192e-07 -6.752682676341148e-07 0.0013503367542230234
-2.588551452622002e-08 -2.620564465968866e-06 0.001357427682121891
-4.203663400311964e-09 1.6545147961695539e-06 0.0013498589075470475
6.101713868463302e-08 8.016391636006264e-06 0.0013418713740375324
1.1909025241716635e-07 4.691859010529898e-06 0.0013447533333062055
2.0959406480297334e-08 -3.265388852830191e-06 0.0013491082312745897
-2.2142716703708396e-07 3.4371561032330556e-06 0.0013471292361704912
-3.8223254858293377e-07 1.3367201388800653e-05 0.0013461665015769265
-4.573103084195285e-07 3.3190107688959576e-05 0.001348120510565229
-2.899117760010282e-07 5.1325223747498625e-05 0.0013536234409053378
-1.2413326575736233e-07 4.581353599710292e-05 0.0013507248229578117
3.031183308300844e-07 3.361355987566263e-05 0.0013407580656776546
4.992860992139275e-07 1.9101456992173184e-05 0.0013231147689351877
7.873977257640295e-07 5.958513693771066e-06 0.00129850918601699
7.622968216533891e-07 5.590880869007295e-07 0.0012804586882158465
8.901361745025593e-07 -1.3143997584827378e-11 0.0012738323168598109
7.623124315319796e-07 -5.590311758283037e-07 0.001280458539096343
7.873858691222759e-07 -5.9585688664499485e-06 0.0012985093125692931
4.992647118491718e-07 -1.9101486024144896e-05 0.001323114780393653
3.0325648068398707e-07 -3.361360141234634e-05 0.0013407581424285493
-1.2428071173385067e-07 -4.581371536514163e-05 0.0013507249232863837
-2.898209859305278e-07 -5.132510459979301e-05 0.0013536233823355887
-4.5744281568219154e-07 -3.319030351927317e-05 0.0013481205886151533
-3.820380995293343e-07 -1.3367298811925511e-05 0.0013461665092484097
-2.216560494271136e-07 -3.436952251795001e-06 0.0013471293083932323
2.123332240261096e-08 3.265532487680107e-06 0.0013491083023834795
1.187149838748299e-07 -4.691911849231309e-06 0.0013447532491776518
6.137029934715598e-08 -8.016322234555747e-06 0.0013418714428802573
-1.630842144455271e-08 -1.2098103753762727e-06 0.001349865023393975
-2.0592639879873394e-07 2.922779602325386e-06 0.0013569901606909024
-2.03214868966044e-07 6.969666419416484e-07 0.0013485422490494572
-3.427145208219645e-07 7.000962672398541e-12 0.0013385112558801369
-2.0316205473490687e-07 -6.969845396048077e-07 0.0013485422835052374
-2.0602196913366557e-07 -2.9227604540010674e-06 0.0013569901989386086
-1.6053445391573638e-08 1.20983629185072e-06 0.0013498650271940537
-5.615273377720591e-08 8.421625083197171e-06 0.001341195046019893
4.983576631142034e-08 2.7145925311147653e-06 0.0013460470661538395
5.2198461015813556e-08 -4.75586585310384e-06 0.0013501547281222464
-9.54920501435657e-09 2.5596071042873457e-06 0.0013479834121130666
-1.4993321603092468e-07 1.4152586147750294e-05 0.001346823063109412
-3.3380428163663754e-07 3.64562916725263e-05 0.0013489903303947493
-3.1518721211555864e-07 5.2616750056816135e-05 0.0013538530877370935
-1.242871991827126e-07 4.741711461384337e-05 0.001351055079493296
6.496444158479381e-08 3.3882605029706286e-05 0.0013399596010487782
3.8873142932357565e-07 1.7749934881856038e-05 0.0013203207332618551
4.098627675008032e-07 5.7191740603243735e-06 0.0012977859160969202
5.12332900976126e-07 3.844881523833771e-07 0.001279959379622369
4.3449652953048624e-07 1.508250724627151e-11 0.0012750441937444644
5.124208033117371e-07 -3.845401216388853e-07 0.0012799595361864524
4.097203317560461e-07 -5.71911615750131e-06 0.0012977857860109454
3.888137353765969e-07 -1.774989547585865e-05 0.0013203207182686607
6.501014693354843e-08 -3.3882580002345073e-05 0.0013399595221640689
-1.2444531825448334e-07 -4.741696302643502e-05 0.0013510549780022367
-3.149719078065357e-07 -5.2616874741956264e-05 0.0013538531432559604
-3.339656812415153e-07 -3.645611807208191e-05 0.0013489902594637632
-1.4990147595021656e-07 -1.4152478823847001e-05 0.0013468230532140896
-9.428695942875316e-09 -2.559845472957709e-06 0.0013479833268879246
5.199321050335361e-08 4.7557518537436145e-06 0.0013501546582216444
4.996006291254877e-08 -2.71456961746118e-06 0.0013460471206063246
-5.6155770496953194e-08 -8.421680503207344e-06 0.0013411949747218262
-1.8132512717199732e-07 -9.611341120711136e-07 0.0013499478126909002
-2.2288564771802328e-07 2.7835398832132482e-06 0.0013563705837077234
-3.483830906839606e-07 6.102705004774215e-07 0.0013482261798942272
-1.7759884609205437e-07 -1.1811173783948248e-11 0.001339714791013277
-3.483105896966515e-07 -6.102476149740639e-07 0.0013482261503662192
-2.2299468792382564e-07 -2.7835565682603588e-06 0.001356370542600724
-1.8123854328477752e-07 9.611178168571468e-07 0.001349947835931433
-1.062023104338084e-07 8.065056675052235e-06 0.0013413467690409082
-5.9355707273490185e-08 2.28315717386251e-06 0.0013462511375016415
-2.7390816949106076e-08 -5.012983578342807e-06 0.0013502803644671831
7.869605918163223e-08 7.181609495417485e-07 0.0013485823712263206
9.074683427575995e-08 1.3164235828147098e-05 0.0013473179862202634
3.7832572845705324e-08 3.732658523599221e-05 0.0013496393244250902
-5.3551323606055384e-08 5.432143897512706e-05 0.0013547560936093773
-1.7498505000965376e-07 4.9186315294418686e-05 0.0013520265312845917
-1.0974565399448735e-07 3.468972630945274e-05 0.001340143728752369
-4.073495812053908e-08 1.774074815485853e-05 0.0013195616015423792
1.764002595754409e-07 5.187324315973293e-06 0.0012961721146721808
2.0418330123973108e-07 4.894191347393118e-07 0.0012806231103848994
3.05416960291662e-07 -1.2344452066760086e-11 0.001275268092521856
2.04061285041838e-07 -4.893830171761803e-07 0.0012806229486584384
1.7658233407075132e-07 -5.18738952773877e-06 0.0012961722398294924
-4.084667843436671e-08 -1.7740791759498628e-05 0.001319561636529926
-1.0986526905938357e-07 -3.46897696212153e-05 0.0013401437907558495
-1.746616908202305e-07 -4.9186455339306035e-05 0.0013520266152765145
-5.396138236107329e-08 -5.432131554175824e-05 0.0013547560343098925
3.813187741790652e-08 -3.7326758558740244e-05 0.0013496393727086139
9.064425724370806e-08 -1.3164344670220534e-05 0.0013473179903710786
7.85824282266961e-08 -7.179146649302177e-07 0.0013485824355851212
-2.7238401137471384e-08 5.013101994658465e-06 0.001350280418398825
-5.934856541401118e-08 -2.2831734512242384e-06 0.0013462511038651102
-1.0644364450992895e-07 -8.065003322170938e-06 0.0013413468462750231
-2.3934591486809446e-07 -1.2344035282337579e-06 0.0013494623340553347
-3.268962379364287e-07 2.690825369355088e-06 0.0013564527447056073
-3.204209108279141e-07 5.309497560290837e-07 0.0013488353735679485
-3.3320550710198437e-07 7.2097906345374325e-12 0.0013423076244023174
-3.206471127301719e-07 -5.309843739998753e-07 0.001348835403038851
-3.265319715895007e-07 -2.69083002813261e-06 0.0013564527656367343
-2.397244890713726e-07 1.234425552723328e-06 0.0013494623108222447
-2.6558273653605623e-07 6.699273358632154e-06 0.0013422239442806509
-2.3436055201566996e-07 1.7533567277935694e-06 0.0013464272756672218
-2.132322628734584e-08 -4.9616603596210625e-06 0.0013501122255964808
1.352381451595298e-07 1.064114880890034e-06 0.0013483258841555325
3.330371899957104e-07 1.286127148411381e-05 0.0013471469256701382
5.403067229951945e-07 3.407217551162346e-05 0.00134921256859833
3.265707064515804e-07 5.393810492116367e-05 0.0013552176666086573
3.790711801615441e-08 4.976715243025965e-05 0.0013530046815406582
-2.2540031301975846e-07 3.65726575756337e-05 0.0013422266774284642
-3.6734265441392843e-07 1.9207606287478698e-05 0.0013211116667683296
-2.560860675918476e-07 5.681211519746321e-06 0.0012957949633404893
-1.368013218299678e-08 5.999295235963216e-07 0.0012788377339156998
7.39416408765035e-08 5.53032553954688e-12 0.0012719561516061437
-1.3517043022758415e-08 -5.999784329888548e-07 0.0012788379178975586
-2.5631124220268233e-07 -5.681130971645635e-06 0.0012957947946450313
-3.6718732841481616e-07 -1.9207596318737005e-05 0.001321111670564345
-2.2541341777753205e-07 -3.6572554037704164e-05 0.0013422265562357833
3.765608889926801e-08 -4.9767114206265064e-05 0.0013530046500569326
3.269347224884156e-07 -5.393811959466384e-05 0.0013552176732136978
5.400002250984206e-07 -3.4072110000163744e-05 0.0013492125629141426
3.3306917412134094e-07 -1.286104108483056e-05 0.001347146914486138
1.3538745014587028e-07 -1.0644607188974405e-06 0.0013483258000694014
-2.154330655550285e-08 4.961648677438182e-06 0.001350112235794409
-2.3429031934672987e-07 -1.7534193894848592e-06 0.001346427255921868
-2.6540165118117716e-07 -6.699283132521724e-06 0.0013422239559734307
-3.363131896127004e-07 -7.127952293185558e-07 0.0013492330160838238
-4.240904167165907e-07 2.4102418509463618e-06 0.001354545455509306
-4.12270077801671e-07 3.8803465469469366e-07 0.0013468920614739552
-4.937120665568044e-07 -9.916118753621673e-12 0.0013403239922808485
-4.119196893478739e-07 -3.880328482846547e-07 0.001346892049314491
-4.246228959576741e-07 -2.41021999427953e-06 0.0013545453838890015
-3.358410121754999e-07 7.127238899421641e-07 0.0013492330858204079
-5.41296240560182e-07 6.283968399587451e-06 0.00134202526310162
-3.3843800254688027e-07 2.5957861898227413e-06 0.001345066714197742
-3.4716258656737117e-08 -5.830857825907937e-06 0.0013495619167974663
3.2101427157933837e-07 1.07126398343889e-06 0.0013474532791449135
7.14328067944511e-07 1.0068414191070938e-05 0.001346531148438692
7.522033325700748e-07 3.0363643128557412e-05 0.001348502267580292
7.809529041184734e-07 5.0240894777815237e-05 0.001354514913782927
4.5337379187945015e-07 4.851948400591158e-05 0.0013536090622958265
-1.2716802515744987e-07 3.719655080291516e-05 0.0013442864587168508
-4.1676502705856196e-07 2.144726436881391e-05 0.0013250759530809989
-6.12318327858839e-07 7.698778254132137e-06 0.0012994008917384867
-5.020332642232131e-07 8.535927748492228e-07 0.0012768947507596777
-4.742155757747136e-07 -7.390429003318549e-12 0.0012682711783967937
-5.023156895577248e-07 -8.535564448450398e-07 0.001276894556835147
-6.119176721365626e-07 -7.698869041004332e-06 0.001299401061312267
-4.170933206930153e-07 -2.1447268288563782e-05 0.0013250759372085605
-1.2706633135404658e-07 -3.71966684593151e-05 0.0013442865889156314
4.53499028474127e-07 -4.851947772897226e-05 0.0013536090650479219
7.806792058583226e-07 -5.0240910330285904e-05 0.00135451491691248
7.524545399471895e-07 -3.03636580371377e-05 0.0013485022663312185
7.142323350146067e-07 -1.0068669907360039e-05 0.0013465311772831526
3.2086627324581295e-07 -1.070884850984108e-06 0.0013474533743585723
-3.448177645032204e-08 5.830842262788552e-06 0.001349561899698951
-3.385715805038926e-07 -2.5957020966265197e-06 0.0013450667685539354
-5.414056433683369e-07 -6.283968392225893e-06 0.0013420252294730818
-5.719204283653237e-07 -5.446224740276846e-07 0.0013488710270300852
-4.812266708965697e-07 2.396988302403402e-06 0.0013539556534269601
-5.376129137069912e-07 5.325883648587198e-07 0.0013469355378123392
-4.814907513505736e-07 -3.4841622519266935e-12 0.0013392994914462586
-5.379094345998436e-07 -5.325764976204447e-07 0.0013469355358604078
-4.80801755478326e-07 -2.3970152472161116e-06 0.0013539557460438179
-5.722422674166108e-07 5.44702394161357e-07 0.0013488709277713047
-5.996399800801234e-07 9.287474230505869e-06 0.0013383101371677916
-2.4078578317055885e-07 4.0429793114529925e-06 0.0013427036131140602
4.771013621121049e-08 -4.381084751694539e-06 0.0013472597789332436
5.175279108380473e-07 -1.3510555070272672e-06 0.0013463385837457977
7.906441720751216e-07 5.110165857951742e-06 0.0013456462149015155
1.0096581734995756e-06 2.8138272043323704e-05 0.0013478453109028463
1.0528666687149465e-06 4.531574352385628e-05 0.0013530314938494385
7.970824542032885e-07 4.4943212339145195e-05 0.0013528761404785147
3.0373225741923675e-07 3.8123930348421146e-05 0.0013472943980073395
-2.5813922934282517e-07 2.192423718030359e-05 0.0013275454756099465
-7.410268973061458e-07 7.800631687512556e-06 0.0013010994261002386
-1.1814663659964763e-06 9.95724546314212e-07 0.0012786735064890073
-1.2347175442025354e-06 -4.933966221068744e-12 0.001269176471983878
-1.1811262598632795e-06 -9.957385694298433e-07 0.0012786736819322562
-7.415359242890954e-07 -7.800571137670017e-06 0.0013010992968756157
-2.576659249602732e-07 -2.1924211672862895e-05 0.0013275454343162315
3.034882000294864e-07 -3.8123844059653274e-05 0.0013472943181356794
7.97083727029104e-07 -4.4943178565278225e-05 0.0013528761138276652
1.0530024460253834e-06 -4.531577830037892e-05 0.001353031510070122
1.0096058955949838e-06 -2.8138192590403068e-05 0.0013478452968622746
7.905494520056925e-07 -5.10997803228254e-06 0.0013456461800641529
5.177835105741709e-07 1.3507558895297406e-06 0.001346338515457176
4.741529367027276e-08 4.381040419574338e-06 0.001347259770734638
-2.4055081751154683e-07 -4.043004431967732e-06 0.001342703581745407
-5.996861589295328e-07 -9.28750339921679e-06 0.0013383101274678686
-5.518903995857191e-07 -1.6542896170412138e-06 0.001347454422164714
-6.227500313380601e-07 2.4878359928762004e-06 0.0013549501607358246
-5.169820821569797e-07 7.373702803226937e-07 0.0013488554646777012
-5.964094282615155e-07 1.4616166932161507e-11 0.0013412462630022842
-5.168118262398469e-07 -7.373772745624127e-07 0.0013488554593885566
-6.230055909525958e-07 -2.4878189911642372e-06 0.0013549500883651342
-5.517405343929205e-07 1.6542354392530955e-06 0.0013474544909382684
-3.0995098979697323e-07 1.027432179208138e-05 0.001336248983054071
-1.3901955961004202e-07 5.128456421311539e-06 0.001340537913027368
2.856800737023748e-07 -5.988430151602672e-06 0.0013464869830013425
5.50462394706806e-07 -2.534078530328941e-06 0.00134536305839934
9.620653032772965e-07 4.671595266326895e-06 0.0013445393193301355
1.2148258028172657e-06 2.3031179173848464e-05 0.0013462417985794582
1.1055074903996334e-06 4.1301638579174344e-05 0.0013516714211888785
9.952483318020077e-07 4.241020726549785e-05 0.001352180825290576
7.375762126973585e-07 3.407758657883034e-05 0.001345306934682133
6.685558953691955e-08 1.995672651656326e-05 0.0013281533343121156
-9.001526309895174e-07 7.078741893577424e-06 0.001304183605863377
-1.643281381226066e-06 8.112360380545588e-07 0.0012836733656502147
-2.098250074059766e-06 2.1518098909504672e-11 0.0012759998832636706
-1.6435326752527473e-06 -8.112402672875787e-07 0.0012836732062981404
-8.997592674677541e-07 -7.07877202004911e-06 0.0013041837032287213
6.649953964070974e-08 -1.995676799484179e-05 0.0013281534119814627
7.37770824813018e-07 -3.407765420222293e-05 0.0013453069778781553
9.952459655125646e-07 -4.241024175355172e-05 0.0013521808665851618
1.105452477376327e-06 -4.130158284263476e-05 0.0013516714044991445
1.2148578884095495e-06 -2.3031276197552426e-05 0.0013462418056979823
9.62147053497419e-07 -4.671744830146245e-06 0.0013445393498815773
5.502676028308073e-07 2.5343437875812443e-06 0.001345363115470132
2.859587023949167e-07 5.988502351035781e-06 0.0013464869992655738
-1.3924256877276787e-07 -5.128455237868801e-06 0.0013405379291688468
-3.0983359369040456e-07 -1.0274275648044336e-05 0.001336249008884141
-4.985710268850364e-07 -1.973268827288442e-06 0.0013462054498138282
-5.045577032513221e-07 2.5324803024480565e-06 0.0013542879907792384
-6.565225715888662e-07 5.81383970577769e-07 0.001347213098495558
-6.405209081811547e-07 -1.2680858538655243e-11 0.0013398509367361774
-6.565928746429221e-07 -5.813811781355622e-07 0.0013472131073596148
-5.044663076460694e-07 -2.5324972138378116e-06 0.0013542880548922753
-4.985982761430597e-07 1.973308693779704e-06 0.0013462053925364956
-2.0295938613274312e-07 1.0820380900031005e-05 0.0013347814897898948
3.911484240613522e-08 5.4855573135247175e-06 0.0013392660447721291
3.5825341430884147e-07 -5.5171878304966506e-06 0.0013451997768152012
8.438713351175673e-07 -1.940557470352778e-06 0.0013441137872993282
1.1990881115780947e-06 1.08469425603123e-06 0.0013437555446044614
1.2528052556881874e-06 2.146961465025263e-05 0.0013457041557942747
1.26607949828835e-06 4.2713709635594945e-05 0.0013520871550254652
1.2166928802319385e-06 4.022760425537124e-05 0.0013506911411703554
9.345940165924878e-07 2.8139613368565946e-05 0.001340692839319547
1.3184211604566476e-07 1.4657810111249117e-05 0.001324243418112868
-8.726123245386064e-07 4.119409630507889e-06 0.0013045129852311255
-2.0532359886090334e-06 7.737928228286932e-08 0.0012910516886179666
-2.501477572497626e-06 -3.145934075291314e-11 0.0012896420849482606
-2.053161080678082e-06 -7.73625135847302e-08 0.0012910518348460906
-8.726677419723342e-07 -4.119378902026951e-06 0.0013045129122088717
1.318283845328686e-07 -1.465775990739202e-05 0.00132424332271653
9.346522567815769e-07 -2.8139557421932268e-05 0.0013406928089955245
1.2166176502420348e-06 -4.0227568593243635e-05 0.0013506910900925458
1.2661322645160677e-06 -4.271377266714205e-05 0.0013520871743647753
1.2527547638218176e-06 -2.1469508019837722e-05 0.0013457041442885849
1.1990941759424299e-06 -1.0845654973183633e-06 0.001343755510251615
8.439508549354869e-07 1.9403233636586465e-06 0.0013441137394038136
3.581253776004842e-07 5.517102534541591e-06 0.001345199753461253
3.920986385795365e-08 -5.485544488758211e-06 0.0013392660384081456
-2.030243376594964e-07 -1.082044001086204e-05 0.0013347814568559443
-3.139545182671145e-07 -2.0790860653307264e-06 0.001345187373855915
-5.173943256697977e-07 2.618335821244889e-06 0.0013535219430931503
-5.773472934371348e-07 8.097054952577972e-07 0.0013467974373247845
-6.809077511677382e-07 2.912653958445481e-12 0.0013366181899815144
-5.773512570256895e-07 -8.09710611865292e-07 0.0013467974268246106
-5.173852882565353e-07 -2.618318619650706e-06 0.0013535218889561315
-3.1398352895817256e-07 2.07905282852116e-06 0.001345187426041248
-5.001048184180472e-08 1.0627955523260211e-05 0.0013342100230017571
2.093631928837584e-07 6.84177382631221e-06 0.0013374256906180512
5.779431496985192e-07 -4.454498239096824e-06 0.001343539577256826
9.59013503355525e-07 -5.312774417383238e-06 0.0013438272806561436
1.139770939644487e-06 -3.490679195409418e-07 0.0013433445450942501
1.4219619422088088e-06 2.2017337944821368e-05 0.0013455472354564713
1.6538583205874768e-06 4.228712273401921e-05 0.001351687421632226
1.6018466243219591e-06 3.633139780885883e-05 0.0013485418132565502
9.624113384634894e-07 2.2554620220192575e-05 0.001337317072932374
-1.440819041512683e-07 1.0402604914456443e-05 0.0013226328173904776
-1.360562870264346e-06 1.2533764366696378e-06 0.0013056748448185748
-2.1398814087607194e-06 -2.416021381795684e-07 0.0013008406721079393
-2.4290072955544837e-06 3.1453288986046003e-11 0.0013035465152025055
-2.1397459779951386e-06 2.4159485677134507e-07 0.0013008405422612374
-1.3608069004478784e-06 -1.2534079563946678e-06 0.001305674880861729
-1.4382932963926925e-07 -1.0402668039114818e-05 0.0013226329223721368
9.622119121983843e-07 -2.2554637679948353e-05 0.0013373170850125636
1.6019844879614682e-06 -3.633145897454469e-05 0.0013485418677098796
1.6538119360179241e-06 -4.2287026428465566e-05 0.0013516873919066806
1.4219370523909043e-06 -2.2017482439630765e-05 0.0013455472454810492
1.1397940453101773e-06 3.4899173990757644e-07 0.0013433445763161105
9.59010329121925e-07 5.3129379912882375e-06 0.0013438273169745008
5.7792477782375e-07 4.4546275075062915e-06 0.0013435396163085063
2.0935520425797858e-07 -6.841827817477993e-06 0.0013374256613138747
-4.9935094949302614e-08 -1.0627863232292312e-05 0.0013342100871161623
-2.7992480239258583e-07 -1.2610329460306215e-06 0.0013454540557539928
-3.665191461100658e-07 3.0327852092801896e-06 0.0013532412339036335
-5.347825397979262e-07 7.411677402541021e-07 0.0013453326729251282
-5.336494714310077e-07 2.4040465970640255e-12 0.001337376666430227
-5.347120544325271e-07 -7.411633783122805e-07 0.0013453326931834352
-3.666068034779301e-07 -3.032799830030979e-06 0.0013532412597197202
-2.798272594485157e-07 1.2610488197436092e-06 0.0013454540351145465
2.3861208289678996e-07 9.744750379778173e-06 0.0013336117647946724
5.042557205720065e-07 4.611696720833094e-06 0.0013379067246381848
6.332637857350529e-07 -5.183188754548435e-06 0.0013431874608112067
7.750799389290965e-07 -5.134174728067144e-06 0.001343178078801103
1.2077995419259716e-06 2.0210673224992262e-06 0.0013424384373936797
1.7487999935256826e-06 2.1865621595383152e-05 0.0013443176774446228
2.2403108788537743e-06 3.529073812003437e-05 0.0013482764105569008
1.9625691926978663e-06 2.6505481307076735e-05 0.0013434887663409235
9.87727164583853e-07 1.5331852595610475e-05 0.0013343000925480708
-5.83411100774101e-07 8.595900967497616e-06 0.0013261411421656168
-1.8429917071061178e-06 3.078625986023115e-06 0.0013158429400967333
-2.3697644233520095e-06 2.688838091344248e-07 0.0013065051715180026
-2.385590104752179e-06 -8.494856105024448e-12 0.0013033589176879334
-2.36999452007279e-06 -2.6888955539481e-07 0.001306505305232906
-1.8426627986847013e-06 -3.078594122543349e-06 0.001315842899231478
-5.837179614140222e-07 -8.595845578857305e-06 0.0013261410630714386
9.87986471957429e-07 -1.5331808650093155e-05 0.0013343000593765547
1.9623666704373558e-06 -2.6505446289302614e-05 0.0013434887534732195
2.2404241808987907e-06 -3.529080541015273e-05 0.0013482764196776295
1.7486991862825792e-06 -2.1865504980992695e-05 0.0013443176767028524
1.2079874311935923e-06 -2.0210063404792626e-06 0.0013424384200506883
7.748607813189738e-07 5.134041462149193e-06 0.0013431780514749502
6.334852775823589e-07 5.183044788975824e-06 0.0013431874207594193
5.040938311705839e-07 -4.611633056041584e-06 0.0013379067717258306
2.3860398886584597e-07 -9.744824830946685e-06 0.0013336116986820163
-2.3072416283232417e-07 -1.9375231941327882e-06 0.0013429697348545059
-2.917948003289365e-07 3.6318530583516183e-06 0.001353069107199048
-4.0383979756034104e-07 1.0168037987760371e-06 0.0013438266680953314
-5.204551631560047e-07 -6.687780662533003e-13 0.0013320618668138933
-4.0395226604958767e-07 -1.0168070760861564e-06 0.0013438266744380443
-2.916377562507491e-07 -3.6318329503305525e-06 0.001353069056657066
-2.3086852887734557e-07 1.937490575867774e-06 0.0013429697636854789
5.559841404092589e-07 6.568108411085049e-06 0.0013353949931136243
5.803777041349221e-07 1.5749104753082617e-06 0.0013395882567152875
5.147750570352101e-07 -2.975884853329725e-06 0.0013420849962330389
7.267131434759088e-07 7.729581687385818e-07 0.0013409863406185427
1.323754120619277e-06 5.113972156860707e-06 0.0013405660704092419
2.2485060734031136e-06 1.8535762440457738e-05 0.0013418760244561455
2.689872846960361e-06 2.4737375051457712e-05 0.0013437549486422092
2.10410168804486e-06 1.6183717794476354e-05 0.0013392226102220592
8.303236194075286e-07 1.0764509061585836e-05 0.0013349084178257457
-5.583997481783404e-07 7.95059347610572e-06 0.0013317026573745495
-1.8909956191314147e-06 4.7806573411035176e-06 0.0013259533413108983
-2.9097731390462244e-06 8.68846104829712e-07 0.0013131443772654522
-3.165603389740293e-06 -8.08753690551898e-12 0.0013046813286378988
-2.909672947920122e-06 -8.688247022480494e-07 0.0013131442242330946
-1.8912132785239372e-06 -4.780706302502807e-06 0.0013259534227940421
-5.581975943454188e-07 -7.950615236071615e-06 0.0013317026922979951
8.302832137974253e-07 -1.0764600211783917e-05 0.0013349085014908407
2.104086524805325e-06 -1.6183680150786357e-05 0.0013392225803412188
2.6898904261655645e-06 -2.4737391226503783e-05 0.0013437549654167018
2.2485418320226203e-06 -1.8535789940330722e-05 0.0013418760104795646
1.3236567368592922e-06 -5.114103509256928e-06 0.001340566081459563
7.268943244025336e-07 -7.727738295919518e-07 0.0013409863796271383
5.145962241405441e-07 2.9759600956555033e-06 0.0013420850149320042
5.804928809204561e-07 -1.5749325076219691e-06 0.001339588229646444
5.560395232768113e-07 -6.568069030501339e-06 0.0013353950420993378
6.645596353543715e-08 -2.0047404312803415e-06 0.0013408497965708885
-4.823335279649534e-07 2.7469377690086266e-06 0.0013496134580907356
-3.7056476986610293e-07 1.0349723025329353e-06 0.0013438013295237984
-1.1562706574853443e-07 5.3463857592253464e-12 0.0013333636996720577
-3.7042377198958375e-07 -1.0349570841610657e-06 0.0013438012944327902
-4.825014557579784e-07 -2.746953153925928e-06 0.001349613526341725
6.65879204426695e-08 2.004798804577081e-06 0.0013408497413576305
6.390720937416863e-07 2.8828431689155995e-06 0.0013382361343382612
5.765856499568063e-07 2.025893011208796e-06 0.0013390049706404551
4.1711335481902517e-07 -4.607840408475313e-08 0.001340200612128044
9.254578737002795e-07 3.5786140302270533e-06 0.0013391599278255823
1.5776414798286375e-06 7.904257393046095e-06 0.0013387574554130433
2.4374055219211167e-06 1.2394466802633992e-05 0.0013392128203516733
2.603625681240986e-06 1.3207827222009402e-05 0.001339434736999593
1.7871786875026026e-06 9.235478651071517e-06 0.0013372784446579863
6.921946057668305e-07 7.3526838387478165e-06 0.0013357057593071035
-4.738597723253459e-07 4.6582333644056534e-06 0.0013323805722496335
-1.7857442359842753e-06 2.7506950990846308e-06 0.0013287580179172712
-3.194153550650011e-06 7.15228788046966e-07 0.0013219889051857368
-4.115943164906024e-06 -2.3167411778382873e-12 0.0013152868290210655
-3.1941179526410086e-06 -7.152698708091063e-07 0.0013219891237473817
-1.7857838601966974e-06 -2.7506228084312767e-06 0.0013287578734248256
-4.737489223207123e-07 -4.658239843167228e-06 0.0013323805771612832
6.919714969902952e-07 -7.3526534047478436e-06 0.0013357057155862944
1.7875017804352277e-06 -9.235432782145359e-06 0.0013372784052256535
2.6032341412862387e-06 -1.320793699379362e-05 0.0013394347834428534
2.437723335301113e-06 -1.2394321328121512e-05 0.0013392128090553965
1.5774744254578696e-06 -7.904170385314287e-06 0.0013387574464299487
9.255913922514052e-07 -3.578806660760406e-06 0.0013391598902016747
4.1701436773204755e-07 4.603049899185126e-08 0.001340200599090395
5.766759409403538e-07 -2.0258903864969013e-06 0.0013390049804654712
6.389150575056882e-07 -2.8829173011406265e-06 0.001338236052564052
1.8165410622620796e-07 -9.272235269523471e-07 0.0013405459446441963
-4.114007948274312e-07 4.947693342348087e-07 0.0013430736463511906
-2.0964796306181045e-07 1.6251460718581333e-07 0.001341772392284976
1.0323327603068891e-07 -1.159644007534203e-11 0.0013399213617040768
-2.0982797503573408e-07 -1.6251412138217392e-07 0.0013417723687303852
-4.111338851227707e-07 -4.94770127003224e-07 0.0013430736422169296
1.813976173724738e-07 9.272390904258629e-07 0.001340545907984476
5.581699524177841e-07 1.737058697747038e-06 0.0013388231023348722
5.809716088252061e-07 1.690358709199971e-06 0.0013389230517365188
4.447450775789336e-07 1.677363592146481e-06 0.001339000802914844
1.1031040983808947e-06 4.38700134212126e-06 0.001338258826571851
1.7649465969587325e-06 7.412724100517505e-06 0.0013380166116177669
2.1686610960620744e-06 8.904848814278044e-06 0.0013381756821350416
2.0253798056685636e-06 7.96396028912561e-06 0.0013379060406753308
1.2518220689479557e-06 6.155903432982283e-06 0.0013369564997728492
5.636656497894519e-07 4.75343177361089e-06 0.0013357935836743136
-6.495111935333235e-07 2.6106756355613707e-06 0.0013331911265180524
-1.7650343115691304e-06 1.2588631969006364e-06 0.0013307365585363395
-2.8311401230140013e-06 3.089645261691789e-07 0.0013277796986331761
-3.692205616068823e-06 1.1076448217582694e-11 0.0013252134668903276
-2.831189829190916e-06 -3.0892012087445606e-07 0.001327779416732625
-1.7650080941317483e-06 -1.258930747334287e-06 0.0013307367424559167
-6.495945665638608e-07 -2.61062989720162e-06 0.0013331910685336502
5.63792043338513e-07 -4.753430898307529e-06 0.0013357935806589765
1.2516499749852372e-06 -6.156067437931083e-06 0.0013369565977682173
2.02563700606303e-06 -7.963794536257789e-06 0.001337905970851399
2.1684509414175037e-06 -8.905058533205428e-06 0.0013381757268109812
1.7650307920662826e-06 -7.412784255900483e-06 0.0013380166308915766
1.103040924903927e-06 -4.38679831991246e-06 0.0013382588726158283
4.4470617068883683e-07 -1.677278883356785e-06 0.0013390008450764389
5.810100410468323e-07 -1.6903611867368324e-06 0.0013389230585149838
5.581529966042075e-07 -1.7369496266545005e-06 0.0013388231998163354
2.8393433328559767e-07 -1.2239997962143897e-06 0.001339351528866308
-4.853598294417141e-08 -2.390141020205662e-07 0.0013409911564528454
-1.5499550946249996e-07 3.7918223320807976e-08 0.001341542955018156
1.0893943209507912e-07 -2.7078028589576195e-12 0.0013400180197718796
-1.5492857835660053e-07 -3.795083062593048e-08 0.001341542979269034
-4.8688357542752227e-08 2.390144322619782e-07 0.0013409911727203351
2.84067174930534e-07 1.2239524509403444e-06 0.001339351646110227
3.498657001985808e-07 9.498324594937006e-07 0.0013394321022844008
2.3202271429105804e-08 3.522472929843384e-07 0.0013399364334961555
4.429403722493615e-07 1.941957574007671e-06 0.0013390919082975421
1.1109963138514217e-06 4.691843708609981e-06 0.0013382330235780404
1.978562802182705e-06 7.629252958375319e-06 0.0013378973982241405
2.031992268758722e-06 7.515062873046233e-06 0.0013378512911038842
1.2476378157814957e-06 5.001396714708168e-06 0.0013370900287236645
9.234844402559702e-07 4.239067362686719e-06 0.0013367154326964855
-7.614915659144694e-08 2.207715632638386e-06 0.001335107758558633
-9.418601727212676e-07 1.1548545466784937e-06 0.0013338669314529696
-1.720301623425559e-06 3.7851131232387667e-07 0.0013324067891102007
-2.4715883794925764e-06 -4.292143181669584e-08 0.0013309823687456112
-2.4234961337510163e-06 -1.540357061909825e-11 0.001331303378885864
-2.4716044998652248e-06 4.290096237302368e-08 0.0013309824501063338
-1.7201293420744989e-06 -3.7852748729562586e-07 0.0013324068376303524
-9.420326070379786e-07 -1.1547745279661831e-06 0.0013338668445255298
-7.606618759796939e-08 -2.207789364838002e-06 0.001335107855197889
9.234077592714166e-07 -4.238893083640693e-06 0.0013367153194009259
1.2476988142859355e-06 -5.001659209369514e-06 0.0013370901144631208
2.0318833557931268e-06 -7.514701032482621e-06 0.0013378511804101939
1.978669293720223e-06 -7.629464554298137e-06 0.0013378973699523311
1.1108145294977234e-06 -4.6917496721688485e-06 0.0013382330435790307
4.433092652842866e-07 -1.942212990619972e-06 0.0013390918146729393
2.2931233071340463e-08 -3.521243747762628e-07 0.0013399365200955002
3.5003027231598564e-07 -9.499848648230288e-07 0.001339431936601369
3.7705419586107625e-07 -8.065667550877195e-07 0.0013396111923453563
-1.8209503420933904e-07 1.0628141514540207e-07 0.0013413528475599574
-1.0971357716830064e-07 1.906546894568092e-08 0.001341134092420695
-1.538664144583862e-08 1.3104990896962372e-12 0.0013411272637928319
-1.0971606937647518e-07 -1.9036574506962527e-08 0.0013411340715162757
-1.8216691589924803e-07 -1.0627568465775253e-07 0.0013413528454234627
3.771798698761884e-07 8.065887307603651e-07 0.001339611145484728
-2.0728014550234441e-07 1.655277459426421e-07 0.0013409238952476574
6.09224797365231e-09 1.1651155736090793e-06 0.0013400780575930655
8.237784929058768e-07 3.643037906412798e-06 0.0013387267280543442
1.9601268291505066e-06 6.777666801289633e-06 0.0013377495486259314
2.396011039240651e-06 7.936623893869521e-06 0.0013376079861129972
1.7063462633762218e-06 5.97328202537817e-06 0.0013373842618309992
5.159222275745359e-07 2.765592599558626e-06 0.0013363753226688494
-7.092404036079792e-07 -1.2762503515593432e-07 0.00133478743093754
-9.406231419349189e-07 -7.260831055116993e-08 0.001334786415323705
-1.0203664118191415e-06 3.946745373529702e-08 0.0013348942029324934
-1.1599704392303353e-06 1.0077311787553901e-07 0.001335014301598481
-1.20079315013057e-06 7.667611103558369e-08 0.0013349717780414476
-1.4868099605986365e-06 2.8416422323901476e-12 0.0013343007620132423
-1.2006969517764453e-06 -7.666546825083137e-08 0.0013349717303214033
-1.1601757423128383e-06 -1.0075204546755883e-07 0.001335014297745246
-1.0201236355911956e-06 -3.948084659997707e-08 0.0013348942909163792
-9.407547124337456e-07 7.266627716011444e-08 0.001334786415333196
-7.091697075051762e-07 1.27594973827387e-07 0.001334787478004647
5.157993930973005e-07 -2.7655805020299062e-06 0.0013363753282507845
1.7064656792904347e-06 -5.973379534554727e-06 0.0013373842835904563
2.3958280510308293e-06 -7.936469017988814e-06 0.0013376079782314863
1.9603836617382572e-06 -6.777664949981039e-06 0.0013377495378487157
8.234990865331198e-07 -3.64308548656588e-06 0.0013387267075276887
6.32812753186618e-09 -1.1650936539554858e-06 0.0013400780812318851
-2.0749404732197822e-07 -1.654728848531666e-07 0.001340923958771265
2.5994125356590674e-09 -3.0301903094741006e-07 0.0013407722211059125
1.9820072917777595e-07 -4.075470244010376e-07 0.0013405598676015436
-7.871128451915456e-08 -4.241825674457288e-08 0.0013416840792350956
-1.2437956818556824e-07 1.216769158080533e-11 0.001341838466746638
-7.878569553289551e-08 4.243563293621806e-08 0.0013416839812152778
1.9835665363657315e-07 4.075171839287249e-07 0.0013405599236782527
2.430844347119142e-09 3.030193627870743e-07 0.0013407722247171766
4.208288539765451e-07 2.363119276801893e-06 0.001340180395405234
1.2478235167283765e-06 4.147890739974899e-06 0.001338733362434723
2.159025452077474e-06 6.4295404830779215e-06 0.0013375215704068413
2.109946628356638e-06 6.294758247224712e-06 0.0013375582327234147
1.494566047676024e-06 4.7016754732750355e-06 0.0013377057485852125
9.235424630206299e-07 3.5490758971551736e-06 0.0013375837354561815
1.3622684979232902e-07 2.0394031135081165e-06 0.001337125509454159
-3.29357602347962e-07 1.3184442511705559e-06 0.001336753925225227
-5.867562040452469e-07 6.882735309201898e-07 0.0013362591957584871
-4.859681050423023e-07 9.203638422295635e-07 0.0013365583782784355
-7.665150056262311e-07 3.930320245653492e-07 0.0013355747311209751
-1.2617247511052805e-06 -2.909378832192482e-08 0.0013341725939535953
-1.1268718085842018e-06 -2.0322049987443652e-11 0.0013344307994486509
-1.2616809386004555e-06 2.9023527903574157e-08 0.0013341728895284385
-7.663056607016959e-07 -3.929597455970216e-07 0.0013355745325753167
-4.861257908258156e-07 -9.204223533932096e-07 0.0013365584065710104
-5.867420669653262e-07 -6.882205380137358e-07 0.0013362590852088701
-3.2954464394966404e-07 -1.318410885063745e-06 0.0013367538422145299
1.3639556297600274e-07 -2.039683890832686e-06 0.00133712561189267
9.234668277179804e-07 -3.5490124419135665e-06 0.001337583748465293
1.4947905165392434e-06 -4.701447424737435e-06 0.0013377057501984177
2.109794268579719e-06 -6.294707539307375e-06 0.0013375582145979416
2.1593105979311353e-06 -6.429573848242832e-06 0.0013375215366351193
1.2476290524867291e-06 -4.148004141471196e-06 0.0013387332961129102
4.2092083908068636e-07 -2.3629691740711e-06 0.0013401805432168797
-2.022821945729683e-07 -1.0507568055528233e-06 0.0013417670630426917
-7.960430598605276e-07 -1.7707476747287784e-07 0.0013434129529282996
-9.89157512575063e-07 -3.481699041409637e-08 0.001343932987038683
-1.1758439294366159e-06 -1.5398482860361133e-11 0.0013444756105727273
-9.890773030650798e-07 3.4782561516289885e-08 0.001343933045597788
-7.963525805176673e-07 1.7699110485765734e-07 0.001343413164176179
-2.0213961965565486e-07 1.0507635066310983e-06 0.0013417670964034636
2.7416118744067215e-07 1.0578248472907022e-06 0.00134027216090647
6.069036505342726e-07 1.6538810050866296e-06 0.0013397717171380562
7.479269066087054e-07 1.8781483305288383e-06 0.0013396435876710236
1.0638846088606564e-06 2.9765473597029994e-06 0.001339307846748439
1.2956565404709739e-06 4.108496472528349e-06 0.0013392000533154413
1.3019001639375819e-06 4.526080286124174e-06 0.0013392473995162898
1.2849548265632488e-06 4.685964957052093e-06 0.0013393005602968836
8.373860540875196e-07 3.6222387106797844e-06 0.0013387297767950886
2.8160688566465036e-07 2.5809799703008647e-06 0.0013378694549575883
-5.270759963517583e-07 9.858549696277507e-07 0.0013359168213768207
-1.102881606924738e-06 2.8404056972472017e-07 0.001334587208520332
-1.3439912498472488e-06 8.449238820142637e-08 0.001333903598990383
-1.7034735029359052e-06 -1.9497609257349036e-11 0.001332958737942809
-1.3438196664820366e-06 -8.455582660207917e-08 0.00133390384001812
-1.1030635061050565e-06 -2.8406294109684863e-07 0.0013345873064948784
-5.271155092525959e-07 -9.85589611870494e-07 0.0013359163956662122
2.814470839411837e-07 -2.5809730390054257e-06 0.0013378693717906052
8.375661345758234e-07 -3.622608329034836e-06 0.0013387300307337638
1.284816990498872e-06 -4.6858122947014034e-06 0.0013393005523286482
1.301924650891526e-06 -4.525819781256172e-06 0.0013392473662842013
1.2955962602749335e-06 -4.108899918299224e-06 0.0013392000897384558
1.0641959997432086e-06 -2.9768060906311894e-06 0.0013393079006963039
7.477174427575842e-07 -1.8779680865337372e-06 0.0013396437708842455
6.069424156743599e-07 -1.653434017064347e-06 0.0013397720455317799
2.738633320325315e-07 -1.0575483186604047e-06 0.0013402723687320655
-1.5628895652799992e-07 -5.756047346856727e-07 0.0013408631391939087
-5.004396700038078e-07 -2.4439839439071855e-07 0.0013414651420264232
-8.214155089715635e-07 -1.4444335907088071e-09 0.0013422160571329364
-7.794522240694885e-07 -1.69889674831052e-11 0.0013420553834720573
-8.213152431838121e-07 1.4705075958728094e-09 0.0013422154496785224
-5.003490453654693e-07 2.4411926910432406e-07 0.0013414655508851405
-1.5653743317462307e-07 5.753049194457632e-07 0.0013408636081217748
-5.366917132578319e-08 -2.6082318651289443e-07 0.0013391063149172397
2.2052306757871744e-08 -3.0399077751583954e-07 0.0013391494796505313
2.33707729717247e-07 1.3597716301117513e-07 0.0013389182125777732
3.1586010706206416e-07 1.3588947188362095e-07 0.0013389214648392381
4.170703070947639e-07 1.8286345553988837e-07 0.0013389159628123249
5.125507042304209e-07 3.567674966685562e-07 0.0013389301249063406
3.5700832520065687e-07 1.5937824594046242e-08 0.0013388217536970432
3.034108874272323e-07 9.153769945905365e-08 0.0013388596053845636
1.2212885487876438e-07 -2.400710449259797e-07 0.001338579696810982
1.0970960328636666e-07 9.144097749064308e-08 0.0013389761591948853
3.629111872926515e-09 3.765566578252659e-08 0.0013388776023555231
-1.8789444078553103e-07 -5.245996086916029e-08 0.0013385815907525928
-2.2772855067175932e-09 -8.153345990835587e-11 0.0013391095615044387
-1.8802560020025976e-07 5.2293715470136846e-08 0.001338581639311143
3.830762807341225e-09 -3.7897808504596556e-08 0.0013388779184231102
1.0988322223540761e-07 -9.20268388387727e-08 0.0013389771135302363
1.2246291746454206e-07 2.3979926271872904e-07 0.0013385802542886871
3.032225136632551e-07 -9.054201590814653e-08 0.0013388591054651782
3.5689474949125183e-07 -1.4683008500005498e-08 0.0013388211035319732
5.124892922480588e-07 -3.5662648473385287e-07 0.0013389298085495235
4.174028287516712e-07 -1.8362019933936333e-07 0.00133891573715322
3.1574200794647755e-07 -1.3646572881794617e-07 0.0013389212617119983
2.3372856755706756e-07 -1.3570714354662313e-07 0.0013389182717975347
2.1859576169540734e-08 3.0410631035152624e-07 0.0013391494556474007
-5.3303952969894874e-08 2.6035460537198156e-07 0.0013391057985450232
-5.062902908449074e-08 2.0994764779003053e-07 0.001339038317445704
-4.902492689526451e-08 1.1435426773074293e-07 0.0013388606468952384
3.8975049986441285e-08 -2.00080448883355e-08 0.0013384237092838537
-7.101382055242917e-08 8.114461157738301e-11 0.0013386419706989086
3.9047515683963244e-08 2.0184979060531825e-08 0.0013384235520755774
-4.905671550514326e-08 -1.1401789185502084e-07 0.001338859967873607
-5.05508097521802e-08 -2.0996699007511187e-07 0.00133903829911701
9.706392341198967e-08 2.5121779301923713e-08 0.0013378460017204345
7.253084433214318e-08 -6.428006752580004e-09 0.0013378701914664854
-5.4485424682618926e-08 -4.486953178544272e-07 0.0013381148723885675
-6.256503838628377e-08 -4.943949399742645e-07 0.0013381325171383433
-1.0024669533832365e-07 -5.998365879182462e-07 0.0013381494738240326
-1.4795754210884616e-07 -7.9636127910267e-07 0.001338137218599287
2.3142254493711846e-08 -4.6446661409740236e-07 0.001338247658384121
8.535863436600552e-08 -4.6938738736922303e-07 0.0013382471252788412
2.6807371086374496e-07 -2.8025357578438958e-08 0.0013386239968481042
2.879516975865293e-07 -2.3072691847660968e-07 0.0013383866150275157
3.946412861257521e-07 -9.335531964023297e-08 0.0013386202756276286
5.764102259485346e-07 3.608396306637449e-08 0.0013390020378965027
3.9713829847089276e-07 2.7442845808029684e-11 0.0013385400208850867
5.766254567976754e-07 -3.607799491510776e-08 0.0013390025357187237
3.946024652123731e-07 9.337270626510119e-08 0.0013386207338174565
2.878983412995675e-07 2.312388254815658e-07 0.0013383861728490333
2.677632119257278e-07 2.880558029487838e-08 0.0013386232486936366
8.545123962297787e-08 4.6943296953612094e-07 0.0013382470011063384
2.318182189639975e-08 4.6411328377036634e-07 0.001338247759577758
-1.478848824689946e-07 7.963925151808179e-07 0.001338137205443611
-1.0045903885642542e-07 6.000390874733943e-07 0.0013381494399946534
-6.231441367616899e-08 4.941268576856953e-07 0.0013381324312425177
-5.437362776563509e-08 4.477934235539062e-07 0.001338114589682985
7.278706591131156e-08 6.0185781686629924e-09 0.001337870175110251
9.675450523219636e-08 -2.472182827001242e-08 0.0013378466732859738
7.169314234776389e-08 -7.085232708540981e-08 0.001337791852501448
5.576380205424721e-08 -5.546405685919916e-08 0.0013378123061190503
-2.8100093664135565e-08 2.65921927066332e-08 0.0013380689584260653
8.006887251657219e-08 -9.762945505012521e-11 0.0013377977617860385
-2.8161609426816516e-08 -2.6788244179651674e-08 0.0013380689814288284
5.579091509924903e-08 5.515398966322757e-08 0.0013378126932143833
7.160597763621303e-08 7.088780590276144e-08 0.0013377916031991838
-1.577192534283803e-07 4.489082299011458e-08 0.0013447168496435098
-3.2512283494372774e-07 -2.2292976859040968e-08 0.0013446647713616514
-6.96557098407451e-08 4.389310368691997e-08 0.0013448433694282966
-5.447845736220433e-07 7.065833835330383e-11 0.0013445690762097261
-6.487140180591186e-08 -4.4109993237914e-08 0.00134484695734086
-3.396284538017592e-07 2.849223899813616e-08 0.001344654291165474
-1.5804589820918152e-07 -4.506055552413123e-08 0.0013447161006113395
-7.290973652439854e-07 -3.5777469329594604e-07 0.0013444141298046013
-4.657345544910934e-07 -1.159529935745578e-07 0.0013445597452293396
-6.069326769887937e-07 -9.327233211256576e-08 0.0013445161590241925
5.5924199677050785e-08 3.101833492249952e-10 0.0013448359648520413
-6.093644071952741e-07 9.437439487590684e-08 0.001344514446491524
-4.637627525627226e-07 1.1523686061836618e-07 0.0013445603800226686
-7.163749255738104e-07 3.485231776459007e-07 0.0013444191800611202
-3.815233506937214e-07 -1.9038171721187703e-07 0.0013444914799390544
-2.640968518690991e-07 -9.418348554367587e-08 0.0013445757429917625
-4.571580471842601e-08 -1.0453852631539743e-08 0.001344654868517504
-3.6170276140868606e-07 3.299983030882825e-10 0.0013446000155293073
-4.6538714998442196e-08 1.0696378554128135e-08 0.0013446548711151713
-2.6220504178893583e-07 9.254531415826836e-08 0.0013445767357896307
-3.8329149200526844e-07 1.917040945518054e-07 0.0013444912816921969
-3.674038641808756e-07 -2.559592248335979e-07 0.0013444903980109396
-9.96279644398781e-08 -6.374901346981163e-08 0.0013445726625371799
-8.238250692014393e-08 -4.9406514088585224e-08 0.001344617175024186
-8.552474324707996e-08 1.193658480237294e-10 0.001344614826783928
-8.490750330537206e-08 4.99477701178876e-08 0.0013446175339920498
-1.0107163104218059e-07 6.447096472173857e-08 0.0013445731306812455
-3.6430702931718656e-07 2.5345171515056377e-07 0.0013444904913965659
-2.50318470611009e-07 -2.633444392426866e-07 0.0013444836420837573
-3.309670438310055e-07 -2.1724837922874076e-07 0.001344595936372662
-3.3310712603573014e-08 -3.649071437683901e-08 0.0013446059383380217
4.028095363759329e-07 6.211058985853799e-11 0.001344499915220634
-3.549688689339864e-08 3.692299927316106e-08 0.001344606135206985
-3.350835234812416e-07 2.1892387623759333e-07 0.0013445967328200852
-2.5240571755331686e-07 2.647450756872455e-07 0.0013444842045641804
1.235815104721007e-07 -5.903602444135773e-08 0.0013443676977892265
9.197485294030683e-08 -6.403454313966519e-08 0.0013445331464046126
6.987687691051017e-07 5.03913738201135e-08 0.0013443135352739783
1.0173029107233809e-07 8.193137376378484e-13 0.0013446352433979425
6.952554926788749e-07 -5.0141005031584354e-08 0.001344314426627539
9.41798069417415e-08 6.315195370588676e-08 0.0013445318860759972
1.1667397524769974e-07 6.3824200256015e-08 0.0013443698023417564
3.3371908066602444e-07 -4.689392502233262e-08 0.0013443363506306452
6.403999278220353e-07 2.4131630879076483e-08 0.001344240296101756
3.1918878030047796e-07 -7.139388558404587e-08 0.0013445147617852492
8.877068508865737e-07 -7.702634102337813e-11 0.0013440997487217255
3.1882224948463556e-07 7.108561074379106e-08 0.0013445152505836317
6.511510935892903e-07 -2.8720709413104334e-08 0.0013442320790920334
3.344509625582155e-07 4.6619322525721486e-08 0.0013443352853639236
-1.875916842878708e-08 1.9791059627499824e-07 0.0013381069682184437
3.992358491631111e-08 6.70379075059636e-08 0.0013379630504809423
1.148627522870467e-07 -2.3603253515197263e-08 0.0013377443040200295
1.9440867103163242e-08 -1.3558587124322278e-11 0.001337958416828294
1.1484334537614956e-07 2.3558503580399856e-08 0.0013377444220162146
3.988700639116385e-08 -6.695068559626423e-08 0.0013379628664002888
-1.864169700304289e-08 -1.9793931240918598e-07 0.0013381069706258299
1.4575069073585678e-08 5.1956682564659e-08 0.001338016316508825
6.013928326871771e-08 6.118318004456622e-09 0.0013379098134635138
2.7895292874450063e-08 3.3063755189345377e-08 0.0013379758436198265
1.1693354331342015e-07 1.626290857063792e-11 0.0013378094308661125
2.7945418924017844e-08 -3.299558489882291e-08 0.001337975693312373
6.015212460146994e-08 -6.140574314094976e-09 0.0013379098053963566
1.46214491788422e-08 -5.155364324199189e-08 0.0013380160387570287
-2.5430257417763584e-08 1.74189485143812e-07 0.0013380687529216916
6.097918363279909e-08 -7.969069343196788e-10 0.0013379274406139132
9.455875602416978e-08 -8.748797457425708e-09 0.0013378757765447565
5.256600810508569e-08 3.393093858367769e-11 0.0013379245214538752
9.458612883857978e-08 8.820036727098661e-09 0.001337875755071272
6.087553247985395e-08 7.995026136276017e-10 0.0013379274181401567
-2.5284113010727182e-08 -1.7408486734906935e-07 0.0013380685915658
6.781001766657957e-09 1.6617193397958816e-07 0.001338072034384279
7.411372702218764e-08 1.3091916861850692e-08 0.0013379339734533495
1.0450503191956777e-07 8.097668537519565e-09 0.0013378808042554808
1.1100805865195807e-07 3.910905190947556e-11 0.0013378806317776548
1.0446372924921669e-07 -8.029473938416992e-09 0.0013378807812362383
7.41616979961593e-08 -1.2997653865172092e-08 0.0013379339360874724
6.611613624040281e-09 -1.663239707068157e-07 0.0013380719186987479
1.1328323358219917e-07 -1.2950187652307337e-08 0.001338098847521422
8.772820289612263e-08 8.814974607465052e-08 0.0013379203342470843
1.2515790635148703e-07 4.015003513699171e-09 0.0013378688911057854
1.9472233390689304e-07 5.4264804293005496e-11 0.0013379433628949295
1.251525374629236e-07 -3.922051381901083e-09 0.0013378688707598296
8.771350020131457e-08 -8.802597535469924e-08 0.0013379203138887857
1.1329215468105074e-07 1.2859245051600516e-08 0.0013380987474216387
1.2027324989619864e-07 1.1287050750393168e-07 0.0013380621096418458
1.6038458100740021e-07 1.0600223929558425e-08 0.0013379344053539297
2.56723053630387e-07 -3.402713310599596e-08 0.0013380434876025405
1.4712418090460382e-07 8.206743237101882e-11 0.001337808018335426
2.56755728555383e-07 3.4203393994959094e-08 0.0013380435202978867
1.6051642733445773e-07 -1.0407916599468409e-08 0.001337934481537378
1.202330031574509e-07 -1.1276156329223072e-07 0.0013380620630079818
2.422619315061756e-07 -4.356466734578382e-08 0.0013381830135255639
2.846721608666133e-07 -2.4014033117754907e-09 0.001338137987090058
2.539720838268767e-07 5.0744779251134404e-08 0.0013379908525684248
4.466881866393514e-07 1.062526487203357e-10 0.001338405246230655
2.5413351328356026e-07 -5.0500868208481504e-08 0.0013379911246899636
2.8474626737729967e-07 2.6849172351541365e-09 0.0013381383296966099
2.422845561834336e-07 4.343103658760934e-08 0.001338182764748368
0.0 0.0 0.0
0.0 0.0 0.0
-6.421149762395665e-08 -1.5329561934929316e-08 -1.1727273204864219e-05
0.0 0.0 0.0
0.0 0.0 0.0
0.0 0.0 0.0
-8.393168179094741e-07 -1.3527402968678193e-07 4.1498717546757846e-05
-9.175345185270689e-08 -1.2110225491866644e-08 -1.1763517905256027e-05
0.0 0.0 0.0
0.0 0.0 0.0
-1.4458816327612023e-06 -1.928060018760643e-06 8.734861997767223e-05
-9.042193778956321e-07 -1.5567274806474355e-07 4.150171211965676e-05
0.0 0.0 0.0
0.0 0.0 0.0
-9.96889251170949e-07 -4.460673508434061e-06 8.845233423940026e-05
-1.5916285450228924e-06 -2.0245103368265797e-06 8.73597305787612e-05
0.0 0.0 0.0
0.0 0.0 0.0
1.2286723066775985e-07 -4.394263032963132e-06 6.864644934940421e-05
-1.1666971030045977e-06 -4.489043208634448e-06 8.845566285704785e-05
0.0 0.0 0.0
0.0 0.0 0.0
6.027772659600571e-08 -3.71857247041502e-06 8.524585563465232e-05
-1.1824324081598094e-07 -4.3795834042995235e-06 6.865674132038618e-05
0.0 0.0 0.0
0.0 0.0 0.0
-3.5491326889545e-07 -4.3447789350147085e-06 6.563273863805347e-05
-1.6692525776892738e-07 -3.713332405407514e-06 8.525162343018713e-05
0.0 0.0 0.0
0.0 0.0 0.0
9.756326092618025e-07 -5.130197208230888e-06 0.00010483681992377025
-6.206199702028215e-07 -4.390563949662948e-06 6.562021117432476e-05
0.0 0.0 0.0
0.0 0.0 0.0
1.503896187694277e-06 -9.914715182447232e-07 0.00011502232720115664
8.016504825293252e-07 -5.097673816643057e-06 0.00010484893404274264
0.0 0.0 0.0
0.0 0.0 0.0
2.545574742094544e-07 1.6458964620440092e-07 5.249131807369603e-05
1.3766175443666174e-06 -9.294479793617855e-07 0.00011501290482746228
0.0 0.0 0.0
0.0 0.0 0.0
-3.017915451432679e-08 -3.292318366365189e-08 -1.4393536739512261e-05
2.311499148855429e-07 1.3874328212729177e-07 5.24637408542471e-05
0.0 0.0 0.0
0.0 0.0 0.0
0.0 0.0 0.0
-3.388827032374627e-08 -3.0499435186354544e-08 -1.4362342605778905e-05
0.0 0.0 0.0
-6.461984225957939e-08 -1.4045151436296488e-08 -1.1736228315638225e-05
-1.6267417416038065e-07 2.7159006282749237e-08 -3.707217689114951e-06
0.0 0.0 0.0
-9.22501690628875e-08 -2.1771181290878363e-09 -1.177770350292617e-05
-8.73968169496874e-07 -1.7394716384233644e-07 4.150142757043919e-05
-1.4194823598134527e-07 2.002836188755743e-07 -1.9330198614975604e-05
-2.0471190476643835e-07 2.2287721347945684e-08 -3.6988027923634284e-06
-9.972626117889891e-07 -2.385321706525e-07 4.1515188254724294e-05
-1.572248461625631e-06 -2.2684046613554095e-06 8.73376925604988e-05
-7.289651366437018e-07 -3.5868220284133847e-06 0.000451762603215133
-1.2668963743164128e-07 2.651419142663581e-07 -1.9353163958619264e-05
-1.738784360598191e-06 -2.5895632683661434e-06 8.73493534416898e-05
-1.1162418383929373e-06 -5.340894831069912e-06 8.846100648354847e-05
2.108830056787921e-07 -1.087886300793334e-05 0.00040019562094425565
-6.040964074577489e-07 -4.856930516849649e-06 0.00045587610894319477
-1.1981320831434125e-06 -5.438166941046603e-06 8.84599324693303e-05
1.4648593995973187e-07 -5.362834668124815e-06 6.863951621728759e-05
-3.9400968945013687e-07 -9.787665706149988e-06 0.0004179188598823911
-1.1048720535923843e-07 -1.0795571987700247e-05 0.00039989970731052113
-9.375309952546208e-08 -5.294463851044648e-06 6.864966108824003e-05
7.314336761439101e-08 -4.574173794293179e-06 8.524607899424485e-05
-1.1715604313233755e-07 -8.643861204903174e-06 0.0004763388746801657
-6.174200125017736e-07 -9.733928608733609e-06 0.00041691661617002974
-1.6558491286703535e-07 -4.546361859928599e-06 8.525547681528868e-05
-4.1202916090104955e-07 -5.245549936389484e-06 6.562457352441297e-05
4.990317239760487e-07 -9.013303591275425e-06 0.0004625926370401693
-3.172965514028119e-07 -8.608971490476094e-06 0.00047506427866408744
-7.282860071026378e-07 -5.397948719505492e-06 6.560616781021282e-05
9.70507632718498e-07 -6.1790229287107544e-06 0.00010484971994872912
-8.481762804661935e-07 -1.3295163173293136e-05 0.0004061357211952587
3.230536301675502e-07 -9.041089031313155e-06 0.0004641215027364922
9.533317282495011e-07 -6.040758709489983e-06 0.00010487448040023427
1.7082211819453333e-06 -1.4100720923332292e-06 0.00011500462185939255
-1.745148808602473e-06 -9.470506452902924e-07 0.0006534341022059643
-1.444025500356635e-06 -1.370536476837228e-05 0.00040678065394477304
1.4674490994562728e-06 -1.0955421352357513e-06 0.00011500027244682644
2.4397152665073487e-07 1.843998172035203e-07 5.2508345140531544e-05
1.1930876146694717e-07 4.8376444863602856e-08 -3.137784215365723e-05
-7.971918486794221e-07 -3.9266250947518037e-07 0.0006540387914259203
2.227081207105729e-07 1.411567374382706e-07 5.246405948300403e-05
-3.1526686873884455e-08 -3.628069897685736e-08 -1.441212661415616e-05
1.260617243525029e-07 2.316646228858705e-08 -1.586780891831631e-07
1.0087027036857572e-07 5.12398377248229e-08 -3.1334928083732304e-05
-3.370716839315026e-08 -3.131714278302711e-08 -1.4373026101845787e-05
0.0 0.0 0.0
0.0 0.0 0.0
1.1008064483906775e-07 2.406481407046904e-08 -1.8685604230828927e-07
0.0 0.0 0.0
-1.5869398581931504e-07 2.2904292453129108e-08 -3.7068169384643024e-06
8.435979230455694e-10 1.3548197247333175e-07 -8.45739630419444e-06
0.0 0.0 0.0
-1.9311320410145815e-07 6.946633691513314e-09 -3.6983926620395953e-06
-1.3771109795399872e-07 2.0876443014715662e-07 -1.9333399055394787e-05
-4.0087096688012e-08 -4.664841430756262e-07 3.5437229697335235e-05
-1.2579664805669274e-08 1.6221406548349527e-07 -8.471305960335545e-06
-1.364517897313036e-07 3.32425188468035e-07 -1.935692075153492e-05
-1.068572494376322e-06 -2.946154479918939e-06 0.00045203991939075065
-7.483717853659415e-07 1.7253489854398421e-06 0.0001443322209223484
-2.450956149869385e-08 -6.086937087849547e-07 3.5462574953046836e-05
1.3886861311553576e-06 1.0326878673265313e-05 0.0011733004060893205
9.3711425029454e-07 1.0499536120353245e-05 0.0018490223034228054
2.8600060057344427e-07 6.34131789475854e-06 0.00021468202705767669
-8.94419823862851e-07 2.627804380935143e-06 0.00014438361038545444
5.839732601680692e-07 1.0557516976195413e-05 0.0018472416585254728
5.358667460999717e-08 9.816014560895349e-06 0.0015906671030621734
5.060665823591172e-07 5.263789025205965e-06 0.0002222559901972242
3.525477982983731e-08 6.207276545582695e-06 0.000214693613576269
-2.0851482969783508e-07 9.730938192888399e-06 0.001590012067142682
4.1069944498064676e-08 8.596419373515992e-06 0.0013556828201767173
1.8418605002831618e-07 4.614581307636563e-06 0.00016822034182111496
2.2556563933922204e-07 5.214595828848506e-06 0.0002222549880901362
-2.0249836476816252e-07 8.556482838049073e-06 0.0013544510622679412
2.5735312083630543e-07 9.184925703279312e-06 0.0014066719639516932
-5.414174279277813e-07 5.2977224458854545e-06 0.00021207855057436088
-9.648105233518512e-08 4.588981364189982e-06 0.00016821902348570253
2.3991819722898594e-08 9.235135039712187e-06 0.0014079997068837612
-2.028287565130108e-06 1.2708409135072929e-05 0.002150275827616267
8.345187616151974e-07 6.048109042006542e-06 0.00021595607583214918
-8.787671261130026e-07 5.4556158311254806e-06 0.00021210207423057336
-7.432531934275608e-07 1.3464676623467957e-05 0.002153456262068254
-2.1565036783173528e-06 1.2192826069719327e-06 0.0006583262513401193
1.823880306546564e-06 1.4789956798117138e-06 0.00017153763215585152
8.045962799257795e-07 5.949609245158621e-06 0.0002159654869548498
-5.789546919602113e-07 -4.304618945723389e-08 0.0006538570613535871
1.2659435601803944e-07 3.5619930284950825e-08 -3.138064058063328e-05
2.500987286994467e-07 -2.5731670749316714e-07 3.2641413258228915e-05
1.5652315994786173e-06 1.1283628224940128e-06 0.0001714771878609311
1.0361608188831901e-07 3.437088008983173e-08 -3.1341781647414875e-05
1.273991491862248e-07 1.0564140270227847e-08 -1.6098533217047133e-07
-8.354042088518245e-09 1.2021203389296977e-07 -5.54392132735451e-06
2.2980355008230748e-07 -1.9789202310675756e-07 3.260865646750312e-05
1.088002681422865e-07 1.9807702224601197e-08 -1.834783617218346e-07
0.0 0.0 0.0
0.0 0.0 0.0
-1.6583154507777246e-08 1.104742719392124e-07 -5.533087880951552e-06
0.0 0.0 0.0
6.294109743453217e-09 1.3139119084346018e-07 -8.446341336999988e-06
0.0 0.0 0.0
0.0 0.0 0.0
-1.0955395633567042e-08 1.500558671588113e-07 -8.459177790011723e-06
-5.487822363731116e-08 -4.5632018058767825e-07 3.543483897026531e-05
0.0 0.0 0.0
0.0 0.0 0.0
-2.760680372464214e-08 -5.410500322251721e-07 3.5453684157950935e-05
-6.669745109365893e-07 1.63517505786146e-06 0.00014433353995561165
0.0 0.0 0.0
0.0 0.0 0.0
-7.901866021416969e-07 1.8856566020348322e-06 0.00014438405365894944
2.680156329735383e-07 5.303851342800704e-06 0.00021470425527764968
0.0 0.0 0.0
0.0 0.0 0.0
-6.003022614311464e-09 5.194964879386306e-06 0.00021471639675714203
4.593970133049773e-07 4.304641992628956e-06 0.00022225800703643862
0.0 0.0 0.0
0.0 0.0 0.0
1.9285311493091722e-07 4.295533060112819e-06 0.00022226038455738672
1.635248905096471e-07 3.7560921987029096e-06 0.00016823522352480517
0.0 0.0 0.0
0.0 0.0 0.0
-9.133723583450959e-08 3.7456724117431223e-06 0.00016824036841593884
-4.789351748807442e-07 4.382743057116033e-06 0.00021207233918359164
0.0 0.0 0.0
0.0 0.0 0.0
-7.491593694128093e-07 4.437044996154027e-06 0.00021208328727070067
8.451410367530137e-07 5.022470498934267e-06 0.0002160042531457922
0.0 0.0 0.0
0.0 0.0 0.0
6.737078073996698e-07 5.014537483752227e-06 0.00021601796857842305
1.6050599944328464e-06 1.0520143489159075e-06 0.00017150212276550262
0.0 0.0 0.0
0.0 0.0 0.0
1.470927982272356e-06 9.725148104097113e-07 0.00017146718045869935
2.594765701371293e-07 -2.3239024098041475e-07 3.263229553469016e-05
0.0 0.0 0.0
0.0 0.0 0.0
2.395734065806695e-07 -1.9918393197781542e-07 3.260896692109837e-05
-6.645348675940457e-09 1.134068212430617e-07 -5.528037248335961e-06
0.0 0.0 0.0
0.0 0.0 0.0
-1.9617401031176287e-08 1.0725029097461071e-07 -5.521908347087419e-06
0.0 0.0 0.0
0.0 0.0 0.0
0.0 0.0 0.0
