# vtk DataFile Version 3.0
SUBOFF ice impact; physical displacement scale 1
ASCII
DATASET UNSTRUCTURED_GRID
POINTS 1346 double
0.06597896265668082 0.08347783653286493 -0.08347783653286492
0.06602041932063796 0.09818750296210348 -0.06558309057012494
0.06602088819553395 0.10909357867799593 -0.04517254257381979
0.06602114708054056 0.11580878062833981 -0.023028488252335354
0.06602123345425229 0.1180762073628442 3.759005868006024e-20
0.06602114708054056 0.11580878062833981 0.023028488252335354
0.06602088819553395 0.10909357867799593 0.04517254257381979
0.06602041932063796 0.09818750296210348 0.06558309057012494
0.06597896265668082 0.08347783653286493 0.08347783653286492
0.06602041932063796 0.06558309057012496 0.09818750296210348
0.06602088819553395 0.0451725425738198 0.10909357867799593
0.06602114708054056 0.02302848825233539 0.11580878062833981
0.06602123345425229 7.341588723808488e-18 0.1180762073628442
0.06602114708054056 -0.023028488252335375 0.11580878062833981
0.06602088819553395 -0.045172542573819786 0.10909357867799593
0.06602041932063796 -0.06558309057012493 0.0981875029621035
0.06597896265668082 -0.08347783653286492 0.08347783653286493
0.06602041932063796 -0.09818750296210349 0.06558309057012494
0.06602088819553395 -0.10909357867799593 0.04517254257381981
0.06602114708054056 -0.11580878062833981 0.0230284882523354
0.06602123345425229 -0.1180762073628442 1.455457987844835e-17
0.06602114708054056 -0.11580878062833981 -0.023028488252335368
0.06602088819553395 -0.10909357867799596 -0.04517254257381973
0.06602041932063796 -0.0981875029621035 -0.06558309057012493
0.06597896265668082 -0.08347783653286495 -0.08347783653286492
0.06602041932063796 -0.06558309057012494 -0.09818750296210348
0.06602088819553395 -0.04517254257381976 -0.10909357867799595
0.06602114708054056 -0.023028488252335406 -0.1158087806283398
0.06602123345425229 -2.1795268971062993e-17 -0.1180762073628442
0.06602114708054056 0.02302848825233536 -0.11580878062833981
0.06602088819553395 0.045172542573819724 -0.10909357867799596
0.06602041932063796 0.06558309057012492 -0.0981875029621035
0.19848823971982543 0.12343333569062072 -0.1234333356906207
0.19848823971982543 0.14514224796383954 -0.09698094954902343
0.19848823971982543 0.16127342504451847 -0.06680163990380032
0.19848823971982543 0.17120695484391524 -0.034055180699865385
0.19848823971982543 0.17456109738262682 1.3416027777255398e-20
0.19848823971982543 0.17120695484391524 0.034055180699865385
0.19848823971982543 0.16127342504451847 0.06680163990380032
0.19848823971982543 0.14514224796383954 0.09698094954902343
0.19848823971982543 0.12343333569062072 0.1234333356906207
0.19848823971982543 0.09698094954902346 0.14514224796383954
0.19848823971982543 0.06680163990380034 0.16127342504451847
0.19848823971982543 0.034055180699865434 0.17120695484391524
0.19848823971982543 1.079026044953052e-17 0.17456109738262682
0.19848823971982543 -0.03405518069986541 0.17120695484391524
0.19848823971982543 -0.06680163990380031 0.16127342504451847
0.19848823971982543 -0.0969809495490234 0.1451422479638396
0.19848823971982543 -0.1234333356906207 0.12343333569062072
0.19848823971982543 -0.14514224796383957 0.09698094954902343
0.19848823971982543 -0.16127342504451847 0.06680163990380034
0.19848823971982543 -0.17120695484391524 0.03405518069986545
0.19848823971982543 -0.17456109738262682 2.1540272815729274e-17
0.19848823971982543 -0.17120695484391524 -0.034055180699865406
0.19848823971982543 -0.1612734250445185 -0.06680163990380023
0.19848823971982543 -0.1451422479638396 -0.0969809495490234
0.19848823971982543 -0.12343333569062075 -0.1234333356906207
0.19848823971982543 -0.09698094954902343 -0.14514224796383954
0.19848823971982543 -0.06680163990380027 -0.16127342504451847
0.19848823971982543 -0.03405518069986546 -0.17120695484391524
0.19848823971982543 -3.22679251356326e-17 -0.17456109738262682
0.19848823971982543 0.03405518069986539 -0.17120695484391524
0.19848823971982543 0.06680163990380021 -0.1612734250445185
0.19848823971982543 0.09698094954902338 -0.1451422479638396
0.3310262997322447 0.14169761080642976 -0.14169761080642976
0.3310262997322447 0.1666187634683944 -0.11133109842610961
0.3310262997322447 0.18513685049114773 -0.0766861943684734
0.3310262997322447 0.19654023217546815 -0.03909428286737
0.3310262997322447 0.20039068295831738 -3.875540339440802e-21
0.3310262997322447 0.19654023217546815 0.03909428286737
0.3310262997322447 0.18513685049114773 0.0766861943684734
0.3310262997322447 0.1666187634683944 0.11133109842610961
0.3310262997322447 0.14169761080642976 0.14169761080642976
0.3310262997322447 0.11133109842610964 0.1666187634683944
0.3310262997322447 0.07668619436847342 0.18513685049114773
0.3310262997322447 0.03909428286737006 0.19654023217546815
0.3310262997322447 1.2357154665566922e-17 0.20039068295831738
0.3310262997322447 -0.03909428286737004 0.19654023217546815
0.3310262997322447 -0.07668619436847339 0.18513685049114773
0.3310262997322447 -0.11133109842610957 0.16661876346839447
0.3310262997322447 -0.14169761080642976 0.14169761080642976
0.3310262997322447 -0.16661876346839444 0.11133109842610961
0.3310262997322447 -0.18513685049114773 0.07668619436847342
0.3310262997322447 -0.19654023217546815 0.03909428286737008
0.3310262997322447 -0.20039068295831738 2.4725935952152165e-17
0.3310262997322447 -0.19654023217546815 -0.039094282867370024
0.3310262997322447 -0.18513685049114778 -0.07668619436847329
0.3310262997322447 -0.16661876346839447 -0.11133109842610957
0.3310262997322447 -0.14169761080642979 -0.14169761080642976
0.3310262997322447 -0.11133109842610961 -0.1666187634683944
0.3310262997322447 -0.07668619436847335 -0.18513685049114775
0.3310262997322447 -0.039094282867370087 -0.19654023217546815
0.3310262997322447 -3.694744670583866e-17 -0.20039068295831738
0.3310262997322447 0.03909428286737002 -0.19654023217546815
0.3310262997322447 0.07668619436847328 -0.18513685049114778
0.3310262997322447 0.11133109842610954 -0.16661876346839447
0.463689864633694 0.15445664455179686 -0.15445664455179683
0.463689864633694 0.18162179996001687 -0.12135580691373545
0.463689864633694 0.2018073314504523 -0.0835913336730998
0.463689864633694 0.21423752036810217 -0.0426144923579669
0.463689864633694 0.2184346815237915 7.111175212343182e-21
0.463689864633694 0.21423752036810217 0.0426144923579669
0.463689864633694 0.2018073314504523 0.0835913336730998
0.463689864633694 0.18162179996001687 0.12135580691373545
0.463689864633694 0.15445664455179686 0.15445664455179683
0.463689864633694 0.12135580691373547 0.18162179996001687
0.463689864633694 0.08359133367309982 0.2018073314504523
0.463689864633694 0.042614492357966965 0.21423752036810217
0.463689864633694 1.3473530901266245e-17 0.2184346815237915
0.463689864633694 -0.04261449235796694 0.21423752036810217
0.463689864633694 -0.08359133367309979 0.2018073314504523
0.463689864633694 -0.1213558069137354 0.1816217999600169
0.463689864633694 -0.15445664455179683 0.15445664455179686
0.463689864633694 -0.18162179996001687 0.12135580691373545
0.463689864633694 -0.2018073314504523 0.08359133367309983
0.463689864633694 -0.21423752036810217 0.04261449235796698
0.463689864633694 -0.2184346815237915 2.692572827689546e-17
0.463689864633694 -0.21423752036810217 -0.042614492357966924
0.463689864633694 -0.20180733145045235 -0.08359133367309968
0.463689864633694 -0.1816217999600169 -0.1213558069137354
0.463689864633694 -0.1544566445517969 -0.15445664455179683
0.463689864633694 -0.12135580691373545 -0.18162179996001687
0.463689864633694 -0.08359133367309973 -0.20180733145045232
0.463689864633694 -0.04261449235796699 -0.21423752036810215
0.463689864633694 -4.0164590396154374e-17 -0.2184346815237915
0.463689864633694 0.04261449235796692 -0.21423752036810217
0.463689864633694 0.08359133367309966 -0.20180733145045235
0.463689864633694 0.12135580691373538 -0.1816217999600169
0.5963746301339796 0.16500219105062214 -0.1650021910506221
0.5963746301339796 0.19402205080216442 -0.12964138963129923
0.5963746301339796 0.2155857519501992 -0.08929854231217442
0.5963746301339796 0.22886461355267035 -0.04552400209119222
0.5963746301339796 0.23334833640506636 6.67951260737346e-21
0.5963746301339796 0.22886461355267035 0.04552400209119222
0.5963746301339796 0.2155857519501992 0.08929854231217442
0.5963746301339796 0.19402205080216442 0.12964138963129923
0.5963746301339796 0.16500219105062214 0.1650021910506221
0.5963746301339796 0.12964138963129926 0.19402205080216442
0.5963746301339796 0.08929854231217443 0.2155857519501992
0.5963746301339796 0.045524002091192284 0.22886461355267035
0.5963746301339796 1.438654978011541e-17 0.23334833640506636
0.5963746301339796 -0.045524002091192256 0.22886461355267035
0.5963746301339796 -0.08929854231217443 0.2155857519501992
0.5963746301339796 -0.12964138963129918 0.19402205080216448
0.5963746301339796 -0.1650021910506221 0.16500219105062214
0.5963746301339796 -0.19402205080216445 0.12964138963129923
0.5963746301339796 -0.2155857519501992 0.08929854231217445
0.5963746301339796 -0.22886461355267035 0.045524002091192305
0.5963746301339796 -0.23334833640506636 2.87530610224087e-17
0.5963746301339796 -0.22886461355267035 -0.04552400209119224
0.5963746301339796 -0.21558575195019924 -0.0892985423121743
0.5963746301339796 -0.19402205080216448 -0.12964138963129918
0.5963746301339796 -0.16500219105062217 -0.1650021910506221
0.5963746301339796 -0.12964138963129923 -0.19402205080216442
0.5963746301339796 -0.08929854231217436 -0.21558575195019922
0.5963746301339796 -0.04552400209119232 -0.22886461355267035
0.5963746301339796 -4.291918688648078e-17 -0.23334833640506636
0.5963746301339796 0.04552400209119223 -0.22886461355267035
0.5963746301339796 0.0892985423121743 -0.21558575195019924
0.5963746301339796 0.12964138963129915 -0.19402205080216448
0.729048766843088 0.17302164845422546 -0.17302164845422544
0.729048766843088 0.20345193510770285 -0.13594223688231047
0.729048766843088 0.22606367799215094 -0.09363864138429309
0.729048766843088 0.23998792050933185 -0.047736565411032376
0.729048766843088 0.2446895618281155 0.0
0.729048766843088 0.23998792050933185 0.047736565411032376
0.729048766843088 0.22606367799215094 0.09363864138429309
0.729048766843088 0.20345193510770285 0.13594223688231047
0.729048766843088 0.17302164845422546 0.17302164845422544
0.729048766843088 0.1359422368823105 0.20345193510770285
0.729048766843088 0.0936386413842931 0.22606367799215094
0.729048766843088 0.04773656541103244 0.23998792050933185
0.729048766843088 1.507456108925016e-17 0.2446895618281155
0.729048766843088 -0.04773656541103241 0.23998792050933185
0.729048766843088 -0.09363864138429308 0.22606367799215094
0.729048766843088 -0.1359422368823104 0.2034519351077029
0.729048766843088 -0.17302164845422544 0.17302164845422546
0.729048766843088 -0.20345193510770287 0.13594223688231047
0.729048766843088 -0.22606367799215094 0.09363864138429312
0.729048766843088 -0.23998792050933185 0.04773656541103246
0.729048766843088 -0.2446895618281155 3.014912217850032e-17
0.729048766843088 -0.23998792050933185 -0.047736565411032404
0.729048766843088 -0.226063677992151 -0.09363864138429295
0.729048766843088 -0.2034519351077029 -0.1359422368823104
0.729048766843088 -0.1730216484542255 -0.17302164845422544
0.729048766843088 -0.13594223688231047 -0.20345193510770285
0.729048766843088 -0.09363864138429302 -0.22606367799215096
0.729048766843088 -0.047736565411032474 -0.23998792050933182
0.729048766843088 -4.489746149716115e-17 -0.2446895618281155
0.729048766843088 0.04773656541103239 -0.23998792050933185
0.729048766843088 0.09363864138429294 -0.226063677992151
0.729048766843088 0.13594223688231039 -0.2034519351077029
0.8617159440559145 0.17752556762073524 -0.1775255676207352
0.8617159440559145 0.20874798377087064 -0.13948094346442025
0.8617159440559145 0.23194833197190948 -0.09607614487258188
0.8617159440559145 0.24623503585339102 -0.04897919391341297
0.8617159440559145 0.2510590653972257 6.244164035880043e-21
0.8617159440559145 0.24623503585339102 0.04897919391341297
0.8617159440559145 0.23194833197190948 0.09607614487258188
0.8617159440559145 0.20874798377087064 0.13948094346442025
0.8617159440559145 0.17752556762073524 0.1775255676207352
0.8617159440559145 0.13948094346442028 0.20874798377087064
0.8617159440559145 0.0960761448725819 0.23194833197190948
0.8617159440559145 0.04897919391341304 0.24623503585339102
0.8617159440559145 1.5470985934970727e-17 0.2510590653972257
0.8617159440559145 -0.04897919391341301 0.24623503585339102
0.8617159440559145 -0.09607614487258187 0.23194833197190948
0.8617159440559145 -0.1394809434644202 0.2087479837708707
0.8617159440559145 -0.1775255676207352 0.17752556762073524
0.8617159440559145 -0.20874798377087067 0.13948094346442025
0.8617159440559145 -0.23194833197190948 0.09607614487258191
0.8617159440559145 -0.24623503585339102 0.04897919391341306
0.8617159440559145 -0.2510590653972257 3.092323937783381e-17
0.8617159440559145 -0.24623503585339102 -0.048979193913412995
0.8617159440559145 -0.23194833197190953 -0.09607614487258175
0.8617159440559145 -0.2087479837708707 -0.1394809434644202
0.8617159440559145 -0.17752556762073526 -0.1775255676207352
0.8617159440559145 -0.13948094346442025 -0.20874798377087064
0.8617159440559145 -0.09607614487258181 -0.2319483319719095
0.8617159440559145 -0.04897919391341307 -0.246235035853391
0.8617159440559145 -4.5975866322400565e-17 -0.2510590653972257
0.8617159440559145 0.04897919391341298 -0.24623503585339102
0.8617159440559145 0.09607614487258173 -0.23194833197190953
0.8617159440559145 0.13948094346442017 -0.2087479837708707
0.9944020617795734 0.1786412534149658 -0.17864125341496578
0.9944020617795734 0.21005989147627221 -0.14035753216809133
0.9944020617795734 0.23340604571108983 -0.09667994967340798
0.9944020617795734 0.2477825365048487 -0.04928701093151598
0.9944020617795734 0.2526368833787736 6.188144861533354e-21
0.9944020617795734 0.2477825365048487 0.04928701093151598
0.9944020617795734 0.23340604571108983 0.09667994967340798
0.9944020617795734 0.21005989147627221 0.14035753216809133
0.9944020617795734 0.1786412534149658 0.17864125341496578
0.9944020617795734 0.14035753216809135 0.21005989147627221
0.9944020617795734 0.096679949673408 0.23340604571108983
0.9944020617795734 0.04928701093151605 0.2477825365048487
0.9944020617795734 1.5567582553474083e-17 0.2526368833787736
0.9944020617795734 -0.04928701093151602 0.2477825365048487
0.9944020617795734 -0.09667994967340797 0.23340604571108983
0.9944020617795734 -0.14035753216809127 0.21005989147627227
0.9944020617795734 -0.17864125341496578 0.1786412534149658
0.9944020617795734 -0.21005989147627224 0.14035753216809133
0.9944020617795734 -0.23340604571108983 0.09667994967340801
0.9944020617795734 -0.2477825365048487 0.04928701093151607
0.9944020617795734 -0.2526368833787736 3.111660067236356e-17
0.9944020617795734 -0.2477825365048487 -0.04928701093151601
0.9944020617795734 -0.2334060457110899 -0.09667994967340783
0.9944020617795734 -0.21005989147627227 -0.14035753216809127
0.9944020617795734 -0.17864125341496584 -0.17864125341496578
0.9944020617795734 -0.14035753216809133 -0.21005989147627221
0.9944020617795734 -0.0966799496734079 -0.23340604571108986
0.9944020617795734 -0.049287010931516086 -0.24778253650484866
0.9944020617795734 -4.6269577520114905e-17 -0.2526368833787736
0.9944020617795734 0.049287010931515995 -0.2477825365048487
0.9944020617795734 0.09667994967340782 -0.2334060457110899
0.9944020617795734 0.14035753216809124 -0.21005989147627227
1.127115031081575 0.17864512389196022 -0.1786451238919602
1.127115031081575 0.21006444267573968 -0.14036057318235237
1.127115031081575 0.23341110273298712 -0.09668204436046307
1.127115031081575 0.24778790501066036 -0.049288078793716265
1.127115031081575 0.25264235705983196 0.0
1.127115031081575 0.24778790501066036 0.049288078793716265
1.127115031081575 0.23341110273298712 0.09668204436046307
1.127115031081575 0.21006444267573968 0.14036057318235237
1.127115031081575 0.17864512389196022 0.1786451238919602
1.127115031081575 0.1403605731823524 0.21006444267573968
1.127115031081575 0.09668204436046308 0.23341110273298712
1.127115031081575 0.049288078793716335 0.24778790501066036
1.127115031081575 1.556173120503463e-17 0.25264235705983196
1.127115031081575 -0.04928807879371631 0.24778790501066036
1.127115031081575 -0.09668204436046306 0.23341110273298712
1.127115031081575 -0.14036057318235232 0.21006444267573973
1.127115031081575 -0.1786451238919602 0.17864512389196022
1.127115031081575 -0.2100644426757397 0.14036057318235237
1.127115031081575 -0.23341110273298712 0.0966820443604631
1.127115031081575 -0.24778790501066036 0.049288078793716356
1.127115031081575 -0.25264235705983196 3.112346241006926e-17
1.127115031081575 -0.24778790501066036 -0.04928807879371629
1.127115031081575 -0.23341110273298718 -0.09668204436046292
1.127115031081575 -0.21006444267573973 -0.14036057318235232
1.127115031081575 -0.17864512389196024 -0.1786451238919602
1.127115031081575 -0.14036057318235237 -0.21006444267573968
1.127115031081575 -0.096682044360463 -0.23341110273298715
1.127115031081575 -0.04928807879371637 -0.24778790501066034
1.127115031081575 -4.626505024396756e-17 -0.25264235705983196
1.127115031081575 0.04928807879371628 -0.24778790501066036
1.127115031081575 0.0966820443604629 -0.23341110273298718
1.127115031081575 0.1403605731823523 -0.21006444267573973
1.259836875 0.1786451238917325 -0.17864512389173248
1.259836875 0.21006444267547192 -0.14036057318217346
1.259836875 0.2334111027326896 -0.09668204436033984
1.259836875 0.24778790501034453 -0.04928807879365345
1.259836875 0.25264235705950994 0.0
1.259836875 0.24778790501034453 0.04928807879365345
1.259836875 0.2334111027326896 0.09668204436033984
1.259836875 0.21006444267547192 0.14036057318217346
1.259836875 0.1786451238917325 0.17864512389173248
1.259836875 0.1403605731821735 0.21006444267547192
1.259836875 0.09668204436033985 0.2334111027326896
1.259836875 0.04928807879365352 0.24778790501034453
1.259836875 1.556173120503463e-17 0.25264235705950994
1.259836875 -0.04928807879365349 0.24778790501034453
1.259836875 -0.09668204436033982 0.2334111027326896
1.259836875 -0.1403605731821734 0.21006444267547197
1.259836875 -0.17864512389173248 0.1786451238917325
1.259836875 -0.21006444267547195 0.14036057318217346
1.259836875 -0.2334111027326896 0.09668204436033986
1.259836875 -0.24778790501034453 0.04928807879365354
1.259836875 -0.25264235705950994 3.112346241006926e-17
1.259836875 -0.24778790501034453 -0.049288078793653475
1.259836875 -0.23341110273268967 -0.09668204436033968
1.259836875 -0.21006444267547197 -0.1403605731821734
1.259836875 -0.17864512389173254 -0.17864512389173248
1.259836875 -0.14036057318217346 -0.21006444267547192
1.259836875 -0.09668204436033977 -0.23341110273268964
1.259836875 -0.04928807879365355 -0.2477879050103445
1.259836875 -4.6265052517126763e-17 -0.25264235705950994
1.259836875 0.04928807879365346 -0.24778790501034453
1.259836875 0.09668204436033967 -0.23341110273268967
1.259836875 0.14036057318217338 -0.21006444267547197
1.39255875 0.1786451238917325 -0.17864512389173248
1.39255875 0.21006444267547192 -0.14036057318217346
1.39255875 0.2334111027326896 -0.09668204436033984
1.39255875 0.24778790501034453 -0.04928807879365345
1.39255875 0.25264235705950994 0.0
1.39255875 0.24778790501034453 0.04928807879365345
1.39255875 0.2334111027326896 0.09668204436033984
1.39255875 0.21006444267547192 0.14036057318217346
1.39255875 0.1786451238917325 0.17864512389173248
1.39255875 0.1403605731821735 0.21006444267547192
1.39255875 0.09668204436033985 0.2334111027326896
1.39255875 0.04928807879365352 0.24778790501034453
1.39255875 1.556173120503463e-17 0.25264235705950994
1.39255875 -0.04928807879365349 0.24778790501034453
1.39255875 -0.09668204436033982 0.2334111027326896
1.39255875 -0.1403605731821734 0.21006444267547197
1.39255875 -0.17864512389173248 0.1786451238917325
1.39255875 -0.21006444267547195 0.14036057318217346
1.39255875 -0.2334111027326896 0.09668204436033986
1.39255875 -0.24778790501034453 0.04928807879365354
1.39255875 -0.25264235705950994 3.112346241006926e-17
1.39255875 -0.24778790501034453 -0.049288078793653475
1.39255875 -0.23341110273268967 -0.09668204436033968
1.39255875 -0.21006444267547197 -0.1403605731821734
1.39255875 -0.17864512389173254 -0.17864512389173248
1.39255875 -0.14036057318217346 -0.21006444267547192
1.39255875 -0.09668204436033977 -0.23341110273268964
1.39255875 -0.04928807879365355 -0.2477879050103445
1.39255875 -4.6265052517126763e-17 -0.25264235705950994
1.39255875 0.04928807879365346 -0.24778790501034453
1.39255875 0.09668204436033967 -0.23341110273268967
1.39255875 0.14036057318217338 -0.21006444267547197
1.525280625 0.1786451238917325 -0.17864512389173248
1.525280625 0.21006444267547192 -0.14036057318217346
1.525280625 0.2334111027326896 -0.09668204436033984
1.525280625 0.24778790501034453 -0.04928807879365345
1.525280625 0.25264235705950994 0.0
1.525280625 0.24778790501034453 0.04928807879365345
1.525280625 0.2334111027326896 0.09668204436033984
1.525280625 0.21006444267547192 0.14036057318217346
1.525280625 0.1786451238917325 0.17864512389173248
1.525280625 0.1403605731821735 0.21006444267547192
1.525280625 0.09668204436033985 0.2334111027326896
1.525280625 0.04928807879365352 0.24778790501034453
1.525280625 1.556173120503463e-17 0.25264235705950994
1.525280625 -0.04928807879365349 0.24778790501034453
1.525280625 -0.09668204436033982 0.2334111027326896
1.525280625 -0.1403605731821734 0.21006444267547197
1.525280625 -0.17864512389173248 0.1786451238917325
1.525280625 -0.21006444267547195 0.14036057318217346
1.525280625 -0.2334111027326896 0.09668204436033986
1.525280625 -0.24778790501034453 0.04928807879365354
1.525280625 -0.25264235705950994 3.112346241006926e-17
1.525280625 -0.24778790501034453 -0.049288078793653475
1.525280625 -0.23341110273268967 -0.09668204436033968
1.525280625 -0.21006444267547197 -0.1403605731821734
1.525280625 -0.17864512389173254 -0.17864512389173248
1.525280625 -0.14036057318217346 -0.21006444267547192
1.525280625 -0.09668204436033977 -0.23341110273268964
1.525280625 -0.04928807879365355 -0.2477879050103445
1.525280625 -4.6265052517126763e-17 -0.25264235705950994
1.525280625 0.04928807879365346 -0.24778790501034453
1.525280625 0.09668204436033967 -0.23341110273268967
1.525280625 0.14036057318217338 -0.21006444267547197
1.6580024999999998 0.1786451238917325 -0.17864512389173248
1.6580024999999998 0.21006444267547192 -0.14036057318217346
1.6580024999999998 0.2334111027326896 -0.09668204436033984
1.6580024999999998 0.24778790501034453 -0.04928807879365345
1.6580024999999998 0.25264235705950994 0.0
1.6580024999999998 0.24778790501034453 0.04928807879365345
1.6580024999999998 0.2334111027326896 0.09668204436033984
1.6580024999999998 0.21006444267547192 0.14036057318217346
1.6580024999999998 0.1786451238917325 0.17864512389173248
1.6580024999999998 0.1403605731821735 0.21006444267547192
1.6580024999999998 0.09668204436033985 0.2334111027326896
1.6580024999999998 0.04928807879365352 0.24778790501034453
1.6580024999999998 1.556173120503463e-17 0.25264235705950994
1.6580024999999998 -0.04928807879365349 0.24778790501034453
1.6580024999999998 -0.09668204436033982 0.2334111027326896
1.6580024999999998 -0.1403605731821734 0.21006444267547197
1.6580024999999998 -0.17864512389173248 0.1786451238917325
1.6580024999999998 -0.21006444267547195 0.14036057318217346
1.6580024999999998 -0.2334111027326896 0.09668204436033986
1.6580024999999998 -0.24778790501034453 0.04928807879365354
1.6580024999999998 -0.25264235705950994 3.112346241006926e-17
1.6580024999999998 -0.24778790501034453 -0.049288078793653475
1.6580024999999998 -0.23341110273268967 -0.09668204436033968
1.6580024999999998 -0.21006444267547197 -0.1403605731821734
1.6580024999999998 -0.17864512389173254 -0.17864512389173248
1.6580024999999998 -0.14036057318217346 -0.21006444267547192
1.6580024999999998 -0.09668204436033977 -0.23341110273268964
1.6580024999999998 -0.04928807879365355 -0.2477879050103445
1.6580024999999998 -4.6265052517126763e-17 -0.25264235705950994
1.6580024999999998 0.04928807879365346 -0.24778790501034453
1.6580024999999998 0.09668204436033967 -0.23341110273268967
1.6580024999999998 0.14036057318217338 -0.21006444267547197
1.790724375 0.1786451238917325 -0.17864512389173248
1.790724375 0.21006444267547192 -0.14036057318217346
1.790724375 0.2334111027326896 -0.09668204436033984
1.790724375 0.24778790501034453 -0.04928807879365345
1.790724375 0.25264235705950994 0.0
1.790724375 0.24778790501034453 0.04928807879365345
1.790724375 0.2334111027326896 0.09668204436033984
1.790724375 0.21006444267547192 0.14036057318217346
1.790724375 0.1786451238917325 0.17864512389173248
1.790724375 0.1403605731821735 0.21006444267547192
1.790724375 0.09668204436033985 0.2334111027326896
1.790724375 0.04928807879365352 0.24778790501034453
1.790724375 1.556173120503463e-17 0.25264235705950994
1.790724375 -0.04928807879365349 0.24778790501034453
1.790724375 -0.09668204436033982 0.2334111027326896
1.790724375 -0.1403605731821734 0.21006444267547197
1.790724375 -0.17864512389173248 0.1786451238917325
1.790724375 -0.21006444267547195 0.14036057318217346
1.790724375 -0.2334111027326896 0.09668204436033986
1.790724375 -0.24778790501034453 0.04928807879365354
1.790724375 -0.25264235705950994 3.112346241006926e-17
1.790724375 -0.24778790501034453 -0.049288078793653475
1.790724375 -0.23341110273268967 -0.09668204436033968
1.790724375 -0.21006444267547197 -0.1403605731821734
1.790724375 -0.17864512389173254 -0.17864512389173248
1.790724375 -0.14036057318217346 -0.21006444267547192
1.790724375 -0.09668204436033977 -0.23341110273268964
1.790724375 -0.04928807879365355 -0.2477879050103445
1.790724375 -4.6265052517126763e-17 -0.25264235705950994
1.790724375 0.04928807879365346 -0.24778790501034453
1.790724375 0.09668204436033967 -0.23341110273268967
1.790724375 0.14036057318217338 -0.21006444267547197
1.92344625 0.1786451238917325 -0.17864512389173248
1.92344625 0.21006444267547192 -0.14036057318217346
1.92344625 0.2334111027326896 -0.09668204436033984
1.92344625 0.24778790501034453 -0.04928807879365345
1.92344625 0.25264235705950994 0.0
1.92344625 0.24778790501034453 0.04928807879365345
1.92344625 0.2334111027326896 0.09668204436033984
1.92344625 0.21006444267547192 0.14036057318217346
1.92344625 0.1786451238917325 0.17864512389173248
1.92344625 0.1403605731821735 0.21006444267547192
1.92344625 0.09668204436033985 0.2334111027326896
1.92344625 0.04928807879365352 0.24778790501034453
1.92344625 1.556173120503463e-17 0.25264235705950994
1.92344625 -0.04928807879365349 0.24778790501034453
1.92344625 -0.09668204436033982 0.2334111027326896
1.92344625 -0.1403605731821734 0.21006444267547197
1.92344625 -0.17864512389173248 0.1786451238917325
1.92344625 -0.21006444267547195 0.14036057318217346
1.92344625 -0.2334111027326896 0.09668204436033986
1.92344625 -0.24778790501034453 0.04928807879365354
1.92344625 -0.25264235705950994 3.112346241006926e-17
1.92344625 -0.24778790501034453 -0.049288078793653475
1.92344625 -0.23341110273268967 -0.09668204436033968
1.92344625 -0.21006444267547197 -0.1403605731821734
1.92344625 -0.17864512389173254 -0.17864512389173248
1.92344625 -0.14036057318217346 -0.21006444267547192
1.92344625 -0.09668204436033977 -0.23341110273268964
1.92344625 -0.04928807879365355 -0.2477879050103445
1.92344625 -4.6265052517126763e-17 -0.25264235705950994
1.92344625 0.04928807879365346 -0.24778790501034453
1.92344625 0.09668204436033967 -0.23341110273268967
1.92344625 0.14036057318217338 -0.21006444267547197
2.056168125 0.1786451238917325 -0.17864512389173248
2.056168125 0.21006444267547192 -0.14036057318217346
2.056168125 0.2334111027326896 -0.09668204436033984
2.056168125 0.24778790501034453 -0.04928807879365345
2.056168125 0.25264235705950994 0.0
2.056168125 0.24778790501034453 0.04928807879365345
2.056168125 0.2334111027326896 0.09668204436033984
2.056168125 0.21006444267547192 0.14036057318217346
2.056168125 0.1786451238917325 0.17864512389173248
2.056168125 0.1403605731821735 0.21006444267547192
2.056168125 0.09668204436033985 0.2334111027326896
2.056168125 0.04928807879365352 0.24778790501034453
2.056168125 1.556173120503463e-17 0.25264235705950994
2.056168125 -0.04928807879365349 0.24778790501034453
2.056168125 -0.09668204436033982 0.2334111027326896
2.056168125 -0.1403605731821734 0.21006444267547197
2.056168125 -0.17864512389173248 0.1786451238917325
2.056168125 -0.21006444267547195 0.14036057318217346
2.056168125 -0.2334111027326896 0.09668204436033986
2.056168125 -0.24778790501034453 0.04928807879365354
2.056168125 -0.25264235705950994 3.112346241006926e-17
2.056168125 -0.24778790501034453 -0.049288078793653475
2.056168125 -0.23341110273268967 -0.09668204436033968
2.056168125 -0.21006444267547197 -0.1403605731821734
2.056168125 -0.17864512389173254 -0.17864512389173248
2.056168125 -0.14036057318217346 -0.21006444267547192
2.056168125 -0.09668204436033977 -0.23341110273268964
2.056168125 -0.04928807879365355 -0.2477879050103445
2.056168125 -4.6265052517126763e-17 -0.25264235705950994
2.056168125 0.04928807879365346 -0.24778790501034453
2.056168125 0.09668204436033967 -0.23341110273268967
2.056168125 0.14036057318217338 -0.21006444267547197
2.18889 0.1786451238917325 -0.17864512389173248
2.18889 0.21006444267547192 -0.14036057318217346
2.18889 0.2334111027326896 -0.09668204436033984
2.18889 0.24778790501034453 -0.04928807879365345
2.18889 0.25264235705950994 0.0
2.18889 0.24778790501034453 0.04928807879365345
2.18889 0.2334111027326896 0.09668204436033984
2.18889 0.21006444267547192 0.14036057318217346
2.18889 0.1786451238917325 0.17864512389173248
2.18889 0.1403605731821735 0.21006444267547192
2.18889 0.09668204436033985 0.2334111027326896
2.18889 0.04928807879365352 0.24778790501034453
2.18889 1.556173120503463e-17 0.25264235705950994
2.18889 -0.04928807879365349 0.24778790501034453
2.18889 -0.09668204436033982 0.2334111027326896
2.18889 -0.1403605731821734 0.21006444267547197
2.18889 -0.17864512389173248 0.1786451238917325
2.18889 -0.21006444267547195 0.14036057318217346
2.18889 -0.2334111027326896 0.09668204436033986
2.18889 -0.24778790501034453 0.04928807879365354
2.18889 -0.25264235705950994 3.112346241006926e-17
2.18889 -0.24778790501034453 -0.049288078793653475
2.18889 -0.23341110273268967 -0.09668204436033968
2.18889 -0.21006444267547197 -0.1403605731821734
2.18889 -0.17864512389173254 -0.17864512389173248
2.18889 -0.14036057318217346 -0.21006444267547192
2.18889 -0.09668204436033977 -0.23341110273268964
2.18889 -0.04928807879365355 -0.2477879050103445
2.18889 -4.6265052517126763e-17 -0.25264235705950994
2.18889 0.04928807879365346 -0.24778790501034453
2.18889 0.09668204436033967 -0.23341110273268967
2.18889 0.14036057318217338 -0.21006444267547197
2.321611875 0.1786451238917325 -0.17864512389173248
2.321611875 0.21006444267547192 -0.14036057318217346
2.321611875 0.2334111027326896 -0.09668204436033984
2.321611875 0.24778790501034453 -0.04928807879365345
2.321611875 0.25264235705950994 0.0
2.321611875 0.24778790501034453 0.04928807879365345
2.321611875 0.2334111027326896 0.09668204436033984
2.321611875 0.21006444267547192 0.14036057318217346
2.321611875 0.1786451238917325 0.17864512389173248
2.321611875 0.1403605731821735 0.21006444267547192
2.321611875 0.09668204436033985 0.2334111027326896
2.321611875 0.04928807879365352 0.24778790501034453
2.321611875 1.556173120503463e-17 0.25264235705950994
2.321611875 -0.04928807879365349 0.24778790501034453
2.321611875 -0.09668204436033982 0.2334111027326896
2.321611875 -0.1403605731821734 0.21006444267547197
2.321611875 -0.17864512389173248 0.1786451238917325
2.321611875 -0.21006444267547195 0.14036057318217346
2.321611875 -0.2334111027326896 0.09668204436033986
2.321611875 -0.24778790501034453 0.04928807879365354
2.321611875 -0.25264235705950994 3.112346241006926e-17
2.321611875 -0.24778790501034453 -0.049288078793653475
2.321611875 -0.23341110273268967 -0.09668204436033968
2.321611875 -0.21006444267547197 -0.1403605731821734
2.321611875 -0.17864512389173254 -0.17864512389173248
2.321611875 -0.14036057318217346 -0.21006444267547192
2.321611875 -0.09668204436033977 -0.23341110273268964
2.321611875 -0.04928807879365355 -0.2477879050103445
2.321611875 -4.6265052517126763e-17 -0.25264235705950994
2.321611875 0.04928807879365346 -0.24778790501034453
2.321611875 0.09668204436033967 -0.23341110273268967
2.321611875 0.14036057318217338 -0.21006444267547197
2.45433375 0.1786451238917325 -0.17864512389173248
2.45433375 0.21006444267547192 -0.14036057318217346
2.45433375 0.2334111027326896 -0.09668204436033984
2.45433375 0.24778790501034453 -0.04928807879365345
2.45433375 0.25264235705950994 0.0
2.45433375 0.24778790501034453 0.04928807879365345
2.45433375 0.2334111027326896 0.09668204436033984
2.45433375 0.21006444267547192 0.14036057318217346
2.45433375 0.1786451238917325 0.17864512389173248
2.45433375 0.1403605731821735 0.21006444267547192
2.45433375 0.09668204436033985 0.2334111027326896
2.45433375 0.04928807879365352 0.24778790501034453
2.45433375 1.556173120503463e-17 0.25264235705950994
2.45433375 -0.04928807879365349 0.24778790501034453
2.45433375 -0.09668204436033982 0.2334111027326896
2.45433375 -0.1403605731821734 0.21006444267547197
2.45433375 -0.17864512389173248 0.1786451238917325
2.45433375 -0.21006444267547195 0.14036057318217346
2.45433375 -0.2334111027326896 0.09668204436033986
2.45433375 -0.24778790501034453 0.04928807879365354
2.45433375 -0.25264235705950994 3.112346241006926e-17
2.45433375 -0.24778790501034453 -0.049288078793653475
2.45433375 -0.23341110273268967 -0.09668204436033968
2.45433375 -0.21006444267547197 -0.1403605731821734
2.45433375 -0.17864512389173254 -0.17864512389173248
2.45433375 -0.14036057318217346 -0.21006444267547192
2.45433375 -0.09668204436033977 -0.23341110273268964
2.45433375 -0.04928807879365355 -0.2477879050103445
2.45433375 -4.6265052517126763e-17 -0.25264235705950994
2.45433375 0.04928807879365346 -0.24778790501034453
2.45433375 0.09668204436033967 -0.23341110273268967
2.45433375 0.14036057318217338 -0.21006444267547197
2.5870556249999996 0.1786451238917325 -0.17864512389173248
2.5870556249999996 0.21006444267547192 -0.14036057318217346
2.5870556249999996 0.2334111027326896 -0.09668204436033984
2.5870556249999996 0.24778790501034453 -0.04928807879365345
2.5870556249999996 0.25264235705950994 0.0
2.5870556249999996 0.24778790501034453 0.04928807879365345
2.5870556249999996 0.2334111027326896 0.09668204436033984
2.5870556249999996 0.21006444267547192 0.14036057318217346
2.5870556249999996 0.1786451238917325 0.17864512389173248
2.5870556249999996 0.1403605731821735 0.21006444267547192
2.5870556249999996 0.09668204436033985 0.2334111027326896
2.5870556249999996 0.04928807879365352 0.24778790501034453
2.5870556249999996 1.556173120503463e-17 0.25264235705950994
2.5870556249999996 -0.04928807879365349 0.24778790501034453
2.5870556249999996 -0.09668204436033982 0.2334111027326896
2.5870556249999996 -0.1403605731821734 0.21006444267547197
2.5870556249999996 -0.17864512389173248 0.1786451238917325
2.5870556249999996 -0.21006444267547195 0.14036057318217346
2.5870556249999996 -0.2334111027326896 0.09668204436033986
2.5870556249999996 -0.24778790501034453 0.04928807879365354
2.5870556249999996 -0.25264235705950994 3.112346241006926e-17
2.5870556249999996 -0.24778790501034453 -0.049288078793653475
2.5870556249999996 -0.23341110273268967 -0.09668204436033968
2.5870556249999996 -0.21006444267547197 -0.1403605731821734
2.5870556249999996 -0.17864512389173254 -0.17864512389173248
2.5870556249999996 -0.14036057318217346 -0.21006444267547192
2.5870556249999996 -0.09668204436033977 -0.23341110273268964
2.5870556249999996 -0.04928807879365355 -0.2477879050103445
2.5870556249999996 -4.6265052517126763e-17 -0.25264235705950994
2.5870556249999996 0.04928807879365346 -0.24778790501034453
2.5870556249999996 0.09668204436033967 -0.23341110273268967
2.5870556249999996 0.14036057318217338 -0.21006444267547197
2.7197775 0.1786451238917325 -0.17864512389173248
2.7197775 0.21006444267547192 -0.14036057318217346
2.7197775 0.2334111027326896 -0.09668204436033984
2.7197775 0.24778790501034453 -0.04928807879365345
2.7197775 0.25264235705950994 0.0
2.7197775 0.24778790501034453 0.04928807879365345
2.7197775 0.2334111027326896 0.09668204436033984
2.7197775 0.21006444267547192 0.14036057318217346
2.7197775 0.1786451238917325 0.17864512389173248
2.7197775 0.1403605731821735 0.21006444267547192
2.7197775 0.09668204436033985 0.2334111027326896
2.7197775 0.04928807879365352 0.24778790501034453
2.7197775 1.556173120503463e-17 0.25264235705950994
2.7197775 -0.04928807879365349 0.24778790501034453
2.7197775 -0.09668204436033982 0.2334111027326896
2.7197775 -0.1403605731821734 0.21006444267547197
2.7197775 -0.17864512389173248 0.1786451238917325
2.7197775 -0.21006444267547195 0.14036057318217346
2.7197775 -0.2334111027326896 0.09668204436033986
2.7197775 -0.24778790501034453 0.04928807879365354
2.7197775 -0.25264235705950994 3.112346241006926e-17
2.7197775 -0.24778790501034453 -0.049288078793653475
2.7197775 -0.23341110273268967 -0.09668204436033968
2.7197775 -0.21006444267547197 -0.1403605731821734
2.7197775 -0.17864512389173254 -0.17864512389173248
2.7197775 -0.14036057318217346 -0.21006444267547192
2.7197775 -0.09668204436033977 -0.23341110273268964
2.7197775 -0.04928807879365355 -0.2477879050103445
2.7197775 -4.6265052517126763e-17 -0.25264235705950994
2.7197775 0.04928807879365346 -0.24778790501034453
2.7197775 0.09668204436033967 -0.23341110273268967
2.7197775 0.14036057318217338 -0.21006444267547197
2.852499375 0.1786451238917325 -0.17864512389173248
2.852499375 0.21006444267547192 -0.14036057318217346
2.852499375 0.2334111027326896 -0.09668204436033984
2.852499375 0.24778790501034453 -0.04928807879365345
2.852499375 0.25264235705950994 0.0
2.852499375 0.24778790501034453 0.04928807879365345
2.852499375 0.2334111027326896 0.09668204436033984
2.852499375 0.21006444267547192 0.14036057318217346
2.852499375 0.1786451238917325 0.17864512389173248
2.852499375 0.1403605731821735 0.21006444267547192
2.852499375 0.09668204436033985 0.2334111027326896
2.852499375 0.04928807879365352 0.24778790501034453
2.852499375 1.556173120503463e-17 0.25264235705950994
2.852499375 -0.04928807879365349 0.24778790501034453
2.852499375 -0.09668204436033982 0.2334111027326896
2.852499375 -0.1403605731821734 0.21006444267547197
2.852499375 -0.17864512389173248 0.1786451238917325
2.852499375 -0.21006444267547195 0.14036057318217346
2.852499375 -0.2334111027326896 0.09668204436033986
2.852499375 -0.24778790501034453 0.04928807879365354
2.852499375 -0.25264235705950994 3.112346241006926e-17
2.852499375 -0.24778790501034453 -0.049288078793653475
2.852499375 -0.23341110273268967 -0.09668204436033968
2.852499375 -0.21006444267547197 -0.1403605731821734
2.852499375 -0.17864512389173254 -0.17864512389173248
2.852499375 -0.14036057318217346 -0.21006444267547192
2.852499375 -0.09668204436033977 -0.23341110273268964
2.852499375 -0.04928807879365355 -0.2477879050103445
2.852499375 -4.6265052517126763e-17 -0.25264235705950994
2.852499375 0.04928807879365346 -0.24778790501034453
2.852499375 0.09668204436033967 -0.23341110273268967
2.852499375 0.14036057318217338 -0.21006444267547197
2.98522125 0.1786451238917325 -0.17864512389173248
2.98522125 0.21006444267547192 -0.14036057318217346
2.98522125 0.2334111027326896 -0.09668204436033984
2.98522125 0.24778790501034453 -0.04928807879365345
2.98522125 0.25264235705950994 0.0
2.98522125 0.24778790501034453 0.04928807879365345
2.98522125 0.2334111027326896 0.09668204436033984
2.98522125 0.21006444267547192 0.14036057318217346
2.98522125 0.1786451238917325 0.17864512389173248
2.98522125 0.1403605731821735 0.21006444267547192
2.98522125 0.09668204436033985 0.2334111027326896
2.98522125 0.04928807879365352 0.24778790501034453
2.98522125 1.556173120503463e-17 0.25264235705950994
2.98522125 -0.04928807879365349 0.24778790501034453
2.98522125 -0.09668204436033982 0.2334111027326896
2.98522125 -0.1403605731821734 0.21006444267547197
2.98522125 -0.17864512389173248 0.1786451238917325
2.98522125 -0.21006444267547195 0.14036057318217346
2.98522125 -0.2334111027326896 0.09668204436033986
2.98522125 -0.24778790501034453 0.04928807879365354
2.98522125 -0.25264235705950994 3.112346241006926e-17
2.98522125 -0.24778790501034453 -0.049288078793653475
2.98522125 -0.23341110273268967 -0.09668204436033968
2.98522125 -0.21006444267547197 -0.1403605731821734
2.98522125 -0.17864512389173254 -0.17864512389173248
2.98522125 -0.14036057318217346 -0.21006444267547192
2.98522125 -0.09668204436033977 -0.23341110273268964
2.98522125 -0.04928807879365355 -0.2477879050103445
2.98522125 -4.6265052517126763e-17 -0.25264235705950994
2.98522125 0.04928807879365346 -0.24778790501034453
2.98522125 0.09668204436033967 -0.23341110273268967
2.98522125 0.14036057318217338 -0.21006444267547197
3.117943122944515 0.1786451238917335 -0.17864512389173348
3.117943122944515 0.2100644426754731 -0.14036057318217426
3.117943122944515 0.23341110273269092 -0.09668204436034038
3.117943122944515 0.2477879050103459 -0.04928807879365372
3.117943122944515 0.2526423570595113 0.0
3.117943122944515 0.2477879050103459 0.04928807879365372
3.117943122944515 0.23341110273269092 0.09668204436034038
3.117943122944515 0.2100644426754731 0.14036057318217426
3.117943122944515 0.1786451238917335 0.17864512389173348
3.117943122944515 0.1403605731821743 0.2100644426754731
3.117943122944515 0.09668204436034039 0.23341110273269092
3.117943122944515 0.04928807879365379 0.2477879050103459
3.117943122944515 1.556173120503463e-17 0.2526423570595113
3.117943122944515 -0.04928807879365376 0.2477879050103459
3.117943122944515 -0.09668204436034036 0.23341110273269092
3.117943122944515 -0.1403605731821742 0.21006444267547317
3.117943122944515 -0.17864512389173348 0.1786451238917335
3.117943122944515 -0.21006444267547314 0.14036057318217426
3.117943122944515 -0.23341110273269092 0.0966820443603404
3.117943122944515 -0.2477879050103459 0.04928807879365381
3.117943122944515 -0.2526423570595113 3.112346241006926e-17
3.117943122944515 -0.2477879050103459 -0.049288078793653746
3.117943122944515 -0.23341110273269097 -0.09668204436034022
3.117943122944515 -0.21006444267547317 -0.1403605731821742
3.117943122944515 -0.17864512389173354 -0.17864512389173348
3.117943122944515 -0.14036057318217426 -0.2100644426754731
3.117943122944515 -0.09668204436034031 -0.23341110273269094
3.117943122944515 -0.04928807879365382 -0.24778790501034587
3.117943122944515 -4.626505236679428e-17 -0.2526423570595113
3.117943122944515 0.04928807879365373 -0.2477879050103459
3.117943122944515 0.09668204436034021 -0.23341110273269097
3.117943122944515 0.14036057318217418 -0.21006444267547317
3.2506447573325516 0.17864496327304374 -0.17864496327304372
3.2506447573325516 0.21006425380787452 -0.1403604469848795
3.2506447573325516 0.23341089287425942 -0.09668195743413187
3.2506447573325516 0.2477876822258233 -0.04928803447905692
3.2506447573325516 0.25264212991038193 -6.199914448877931e-21
3.2506447573325516 0.2477876822258233 0.04928803447905692
3.2506447573325516 0.23341089287425942 0.09668195743413187
3.2506447573325516 0.21006425380787452 0.1403604469848795
3.2506447573325516 0.17864496327304374 0.17864496327304372
3.2506447573325516 0.14036044698487954 0.21006425380787452
3.2506447573325516 0.0966819574341319 0.23341089287425942
3.2506447573325516 0.04928803447905699 0.2477876822258233
3.2506447573325516 1.5555509017697087e-17 0.25264212991038193
3.2506447573325516 -0.04928803447905696 0.2477876822258233
3.2506447573325516 -0.09668195743413185 0.23341089287425942
3.2506447573325516 -0.14036044698487943 0.21006425380787458
3.2506447573325516 -0.17864496327304372 0.17864496327304374
3.2506447573325516 -0.21006425380787455 0.1403604469848795
3.2506447573325516 -0.23341089287425942 0.09668195743413191
3.2506447573325516 -0.2477876822258233 0.04928803447905701
3.2506447573325516 -0.25264212991038193 3.112961777874081e-17
3.2506447573325516 -0.2477876822258233 -0.04928803447905695
3.2506447573325516 -0.23341089287425948 -0.09668195743413173
3.2506447573325516 -0.21006425380787458 -0.14036044698487943
3.2506447573325516 -0.17864496327304377 -0.17864496327304372
3.2506447573325516 -0.1403604469848795 -0.21006425380787452
3.2506447573325516 -0.0966819574341318 -0.23341089287425945
3.2506447573325516 -0.049288034479057025 -0.24778768222582329
3.2506447573325516 -4.6263532613914193e-17 -0.25264212991038193
3.2506447573325516 0.049288034479056934 -0.2477876822258233
3.2506447573325516 0.09668195743413172 -0.23341089287425948
3.2506447573325516 0.1403604469848794 -0.21006425380787458
3.3832727709750965 0.17610595226151685 -0.17610595226151682
3.3832727709750965 0.20707869270514592 -0.13836555883383347
3.3832727709750965 0.23009351511918505 -0.09530785457646526
3.3832727709750965 0.2442659727851238 -0.04858752291698409
3.3832727709750965 0.24905142610286593 -6.333335558411636e-21
3.3832727709750965 0.2442659727851238 0.04858752291698409
3.3832727709750965 0.23009351511918505 0.09530785457646526
3.3832727709750965 0.20707869270514592 0.13836555883383347
3.3832727709750965 0.17610595226151685 0.17610595226151682
3.3832727709750965 0.1383655588338335 0.20707869270514592
3.3832727709750965 0.09530785457646528 0.23009351511918505
3.3832727709750965 0.048587522916984156 0.2442659727851238
3.3832727709750965 1.5335250636012124e-17 0.24905142610286593
3.3832727709750965 -0.04858752291698413 0.2442659727851238
3.3832727709750965 -0.09530785457646525 0.23009351511918505
3.3832727709750965 -0.13836555883383342 0.20707869270514598
3.3832727709750965 -0.17610595226151682 0.17610595226151685
3.3832727709750965 -0.20707869270514595 0.13836555883383347
3.3832727709750965 -0.23009351511918505 0.09530785457646529
3.3832727709750965 -0.2442659727851238 0.04858752291698418
3.3832727709750965 -0.24905142610286593 3.0689501278699484e-17
3.3832727709750965 -0.2442659727851238 -0.048587522916984115
3.3832727709750965 -0.2300935151191851 -0.09530785457646512
3.3832727709750965 -0.20707869270514598 -0.13836555883383342
3.3832727709750965 -0.17610595226151687 -0.17610595226151682
3.3832727709750965 -0.13836555883383347 -0.20707869270514592
3.3832727709750965 -0.09530785457646519 -0.23009351511918508
3.3832727709750965 -0.04858752291698419 -0.24426597278512377
3.3832727709750965 -4.5600418432298026e-17 -0.24905142610286593
3.3832727709750965 0.0485875229169841 -0.2442659727851238
3.3832727709750965 0.09530785457646511 -0.2300935151191851
3.3832727709750965 0.1383655588338334 -0.20707869270514598
3.5158437553985107 0.16414627893783754 -0.1641462789378375
3.5158437553985107 0.19301560463092576 -0.12896890379946188
3.5158437553985107 0.21446744888244568 -0.08883532601466751
3.5158437553985107 0.2276774293481442 -0.04528785647055419
3.5158437553985107 0.23213789388696693 0.0
3.5158437553985107 0.2276774293481442 0.04528785647055419
3.5158437553985107 0.21446744888244568 0.08883532601466751
3.5158437553985107 0.19301560463092576 0.1289689037994619
3.5158437553985107 0.16414627893783754 0.1641462789378375
3.5158437553985107 0.1289689037994619 0.19301560463092576
3.5158437553985107 0.08883532601466752 0.21446744888244568
3.5158437553985107 0.04528785647055425 0.2276774293481442
3.5158437553985107 1.430475029561482e-17 0.23213789388696693
3.5158437553985107 -0.04528785647055422 0.2276774293481442
3.5158437553985107 -0.0888353260146675 0.21446744888244568
3.5158437553985107 -0.12896890379946183 0.19301560463092582
3.5158437553985107 -0.1641462789378375 0.16414627893783754
3.5158437553985107 -0.1930156046309258 0.12896890379946188
3.5158437553985107 -0.21446744888244568 0.08883532601466752
3.5158437553985107 -0.2276774293481442 0.04528785647055427
3.5158437553985107 -0.23213789388696693 2.860950059122964e-17
3.5158437553985107 -0.2276774293481442 -0.045287856470554215
3.5158437553985107 -0.21446744888244573 -0.08883532601466737
3.5158437553985107 -0.19301560463092582 -0.12896890379946185
3.5158437553985107 -0.16414627893783756 -0.1641462789378375
3.5158437553985107 -0.1289689037994619 -0.19301560463092576
3.5158437553985107 -0.08883532601466744 -0.2144674488824457
3.5158437553985107 -0.045287856470554284 -0.22767742934814417
3.5158437553985107 -4.247070875933596e-17 -0.23213789388696693
3.5158437553985107 0.0452878564705542 -0.2276774293481442
3.5158437553985107 0.08883532601466736 -0.21446744888244573
3.5158437553985107 0.12896890379946183 -0.19301560463092582
3.6484357133645338 0.14191011898063768 -0.14191011898063766
3.6484357133645338 0.16686864664576018 -0.1114980650272008
3.6484357133645338 0.18541450580130128 -0.0768012029636039
3.6484357133645338 0.1968349894805512 -0.03915291374072651
3.6484357133645338 0.20069121490039735 7.59216299848364e-21
3.6484357133645338 0.1968349894805512 0.03915291374072651
3.6484357133645338 0.18541450580130128 0.0768012029636039
3.6484357133645338 0.16686864664576018 0.1114980650272008
3.6484357133645338 0.14191011898063768 0.14191011898063766
3.6484357133645338 0.11149806502720083 0.16686864664576018
3.6484357133645338 0.07680120296360392 0.18541450580130128
3.6484357133645338 0.039152913740726575 0.1968349894805512
3.6484357133645338 1.2384993045163315e-17 0.20069121490039735
3.6484357133645338 -0.03915291374072655 0.1968349894805512
3.6484357133645338 -0.07680120296360389 0.18541450580130128
3.6484357133645338 -0.11149806502720076 0.16686864664576023
3.6484357133645338 -0.14191011898063766 0.14191011898063768
3.6484357133645338 -0.1668686466457602 0.1114980650272008
3.6484357133645338 -0.18541450580130128 0.07680120296360393
3.6484357133645338 -0.1968349894805512 0.03915291374072659
3.6484357133645338 -0.20069121490039735 2.4747209601331178e-17
3.6484357133645338 -0.1968349894805512 -0.03915291374072654
3.6484357133645338 -0.18541450580130134 -0.07680120296360379
3.6484357133645338 -0.16686864664576023 -0.11149806502720076
3.6484357133645338 -0.14191011898063768 -0.14191011898063766
3.6484357133645338 -0.1114980650272008 -0.16686864664576018
3.6484357133645338 -0.07680120296360385 -0.1854145058013013
3.6484357133645338 -0.0391529137407266 -0.19683498948055117
3.6484357133645338 -3.676018665956879e-17 -0.20069121490039735
3.6484357133645338 0.039152913740726526 -0.1968349894805512
3.6484357133645338 0.07680120296360378 -0.18541450580130134
3.6484357133645338 0.11149806502720074 -0.16686864664576023
3.7810824740023317 0.11228054753649952 -0.11228054753649949
3.7810824740023317 0.13202795647445678 -0.08821826012437102
3.7810824740023317 0.14670160508723173 -0.060765794449033225
3.7810824740023317 0.15573759328771228 -0.030978133370869184
3.7810824740023317 0.15878867311679462 1.405609727620311e-20
3.7810824740023317 0.15573759328771228 0.030978133370869184
3.7810824740023317 0.14670160508723173 0.060765794449033225
3.7810824740023317 0.13202795647445678 0.08821826012437102
3.7810824740023317 0.11228054753649952 0.11228054753649949
3.7810824740023317 0.08821826012437105 0.13202795647445678
3.7810824740023317 0.06076579444903323 0.14670160508723173
3.7810824740023317 0.030978133370869233 0.15573759328771228
3.7810824740023317 9.824280899294868e-18 0.15878867311679462
3.7810824740023317 -0.030978133370869212 0.15573759328771228
3.7810824740023317 -0.06076579444903321 0.14670160508723173
3.7810824740023317 -0.08821826012437099 0.13202795647445684
3.7810824740023317 -0.11228054753649949 0.11228054753649952
3.7810824740023317 -0.1320279564744568 0.08821826012437102
3.7810824740023317 -0.14670160508723173 0.06076579444903324
3.7810824740023317 -0.15573759328771228 0.03097813337086924
3.7810824740023317 -0.15878867311679462 1.9606393506761127e-17
3.7810824740023317 -0.15573759328771228 -0.03097813337086921
3.7810824740023317 -0.14670160508723176 -0.060765794449033135
3.7810824740023317 -0.13202795647445684 -0.08821826012437099
3.7810824740023317 -0.11228054753649953 -0.11228054753649949
3.7810824740023317 -0.08821826012437102 -0.13202795647445678
3.7810824740023317 -0.06076579444903318 -0.14670160508723176
3.7810824740023317 -0.030978133370869257 -0.15573759328771228
3.7810824740023317 -2.921046221539548e-17 -0.15878867311679462
3.7810824740023317 0.030978133370869194 -0.15573759328771228
3.7810824740023317 0.06076579444903312 -0.14670160508723176
3.7810824740023317 0.08821826012437098 -0.13202795647445684
3.913790367862149 0.07957018142949669 -0.07957018142949668
3.913790367862149 0.09356463502302709 -0.06251789038710256
3.913790367862149 0.10396345216427438 -0.043063071877568956
3.913790367862149 0.1103670121422243 -0.02195336366582929
3.913790367862149 0.112529229738082 -6.485451645810127e-21
3.913790367862149 0.1103670121422243 0.02195336366582929
3.913790367862149 0.10396345216427438 0.043063071877568956
3.913790367862149 0.09356463502302709 0.06251789038710256
3.913790367862149 0.07957018142949669 0.07957018142949668
3.913790367862149 0.06251789038710258 0.09356463502302709
3.913790367862149 0.04306307187756896 0.10396345216427438
3.913790367862149 0.021953363665829322 0.1103670121422243
3.913790367862149 6.970878227600263e-18 0.112529229738082
3.913790367862149 -0.021953363665829312 0.1103670121422243
3.913790367862149 -0.04306307187756895 0.10396345216427438
3.913790367862149 -0.06251789038710254 0.0935646350230271
3.913790367862149 -0.07957018142949668 0.07957018142949669
3.913790367862149 -0.0935646350230271 0.06251789038710256
3.913790367862149 -0.10396345216427438 0.04306307187756896
3.913790367862149 -0.1103670121422243 0.021953363665829333
3.913790367862149 -0.112529229738082 1.3961212810137956e-17
3.913790367862149 -0.1103670121422243 -0.021953363665829305
3.913790367862149 -0.10396345216427441 -0.04306307187756889
3.913790367862149 -0.0935646350230271 -0.06251789038710254
3.913790367862149 -0.0795701814294967 -0.07957018142949668
3.913790367862149 -0.06251789038710256 -0.09356463502302709
3.913790367862149 -0.04306307187756892 -0.1039634521642744
3.913790367862149 -0.02195336366582934 -0.11036701214222429
3.913790367862149 -2.0705100230134863e-17 -0.112529229738082
3.913790367862149 0.021953363665829298 -0.1103670121422243
3.913790367862149 0.04306307187756889 -0.10396345216427441
3.913790367862149 0.06251789038710252 -0.0935646350230271
4.046566170333869 0.04863647254324321 -0.0486364725432432
4.046566170333869 0.057190441451338704 -0.0382134312709589
4.046566170333869 0.06354661376722832 -0.02632186926527081
4.046566170333869 0.06746072535339492 -0.013418772585192699
4.046566170333869 0.0687823590966412 -6.187435140458772e-20
4.046566170333869 0.06746072535339492 0.013418772585192699
4.046566170333869 0.06354661376722832 0.02632186926527081
4.046566170333869 0.057190441451338704 0.0382134312709589
4.046566170333869 0.04863647254324321 0.0486364725432432
4.046566170333869 0.03821343127095891 0.057190441451338704
4.046566170333869 0.026321869265270813 0.06354661376722832
4.046566170333869 0.013418772585192718 0.06746072535339492
4.046566170333869 4.237822647570857e-18 0.0687823590966412
4.046566170333869 -0.013418772585192711 0.06746072535339492
4.046566170333869 -0.026321869265270807 0.06354661376722832
4.046566170333869 -0.038213431270958886 0.05719044145133872
4.046566170333869 -0.0486364725432432 0.04863647254324321
4.046566170333869 -0.05719044145133871 0.0382134312709589
4.046566170333869 -0.06354661376722832 0.026321869265270817
4.046566170333869 -0.06746072535339492 0.013418772585192725
4.046566170333869 -0.0687823590966412 8.661268349355477e-18
4.046566170333869 -0.06746072535339492 -0.013418772585192707
4.046566170333869 -0.06354661376722834 -0.026321869265270772
4.046566170333869 -0.05719044145133872 -0.038213431270958886
4.046566170333869 -0.048636472543243214 -0.0486364725432432
4.046566170333869 -0.0382134312709589 -0.057190441451338704
4.046566170333869 -0.026321869265270793 -0.06354661376722832
4.046566170333869 -0.013418772585192728 -0.06746072535339492
4.046566170333869 -1.2661905983208748e-17 -0.0687823590966412
4.046566170333869 0.013418772585192702 -0.06746072535339492
4.046566170333869 0.02632186926527077 -0.06354661376722834
4.046566170333869 0.03821343127095888 -0.05719044145133872
4.179437237213172 0.02537487311888882 -0.025374873118888815
4.179437237213172 0.02983769421498818 -0.019936909879223346
4.179437237213172 0.03315386945557724 -0.013732782373647195
4.179437237213172 0.03519596008589266 -0.00700091174288486
4.179437237213172 0.035885489708229044 -4.5361067193819006e-20
4.179437237213172 0.03519596008589266 0.00700091174288486
4.179437237213172 0.03315386945557724 0.013732782373647195
4.179437237213172 0.02983769421498818 0.019936909879223346
4.179437237213172 0.02537487311888882 0.025374873118888818
4.179437237213172 0.01993690987922335 0.02983769421498818
4.179437237213172 0.013732782373647197 0.03315386945557724
4.179437237213172 0.00700091174288487 0.03519596008589266
4.179437237213172 2.2331429957055243e-18 0.035885489708229044
4.179437237213172 -0.007000911742884867 0.03519596008589266
4.179437237213172 -0.013732782373647192 0.03315386945557724
4.179437237213172 -0.019936909879223336 0.02983769421498819
4.179437237213172 -0.025374873118888818 0.02537487311888882
4.179437237213172 -0.029837694214988185 0.019936909879223346
4.179437237213172 -0.03315386945557724 0.013732782373647199
4.179437237213172 -0.03519596008589266 0.007000911742884874
4.179437237213172 -0.035885489708229044 4.620513619870033e-18
4.179437237213172 -0.03519596008589266 -0.007000911742884865
4.179437237213172 -0.03315386945557725 -0.013732782373647175
4.179437237213172 -0.02983769421498819 -0.019936909879223336
4.179437237213172 -0.025374873118888825 -0.025374873118888818
4.179437237213172 -0.019936909879223346 -0.02983769421498818
4.179437237213172 -0.013732782373647185 -0.033153869455577245
4.179437237213172 -0.007000911742884875 -0.03519596008589266
4.179437237213172 -6.7357178408716276e-18 -0.035885489708229044
4.179437237213172 0.007000911742884863 -0.03519596008589266
4.179437237213172 0.013732782373647173 -0.03315386945557725
4.179437237213172 0.019936909879223332 -0.02983769421498819
4.312284196068469 0.016680924010769812 -0.01668092401076981
4.312268429208349 0.019625000176656082 -0.01309395705732868
4.312268272580458 0.021800739126209716 -0.00901770345477046
4.312268174391613 0.0231399684001122 -0.004596947689998329
4.3122681416265065 0.02359215302659616 -1.100951304444669e-20
4.312268174391613 0.0231399684001122 0.004596947689998329
4.312268272580458 0.021800739126209716 0.00901770345477046
4.312268429208349 0.019625000176656082 0.01309395705732868
4.312284196068469 0.016680924010769812 0.01668092401076981
4.312268429208349 0.013093957057328683 0.019625000176656082
4.312268272580458 0.009017703454770461 0.021800739126209716
4.312268174391613 0.004596947689998336 0.0231399684001122
4.3122681416265065 1.5262130905244752e-18 0.02359215302659616
4.312268174391613 -0.004596947689998333 0.0231399684001122
4.312268272580458 -0.00901770345477046 0.021800739126209716
4.312268429208349 -0.013093957057328675 0.019625000176656086
4.312284196068469 -0.01668092401076981 0.016680924010769812
4.312268429208349 -0.019625000176656082 0.01309395705732868
4.312268272580458 -0.021800739126209716 0.009017703454770463
4.312268174391613 -0.0231399684001122 0.004596947689998338
4.3122681416265065 -0.02359215302659616 3.0565547484406178e-18
4.312268174391613 -0.0231399684001122 -0.0045969476899983324
4.312268272580458 -0.021800739126209723 -0.009017703454770445
4.312268429208349 -0.019625000176656086 -0.013093957057328675
4.312284196068469 -0.016680924010769815 -0.01668092401076981
4.312268429208349 -0.01309395705732868 -0.019625000176656082
4.312268272580458 -0.009017703454770452 -0.02180073912620972
4.312268174391613 -0.00459694768999834 -0.023139968400112197
4.3122681416265065 -4.387348982426165e-18 -0.02359215302659616
4.312268174391613 0.004596947689998332 -0.0231399684001122
4.312268272580458 0.009017703454770445 -0.021800739126209723
4.312268429208349 0.013093957057328671 -0.019625000176656086
0.03402833712246796 -0.0625918087605865 -0.06259180876058647
0.034087535690425094 -0.044290240728945454 -0.07671618917082426
0.034088642734207614 -0.02292384169157097 -0.08556708873475256
0.034088835212247336 -1.6331038420125572e-17 -0.08858480596168194
0.034088642734207614 0.02292384169157094 -0.08556708873475256
0.034087535690425094 0.044290240728945426 -0.07671618917082429
0.03402833712246796 0.06259180876058648 -0.06259180876058647
0.034087535690425094 -0.07671618917082426 -0.04429024072894546
0.014683856675213899 -0.041698554251993716 -0.0416985542519937
0.014726946900128345 -0.022595219399424445 -0.054559396823975766
0.014729113322895861 -1.0915977227726887e-17 -0.059057613291407025
0.014726946900128345 0.022595219399424424 -0.05455939682397577
0.014683856675213899 0.04169855425199371 -0.0416985542519937
0.034087535690425094 0.07671618917082425 -0.04429024072894548
0.034088642734207614 -0.08556708873475256 -0.022923841691570985
0.014726946900128345 -0.054559396823975786 -0.022595219399424403
0.00448834006607222 -0.0208391301066687 -0.020839130106668692
0.004507660933513431 -5.4430005159695314e-18 -0.029553767129149925
0.00448834006607222 0.020839130106668696 -0.020839130106668692
0.014726946900128345 0.05455939682397578 -0.02259521939942441
0.034088642734207614 0.08556708873475256 -0.022923841691570978
0.034088835212247336 -0.08858480596168194 1.0759275498904891e-17
0.014729113322895861 -0.059057613291407025 7.169211245959403e-18
0.004507660933513431 -0.029553767129149925 3.603858674100926e-18
0.0015 0.0 8.064664253342142e-21
0.004507660933513431 0.029553767129149925 1.488500192725717e-20
0.014729113322895861 0.059057613291407025 -1.2972828703022598e-20
0.034088835212247336 0.08858480596168194 -5.4892906219496e-21
0.034088642734207614 -0.08556708873475255 0.022923841691571006
0.014726946900128345 -0.05455939682397578 0.022595219399424417
0.00448834006607222 -0.020839130106668692 0.020839130106668696
0.004507660933513431 1.820535589459534e-18 0.029553767129149925
0.00448834006607222 0.020839130106668696 0.020839130106668692
0.014726946900128345 0.05455939682397578 0.02259521939942441
0.034088642734207614 0.08556708873475256 0.022923841691570978
0.034087535690425094 -0.07671618917082426 0.04429024072894548
0.014683856675213899 -0.0416985542519937 0.04169855425199371
0.014726946900128345 -0.022595219399424406 0.05455939682397578
0.014729113322895861 3.668929009549349e-18 0.059057613291407025
0.014726946900128345 0.022595219399424413 0.05455939682397578
0.014683856675213899 0.04169855425199371 0.0416985542519937
0.034087535690425094 0.07671618917082425 0.04429024072894548
0.03402833712246796 -0.06259180876058647 0.06259180876058648
0.034087535690425094 -0.04429024072894547 0.07671618917082425
0.034088642734207614 -0.02292384169157097 0.08556708873475256
0.034088835212247336 5.4839342712694884e-18 0.08858480596168194
0.034088642734207614 0.022923841691570978 0.08556708873475256
0.034087535690425094 0.04429024072894548 0.07671618917082425
0.03402833712246796 0.06259180876058648 0.06259180876058647
4.334266157325264 -0.01229186310162471 -0.012291863101624707
4.334208126261341 -0.008703514533329201 -0.015070558451572588
4.334207063624529 -0.004501654083827934 -0.016811353809125115
4.334206857917374 -3.2369478893340048e-18 -0.01740370732858686
4.334207063624529 0.004501654083827929 -0.016811353809125115
4.334208126261341 0.008703514533329196 -0.015070558451572591
4.334266157325264 0.012291863101624709 -0.012291863101624707
4.334208126261341 -0.015070558451572588 -0.008703514533329203
4.346435883072045 -0.007952248509502914 -0.00795224850950291
4.346350926352067 -0.004316908082866648 -0.010442652590677805
4.346346005508076 -2.17718747568772e-18 -0.011303088711156345
4.346350926352067 0.0043169080828666445 -0.010442652590677807
4.346435883072045 0.007952248509502912 -0.00795224850950291
4.334208126261341 0.015070558451572584 -0.008703514533329206
4.334207063624529 -0.016811353809125115 -0.004501654083827938
4.346350926352067 -0.01044265259067781 -0.00431690808286664
4.352714490363338 -0.003763017445548365 -0.0037630174455483634
4.352610169178858 -1.0610693325889906e-18 -0.005466169099773488
4.352714490363338 0.0037630174455483643 -0.0037630174455483634
4.346350926352067 0.010442652590677809 -0.004316908082866641
4.334207063624529 0.016811353809125115 -0.004501654083827937
4.334206857917374 -0.01740370732858686 2.0638979291679098e-18
4.346346005508076 -0.011303088711156343 1.2711746546832694e-18
4.352610169178858 -0.005466169099773488 6.407815376834854e-19
4.3545 0.0 0.0
4.352610169178858 0.005466169099773488 1.81630956479568e-20
4.346346005508076 0.011303088711156343 -3.4522403446316974e-20
4.334206857917374 0.01740370732858686 -7.055049779107055e-21
4.334207063624529 -0.016811353809125112 0.004501654083827942
4.346350926352067 -0.010442652590677809 0.004316908082866643
4.352714490363338 -0.0037630174455483634 0.0037630174455483643
4.352610169178858 3.7488005578561313e-19 0.005466169099773488
4.352714490363338 0.0037630174455483643 0.0037630174455483634
4.346350926352067 0.010442652590677809 0.004316908082866641
4.334207063624529 0.016811353809125115 0.004501654083827937
4.334208126261341 -0.015070558451572584 0.008703514533329206
4.346435883072045 -0.00795224850950291 0.007952248509502912
4.346350926352067 -0.004316908082866641 0.010442652590677809
4.346346005508076 8.024456106655e-19 0.011303088711156343
4.346350926352067 0.004316908082866642 0.010442652590677809
4.346435883072045 0.007952248509502912 0.00795224850950291
4.334208126261341 0.015070558451572584 0.008703514533329206
4.334266157325264 -0.012291863101624707 0.012291863101624709
4.334208126261341 -0.008703514533329204 0.015070558451572584
4.334207063624529 -0.004501654083827934 0.016811353809125115
4.334206857917374 1.1589398606078817e-18 0.01740370732858686
4.334207063624529 0.004501654083827937 0.016811353809125115
4.334208126261341 0.008703514533329206 0.015070558451572584
4.334266157325264 0.012291863101624709 0.012291863101624707
-0.3 -0.6 0.25919235705950994
0.11299999999999999 -0.6 0.25919235705950994
0.11299999999999999 -0.3 0.25919235705950994
-0.3 -0.3 0.25919235705950994
0.11299999999999999 -0.6 0.25919235705950994
0.526 -0.6 0.25919235705950994
0.526 -0.3 0.25919235705950994
0.11299999999999999 -0.3 0.25919235705950994
0.526 -0.6 0.25919235705950994
0.9390000000000001 -0.6 0.25919235705950994
0.9390000000000001 -0.3 0.25919235705950994
0.526 -0.3 0.25919235705950994
0.9389999999999998 -0.6 0.25919235705950994
1.3519999999999999 -0.6 0.25919235705950994
1.3519999999999999 -0.3 0.25919235705950994
0.9389999999999998 -0.3 0.25919235705950994
1.3519999999999999 -0.6 0.25919235705950994
1.765 -0.6 0.25919235705950994
1.765 -0.3 0.25919235705950994
1.3519999999999999 -0.3 0.25919235705950994
1.765 -0.6 0.25919235705950994
2.178 -0.6 0.25919235705950994
2.178 -0.3 0.25919235705950994
1.765 -0.3 0.25919235705950994
2.178 -0.6 0.25919235705950994
2.5909999999999997 -0.6 0.25919235705950994
2.5909999999999997 -0.3 0.25919235705950994
2.178 -0.3 0.25919235705950994
2.591 -0.6 0.25919235705950994
3.004 -0.6 0.25919235705950994
3.004 -0.3 0.25919235705950994
2.591 -0.3 0.25919235705950994
3.004 -0.6 0.25919235705950994
3.417 -0.6 0.25919235705950994
3.417 -0.3 0.25919235705950994
3.004 -0.3 0.25919235705950994
3.417 -0.6 0.25919235705950994
3.8299999999999996 -0.6 0.25919235705950994
3.8299999999999996 -0.3 0.25919235705950994
3.417 -0.3 0.25919235705950994
3.83 -0.6 0.25919235705950994
4.243 -0.6 0.25919235705950994
4.243 -0.3 0.25919235705950994
3.83 -0.3 0.25919235705950994
4.243 -0.6 0.25919235705950994
4.656000000000001 -0.6 0.25919235705950994
4.656000000000001 -0.3 0.25919235705950994
4.243 -0.3 0.25919235705950994
-0.3 -0.3 0.25919235705950994
0.11299999999999999 -0.3 0.25919235705950994
0.11299999999999999 0.0 0.25919235705950994
-0.3 0.0 0.25919235705950994
0.11299999999999999 -0.3 0.25919235705950994
0.526 -0.3 0.25919235705950994
0.526 0.0 0.25919235705950994
0.11299999999999999 0.0 0.25919235705950994
0.526 -0.3 0.25919235705950994
0.9390000000000001 -0.3 0.25919235705950994
0.9390000000000001 0.0 0.25919235705950994
0.526 0.0 0.25919235705950994
0.9389999999999998 -0.3 0.25919235705950994
1.3519999999999999 -0.3 0.25919235705950994
1.3519999999999999 0.0 0.25919235705950994
0.9389999999999998 0.0 0.25919235705950994
1.3519999999999999 -0.3 0.25919235705950994
1.765 -0.3 0.25919235705950994
1.765 0.0 0.25919235705950994
1.3519999999999999 0.0 0.25919235705950994
1.765 -0.3 0.25919235705950994
2.178 -0.3 0.25919235705950994
2.178 0.0 0.25919235705950994
1.765 0.0 0.25919235705950994
2.178 -0.3 0.25919235705950994
2.5909999999999997 -0.3 0.25919235705950994
2.5909999999999997 0.0 0.25919235705950994
2.178 0.0 0.25919235705950994
2.591 -0.3 0.25919235705950994
3.004 -0.3 0.25919235705950994
3.004 0.0 0.25919235705950994
2.591 0.0 0.25919235705950994
3.004 -0.3 0.25919235705950994
3.417 -0.3 0.25919235705950994
3.417 0.0 0.25919235705950994
3.004 0.0 0.25919235705950994
3.417 -0.3 0.25919235705950994
3.8299999999999996 -0.3 0.25919235705950994
3.8299999999999996 0.0 0.25919235705950994
3.417 0.0 0.25919235705950994
3.83 -0.3 0.25919235705950994
4.243 -0.3 0.25919235705950994
4.243 0.0 0.25919235705950994
3.83 0.0 0.25919235705950994
4.243 -0.3 0.25919235705950994
4.656000000000001 -0.3 0.25919235705950994
4.656000000000001 0.0 0.25919235705950994
4.243 0.0 0.25919235705950994
-0.3 0.0 0.25919235705950994
0.11299999999999999 0.0 0.25919235705950994
0.11299999999999999 0.3 0.25919235705950994
-0.3 0.3 0.25919235705950994
0.11299999999999999 0.0 0.25919235705950994
0.526 0.0 0.25919235705950994
0.526 0.3 0.25919235705950994
0.11299999999999999 0.3 0.25919235705950994
0.526 0.0 0.25919235705950994
0.9390000000000001 0.0 0.25919235705950994
0.9390000000000001 0.3 0.25919235705950994
0.526 0.3 0.25919235705950994
0.9389999999999998 0.0 0.25919235705950994
1.3519999999999999 0.0 0.25919235705950994
1.3519999999999999 0.3 0.25919235705950994
0.9389999999999998 0.3 0.25919235705950994
1.3519999999999999 0.0 0.25919235705950994
1.765 0.0 0.25919235705950994
1.765 0.3 0.25919235705950994
1.3519999999999999 0.3 0.25919235705950994
1.765 0.0 0.25919235705950994
2.178 0.0 0.25919235705950994
2.178 0.3 0.25919235705950994
1.765 0.3 0.25919235705950994
2.178 0.0 0.25919235705950994
2.5909999999999997 0.0 0.25919235705950994
2.5909999999999997 0.3 0.25919235705950994
2.178 0.3 0.25919235705950994
2.591 0.0 0.25919235705950994
3.004 0.0 0.25919235705950994
3.004 0.3 0.25919235705950994
2.591 0.3 0.25919235705950994
3.004 0.0 0.25919235705950994
3.417 0.0 0.25919235705950994
3.417 0.3 0.25919235705950994
3.004 0.3 0.25919235705950994
3.417 0.0 0.25919235705950994
3.8299999999999996 0.0 0.25919235705950994
3.8299999999999996 0.3 0.25919235705950994
3.417 0.3 0.25919235705950994
3.83 0.0 0.25919235705950994
4.243 0.0 0.25919235705950994
4.243 0.3 0.25919235705950994
3.83 0.3 0.25919235705950994
4.243 0.0 0.25919235705950994
4.656000000000001 0.0 0.25919235705950994
4.656000000000001 0.3 0.25919235705950994
4.243 0.3 0.25919235705950994
-0.3 0.29999999999999993 0.25919235705950994
0.11299999999999999 0.29999999999999993 0.25919235705950994
0.11299999999999999 0.5999999999999999 0.25919235705950994
-0.3 0.5999999999999999 0.25919235705950994
0.11299999999999999 0.29999999999999993 0.25919235705950994
0.526 0.29999999999999993 0.25919235705950994
0.526 0.5999999999999999 0.25919235705950994
0.11299999999999999 0.5999999999999999 0.25919235705950994
0.526 0.29999999999999993 0.25919235705950994
0.9390000000000001 0.29999999999999993 0.25919235705950994
0.9390000000000001 0.5999999999999999 0.25919235705950994
0.526 0.5999999999999999 0.25919235705950994
0.9389999999999998 0.29999999999999993 0.25919235705950994
1.3519999999999999 0.29999999999999993 0.25919235705950994
1.3519999999999999 0.5999999999999999 0.25919235705950994
0.9389999999999998 0.5999999999999999 0.25919235705950994
1.3519999999999999 0.29999999999999993 0.25919235705950994
1.765 0.29999999999999993 0.25919235705950994
1.765 0.5999999999999999 0.25919235705950994
1.3519999999999999 0.5999999999999999 0.25919235705950994
1.765 0.29999999999999993 0.25919235705950994
2.178 0.29999999999999993 0.25919235705950994
2.178 0.5999999999999999 0.25919235705950994
1.765 0.5999999999999999 0.25919235705950994
2.178 0.29999999999999993 0.25919235705950994
2.5909999999999997 0.29999999999999993 0.25919235705950994
2.5909999999999997 0.5999999999999999 0.25919235705950994
2.178 0.5999999999999999 0.25919235705950994
2.591 0.29999999999999993 0.25919235705950994
3.004 0.29999999999999993 0.25919235705950994
3.004 0.5999999999999999 0.25919235705950994
2.591 0.5999999999999999 0.25919235705950994
3.004 0.29999999999999993 0.25919235705950994
3.417 0.29999999999999993 0.25919235705950994
3.417 0.5999999999999999 0.25919235705950994
3.004 0.5999999999999999 0.25919235705950994
3.417 0.29999999999999993 0.25919235705950994
3.8299999999999996 0.29999999999999993 0.25919235705950994
3.8299999999999996 0.5999999999999999 0.25919235705950994
3.417 0.5999999999999999 0.25919235705950994
3.83 0.29999999999999993 0.25919235705950994
4.243 0.29999999999999993 0.25919235705950994
4.243 0.5999999999999999 0.25919235705950994
3.83 0.5999999999999999 0.25919235705950994
4.243 0.29999999999999993 0.25919235705950994
4.656000000000001 0.29999999999999993 0.25919235705950994
4.656000000000001 0.5999999999999999 0.25919235705950994
4.243 0.5999999999999999 0.25919235705950994
CELLS 1200 6000
4 0 1 33 32
4 1 2 34 33
4 2 3 35 34
4 3 4 36 35
4 4 5 37 36
4 5 6 38 37
4 6 7 39 38
4 7 8 40 39
4 8 9 41 40
4 9 10 42 41
4 10 11 43 42
4 11 12 44 43
4 12 13 45 44
4 13 14 46 45
4 14 15 47 46
4 15 16 48 47
4 16 17 49 48
4 17 18 50 49
4 18 19 51 50
4 19 20 52 51
4 20 21 53 52
4 21 22 54 53
4 22 23 55 54
4 23 24 56 55
4 24 25 57 56
4 25 26 58 57
4 26 27 59 58
4 27 28 60 59
4 28 29 61 60
4 29 30 62 61
4 30 31 63 62
4 31 0 32 63
4 32 33 65 64
4 33 34 66 65
4 34 35 67 66
4 35 36 68 67
4 36 37 69 68
4 37 38 70 69
4 38 39 71 70
4 39 40 72 71
4 40 41 73 72
4 41 42 74 73
4 42 43 75 74
4 43 44 76 75
4 44 45 77 76
4 45 46 78 77
4 46 47 79 78
4 47 48 80 79
4 48 49 81 80
4 49 50 82 81
4 50 51 83 82
4 51 52 84 83
4 52 53 85 84
4 53 54 86 85
4 54 55 87 86
4 55 56 88 87
4 56 57 89 88
4 57 58 90 89
4 58 59 91 90
4 59 60 92 91
4 60 61 93 92
4 61 62 94 93
4 62 63 95 94
4 63 32 64 95
4 64 65 97 96
4 65 66 98 97
4 66 67 99 98
4 67 68 100 99
4 68 69 101 100
4 69 70 102 101
4 70 71 103 102
4 71 72 104 103
4 72 73 105 104
4 73 74 106 105
4 74 75 107 106
4 75 76 108 107
4 76 77 109 108
4 77 78 110 109
4 78 79 111 110
4 79 80 112 111
4 80 81 113 112
4 81 82 114 113
4 82 83 115 114
4 83 84 116 115
4 84 85 117 116
4 85 86 118 117
4 86 87 119 118
4 87 88 120 119
4 88 89 121 120
4 89 90 122 121
4 90 91 123 122
4 91 92 124 123
4 92 93 125 124
4 93 94 126 125
4 94 95 127 126
4 95 64 96 127
4 96 97 129 128
4 97 98 130 129
4 98 99 131 130
4 99 100 132 131
4 100 101 133 132
4 101 102 134 133
4 102 103 135 134
4 103 104 136 135
4 104 105 137 136
4 105 106 138 137
4 106 107 139 138
4 107 108 140 139
4 108 109 141 140
4 109 110 142 141
4 110 111 143 142
4 111 112 144 143
4 112 113 145 144
4 113 114 146 145
4 114 115 147 146
4 115 116 148 147
4 116 117 149 148
4 117 118 150 149
4 118 119 151 150
4 119 120 152 151
4 120 121 153 152
4 121 122 154 153
4 122 123 155 154
4 123 124 156 155
4 124 125 157 156
4 125 126 158 157
4 126 127 159 158
4 127 96 128 159
4 128 129 161 160
4 129 130 162 161
4 130 131 163 162
4 131 132 164 163
4 132 133 165 164
4 133 134 166 165
4 134 135 167 166
4 135 136 168 167
4 136 137 169 168
4 137 138 170 169
4 138 139 171 170
4 139 140 172 171
4 140 141 173 172
4 141 142 174 173
4 142 143 175 174
4 143 144 176 175
4 144 145 177 176
4 145 146 178 177
4 146 147 179 178
4 147 148 180 179
4 148 149 181 180
4 149 150 182 181
4 150 151 183 182
4 151 152 184 183
4 152 153 185 184
4 153 154 186 185
4 154 155 187 186
4 155 156 188 187
4 156 157 189 188
4 157 158 190 189
4 158 159 191 190
4 159 128 160 191
4 160 161 193 192
4 161 162 194 193
4 162 163 195 194
4 163 164 196 195
4 164 165 197 196
4 165 166 198 197
4 166 167 199 198
4 167 168 200 199
4 168 169 201 200
4 169 170 202 201
4 170 171 203 202
4 171 172 204 203
4 172 173 205 204
4 173 174 206 205
4 174 175 207 206
4 175 176 208 207
4 176 177 209 208
4 177 178 210 209
4 178 179 211 210
4 179 180 212 211
4 180 181 213 212
4 181 182 214 213
4 182 183 215 214
4 183 184 216 215
4 184 185 217 216
4 185 186 218 217
4 186 187 219 218
4 187 188 220 219
4 188 189 221 220
4 189 190 222 221
4 190 191 223 222
4 191 160 192 223
4 192 193 225 224
4 193 194 226 225
4 194 195 227 226
4 195 196 228 227
4 196 197 229 228
4 197 198 230 229
4 198 199 231 230
4 199 200 232 231
4 200 201 233 232
4 201 202 234 233
4 202 203 235 234
4 203 204 236 235
4 204 205 237 236
4 205 206 238 237
4 206 207 239 238
4 207 208 240 239
4 208 209 241 240
4 209 210 242 241
4 210 211 243 242
4 211 212 244 243
4 212 213 245 244
4 213 214 246 245
4 214 215 247 246
4 215 216 248 247
4 216 217 249 248
4 217 218 250 249
4 218 219 251 250
4 219 220 252 251
4 220 221 253 252
4 221 222 254 253
4 222 223 255 254
4 223 192 224 255
4 224 225 257 256
4 225 226 258 257
4 226 227 259 258
4 227 228 260 259
4 228 229 261 260
4 229 230 262 261
4 230 231 263 262
4 231 232 264 263
4 232 233 265 264
4 233 234 266 265
4 234 235 267 266
4 235 236 268 267
4 236 237 269 268
4 237 238 270 269
4 238 239 271 270
4 239 240 272 271
4 240 241 273 272
4 241 242 274 273
4 242 243 275 274
4 243 244 276 275
4 244 245 277 276
4 245 246 278 277
4 246 247 279 278
4 247 248 280 279
4 248 249 281 280
4 249 250 282 281
4 250 251 283 282
4 251 252 284 283
4 252 253 285 284
4 253 254 286 285
4 254 255 287 286
4 255 224 256 287
4 256 257 289 288
4 257 258 290 289
4 258 259 291 290
4 259 260 292 291
4 260 261 293 292
4 261 262 294 293
4 262 263 295 294
4 263 264 296 295
4 264 265 297 296
4 265 266 298 297
4 266 267 299 298
4 267 268 300 299
4 268 269 301 300
4 269 270 302 301
4 270 271 303 302
4 271 272 304 303
4 272 273 305 304
4 273 274 306 305
4 274 275 307 306
4 275 276 308 307
4 276 277 309 308
4 277 278 310 309
4 278 279 311 310
4 279 280 312 311
4 280 281 313 312
4 281 282 314 313
4 282 283 315 314
4 283 284 316 315
4 284 285 317 316
4 285 286 318 317
4 286 287 319 318
4 287 256 288 319
4 288 289 321 320
4 289 290 322 321
4 290 291 323 322
4 291 292 324 323
4 292 293 325 324
4 293 294 326 325
4 294 295 327 326
4 295 296 328 327
4 296 297 329 328
4 297 298 330 329
4 298 299 331 330
4 299 300 332 331
4 300 301 333 332
4 301 302 334 333
4 302 303 335 334
4 303 304 336 335
4 304 305 337 336
4 305 306 338 337
4 306 307 339 338
4 307 308 340 339
4 308 309 341 340
4 309 310 342 341
4 310 311 343 342
4 311 312 344 343
4 312 313 345 344
4 313 314 346 345
4 314 315 347 346
4 315 316 348 347
4 316 317 349 348
4 317 318 350 349
4 318 319 351 350
4 319 288 320 351
4 320 321 353 352
4 321 322 354 353
4 322 323 355 354
4 323 324 356 355
4 324 325 357 356
4 325 326 358 357
4 326 327 359 358
4 327 328 360 359
4 328 329 361 360
4 329 330 362 361
4 330 331 363 362
4 331 332 364 363
4 332 333 365 364
4 333 334 366 365
4 334 335 367 366
4 335 336 368 367
4 336 337 369 368
4 337 338 370 369
4 338 339 371 370
4 339 340 372 371
4 340 341 373 372
4 341 342 374 373
4 342 343 375 374
4 343 344 376 375
4 344 345 377 376
4 345 346 378 377
4 346 347 379 378
4 347 348 380 379
4 348 349 381 380
4 349 350 382 381
4 350 351 383 382
4 351 320 352 383
4 352 353 385 384
4 353 354 386 385
4 354 355 387 386
4 355 356 388 387
4 356 357 389 388
4 357 358 390 389
4 358 359 391 390
4 359 360 392 391
4 360 361 393 392
4 361 362 394 393
4 362 363 395 394
4 363 364 396 395
4 364 365 397 396
4 365 366 398 397
4 366 367 399 398
4 367 368 400 399
4 368 369 401 400
4 369 370 402 401
4 370 371 403 402
4 371 372 404 403
4 372 373 405 404
4 373 374 406 405
4 374 375 407 406
4 375 376 408 407
4 376 377 409 408
4 377 378 410 409
4 378 379 411 410
4 379 380 412 411
4 380 381 413 412
4 381 382 414 413
4 382 383 415 414
4 383 352 384 415
4 384 385 417 416
4 385 386 418 417
4 386 387 419 418
4 387 388 420 419
4 388 389 421 420
4 389 390 422 421
4 390 391 423 422
4 391 392 424 423
4 392 393 425 424
4 393 394 426 425
4 394 395 427 426
4 395 396 428 427
4 396 397 429 428
4 397 398 430 429
4 398 399 431 430
4 399 400 432 431
4 400 401 433 432
4 401 402 434 433
4 402 403 435 434
4 403 404 436 435
4 404 405 437 436
4 405 406 438 437
4 406 407 439 438
4 407 408 440 439
4 408 409 441 440
4 409 410 442 441
4 410 411 443 442
4 411 412 444 443
4 412 413 445 444
4 413 414 446 445
4 414 415 447 446
4 415 384 416 447
4 416 417 449 448
4 417 418 450 449
4 418 419 451 450
4 419 420 452 451
4 420 421 453 452
4 421 422 454 453
4 422 423 455 454
4 423 424 456 455
4 424 425 457 456
4 425 426 458 457
4 426 427 459 458
4 427 428 460 459
4 428 429 461 460
4 429 430 462 461
4 430 431 463 462
4 431 432 464 463
4 432 433 465 464
4 433 434 466 465
4 434 435 467 466
4 435 436 468 467
4 436 437 469 468
4 437 438 470 469
4 438 439 471 470
4 439 440 472 471
4 440 441 473 472
4 441 442 474 473
4 442 443 475 474
4 443 444 476 475
4 444 445 477 476
4 445 446 478 477
4 446 447 479 478
4 447 416 448 479
4 448 449 481 480
4 449 450 482 481
4 450 451 483 482
4 451 452 484 483
4 452 453 485 484
4 453 454 486 485
4 454 455 487 486
4 455 456 488 487
4 456 457 489 488
4 457 458 490 489
4 458 459 491 490
4 459 460 492 491
4 460 461 493 492
4 461 462 494 493
4 462 463 495 494
4 463 464 496 495
4 464 465 497 496
4 465 466 498 497
4 466 467 499 498
4 467 468 500 499
4 468 469 501 500
4 469 470 502 501
4 470 471 503 502
4 471 472 504 503
4 472 473 505 504
4 473 474 506 505
4 474 475 507 506
4 475 476 508 507
4 476 477 509 508
4 477 478 510 509
4 478 479 511 510
4 479 448 480 511
4 480 481 513 512
4 481 482 514 513
4 482 483 515 514
4 483 484 516 515
4 484 485 517 516
4 485 486 518 517
4 486 487 519 518
4 487 488 520 519
4 488 489 521 520
4 489 490 522 521
4 490 491 523 522
4 491 492 524 523
4 492 493 525 524
4 493 494 526 525
4 494 495 527 526
4 495 496 528 527
4 496 497 529 528
4 497 498 530 529
4 498 499 531 530
4 499 500 532 531
4 500 501 533 532
4 501 502 534 533
4 502 503 535 534
4 503 504 536 535
4 504 505 537 536
4 505 506 538 537
4 506 507 539 538
4 507 508 540 539
4 508 509 541 540
4 509 510 542 541
4 510 511 543 542
4 511 480 512 543
4 512 513 545 544
4 513 514 546 545
4 514 515 547 546
4 515 516 548 547
4 516 517 549 548
4 517 518 550 549
4 518 519 551 550
4 519 520 552 551
4 520 521 553 552
4 521 522 554 553
4 522 523 555 554
4 523 524 556 555
4 524 525 557 556
4 525 526 558 557
4 526 527 559 558
4 527 528 560 559
4 528 529 561 560
4 529 530 562 561
4 530 531 563 562
4 531 532 564 563
4 532 533 565 564
4 533 534 566 565
4 534 535 567 566
4 535 536 568 567
4 536 537 569 568
4 537 538 570 569
4 538 539 571 570
4 539 540 572 571
4 540 541 573 572
4 541 542 574 573
4 542 543 575 574
4 543 512 544 575
4 544 545 577 576
4 545 546 578 577
4 546 547 579 578
4 547 548 580 579
4 548 549 581 580
4 549 550 582 581
4 550 551 583 582
4 551 552 584 583
4 552 553 585 584
4 553 554 586 585
4 554 555 587 586
4 555 556 588 587
4 556 557 589 588
4 557 558 590 589
4 558 559 591 590
4 559 560 592 591
4 560 561 593 592
4 561 562 594 593
4 562 563 595 594
4 563 564 596 595
4 564 565 597 596
4 565 566 598 597
4 566 567 599 598
4 567 568 600 599
4 568 569 601 600
4 569 570 602 601
4 570 571 603 602
4 571 572 604 603
4 572 573 605 604
4 573 574 606 605
4 574 575 607 606
4 575 544 576 607
4 576 577 609 608
4 577 578 610 609
4 578 579 611 610
4 579 580 612 611
4 580 581 613 612
4 581 582 614 613
4 582 583 615 614
4 583 584 616 615
4 584 585 617 616
4 585 586 618 617
4 586 587 619 618
4 587 588 620 619
4 588 589 621 620
4 589 590 622 621
4 590 591 623 622
4 591 592 624 623
4 592 593 625 624
4 593 594 626 625
4 594 595 627 626
4 595 596 628 627
4 596 597 629 628
4 597 598 630 629
4 598 599 631 630
4 599 600 632 631
4 600 601 633 632
4 601 602 634 633
4 602 603 635 634
4 603 604 636 635
4 604 605 637 636
4 605 606 638 637
4 606 607 639 638
4 607 576 608 639
4 608 609 641 640
4 609 610 642 641
4 610 611 643 642
4 611 612 644 643
4 612 613 645 644
4 613 614 646 645
4 614 615 647 646
4 615 616 648 647
4 616 617 649 648
4 617 618 650 649
4 618 619 651 650
4 619 620 652 651
4 620 621 653 652
4 621 622 654 653
4 622 623 655 654
4 623 624 656 655
4 624 625 657 656
4 625 626 658 657
4 626 627 659 658
4 627 628 660 659
4 628 629 661 660
4 629 630 662 661
4 630 631 663 662
4 631 632 664 663
4 632 633 665 664
4 633 634 666 665
4 634 635 667 666
4 635 636 668 667
4 636 637 669 668
4 637 638 670 669
4 638 639 671 670
4 639 608 640 671
4 640 641 673 672
4 641 642 674 673
4 642 643 675 674
4 643 644 676 675
4 644 645 677 676
4 645 646 678 677
4 646 647 679 678
4 647 648 680 679
4 648 649 681 680
4 649 650 682 681
4 650 651 683 682
4 651 652 684 683
4 652 653 685 684
4 653 654 686 685
4 654 655 687 686
4 655 656 688 687
4 656 657 689 688
4 657 658 690 689
4 658 659 691 690
4 659 660 692 691
4 660 661 693 692
4 661 662 694 693
4 662 663 695 694
4 663 664 696 695
4 664 665 697 696
4 665 666 698 697
4 666 667 699 698
4 667 668 700 699
4 668 669 701 700
4 669 670 702 701
4 670 671 703 702
4 671 640 672 703
4 672 673 705 704
4 673 674 706 705
4 674 675 707 706
4 675 676 708 707
4 676 677 709 708
4 677 678 710 709
4 678 679 711 710
4 679 680 712 711
4 680 681 713 712
4 681 682 714 713
4 682 683 715 714
4 683 684 716 715
4 684 685 717 716
4 685 686 718 717
4 686 687 719 718
4 687 688 720 719
4 688 689 721 720
4 689 690 722 721
4 690 691 723 722
4 691 692 724 723
4 692 693 725 724
4 693 694 726 725
4 694 695 727 726
4 695 696 728 727
4 696 697 729 728
4 697 698 730 729
4 698 699 731 730
4 699 700 732 731
4 700 701 733 732
4 701 702 734 733
4 702 703 735 734
4 703 672 704 735
4 704 705 737 736
4 705 706 738 737
4 706 707 739 738
4 707 708 740 739
4 708 709 741 740
4 709 710 742 741
4 710 711 743 742
4 711 712 744 743
4 712 713 745 744
4 713 714 746 745
4 714 715 747 746
4 715 716 748 747
4 716 717 749 748
4 717 718 750 749
4 718 719 751 750
4 719 720 752 751
4 720 721 753 752
4 721 722 754 753
4 722 723 755 754
4 723 724 756 755
4 724 725 757 756
4 725 726 758 757
4 726 727 759 758
4 727 728 760 759
4 728 729 761 760
4 729 730 762 761
4 730 731 763 762
4 731 732 764 763
4 732 733 765 764
4 733 734 766 765
4 734 735 767 766
4 735 704 736 767
4 736 737 769 768
4 737 738 770 769
4 738 739 771 770
4 739 740 772 771
4 740 741 773 772
4 741 742 774 773
4 742 743 775 774
4 743 744 776 775
4 744 745 777 776
4 745 746 778 777
4 746 747 779 778
4 747 748 780 779
4 748 749 781 780
4 749 750 782 781
4 750 751 783 782
4 751 752 784 783
4 752 753 785 784
4 753 754 786 785
4 754 755 787 786
4 755 756 788 787
4 756 757 789 788
4 757 758 790 789
4 758 759 791 790
4 759 760 792 791
4 760 761 793 792
4 761 762 794 793
4 762 763 795 794
4 763 764 796 795
4 764 765 797 796
4 765 766 798 797
4 766 767 799 798
4 767 736 768 799
4 768 769 801 800
4 769 770 802 801
4 770 771 803 802
4 771 772 804 803
4 772 773 805 804
4 773 774 806 805
4 774 775 807 806
4 775 776 808 807
4 776 777 809 808
4 777 778 810 809
4 778 779 811 810
4 779 780 812 811
4 780 781 813 812
4 781 782 814 813
4 782 783 815 814
4 783 784 816 815
4 784 785 817 816
4 785 786 818 817
4 786 787 819 818
4 787 788 820 819
4 788 789 821 820
4 789 790 822 821
4 790 791 823 822
4 791 792 824 823
4 792 793 825 824
4 793 794 826 825
4 794 795 827 826
4 795 796 828 827
4 796 797 829 828
4 797 798 830 829
4 798 799 831 830
4 799 768 800 831
4 800 801 833 832
4 801 802 834 833
4 802 803 835 834
4 803 804 836 835
4 804 805 837 836
4 805 806 838 837
4 806 807 839 838
4 807 808 840 839
4 808 809 841 840
4 809 810 842 841
4 810 811 843 842
4 811 812 844 843
4 812 813 845 844
4 813 814 846 845
4 814 815 847 846
4 815 816 848 847
4 816 817 849 848
4 817 818 850 849
4 818 819 851 850
4 819 820 852 851
4 820 821 853 852
4 821 822 854 853
4 822 823 855 854
4 823 824 856 855
4 824 825 857 856
4 825 826 858 857
4 826 827 859 858
4 827 828 860 859
4 828 829 861 860
4 829 830 862 861
4 830 831 863 862
4 831 800 832 863
4 832 833 865 864
4 833 834 866 865
4 834 835 867 866
4 835 836 868 867
4 836 837 869 868
4 837 838 870 869
4 838 839 871 870
4 839 840 872 871
4 840 841 873 872
4 841 842 874 873
4 842 843 875 874
4 843 844 876 875
4 844 845 877 876
4 845 846 878 877
4 846 847 879 878
4 847 848 880 879
4 848 849 881 880
4 849 850 882 881
4 850 851 883 882
4 851 852 884 883
4 852 853 885 884
4 853 854 886 885
4 854 855 887 886
4 855 856 888 887
4 856 857 889 888
4 857 858 890 889
4 858 859 891 890
4 859 860 892 891
4 860 861 893 892
4 861 862 894 893
4 862 863 895 894
4 863 832 864 895
4 864 865 897 896
4 865 866 898 897
4 866 867 899 898
4 867 868 900 899
4 868 869 901 900
4 869 870 902 901
4 870 871 903 902
4 871 872 904 903
4 872 873 905 904
4 873 874 906 905
4 874 875 907 906
4 875 876 908 907
4 876 877 909 908
4 877 878 910 909
4 878 879 911 910
4 879 880 912 911
4 880 881 913 912
4 881 882 914 913
4 882 883 915 914
4 883 884 916 915
4 884 885 917 916
4 885 886 918 917
4 886 887 919 918
4 887 888 920 919
4 888 889 921 920
4 889 890 922 921
4 890 891 923 922
4 891 892 924 923
4 892 893 925 924
4 893 894 926 925
4 894 895 927 926
4 895 864 896 927
4 896 897 929 928
4 897 898 930 929
4 898 899 931 930
4 899 900 932 931
4 900 901 933 932
4 901 902 934 933
4 902 903 935 934
4 903 904 936 935
4 904 905 937 936
4 905 906 938 937
4 906 907 939 938
4 907 908 940 939
4 908 909 941 940
4 909 910 942 941
4 910 911 943 942
4 911 912 944 943
4 912 913 945 944
4 913 914 946 945
4 914 915 947 946
4 915 916 948 947
4 916 917 949 948
4 917 918 950 949
4 918 919 951 950
4 919 920 952 951
4 920 921 953 952
4 921 922 954 953
4 922 923 955 954
4 923 924 956 955
4 924 925 957 956
4 925 926 958 957
4 926 927 959 958
4 927 896 928 959
4 928 929 961 960
4 929 930 962 961
4 930 931 963 962
4 931 932 964 963
4 932 933 965 964
4 933 934 966 965
4 934 935 967 966
4 935 936 968 967
4 936 937 969 968
4 937 938 970 969
4 938 939 971 970
4 939 940 972 971
4 940 941 973 972
4 941 942 974 973
4 942 943 975 974
4 943 944 976 975
4 944 945 977 976
4 945 946 978 977
4 946 947 979 978
4 947 948 980 979
4 948 949 981 980
4 949 950 982 981
4 950 951 983 982
4 951 952 984 983
4 952 953 985 984
4 953 954 986 985
4 954 955 987 986
4 955 956 988 987
4 956 957 989 988
4 957 958 990 989
4 958 959 991 990
4 959 928 960 991
4 960 961 993 992
4 961 962 994 993
4 962 963 995 994
4 963 964 996 995
4 964 965 997 996
4 965 966 998 997
4 966 967 999 998
4 967 968 1000 999
4 968 969 1001 1000
4 969 970 1002 1001
4 970 971 1003 1002
4 971 972 1004 1003
4 972 973 1005 1004
4 973 974 1006 1005
4 974 975 1007 1006
4 975 976 1008 1007
4 976 977 1009 1008
4 977 978 1010 1009
4 978 979 1011 1010
4 979 980 1012 1011
4 980 981 1013 1012
4 981 982 1014 1013
4 982 983 1015 1014
4 983 984 1016 1015
4 984 985 1017 1016
4 985 986 1018 1017
4 986 987 1019 1018
4 987 988 1020 1019
4 988 989 1021 1020
4 989 990 1022 1021
4 990 991 1023 1022
4 991 960 992 1023
4 992 993 1025 1024
4 993 994 1026 1025
4 994 995 1027 1026
4 995 996 1028 1027
4 996 997 1029 1028
4 997 998 1030 1029
4 998 999 1031 1030
4 999 1000 1032 1031
4 1000 1001 1033 1032
4 1001 1002 1034 1033
4 1002 1003 1035 1034
4 1003 1004 1036 1035
4 1004 1005 1037 1036
4 1005 1006 1038 1037
4 1006 1007 1039 1038
4 1007 1008 1040 1039
4 1008 1009 1041 1040
4 1009 1010 1042 1041
4 1010 1011 1043 1042
4 1011 1012 1044 1043
4 1012 1013 1045 1044
4 1013 1014 1046 1045
4 1014 1015 1047 1046
4 1015 1016 1048 1047
4 1016 1017 1049 1048
4 1017 1018 1050 1049
4 1018 1019 1051 1050
4 1019 1020 1052 1051
4 1020 1021 1053 1052
4 1021 1022 1054 1053
4 1022 1023 1055 1054
4 1023 992 1024 1055
4 23 1056 25 24
4 1056 1057 26 25
4 1057 1058 27 26
4 1058 1059 28 27
4 1059 1060 29 28
4 1060 1061 30 29
4 1061 1062 31 30
4 1062 1 0 31
4 22 1063 1056 23
4 1063 1064 1057 1056
4 1064 1065 1058 1057
4 1065 1066 1059 1058
4 1066 1067 1060 1059
4 1067 1068 1061 1060
4 1068 1069 1062 1061
4 1069 2 1 1062
4 21 1070 1063 22
4 1070 1071 1064 1063
4 1071 1072 1065 1064
4 1072 1073 1066 1065
4 1073 1074 1067 1066
4 1074 1075 1068 1067
4 1075 1076 1069 1068
4 1076 3 2 1069
4 20 1077 1070 21
4 1077 1078 1071 1070
4 1078 1079 1072 1071
4 1079 1080 1073 1072
4 1080 1081 1074 1073
4 1081 1082 1075 1074
4 1082 1083 1076 1075
4 1083 4 3 1076
4 19 1084 1077 20
4 1084 1085 1078 1077
4 1085 1086 1079 1078
4 1086 1087 1080 1079
4 1087 1088 1081 1080
4 1088 1089 1082 1081
4 1089 1090 1083 1082
4 1090 5 4 1083
4 18 1091 1084 19
4 1091 1092 1085 1084
4 1092 1093 1086 1085
4 1093 1094 1087 1086
4 1094 1095 1088 1087
4 1095 1096 1089 1088
4 1096 1097 1090 1089
4 1097 6 5 1090
4 17 1098 1091 18
4 1098 1099 1092 1091
4 1099 1100 1093 1092
4 1100 1101 1094 1093
4 1101 1102 1095 1094
4 1102 1103 1096 1095
4 1103 1104 1097 1096
4 1104 7 6 1097
4 16 15 1098 17
4 15 14 1099 1098
4 14 13 1100 1099
4 13 12 1101 1100
4 12 11 1102 1101
4 11 10 1103 1102
4 10 9 1104 1103
4 9 8 7 1104
4 1048 1049 1105 1047
4 1049 1050 1106 1105
4 1050 1051 1107 1106
4 1051 1052 1108 1107
4 1052 1053 1109 1108
4 1053 1054 1110 1109
4 1054 1055 1111 1110
4 1055 1024 1025 1111
4 1047 1105 1112 1046
4 1105 1106 1113 1112
4 1106 1107 1114 1113
4 1107 1108 1115 1114
4 1108 1109 1116 1115
4 1109 1110 1117 1116
4 1110 1111 1118 1117
4 1111 1025 1026 1118
4 1046 1112 1119 1045
4 1112 1113 1120 1119
4 1113 1114 1121 1120
4 1114 1115 1122 1121
4 1115 1116 1123 1122
4 1116 1117 1124 1123
4 1117 1118 1125 1124
4 1118 1026 1027 1125
4 1045 1119 1126 1044
4 1119 1120 1127 1126
4 1120 1121 1128 1127
4 1121 1122 1129 1128
4 1122 1123 1130 1129
4 1123 1124 1131 1130
4 1124 1125 1132 1131
4 1125 1027 1028 1132
4 1044 1126 1133 1043
4 1126 1127 1134 1133
4 1127 1128 1135 1134
4 1128 1129 1136 1135
4 1129 1130 1137 1136
4 1130 1131 1138 1137
4 1131 1132 1139 1138
4 1132 1028 1029 1139
4 1043 1133 1140 1042
4 1133 1134 1141 1140
4 1134 1135 1142 1141
4 1135 1136 1143 1142
4 1136 1137 1144 1143
4 1137 1138 1145 1144
4 1138 1139 1146 1145
4 1139 1029 1030 1146
4 1042 1140 1147 1041
4 1140 1141 1148 1147
4 1141 1142 1149 1148
4 1142 1143 1150 1149
4 1143 1144 1151 1150
4 1144 1145 1152 1151
4 1145 1146 1153 1152
4 1146 1030 1031 1153
4 1041 1147 1039 1040
4 1147 1148 1038 1039
4 1148 1149 1037 1038
4 1149 1150 1036 1037
4 1150 1151 1035 1036
4 1151 1152 1034 1035
4 1152 1153 1033 1034
4 1153 1031 1032 1033
4 1154 1155 1156 1157
4 1158 1159 1160 1161
4 1162 1163 1164 1165
4 1166 1167 1168 1169
4 1170 1171 1172 1173
4 1174 1175 1176 1177
4 1178 1179 1180 1181
4 1182 1183 1184 1185
4 1186 1187 1188 1189
4 1190 1191 1192 1193
4 1194 1195 1196 1197
4 1198 1199 1200 1201
4 1202 1203 1204 1205
4 1206 1207 1208 1209
4 1210 1211 1212 1213
4 1214 1215 1216 1217
4 1218 1219 1220 1221
4 1222 1223 1224 1225
4 1226 1227 1228 1229
4 1230 1231 1232 1233
4 1234 1235 1236 1237
4 1238 1239 1240 1241
4 1242 1243 1244 1245
4 1246 1247 1248 1249
4 1250 1251 1252 1253
4 1254 1255 1256 1257
4 1258 1259 1260 1261
4 1262 1263 1264 1265
4 1266 1267 1268 1269
4 1270 1271 1272 1273
4 1274 1275 1276 1277
4 1278 1279 1280 1281
4 1282 1283 1284 1285
4 1286 1287 1288 1289
4 1290 1291 1292 1293
4 1294 1295 1296 1297
4 1298 1299 1300 1301
4 1302 1303 1304 1305
4 1306 1307 1308 1309
4 1310 1311 1312 1313
4 1314 1315 1316 1317
4 1318 1319 1320 1321
4 1322 1323 1324 1325
4 1326 1327 1328 1329
4 1330 1331 1332 1333
4 1334 1335 1336 1337
4 1338 1339 1340 1341
4 1342 1343 1344 1345
CELL_TYPES 1200
9
9
9
9
9
9
9
9
9
9
9
9
9
9
9
9
9
9
9
9
9
9
9
9
9
9
9
9
9
9
9
9
9
9
9
9
9
9
9
9
9
9
9
9
9
9
9
9
9
9
9
9
9
9
9
9
9
9
9
9
9
9
9
9
9
9
9
9
9
9
9
9
9
9
9
9
9
9
9
9
9
9
9
9
9
9
9
9
9
9
9
9
9
9
9
9
9
9
9
9
9
9
9
9
9
9
9
9
9
9
9
9
9
9
9
9
9
9
9
9
9
9
9
9
9
9
9
9
9
9
9
9
9
9
9
9
9
9
9
9
9
9
9
9
9
9
9
9
9
9
9
9
9
9
9
9
9
9
9
9
9
9
9
9
9
9
9
9
9
9
9
9
9
9
9
9
9
9
9
9
9
9
9
9
9
9
9
9
9
9
9
9
9
9
9
9
9
9
9
9
9
9
9
9
9
9
9
9
9
9
9
9
9
9
9
9
9
9
9
9
9
9
9
9
9
9
9
9
9
9
9
9
9
9
9
9
9
9
9
9
9
9
9
9
9
9
9
9
9
9
9
9
9
9
9
9
9
9
9
9
9
9
9
9
9
9
9
9
9
9
9
9
9
9
9
9
9
9
9
9
9
9
9
9
9
9
9
9
9
9
9
9
9
9
9
9
9
9
9
9
9
9
9
9
9
9
9
9
9
9
9
9
9
9
9
9
9
9
9
9
9
9
9
9
9
9
9
9
9
9
9
9
9
9
9
9
9
9
9
9
9
9
9
9
9
9
9
9
9
9
9
9
9
9
9
9
9
9
9
9
9
9
9
9
9
9
9
9
9
9
9
9
9
9
9
9
9
9
9
9
9
9
9
9
9
9
9
9
9
9
9
9
9
9
9
9
9
9
9
9
9
9
9
9
9
9
9
9
9
9
9
9
9
9
9
9
9
9
9
9
9
9
9
9
9
9
9
9
9
9
9
9
9
9
9
9
9
9
9
9
9
9
9
9
9
9
9
9
9
9
9
9
9
9
9
9
9
9
9
9
9
9
9
9
9
9
9
9
9
9
9
9
9
9
9
9
9
9
9
9
9
9
9
9
9
9
9
9
9
9
9
9
9
9
9
9
9
9
9
9
9
9
9
9
9
9
9
9
9
9
9
9
9
9
9
9
9
9
9
9
9
9
9
9
9
9
9
9
9
9
9
9
9
9
9
9
9
9
9
9
9
9
9
9
9
9
9
9
9
9
9
9
9
9
9
9
9
9
9
9
9
9
9
9
9
9
9
9
9
9
9
9
9
9
9
9
9
9
9
9
9
9
9
9
9
9
9
9
9
9
9
9
9
9
9
9
9
9
9
9
9
9
9
9
9
9
9
9
9
9
9
9
9
9
9
9
9
9
9
9
9
9
9
9
9
9
9
9
9
9
9
9
9
9
9
9
9
9
9
9
9
9
9
9
9
9
9
9
9
9
9
9
9
9
9
9
9
9
9
9
9
9
9
9
9
9
9
9
9
9
9
9
9
9
9
9
9
9
9
9
9
9
9
9
9
9
9
9
9
9
9
9
9
9
9
9
9
9
9
9
9
9
9
9
9
9
9
9
9
9
9
9
9
9
9
9
9
9
9
9
9
9
9
9
9
9
9
9
9
9
9
9
9
9
9
9
9
9
9
9
9
9
9
9
9
9
9
9
9
9
9
9
9
9
9
9
9
9
9
9
9
9
9
9
9
9
9
9
9
9
9
9
9
9
9
9
9
9
9
9
9
9
9
9
9
9
9
9
9
9
9
9
9
9
9
9
9
9
9
9
9
9
9
9
9
9
9
9
9
9
9
9
9
9
9
9
9
9
9
9
9
9
9
9
9
9
9
9
9
9
9
9
9
9
9
9
9
9
9
9
9
9
9
9
9
9
9
9
9
9
9
9
9
9
9
9
9
9
9
9
9
9
9
9
9
9
9
9
9
9
9
9
9
9
9
9
9
9
9
9
9
9
9
9
9
9
9
9
9
9
9
9
9
9
9
9
9
9
9
9
9
9
9
9
9
9
9
9
9
9
9
9
9
9
9
9
9
9
9
9
9
9
9
9
9
9
9
9
9
9
9
9
9
9
9
9
9
9
9
9
9
9
9
9
9
9
9
9
9
9
9
9
9
9
9
9
9
9
9
9
9
9
9
9
9
9
9
9
9
9
9
9
9
9
9
9
9
9
9
9
9
9
9
9
9
9
9
9
9
9
9
9
9
9
9
9
9
9
9
9
9
9
9
9
9
9
9
9
9
9
9
9
9
9
9
9
9
9
9
9
9
9
9
9
9
9
9
9
9
9
9
9
9
9
9
9
9
9
9
9
9
9
9
9
9
9
9
9
9
9
9
9
9
9
9
9
9
9
9
9
9
9
9
9
9
9
9
9
9
9
9
9
9
9
9
9
9
9
9
9
9
9
9
9
9
9
9
9
9
9
9
9
9
9
9
9
9
9
9
9
9
9
9
9
9
9
9
9
9
9
9
9
9
9
9
9
9
9
9
9
9
9
9
9
9
9
9
9
9
9
9
9
9
9
9
9
9
9
9
9
9
9
9
9
9
9
9
9
9
9
9
9
9
9
9
9
9
9
9
9
9
9
9
9
9
9
9
9
9
9
9
9
9
9
9
9
9
9
9
9
9
9
9
9
9
9
9
9
9
9
9
9
9
9
9
9
9
9
9
9
POINT_DATA 1346
VECTORS displacement_m double
0.0 0.0 0.0
0.0 0.0 0.0
0.0 0.0 0.0
0.0 0.0 0.0
0.0 0.0 0.0
0.0 0.0 0.0
0.0 0.0 0.0
0.0 0.0 0.0
0.0 0.0 0.0
0.0 0.0 0.0
0.0 0.0 0.0
0.0 0.0 0.0
0.0 0.0 0.0
0.0 0.0 0.0
0.0 0.0 0.0
0.0 0.0 0.0
0.0 0.0 0.0
0.0 0.0 0.0
0.0 0.0 0.0
0.0 0.0 0.0
0.0 0.0 0.0
0.0 0.0 0.0
0.0 0.0 0.0
0.0 0.0 0.0
0.0 0.0 0.0
0.0 0.0 0.0
0.0 0.0 0.0
0.0 0.0 0.0
0.0 0.0 0.0
0.0 0.0 0.0
0.0 0.0 0.0
0.0 0.0 0.0
0.0 0.0 0.0
0.0 0.0 0.0
0.0 0.0 0.0
0.0 0.0 0.0
0.0 0.0 0.0
0.0 0.0 0.0
0.0 0.0 0.0
0.0 0.0 0.0
0.0 0.0 0.0
0.0 0.0 0.0
0.0 0.0 0.0
0.0 0.0 0.0
0.0 0.0 0.0
0.0 0.0 0.0
0.0 0.0 0.0
0.0 0.0 0.0
0.0 0.0 0.0
0.0 0.0 0.0
0.0 0.0 0.0
0.0 0.0 0.0
0.0 0.0 0.0
0.0 0.0 0.0
0.0 0.0 0.0
0.0 0.0 0.0
0.0 0.0 0.0
0.0 0.0 0.0
0.0 0.0 0.0
0.0 0.0 0.0
0.0 0.0 0.0
0.0 0.0 0.0
0.0 0.0 0.0
0.0 0.0 0.0
0.0 0.0 0.0
0.0 0.0 0.0
0.0 0.0 0.0
0.0 0.0 0.0
0.0 0.0 0.0
0.0 0.0 0.0
0.0 0.0 0.0
0.0 0.0 0.0
0.0 0.0 0.0
0.0 0.0 0.0
0.0 0.0 0.0
0.0 0.0 0.0
0.0 0.0 0.0
0.0 0.0 0.0
0.0 0.0 0.0
0.0 0.0 0.0
0.0 0.0 0.0
0.0 0.0 0.0
0.0 0.0 0.0
0.0 0.0 0.0
0.0 0.0 0.0
0.0 0.0 0.0
0.0 0.0 0.0
0.0 0.0 0.0
0.0 0.0 0.0
0.0 0.0 0.0
0.0 0.0 0.0
0.0 0.0 0.0
0.0 0.0 0.0
0.0 0.0 0.0
0.0 0.0 0.0
0.0 0.0 0.0
0.0 0.0 0.0
0.0 0.0 0.0
0.0 0.0 0.0
0.0 0.0 0.0
0.0 0.0 0.0
0.0 0.0 0.0
0.0 0.0 0.0
0.0 0.0 0.0
0.0 0.0 0.0
0.0 0.0 0.0
0.0 0.0 0.0
0.0 0.0 0.0
0.0 0.0 0.0
0.0 0.0 0.0
0.0 0.0 0.0
0.0 0.0 0.0
0.0 0.0 0.0
0.0 0.0 0.0
0.0 0.0 0.0
0.0 0.0 0.0
0.0 0.0 0.0
0.0 0.0 0.0
0.0 0.0 0.0
0.0 0.0 0.0
0.0 0.0 0.0
0.0 0.0 0.0
0.0 0.0 0.0
0.0 0.0 0.0
0.0 0.0 0.0
0.0 0.0 0.0
0.0 0.0 0.0
0.0 0.0 0.0
0.0 0.0 0.0
0.0 0.0 0.0
0.0 0.0 0.0
0.0 0.0 0.0
0.0 0.0 0.0
0.0 0.0 0.0
0.0 0.0 0.0
0.0 0.0 0.0
0.0 0.0 0.0
0.0 0.0 0.0
0.0 0.0 0.0
0.0 0.0 0.0
0.0 0.0 0.0
0.0 0.0 0.0
0.0 0.0 0.0
0.0 0.0 0.0
0.0 0.0 0.0
0.0 0.0 0.0
0.0 0.0 0.0
0.0 0.0 0.0
0.0 0.0 0.0
0.0 0.0 0.0
0.0 0.0 0.0
0.0 0.0 0.0
0.0 0.0 0.0
0.0 0.0 0.0
0.0 0.0 0.0
0.0 0.0 0.0
0.0 0.0 0.0
0.0 0.0 0.0
0.0 0.0 0.0
0.0 0.0 0.0
0.0 0.0 0.0
0.0 0.0 0.0
0.0 0.0 0.0
0.0 0.0 0.0
0.0 0.0 0.0
0.0 0.0 0.0
0.0 0.0 0.0
0.0 0.0 0.0
0.0 0.0 0.0
0.0 0.0 0.0
0.0 0.0 0.0
0.0 0.0 0.0
0.0 0.0 0.0
0.0 0.0 0.0
0.0 0.0 0.0
0.0 0.0 0.0
0.0 0.0 0.0
0.0 0.0 0.0
0.0 0.0 0.0
0.0 0.0 0.0
0.0 0.0 0.0
0.0 0.0 0.0
0.0 0.0 0.0
0.0 0.0 0.0
0.0 0.0 0.0
0.0 0.0 0.0
0.0 0.0 0.0
0.0 0.0 0.0
0.0 0.0 0.0
0.0 0.0 0.0
0.0 0.0 0.0
0.0 0.0 0.0
0.0 0.0 0.0
0.0 0.0 0.0
0.0 0.0 0.0
0.0 0.0 0.0
0.0 0.0 0.0
0.0 0.0 0.0
0.0 0.0 0.0
0.0 0.0 0.0
0.0 0.0 0.0
0.0 0.0 0.0
0.0 0.0 0.0
0.0 0.0 0.0
0.0 0.0 0.0
0.0 0.0 0.0
0.0 0.0 0.0
0.0 0.0 0.0
0.0 0.0 0.0
0.0 0.0 0.0
0.0 0.0 0.0
0.0 0.0 0.0
0.0 0.0 0.0
0.0 0.0 0.0
0.0 0.0 0.0
0.0 0.0 0.0
0.0 0.0 0.0
0.0 0.0 0.0
0.0 0.0 0.0
0.0 0.0 0.0
0.0 0.0 0.0
0.0 0.0 0.0
0.0 0.0 0.0
0.0 0.0 0.0
0.0 0.0 0.0
0.0 0.0 0.0
0.0 0.0 0.0
0.0 0.0 0.0
0.0 0.0 0.0
0.0 0.0 0.0
0.0 0.0 0.0
0.0 0.0 0.0
0.0 0.0 0.0
0.0 0.0 0.0
0.0 0.0 0.0
0.0 0.0 0.0
0.0 0.0 0.0
0.0 0.0 0.0
0.0 0.0 0.0
0.0 0.0 0.0
0.0 0.0 0.0
0.0 0.0 0.0
0.0 0.0 0.0
0.0 0.0 0.0
0.0 0.0 0.0
0.0 0.0 0.0
0.0 0.0 0.0
0.0 0.0 0.0
0.0 0.0 0.0
0.0 0.0 0.0
0.0 0.0 0.0
0.0 0.0 0.0
0.0 0.0 0.0
0.0 0.0 0.0
0.0 0.0 0.0
0.0 0.0 0.0
0.0 0.0 0.0
0.0 0.0 0.0
0.0 0.0 0.0
0.0 0.0 0.0
0.0 0.0 0.0
0.0 0.0 0.0
0.0 0.0 0.0
0.0 0.0 0.0
0.0 0.0 0.0
0.0 0.0 0.0
0.0 0.0 0.0
0.0 0.0 0.0
0.0 0.0 0.0
0.0 0.0 0.0
0.0 0.0 0.0
0.0 0.0 0.0
0.0 0.0 0.0
0.0 0.0 0.0
0.0 0.0 0.0
0.0 0.0 0.0
0.0 0.0 0.0
0.0 0.0 0.0
0.0 0.0 0.0
0.0 0.0 0.0
0.0 0.0 0.0
0.0 0.0 0.0
0.0 0.0 0.0
0.0 0.0 0.0
0.0 0.0 0.0
0.0 0.0 0.0
0.0 0.0 0.0
0.0 0.0 0.0
0.0 0.0 0.0
0.0 0.0 0.0
0.0 0.0 0.0
0.0 0.0 0.0
0.0 0.0 0.0
0.0 0.0 0.0
0.0 0.0 0.0
0.0 0.0 0.0
0.0 0.0 0.0
0.0 0.0 0.0
0.0 0.0 0.0
0.0 0.0 0.0
0.0 0.0 0.0
0.0 0.0 0.0
0.0 0.0 0.0
0.0 0.0 0.0
0.0 0.0 0.0
0.0 0.0 0.0
0.0 0.0 0.0
0.0 0.0 0.0
0.0 0.0 0.0
0.0 0.0 0.0
0.0 0.0 0.0
0.0 0.0 0.0
0.0 0.0 0.0
0.0 0.0 0.0
0.0 0.0 0.0
0.0 0.0 0.0
0.0 0.0 0.0
0.0 0.0 0.0
0.0 0.0 0.0
0.0 0.0 0.0
0.0 0.0 0.0
0.0 0.0 0.0
0.0 0.0 0.0
0.0 0.0 0.0
0.0 0.0 0.0
0.0 0.0 0.0
0.0 0.0 0.0
0.0 0.0 0.0
0.0 0.0 0.0
0.0 0.0 0.0
0.0 0.0 0.0
0.0 0.0 0.0
0.0 0.0 0.0
0.0 0.0 0.0
0.0 0.0 0.0
0.0 0.0 0.0
0.0 0.0 0.0
0.0 0.0 0.0
0.0 0.0 0.0
0.0 0.0 0.0
0.0 0.0 0.0
0.0 0.0 0.0
0.0 0.0 0.0
0.0 0.0 0.0
0.0 0.0 0.0
0.0 0.0 0.0
0.0 0.0 0.0
0.0 0.0 0.0
0.0 0.0 0.0
0.0 0.0 0.0
0.0 0.0 0.0
0.0 0.0 0.0
0.0 0.0 0.0
0.0 0.0 0.0
0.0 0.0 0.0
0.0 0.0 0.0
0.0 0.0 0.0
0.0 0.0 0.0
0.0 0.0 0.0
0.0 0.0 0.0
0.0 0.0 0.0
0.0 0.0 0.0
0.0 0.0 0.0
0.0 0.0 0.0
0.0 0.0 0.0
0.0 0.0 0.0
0.0 0.0 0.0
0.0 0.0 0.0
0.0 0.0 0.0
0.0 0.0 0.0
0.0 0.0 0.0
0.0 0.0 0.0
0.0 0.0 0.0
0.0 0.0 0.0
0.0 0.0 0.0
0.0 0.0 0.0
0.0 0.0 0.0
0.0 0.0 0.0
0.0 0.0 0.0
0.0 0.0 0.0
0.0 0.0 0.0
0.0 0.0 0.0
0.0 0.0 0.0
0.0 0.0 0.0
0.0 0.0 0.0
0.0 0.0 0.0
0.0 0.0 0.0
0.0 0.0 0.0
0.0 0.0 0.0
0.0 0.0 0.0
0.0 0.0 0.0
0.0 0.0 0.0
0.0 0.0 0.0
0.0 0.0 0.0
0.0 0.0 0.0
0.0 0.0 0.0
0.0 0.0 0.0
0.0 0.0 0.0
0.0 0.0 0.0
0.0 0.0 0.0
0.0 0.0 0.0
0.0 0.0 0.0
0.0 0.0 0.0
0.0 0.0 0.0
0.0 0.0 0.0
0.0 0.0 0.0
0.0 0.0 0.0
0.0 0.0 0.0
0.0 0.0 0.0
0.0 0.0 0.0
0.0 0.0 0.0
0.0 0.0 0.0
0.0 0.0 0.0
0.0 0.0 0.0
0.0 0.0 0.0
0.0 0.0 0.0
0.0 0.0 0.0
0.0 0.0 0.0
0.0 0.0 0.0
0.0 0.0 0.0
0.0 0.0 0.0
0.0 0.0 0.0
0.0 0.0 0.0
0.0 0.0 0.0
0.0 0.0 0.0
0.0 0.0 0.0
0.0 0.0 0.0
0.0 0.0 0.0
0.0 0.0 0.0
0.0 0.0 0.0
0.0 0.0 0.0
0.0 0.0 0.0
0.0 0.0 0.0
0.0 0.0 0.0
0.0 0.0 0.0
0.0 0.0 0.0
0.0 0.0 0.0
0.0 0.0 0.0
0.0 0.0 0.0
0.0 0.0 0.0
0.0 0.0 0.0
0.0 0.0 0.0
0.0 0.0 0.0
0.0 0.0 0.0
0.0 0.0 0.0
0.0 0.0 0.0
0.0 0.0 0.0
0.0 0.0 0.0
0.0 0.0 0.0
0.0 0.0 0.0
0.0 0.0 0.0
0.0 0.0 0.0
0.0 0.0 0.0
0.0 0.0 0.0
0.0 0.0 0.0
0.0 0.0 0.0
0.0 0.0 0.0
0.0 0.0 0.0
0.0 0.0 0.0
0.0 0.0 0.0
0.0 0.0 0.0
0.0 0.0 0.0
0.0 0.0 0.0
0.0 0.0 0.0
0.0 0.0 0.0
0.0 0.0 0.0
0.0 0.0 0.0
0.0 0.0 0.0
0.0 0.0 0.0
0.0 0.0 0.0
0.0 0.0 0.0
0.0 0.0 0.0
0.0 0.0 0.0
0.0 0.0 0.0
0.0 0.0 0.0
0.0 0.0 0.0
0.0 0.0 0.0
0.0 0.0 0.0
0.0 0.0 0.0
0.0 0.0 0.0
0.0 0.0 0.0
0.0 0.0 0.0
0.0 0.0 0.0
0.0 0.0 0.0
0.0 0.0 0.0
0.0 0.0 0.0
0.0 0.0 0.0
0.0 0.0 0.0
0.0 0.0 0.0
0.0 0.0 0.0
0.0 0.0 0.0
0.0 0.0 0.0
0.0 0.0 0.0
0.0 0.0 0.0
0.0 0.0 0.0
0.0 0.0 0.0
0.0 0.0 0.0
0.0 0.0 0.0
0.0 0.0 0.0
0.0 0.0 0.0
0.0 0.0 0.0
0.0 0.0 0.0
0.0 0.0 0.0
0.0 0.0 0.0
0.0 0.0 0.0
0.0 0.0 0.0
0.0 0.0 0.0
0.0 0.0 0.0
0.0 0.0 0.0
0.0 0.0 0.0
0.0 0.0 0.0
0.0 0.0 0.0
0.0 0.0 0.0
0.0 0.0 0.0
0.0 0.0 0.0
0.0 0.0 0.0
0.0 0.0 0.0
0.0 0.0 0.0
0.0 0.0 0.0
0.0 0.0 0.0
0.0 0.0 0.0
0.0 0.0 0.0
0.0 0.0 0.0
0.0 0.0 0.0
0.0 0.0 0.0
0.0 0.0 0.0
0.0 0.0 0.0
0.0 0.0 0.0
0.0 0.0 0.0
0.0 0.0 0.0
0.0 0.0 0.0
0.0 0.0 0.0
0.0 0.0 0.0
0.0 0.0 0.0
0.0 0.0 0.0
0.0 0.0 0.0
0.0 0.0 0.0
0.0 0.0 0.0
0.0 0.0 0.0
0.0 0.0 0.0
0.0 0.0 0.0
0.0 0.0 0.0
0.0 0.0 0.0
0.0 0.0 0.0
0.0 0.0 0.0
0.0 0.0 0.0
0.0 0.0 0.0
0.0 0.0 0.0
0.0 0.0 0.0
0.0 0.0 0.0
0.0 0.0 0.0
0.0 0.0 0.0
0.0 0.0 0.0
0.0 0.0 0.0
0.0 0.0 0.0
0.0 0.0 0.0
0.0 0.0 0.0
0.0 0.0 0.0
0.0 0.0 0.0
0.0 0.0 0.0
0.0 0.0 0.0
0.0 0.0 0.0
0.0 0.0 0.0
0.0 0.0 0.0
0.0 0.0 0.0
0.0 0.0 0.0
0.0 0.0 0.0
0.0 0.0 0.0
0.0 0.0 0.0
0.0 0.0 0.0
0.0 0.0 0.0
0.0 0.0 0.0
0.0 0.0 0.0
0.0 0.0 0.0
0.0 0.0 0.0
0.0 0.0 0.0
0.0 0.0 0.0
0.0 0.0 0.0
0.0 0.0 0.0
0.0 0.0 0.0
0.0 0.0 0.0
0.0 0.0 0.0
0.0 0.0 0.0
0.0 0.0 0.0
0.0 0.0 0.0
0.0 0.0 0.0
0.0 0.0 0.0
0.0 0.0 0.0
0.0 0.0 0.0
0.0 0.0 0.0
0.0 0.0 0.0
0.0 0.0 0.0
0.0 0.0 0.0
0.0 0.0 0.0
0.0 0.0 0.0
0.0 0.0 0.0
0.0 0.0 0.0
0.0 0.0 0.0
0.0 0.0 0.0
0.0 0.0 0.0
0.0 0.0 0.0
0.0 0.0 0.0
0.0 0.0 0.0
0.0 0.0 0.0
0.0 0.0 0.0
0.0 0.0 0.0
0.0 0.0 0.0
0.0 0.0 0.0
0.0 0.0 0.0
0.0 0.0 0.0
0.0 0.0 0.0
0.0 0.0 0.0
0.0 0.0 0.0
0.0 0.0 0.0
0.0 0.0 0.0
0.0 0.0 0.0
0.0 0.0 0.0
0.0 0.0 0.0
0.0 0.0 0.0
0.0 0.0 0.0
0.0 0.0 0.0
0.0 0.0 0.0
0.0 0.0 0.0
0.0 0.0 0.0
0.0 0.0 0.0
0.0 0.0 0.0
0.0 0.0 0.0
0.0 0.0 0.0
0.0 0.0 0.0
0.0 0.0 0.0
0.0 0.0 0.0
0.0 0.0 0.0
0.0 0.0 0.0
0.0 0.0 0.0
0.0 0.0 0.0
0.0 0.0 0.0
0.0 0.0 0.0
0.0 0.0 0.0
0.0 0.0 0.0
0.0 0.0 0.0
0.0 0.0 0.0
0.0 0.0 0.0
0.0 0.0 0.0
0.0 0.0 0.0
0.0 0.0 0.0
0.0 0.0 0.0
0.0 0.0 0.0
0.0 0.0 0.0
0.0 0.0 0.0
0.0 0.0 0.0
0.0 0.0 0.0
0.0 0.0 0.0
0.0 0.0 0.0
0.0 0.0 0.0
0.0 0.0 0.0
0.0 0.0 0.0
0.0 0.0 0.0
0.0 0.0 0.0
0.0 0.0 0.0
0.0 0.0 0.0
0.0 0.0 0.0
0.0 0.0 0.0
0.0 0.0 0.0
0.0 0.0 0.0
0.0 0.0 0.0
0.0 0.0 0.0
0.0 0.0 0.0
0.0 0.0 0.0
0.0 0.0 0.0
0.0 0.0 0.0
0.0 0.0 0.0
0.0 0.0 0.0
0.0 0.0 0.0
0.0 0.0 0.0
0.0 0.0 0.0
0.0 0.0 0.0
0.0 0.0 0.0
0.0 0.0 0.0
0.0 0.0 0.0
0.0 0.0 0.0
0.0 0.0 0.0
0.0 0.0 0.0
0.0 0.0 0.0
0.0 0.0 0.0
0.0 0.0 0.0
0.0 0.0 0.0
0.0 0.0 0.0
0.0 0.0 0.0
0.0 0.0 0.0
0.0 0.0 0.0
0.0 0.0 0.0
0.0 0.0 0.0
0.0 0.0 0.0
0.0 0.0 0.0
0.0 0.0 0.0
0.0 0.0 0.0
0.0 0.0 0.0
0.0 0.0 0.0
0.0 0.0 0.0
0.0 0.0 0.0
0.0 0.0 0.0
0.0 0.0 0.0
0.0 0.0 0.0
0.0 0.0 0.0
0.0 0.0 0.0
0.0 0.0 0.0
0.0 0.0 0.0
0.0 0.0 0.0
0.0 0.0 0.0
0.0 0.0 0.0
0.0 0.0 0.0
0.0 0.0 0.0
0.0 0.0 0.0
0.0 0.0 0.0
0.0 0.0 0.0
0.0 0.0 0.0
0.0 0.0 0.0
0.0 0.0 0.0
0.0 0.0 0.0
0.0 0.0 0.0
0.0 0.0 0.0
0.0 0.0 0.0
0.0 0.0 0.0
0.0 0.0 0.0
0.0 0.0 0.0
0.0 0.0 0.0
0.0 0.0 0.0
0.0 0.0 0.0
0.0 0.0 0.0
0.0 0.0 0.0
0.0 0.0 0.0
0.0 0.0 0.0
0.0 0.0 0.0
0.0 0.0 0.0
0.0 0.0 0.0
0.0 0.0 0.0
0.0 0.0 0.0
0.0 0.0 0.0
0.0 0.0 0.0
0.0 0.0 0.0
0.0 0.0 0.0
0.0 0.0 0.0
0.0 0.0 0.0
0.0 0.0 0.0
0.0 0.0 0.0
0.0 0.0 0.0
0.0 0.0 0.0
0.0 0.0 0.0
0.0 0.0 0.0
0.0 0.0 0.0
0.0 0.0 0.0
0.0 0.0 0.0
0.0 0.0 0.0
0.0 0.0 0.0
0.0 0.0 0.0
0.0 0.0 0.0
0.0 0.0 0.0
0.0 0.0 0.0
0.0 0.0 0.0
0.0 0.0 0.0
0.0 0.0 0.0
0.0 0.0 0.0
0.0 0.0 0.0
0.0 0.0 0.0
0.0 0.0 0.0
0.0 0.0 0.0
0.0 0.0 0.0
0.0 0.0 0.0
0.0 0.0 0.0
0.0 0.0 0.0
0.0 0.0 0.0
0.0 0.0 0.0
0.0 0.0 0.0
0.0 0.0 0.0
0.0 0.0 0.0
0.0 0.0 0.0
0.0 0.0 0.0
0.0 0.0 0.0
0.0 0.0 0.0
0.0 0.0 0.0
0.0 0.0 0.0
0.0 0.0 0.0
0.0 0.0 0.0
0.0 0.0 0.0
0.0 0.0 0.0
0.0 0.0 0.0
0.0 0.0 0.0
0.0 0.0 0.0
0.0 0.0 0.0
0.0 0.0 0.0
0.0 0.0 0.0
0.0 0.0 0.0
0.0 0.0 0.0
0.0 0.0 0.0
0.0 0.0 0.0
0.0 0.0 0.0
0.0 0.0 0.0
0.0 0.0 0.0
0.0 0.0 0.0
0.0 0.0 0.0
0.0 0.0 0.0
0.0 0.0 0.0
0.0 0.0 0.0
0.0 0.0 0.0
0.0 0.0 0.0
0.0 0.0 0.0
0.0 0.0 0.0
0.0 0.0 0.0
0.0 0.0 0.0
0.0 0.0 0.0
0.0 0.0 0.0
0.0 0.0 0.0
0.0 0.0 0.0
0.0 0.0 0.0
0.0 0.0 0.0
0.0 0.0 0.0
0.0 0.0 0.0
0.0 0.0 0.0
0.0 0.0 0.0
0.0 0.0 0.0
0.0 0.0 0.0
0.0 0.0 0.0
0.0 0.0 0.0
0.0 0.0 0.0
0.0 0.0 0.0
0.0 0.0 0.0
0.0 0.0 0.0
0.0 0.0 0.0
0.0 0.0 0.0
0.0 0.0 0.0
0.0 0.0 0.0
0.0 0.0 0.0
0.0 0.0 0.0
0.0 0.0 0.0
0.0 0.0 0.0
0.0 0.0 0.0
0.0 0.0 0.0
0.0 0.0 0.0
0.0 0.0 0.0
0.0 0.0 0.0
0.0 0.0 0.0
0.0 0.0 0.0
0.0 0.0 0.0
0.0 0.0 0.0
0.0 0.0 0.0
0.0 0.0 0.0
0.0 0.0 0.0
0.0 0.0 0.0
0.0 0.0 0.0
0.0 0.0 0.0
0.0 0.0 0.0
0.0 0.0 0.0
0.0 0.0 0.0
0.0 0.0 0.0
0.0 0.0 0.0
0.0 0.0 0.0
0.0 0.0 0.0
0.0 0.0 0.0
0.0 0.0 0.0
0.0 0.0 0.0
0.0 0.0 0.0
0.0 0.0 0.0
0.0 0.0 0.0
0.0 0.0 0.0
0.0 0.0 0.0
0.0 0.0 0.0
0.0 0.0 0.0
0.0 0.0 0.0
0.0 0.0 0.0
0.0 0.0 0.0
0.0 0.0 0.0
0.0 0.0 0.0
0.0 0.0 0.0
0.0 0.0 0.0
0.0 0.0 0.0
0.0 0.0 0.0
0.0 0.0 0.0
0.0 0.0 0.0
0.0 0.0 0.0
0.0 0.0 0.0
0.0 0.0 0.0
0.0 0.0 0.0
0.0 0.0 0.0
0.0 0.0 0.0
0.0 0.0 0.0
0.0 0.0 0.0
0.0 0.0 0.0
0.0 0.0 0.0
0.0 0.0 0.0
0.0 0.0 0.0
0.0 0.0 0.0
0.0 0.0 0.0
0.0 0.0 0.0
0.0 0.0 0.0
0.0 0.0 0.0
0.0 0.0 0.0
0.0 0.0 0.0
0.0 0.0 0.0
0.0 0.0 0.0
0.0 0.0 0.0
0.0 0.0 0.0
0.0 0.0 0.0
0.0 0.0 0.0
0.0 0.0 0.0
0.0 0.0 0.0
0.0 0.0 0.0
0.0 0.0 0.0
0.0 0.0 0.0
0.0 0.0 0.0
0.0 0.0 0.0
0.0 0.0 0.0
0.0 0.0 0.0
0.0 0.0 0.0
0.0 0.0 0.0
0.0 0.0 0.0
0.0 0.0 0.0
0.0 0.0 0.0
0.0 0.0 0.0
0.0 0.0 0.0
0.0 0.0 0.0
0.0 0.0 0.0
0.0 0.0 0.0
0.0 0.0 0.0
0.0 0.0 0.0
0.0 0.0 0.0
0.0 0.0 0.0
0.0 0.0 0.0
0.0 0.0 0.0
0.0 0.0 0.0
0.0 0.0 0.0
0.0 0.0 0.0
0.0 0.0 0.0
0.0 0.0 0.0
0.0 0.0 0.0
0.0 0.0 0.0
0.0 0.0 0.0
0.0 0.0 0.0
0.0 0.0 0.0
0.0 0.0 0.0
0.0 0.0 0.0
0.0 0.0 0.0
0.0 0.0 0.0
0.0 0.0 0.0
0.0 0.0 0.0
0.0 0.0 0.0
0.0 0.0 0.0
0.0 0.0 0.0
0.0 0.0 0.0
0.0 0.0 0.0
0.0 0.0 0.0
0.0 0.0 0.0
0.0 0.0 0.0
0.0 0.0 0.0
0.0 0.0 0.0
0.0 0.0 0.0
0.0 0.0 0.0
0.0 0.0 0.0
0.0 0.0 0.0
0.0 0.0 0.0
0.0 0.0 0.0
0.0 0.0 0.0
0.0 0.0 0.0
0.0 0.0 0.0
0.0 0.0 0.0
0.0 0.0 0.0
0.0 0.0 0.0
0.0 0.0 0.0
0.0 0.0 0.0
0.0 0.0 0.0
0.0 0.0 0.0
0.0 0.0 0.0
0.0 0.0 0.0
0.0 0.0 0.0
0.0 0.0 0.0
0.0 0.0 0.0
0.0 0.0 0.0
0.0 0.0 0.0
0.0 0.0 0.0
0.0 0.0 0.0
0.0 0.0 0.0
0.0 0.0 0.0
0.0 0.0 0.0
0.0 0.0 0.0
0.0 0.0 0.0
0.0 0.0 0.0
0.0 0.0 0.0
0.0 0.0 0.0
0.0 0.0 0.0
0.0 0.0 0.0
0.0 0.0 0.0
0.0 0.0 0.0
0.0 0.0 0.0
0.0 0.0 0.0
0.0 0.0 0.0
0.0 0.0 0.0
0.0 0.0 0.0
0.0 0.0 0.0
0.0 0.0 0.0
0.0 0.0 0.0
0.0 0.0 0.0
0.0 0.0 0.0
0.0 0.0 0.0
0.0 0.0 0.0
0.0 0.0 0.0
0.0 0.0 0.0
0.0 0.0 0.0
0.0 0.0 0.0
0.0 0.0 0.0
0.0 0.0 0.0
0.0 0.0 0.0
0.0 0.0 0.0
0.0 0.0 0.0
0.0 0.0 0.0
0.0 0.0 0.0
0.0 0.0 0.0
0.0 0.0 0.0
0.0 0.0 0.0
0.0 0.0 0.0
0.0 0.0 0.0
0.0 0.0 0.0
0.0 0.0 0.0
0.0 0.0 0.0
0.0 0.0 0.0
0.0 0.0 0.0
0.0 0.0 0.0
0.0 0.0 0.0
0.0 0.0 0.0
0.0 0.0 0.0
0.0 0.0 0.0
0.0 0.0 0.0
0.0 0.0 0.0
0.0 0.0 0.0
0.0 0.0 0.0
0.0 0.0 0.0
0.0 0.0 0.0
0.0 0.0 0.0
0.0 0.0 0.0
0.0 0.0 0.0
0.0 0.0 0.0
0.0 0.0 0.0
0.0 0.0 0.0
0.0 0.0 0.0
0.0 0.0 0.0
0.0 0.0 0.0
0.0 0.0 0.0
0.0 0.0 0.0
0.0 0.0 0.0
0.0 0.0 0.0
0.0 0.0 0.0
0.0 0.0 0.0
0.0 0.0 0.0
0.0 0.0 0.0
0.0 0.0 0.0
0.0 0.0 0.0
0.0 0.0 0.0
0.0 0.0 0.0
0.0 0.0 0.0
0.0 0.0 0.0
0.0 0.0 0.0
0.0 0.0 0.0
0.0 0.0 0.0
0.0 0.0 0.0
0.0 0.0 0.0
0.0 0.0 0.0
0.0 0.0 0.0
0.0 0.0 0.0
0.0 0.0 0.0
0.0 0.0 0.0
0.0 0.0 0.0
0.0 0.0 0.0
0.0 0.0 0.0
0.0 0.0 0.0
0.0 0.0 0.0
0.0 0.0 0.0
0.0 0.0 0.0
0.0 0.0 0.0
0.0 0.0 0.0
0.0 0.0 0.0
0.0 0.0 0.0
0.0 0.0 0.0
0.0 0.0 0.0
0.0 0.0 0.0
0.0 0.0 0.0
0.0 0.0 0.0
0.0 0.0 0.0
0.0 0.0 0.0
0.0 0.0 0.0
0.0 0.0 0.0
0.0 0.0 0.0
0.0 0.0 0.0
0.0 0.0 0.0
0.0 0.0 0.0
0.0 0.0 0.0
0.0 0.0 0.0
0.0 0.0 0.0
0.0 0.0 0.0
0.0 0.0 0.0
0.0 0.0 0.0
0.0 0.0 0.0
0.0 0.0 0.0
0.0 0.0 0.0
0.0 0.0 0.0
0.0 0.0 0.0
0.0 0.0 0.0
0.0 0.0 0.0
0.0 0.0 0.0
0.0 0.0 0.0
0.0 0.0 0.0
0.0 0.0 0.0
0.0 0.0 0.0
0.0 0.0 0.0
0.0 0.0 0.0
0.0 0.0 0.0
0.0 0.0 0.0
0.0 0.0 0.0
0.0 0.0 0.0
0.0 0.0 0.0
0.0 0.0 0.0
0.0 0.0 0.0
0.0 0.0 0.0
0.0 0.0 0.0
0.0 0.0 0.0
0.0 0.0 0.0
0.0 0.0 0.0
0.0 0.0 0.0
0.0 0.0 0.0
0.0 0.0 0.0
0.0 0.0 0.0
0.0 0.0 0.0
0.0 0.0 0.0
0.0 0.0 0.0
0.0 0.0 0.0
0.0 0.0 0.0
0.0 0.0 0.0
0.0 0.0 0.0
0.0 0.0 0.0
0.0 0.0 0.0
0.0 0.0 0.0
0.0 0.0 0.0
0.0 0.0 0.0
0.0 0.0 0.0
0.0 0.0 0.0
0.0 0.0 0.0
0.0 0.0 0.0
0.0 0.0 0.0
0.0 0.0 0.0
0.0 0.0 0.0
0.0 0.0 0.0
0.0 0.0 0.0
0.0 0.0 0.0
0.0 0.0 0.0
0.0 0.0 0.0
0.0 0.0 0.0
0.0 0.0 0.0
0.0 0.0 0.0
0.0 0.0 0.0
0.0 0.0 0.0
0.0 0.0 0.0
0.0 0.0 0.0
0.0 0.0 0.0
0.0 0.0 0.0
0.0 0.0 0.0
0.0 0.0 0.0
0.0 0.0 0.0
0.0 0.0 0.0
0.0 0.0 0.0
0.0 0.0 0.0
0.0 0.0 0.0
0.0 0.0 0.0
0.0 0.0 0.0
0.0 0.0 0.0
0.0 0.0 0.0
0.0 0.0 0.0
0.0 0.0 0.0
0.0 0.0 0.0
0.0 0.0 0.0
0.0 0.0 0.0
0.0 0.0 0.0
0.0 0.0 0.0
0.0 0.0 0.0
0.0 0.0 0.0
0.0 0.0 0.0
0.0 0.0 0.0
0.0 0.0 0.0
0.0 0.0 0.0
0.0 0.0 0.0
0.0 0.0 0.0
0.0 0.0 0.0
0.0 0.0 0.0
0.0 0.0 0.0
0.0 0.0 0.0
0.0 0.0 0.0
0.0 0.0 0.0
0.0 0.0 0.0
0.0 0.0 0.0
0.0 0.0 0.0
0.0 0.0 0.0
0.0 0.0 0.0
0.0 0.0 0.0
0.0 0.0 0.0
0.0 0.0 0.0
0.0 0.0 0.0
0.0 0.0 0.0
0.0 0.0 0.0
0.0 0.0 0.0
0.0 0.0 0.0
0.0 0.0 0.0
0.0 0.0 0.0
0.0 0.0 0.0
0.0 0.0 0.0
0.0 0.0 0.0
0.0 0.0 0.0
0.0 0.0 0.0
0.0 0.0 0.0
0.0 0.0 0.0
0.0 0.0 0.0
0.0 0.0 0.0
0.0 0.0 0.0
0.0 0.0 0.0
0.0 0.0 0.0
0.0 0.0 0.0
0.0 0.0 0.0
0.0 0.0 0.0
0.0 0.0 0.0
0.0 0.0 0.0
0.0 0.0 0.0
0.0 0.0 0.0
0.0 0.0 0.0
0.0 0.0 0.0
0.0 0.0 0.0
0.0 0.0 0.0
0.0 0.0 0.0
0.0 0.0 0.0
0.0 0.0 0.0
0.0 0.0 0.0
0.0 0.0 0.0
0.0 0.0 0.0
0.0 0.0 0.0
0.0 0.0 0.0
0.0 0.0 0.0
0.0 0.0 0.0
0.0 0.0 0.0
0.0 0.0 0.0
0.0 0.0 0.0
0.0 0.0 0.0
0.0 0.0 0.0
0.0 0.0 0.0
0.0 0.0 0.0
0.0 0.0 0.0
0.0 0.0 0.0
0.0 0.0 0.0
0.0 0.0 0.0
0.0 0.0 0.0
0.0 0.0 0.0
0.0 0.0 0.0
0.0 0.0 0.0
0.0 0.0 0.0
0.0 0.0 0.0
0.0 0.0 0.0
0.0 0.0 0.0
0.0 0.0 0.0
0.0 0.0 0.0
0.0 0.0 0.0
0.0 0.0 0.0
0.0 0.0 0.0
0.0 0.0 0.0
0.0 0.0 0.0
0.0 0.0 0.0
0.0 0.0 0.0
0.0 0.0 0.0
0.0 0.0 0.0
0.0 0.0 0.0
0.0 0.0 0.0
0.0 0.0 0.0
0.0 0.0 0.0
0.0 0.0 0.0
0.0 0.0 0.0
0.0 0.0 0.0
0.0 0.0 0.0
0.0 0.0 0.0
0.0 0.0 0.0
0.0 0.0 0.0
0.0 0.0 0.0
0.0 0.0 0.0
0.0 0.0 0.0
0.0 0.0 0.0
0.0 0.0 0.0
0.0 0.0 0.0
0.0 0.0 0.0
0.0 0.0 0.0
0.0 0.0 0.0
0.0 0.0 0.0
0.0 0.0 0.0
0.0 0.0 0.0
0.0 0.0 0.0
0.0 0.0 0.0
0.0 0.0 0.0
0.0 0.0 0.0
0.0 0.0 0.0
0.0 0.0 0.0
0.0 0.0 0.0
0.0 0.0 0.0
0.0 0.0 0.0
0.0 0.0 0.0
0.0 0.0 0.0
0.0 0.0 0.0
0.0 0.0 0.0
0.0 0.0 0.0
0.0 0.0 0.0
0.0 0.0 0.0
0.0 0.0 0.0
0.0 0.0 0.0
0.0 0.0 0.0
0.0 0.0 0.0
0.0 0.0 0.0
0.0 0.0 0.0
0.0 0.0 0.0
0.0 0.0 0.0
0.0 0.0 0.0
0.0 0.0 0.0
0.0 0.0 0.0
0.0 0.0 0.0
0.0 0.0 0.0
0.0 0.0 0.0
0.0 0.0 0.0
0.0 0.0 0.0
0.0 0.0 0.0
0.0 0.0 0.0
0.0 0.0 0.0
0.0 0.0 0.0
0.0 0.0 0.0
0.0 0.0 0.0
0.0 0.0 0.0
0.0 0.0 0.0
0.0 0.0 0.0
0.0 0.0 0.0
0.0 0.0 0.0
0.0 0.0 0.0
0.0 0.0 0.0
0.0 0.0 0.0
0.0 0.0 0.0
0.0 0.0 0.0
0.0 0.0 0.0
0.0 0.0 0.0
0.0 0.0 0.0
0.0 0.0 0.0
