# vtk DataFile Version 3.0
SUBOFF ice impact; physical displacement scale 1
ASCII
DATASET UNSTRUCTURED_GRID
POINTS 1346 double
0.06597829000737744 0.08347776995211764 -0.0830268327252547
0.06601986891046598 0.09818745992271045 -0.06513211462273984
0.06602051116217536 0.10909348285384907 -0.044721542566695374
0.06602095649252389 0.11580864910976743 -0.02257747758381767
0.06602123276354195 0.1180760833432745 0.00045101632199182046
0.0660213010208673 0.11580856262103682 0.023479503460908914
0.06602121829243512 0.10909342688534607 0.045623577377126905
0.06602084503367217 0.09818734278646263 0.06603411750396015
0.0659794454634802 0.08347776296236105 0.08392892984822414
0.0660210855052314 0.06558293776800239 0.09863848001736492
0.06602157951439404 0.04517248087126062 0.1095446954377778
0.066021743233453 0.023028456084398557 0.1162599335908058
0.0660218090372519 -3.7044002962879403e-11 0.11852756138631343
0.0660217426574698 -0.023028456223157398 0.11625993432914072
0.06602157998355339 -0.04517248059880259 0.10954469489224895
0.0660210855210824 -0.06558293772258117 0.09863847993677574
0.06597944544941219 -0.0834777629835038 0.08392892989214173
0.06602084519370005 -0.09818734262896672 0.06603411741263555
0.06602121786741759 -0.10909342731008388 0.045623577632668194
0.06602130156928701 -0.11580856196545658 0.023479503381282265
0.06602123278327719 -0.1180760833012214 0.00045101628607205335
0.0660209559427818 -0.11580864984375891 -0.022577477737325703
0.06602051148988154 -0.10909348266858017 -0.04472154247775581
0.06601986880364423 -0.09818745997342716 -0.06513211469303495
0.06597829005233836 -0.08347776998682063 -0.08302683276750406
0.06601964835377275 -0.06558304956567267 -0.09773652161298572
0.0660200628145554 -0.045172491544751045 -0.10864254617008162
0.06602026478379003 -0.023028467327035278 -0.11535777681533296
0.06602031188335787 3.04839620807097e-11 -0.11762521297399625
0.06602026418160029 0.023028467440234835 -0.11535777738862603
0.06602006345895137 0.045172491192612824 -0.10864254539616781
0.06601964808349935 0.06558304963211622 -0.09773652166487982
0.1984873961101773 0.12343325307014522 -0.1229832735077927
0.1984875092496512 0.1451421352281 -0.09653088034735086
0.19848766325142084 0.16127334449876818 -0.06635158699288342
0.19848789511426332 0.17120676594825177 -0.03360508752000661
0.1984880996892106 0.1745607997071689 0.0004501196925684701
0.19848836595168243 0.17120666219168482 0.03450532368580733
0.19848860868908522 0.16127294700308126 0.06725176009873342
0.1984888044293959 0.1451419283049757 0.09743120253461467
0.19848887292423642 0.12343321113629024 0.1238837990177248
0.19848888453798652 0.09698099443209265 0.14559298893505795
0.1984890097831649 0.06680155593330582 0.1617240315898687
0.19848900536654482 0.034055190335125864 0.1716580074922071
0.19848886453600287 -1.213873285960462e-11 0.17501232695598148
0.19848900552211612 -0.0340551903597624 0.17165800766025965
0.19848900967440067 -0.06680155585384323 0.1617240314326377
0.19848888458611139 -0.09698099450123637 0.14559298902313386
0.19848887287149336 -0.12343321119966788 0.12388379907923719
0.19848880445288625 -0.14514192815653976 0.09743120240353423
0.19848860873360755 -0.16127294726549463 0.06725176018167518
0.19848836583941 -0.17120666205289556 0.034505323650474706
0.19848809967372788 -0.1745607998003109 0.0004501196737412644
0.1984878952914689 -0.1712067659900724 -0.033605087505079026
0.19848766310561464 -0.16127334428585607 -0.06635158688584794
0.1984875092983771 -0.14514213537920967 -0.0965308804408342
0.19848739602409685 -0.12343325313454685 -0.12298327354690654
0.19848732527865443 -0.09698084657926845 -0.14469210719784878
0.19848726713312956 -0.06680158661289462 -0.16082329044444243
0.19848725720022337 -0.03405513665718046 -0.1707567121210796
0.19848723643860028 6.13413437853588e-12 -0.1741108953859512
0.19848725737755926 0.03405513667694384 -0.1707567123288664
0.19848726698521518 0.06680158653293 -0.16082329023367511
0.19848732532510238 0.09698084673952849 -0.14469210741101435
0.3310254306733327 0.1416977588757041 -0.14124841138394006
0.3310254612155284 0.1666190582379066 -0.11088203073080109
0.3310255888655407 0.18513712538507102 -0.07623713474930953
0.33102571374098483 0.19654045228614248 -0.03864521771066162
0.33102595857794304 0.2003907402662614 0.00044907432373118833
0.3310261935797518 0.19653996239507676 0.03954333189320923
0.3310265509693327 0.18513628347330757 0.07713517527541455
0.331026794945682 0.1666179999019584 0.11177999626913346
0.3310270517511772 0.14169710570321065 0.1421467432917681
0.3310272049186491 0.11133070828867692 0.1670680256691804
0.33102729122685326 0.0766860098670851 0.18558644164936358
0.3310272544160308 0.0390942218429487 0.19699016641977396
0.33102731465240376 1.0876461284425318e-11 0.2008411144819812
0.33102725431790686 -0.03909422185893483 0.1969901665274706
0.3310272913677 -0.07668600981902715 0.18558644151896916
0.3310272048184468 -0.111330708326559 0.16706802571942997
0.3310270517762375 -0.14169710573347652 0.14214674333244112
0.33102679498467785 -0.16661799976189515 0.11177999618411896
0.3310265509442289 -0.18513628358345235 0.07713517532593155
0.33102619364294783 -0.19653996224882858 0.039543331867041
0.33102595854660893 -0.20039074028829032 0.00044907432108313647
0.33102571361503597 -0.19654045234635814 -0.038645217745290575
0.33102558902028006 -0.18513712539249816 -0.07623713477380009
0.33102546112528725 -0.16661905819001815 -0.11088203070891423
0.33102543070761503 -0.1416977588931005 -0.14124841140846997
0.33102536630934737 -0.11133120846023868 -0.16616952918093786
0.3310254095643882 -0.07668618716760574 -0.18468742101400895
0.33102538262231324 -0.0390942810170802 -0.19609080626802086
0.33102542208951447 -9.47774542933132e-12 -0.19994114464793075
0.3310253824955668 0.039094281017820275 -0.19609080631814751
0.33102540967897437 0.07668618710717245 -0.18468742089944978
0.33102536630310914 0.11133120846742221 -0.16616952921329772
0.4636890798628039 0.15445693974648902 -0.15400780679370857
0.4636891140458252 0.18162234823631002 -0.12090718849140276
0.4636891176014896 0.2018081926155033 -0.08314289261095381
0.4636892089396134 0.21423851662812898 -0.04216608833780987
0.4636892816455729 0.21843586805921833 0.00044839948488193206
0.4636894855167298 0.2142384254381487 0.0430628682041082
0.46368968976105035 0.20180781037852122 0.0840395824398381
0.4636901187438061 0.18162170243173142 0.1218037715925401
0.46369047808398295 0.15445609961383597 0.1549042962394477
0.4636908418703347 0.12135536052440124 0.18206966786264392
0.4636909667888134 0.08359124242144579 0.20225600113422126
0.4636910822261405 0.04261453877385227 0.21468677154537177
0.46369111975951605 -1.7025710722337993e-12 0.21888350560317388
0.4636910822525027 -0.042614538753189796 0.2146867714940563
0.46369096674573573 -0.08359124245336662 0.2022560012123936
0.46369084190678933 -0.12135536049471035 0.18206966780317277
0.463690478090569 -0.15445609961795326 0.1549042962372222
0.4636901187027371 -0.181621702495374 0.1218037716291613
0.4636896898145446 -0.20180781035659723 0.08403958242829566
0.463689485469727 -0.21423842551966318 0.043062868224307695
0.46368928166096507 -0.21843586802572348 0.000448399485453219
0.4636892089723974 -0.21423851658855095 -0.04216608831956196
0.4636891175586499 -0.20180819259845867 -0.08314289259834556
0.4636891140707786 -0.18162234823888668 -0.12090718849594431
0.4636890798345635 -0.15445693977543376 -0.15400780680821907
0.4636891061329424 -0.12135598836740079 -0.18117281168659366
0.4636890687503125 -0.08359138759040269 -0.201358092713726
0.4636890758603048 -0.04261451905567364 -0.21378824724524323
0.4636890610211603 1.3247598768559717e-11 -0.2179852890515326
0.46368907592532854 0.04261451906596504 -0.21378824725074894
0.46368906869643955 0.08359138759965597 -0.20135809273723104
0.46368910611721614 0.12135598840563895 -0.18117281174519448
0.596373988570441 0.16500248340652954 -0.16455348939053804
0.5963740520375238 0.1940223788865182 -0.12919274110695278
0.5963740233819131 0.21558660688145082 -0.08885016240544319
0.5963740098510859 0.228866198197417 -0.045075832143624116
0.5963740491473721 0.23335011698235736 0.0004481571293625711
0.5963740504758438 0.22886717394659536 0.04597225063960047
0.5963741925551164 0.21558822288302365 0.08974678521354985
0.5963743961699274 0.1940241205305409 0.13008944355842794
0.5963748719973961 0.16500304725665527 0.16544927601997325
0.596375458855975 0.12964127254347765 0.19446799034618767
0.5963760050543377 0.0892981726322802 0.21603127468767933
0.596376296689155 0.04552384854573139 0.2293109117373521
0.5963762368085118 4.324860854283535e-12 0.23379624095901655
0.5963762967019883 -0.04552384855870187 0.22931091178203789
0.5963760050169927 -0.08929817260634289 0.21603127461251945
0.5963754589063331 -0.12964127258637562 0.19446799041444027
0.5963748719758486 -0.1650030472411193 0.1654492760062104
0.5963743961830931 -0.19402412048690462 0.13008944353585108
0.5963741925252525 -0.21558822287576282 0.08974678521118576
0.5963740505352269 -0.22886717391231387 0.04597225062913216
0.5963740491073488 -0.23335011698454222 0.00044815712772770463
0.5963740098653505 -0.22886619825277177 -0.04507583216315104
0.5963740233817042 -0.2155866068826672 -0.08885016241205158
0.5963740520345555 -0.19402237888933946 -0.12919274111230503
0.5963739885791987 -0.16500248337251122 -0.16455348936270078
0.5963740120187049 -0.12964125566202137 -0.19357276076551938
0.5963739318463049 -0.0892985121983251 -0.21513653502047003
0.5963739226985634 -0.045523953853319275 -0.22841511607090562
0.596373902341083 -8.105489822683923e-12 -0.2328988421823418
0.5963739226795889 0.04552395384486609 -0.22841511605830464
0.596373931880547 0.08929851219426858 -0.21513653501267876
0.5963740120124641 0.12964125561833517 -0.19357276070316587
0.7290483119254851 0.17302138145742355 -0.1725725784479001
0.7290482669296394 0.20345220939910916 -0.13549369174958542
0.7290483535728104 0.22606392107514311 -0.09319014086702317
0.7290483211397905 0.23998887012474757 -0.04728832523023356
0.7290482713318104 0.24469159640455274 0.00044811877138857905
0.7290483257049435 0.23999037720726438 0.048184758745448905
0.7290483423083298 0.22606720739352662 0.09408721768625823
0.7290483016529521 0.20345656799472983 0.1363914550207392
0.7290484857964815 0.17302593638204558 0.17347064291026607
0.7290490380266145 0.13594483075173106 0.2038989335798068
0.7290499775159106 0.09363955243590213 0.22650757361470206
0.7290508680009915 0.04773674620866669 0.2404294540538922
0.729051446708137 -3.314659262452e-12 0.24512958405935187
0.7290508679493846 -0.047736746200853365 0.2404294540237927
0.7290499775645414 -0.09363955244948753 0.22650757366589563
0.7290490380045224 -0.1359448307181342 0.20389893353394598
0.7290484858069485 -0.17302593638772681 0.1734706429133335
0.7290483016496786 -0.20345656804764747 0.13639145505123584
0.729048342303406 -0.22606720739885358 0.09408721768907188
0.7290483257137291 -0.2399903772318962 0.048184758750025154
0.7290482713212436 -0.24469159641012966 0.0004481187733328356
0.729048321154639 -0.2399888700697127 -0.04728832521051858
0.729048353563377 -0.22606392106943796 -0.09319014085846873
0.7290482669394183 -0.20345220941160888 -0.13549369175352002
0.7290483119245623 -0.17302138146527007 -0.17257257845570137
0.7290482100982454 -0.13594201371750406 -0.2030027807836252
0.7290482086358951 -0.09363847901521194 -0.22561440506930963
0.7290482058339895 -0.04773641584522616 -0.2395382756501283
0.7290481560444623 3.065582131582276e-12 -0.24424020778881672
0.7290482058336958 0.047736415849631744 -0.23953827564407942
0.7290482086299332 0.09363847903464136 -0.22561440510950567
0.7290482101011809 0.13594201373776602 -0.20300278080644546
0.8617155603249502 0.177524767243356 -0.17707613706468814
0.8617155613120439 0.20874857397206933 -0.13903275873604043
0.8617155607988625 0.23194868116787085 -0.09562792006978578
0.8617156768922882 0.24623486997897537 -0.048530884648749176
0.8617155453251251 0.25106148755846824 0.0004480119784535017
0.8617155863603787 0.24623714969743152 0.04942718170745397
0.861715616489342 0.23195126215073808 0.09652442569161089
0.8617156982025197 0.20875280276342226 0.13993030772018666
0.8617154584090816 0.17753322644171898 0.17797736678424222
0.8617157426134926 0.13948909348537225 0.2092005479155881
0.8617167682819462 0.09608073941244531 0.2323944840286588
0.861718319301781 0.04898001085946478 0.2466690274016028
0.8617189353977441 -9.621414238719256e-13 0.25148564867790124
0.8617183193518884 -0.04898001086281843 0.24666902742287034
0.8617167682213552 -0.09608073939506429 0.23239448399035936
0.86171574265651 -0.13948909351689848 0.20920054796260543
0.861715458385362 -0.17753322643386962 0.177977366780269
0.8617156982079427 -0.20875280271188884 0.13993030768816941
0.8617156165102495 -0.2319512621434346 0.09652442569328822
0.8617155863355273 -0.24623714968056806 0.049427181704502304
0.8617155453424229 -0.25106148755537216 0.0004480119745110611
0.8617156768816412 -0.24623487002585465 -0.04853088466595982
0.8617155608063586 -0.23194868118171427 -0.09562792008048504
0.8617155613156828 -0.208748573956839 -0.1390327587265128
0.8617155603042279 -0.1775247672397078 -0.17707613706572975
0.8617154929719962 -0.13948105112044593 -0.2082995101204868
0.8617155298349335 -0.09607595240759469 -0.231499095866579
0.8617155559095517 -0.048978961468226875 -0.2457852908006776
0.8617155076169715 -1.0859219040215706e-12 -0.25061038768071314
0.8617155559046441 0.04897896146457672 -0.24578529080553616
0.8617155298487944 0.09607595238875061 -0.231499095826082
0.8617154929459273 0.13948105110896533 -0.20829951010234232
0.9944017697179816 0.1786405742413211 -0.17819199498347799
0.9944017508722766 0.21006041638017073 -0.13990932739123435
0.9944017336740012 0.23340784838589962 -0.09623247073835232
0.9944017615124561 0.24778213828633996 -0.04883888528735406
0.9944018005930767 0.25263900561362607 0.0004478893459401886
0.9944016308874125 0.247787533256467 0.04973521316186131
0.9944018714472068 0.23340778057343822 0.09712720738451151
0.9944018559567418 0.2100615181552107 0.14080479112968497
0.9944016946290372 0.17865277644878527 0.1790966800148756
0.9944018606783986 0.14037223774808155 0.21051922133060993
0.9944030287461865 0.09668768461759743 0.2338523750350988
0.9944040148408199 0.04928824921948655 0.24820763637671073
0.9944045666031808 2.5931886608210764e-12 0.2530504143437208
0.9944040148149323 -0.049288249219193656 0.24820763636508902
0.994403028786676 -0.09668768462636472 0.23385237505895864
0.9944018606464978 -0.14037223772389001 0.21051922129842596
0.9944016946355092 -0.1786527764517101 0.17909668001030032
0.9944018559681825 -0.21006151821507776 0.14080479117104377
0.9944018714401254 -0.23340778057026113 0.09712720737907385
0.9944016308793083 -0.24778753328169958 0.04973521316661763
0.994401800602555 -0.25263900560502894 0.0004478893499721895
0.9944017615049315 -0.24778213825622833 -0.048838885275516136
0.9944017336897635 -0.23340784836182488 -0.09623247072453894
0.9944017508550372 -0.21006041640324893 -0.13990932740754977
0.9944017697260286 -0.1786405742392978 -0.17819199497549731
0.9944017225479485 -0.14035803466608254 -0.2096119992606464
0.9944017572976145 -0.0966798109303926 -0.23295688094465722
0.9944017429098381 -0.04928677815465811 -0.24733284345622605
0.9944017485867921 2.4943191604453744e-12 -0.25218874894335275
0.9944017429201111 0.04928677815854114 -0.24733284344984288
0.9944017572925796 0.09667981095106258 -0.23295688098585512
0.9944017225488352 0.14035803467253052 -0.2096119992701818
1.1271147925182496 0.17864433043263078 -0.17819573966199484
1.1271147042766476 0.21006496115999654 -0.1399122867055338
1.1271147150506207 0.23341430392162152 -0.09623519969169383
1.1271147423603511 0.2477869996479722 -0.048839949635674285
1.1271146881993859 0.252644845410065 0.0004478774055525823
1.1271147323962534 0.2477957307515245 0.049736583325422044
1.1271147704740931 0.23341232658455877 0.09712866281037165
1.1271147680843687 0.2100644638130653 0.14080665587385408
1.127114789025637 0.1786610141848214 0.17910427872045317
1.12711523113605 0.1403806238185375 0.2105286648829552
1.1271158869568727 0.096691622073967 0.2338557501243799
1.1271165460807415 0.049289440406796926 0.24820560164272837
1.1271167458191398 -1.3739925613236714e-12 0.2530471900815543
1.1271165460749442 -0.04928944040629918 0.24820560165240552
1.1271158869698248 -0.09669162206813606 0.23385575010120943
1.1271152311151826 -0.14038062384591862 0.210528664917837
1.127114789053583 -0.1786610141728874 0.17910427872027984
1.12711476805435 -0.21006446376204502 0.14080665584013421
1.1271147704978288 -0.23341232657872096 0.097128662806912
1.1271147323865145 -0.24779573074347766 0.04973658332419471
1.127114688200984 -0.2526448454057005 0.00044787740345370025
1.127114742364317 -0.2477869996889882 -0.048839949648270625
1.1271147150449154 -0.23341430393367713 -0.09623519970005603
1.1271147042794651 -0.21006496114709355 -0.13991228669903236
1.1271147925267921 -0.17864433042708946 -0.17819573966112626
1.1271147111717725 -0.1403615728293975 -0.2096172051517725
1.1271147660694167 -0.0966817944914234 -0.23296150362620252
1.1271147147388911 -0.049287900245820034 -0.2473384827704347
1.1271147371253782 -2.914501855971033e-12 -0.252194217014422
1.1271147147550267 0.04928790024059682 -0.247338482772611
1.127114766043881 0.09668179447540105 -0.23296150359361323
1.127114711192168 0.14036157281743927 -0.2096172051357425
1.2598365520809152 0.1786434402358126 -0.17819473205228503
1.2598365413112587 0.21006564415785778 -0.13991266394945684
1.259836554710187 0.23341343884014143 -0.09623484116886882
1.2598365485264365 0.24778619515370612 -0.048839674321533966
1.25983649685462 0.2526458300306954 0.0004479256365686751
1.2598365964102218 0.24779470324447456 0.0497364070164813
1.2598365374112632 0.23341274302917414 0.09712892087753475
1.2598366001200967 0.2100672797414066 0.14080820754671328
1.2598368911186726 0.17866404736398556 0.1791060641265687
1.25983727634321 0.1403821717417103 0.21052875627236836
1.259837584286519 0.09669233488447397 0.23385443338041598
1.259837830945519 0.0492897460209505 0.24820319802201726
1.2598379632916514 -2.308659758316868e-13 0.25304241683369655
1.259837830962831 -0.04928974602034311 0.2482031980159333
1.2598375842558458 -0.09669233489096113 0.2338544334004632
1.2598372763747456 -0.14038217171479067 0.21052875623594902
1.2598368910964728 -0.17866404737733332 0.17910606412871702
1.2598366001330537 -0.21006727979306905 0.14080820758015178
1.2598365374015748 -0.23341274303541712 0.09712892088193523
1.259836596414741 -0.24779470324708458 0.049736407015865534
1.2598364968589355 -0.25264583003550406 0.00044792563965661246
1.2598365485115688 -0.2477861951151856 -0.04883967430982556
1.2598365547277866 -0.23341343882893797 -0.09623484116191053
1.2598365412950476 -0.21006564416920248 -0.13991266395326807
1.2598365520914385 -0.17864344024254308 -0.17819473205469016
1.2598365993519038 -0.14036170058961206 -0.20961738425223603
1.2598365373974054 -0.09668186581131152 -0.23296154554196177
1.2598366333444884 -0.04928768030204273 -0.24733745811134164
1.2598365203802822 6.73956398881129e-13 -0.25219507287451226
1.2598366333290725 0.04928768030884099 -0.24733745811201352
1.2598365374122058 0.0966818658254609 -0.23296154556948678
1.2598365993507588 0.14036170059998374 -0.209617384270122
1.392558448594559 0.1786430061223171 -0.17819411184036535
1.3925584518081577 0.21006604566695788 -0.13991280826734412
1.3925584462860794 0.23341247294828688 -0.09623430969100062
1.392558403291121 0.24778628406738507 -0.04883953675357743
1.3925583904451728 0.2526467798913387 0.0004478946554933189
1.3925584420055068 0.24779366255920424 0.04973611915585868
1.3925584726684668 0.2334146365398627 0.09712948572814144
1.392558654343789 0.2100701912792727 0.14080928869525694
1.3925589509585787 0.17866456530907399 0.17910516099803903
1.3925592148148214 0.1403812592637673 0.21052610781157471
1.392559281912266 0.09669190312451191 0.23385266777029248
1.3925592380072846 0.049289679804731576 0.24820245021347648
1.3925591890730906 9.755641848580709e-13 0.2530414322683849
1.3925592379889065 -0.04928967980747228 0.2482024502161807
1.3925592819379746 -0.09669190311892215 0.23385266775272887
1.392559214795945 -0.1403812592890347 0.21052610784850925
1.3925589509629968 -0.17866456529735755 0.1791051609935627
1.3925586543497013 -0.2100701912249966 0.1408092886603796
1.3925584726573603 -0.23341463653593358 0.09712948572464909
1.3925584420158676 -0.24779366255880936 0.049736119156582465
1.3925583904334458 -0.2526467798885332 0.0004478946519214332
1.3925584033075922 -0.24778628410061992 -0.04883953676344541
1.3925584462638354 -0.23341247296102538 -0.09623430969802274
1.3925584518306222 -0.2100660456552402 -0.139912808262713
1.3925584485761593 -0.1786430061169478 -0.17819411183792452
1.3925584482078983 -0.1403615700942865 -0.20961705154201452
1.3925584661284345 -0.09668186911861087 -0.23296139161982932
1.3925584382198173 -0.049287584775129484 -0.2473368696180355
1.3925584983213994 -6.21569828650057e-13 -0.2521950509508844
1.3925584382165046 0.049287584768112354 -0.24733686961586046
1.3925584661356876 0.09668186910436516 -0.23296139159548057
1.3925584481961095 0.14036157008577171 -0.20961705152534194
1.5252803441048455 0.1786434922876988 -0.17819446933914584
1.5252803772009245 0.21006556273366833 -0.13991235707435745
1.5252803346921024 0.2334133085280671 -0.09623456498590933
1.5252803311169398 0.24778714176489058 -0.04883977660904268
1.5252803792880316 0.25264748934767384 0.0004477053532545838
1.5252803943448867 0.24779562904588484 0.049736092737643345
1.5252805515985393 0.23341626546304325 0.09712937385740963
1.525280740708908 0.2100706809728806 0.1408085669298806
1.5252808734579577 0.17866367471560676 0.179103285596174
1.5252809619633272 0.1403795418203557 0.21052318403481438
1.5252809245287642 0.0966907948024006 0.2338508773821272
1.5252807927732532 0.049289406787447906 0.24820343654403854
1.5252806530076877 -1.7735890207342144e-12 0.2530449584555655
1.5252807927788399 -0.04928940678462941 0.2482034365436623
1.5252809245219978 -0.09669079480694259 0.23385087739772806
1.5252809619659988 -0.14037954179645665 0.210523183997053
1.5252808734586467 -0.17866367472768427 0.17910328560205924
1.5252807407065543 -0.21007068102754112 0.140808566964607
1.5252805516006853 -0.23341626546591376 0.09712937386046151
1.5252803943439068 -0.24779562904212094 0.04973609273680997
1.5252803792856962 -0.25264748935057335 0.0004477053563552459
1.5252803311198986 -0.24778714173379135 -0.04883977660037967
1.5252803346890227 -0.23341330851618547 -0.09623456497857313
1.5252803772024701 -0.21006556274419952 -0.13991235707841013
1.5252803441058342 -0.17864349229301002 -0.17819446934207916
1.525280357104098 -0.14036150537314387 -0.20961674768839314
1.5252803373711845 -0.09668162929086989 -0.2329607556462473
1.5252803235315942 -0.04928777947955388 -0.24733763611170692
1.5252803624435192 1.7579309653451807e-12 -0.2521936054090389
1.525280323541684 0.049287779485074595 -0.24733763611483903
1.5252803373590764 0.09668162930357675 -0.23296075566882965
1.525280357110955 0.1403615053815001 -0.2096167477039821
1.6580022057851516 0.17864385871472335 -0.1781950365647045
1.6580022165915247 0.2100657957688821 -0.13991277176223652
1.6580022703509696 0.23341361117449075 -0.09623497149712296
1.658002335384259 0.2477881774792865 -0.04884037639860851
1.6580024262065938 0.2526474645177828 0.0004472387277939071
1.6580024977453662 0.2477966243232553 0.0497357315739052
1.6580026180503489 0.23341629831649285 0.09712873337698745
1.6580026704892465 0.210069904299697 0.1408075044243438
1.65800270521775 0.17866257595752508 0.17910192784160062
1.658002652454412 0.14037868763913225 0.2105220564497337
1.6580025461827543 0.0966899577940665 0.23384960451390888
1.6580025045328557 0.04928915962687789 0.24820383335416968
1.6580025194803527 1.2095921099714336e-12 0.2530475759182366
1.6580025045424032 -0.049289159628265744 0.24820383335184842
1.658002546167801 -0.0966899577907783 0.23384960450095083
1.65800265247002 -0.14037868766260742 0.2105220564862127
1.658002705205241 -0.17866257594442359 0.17910192783561038
1.6580026704976638 -0.21006990424549304 0.14080750438904632
1.6580026180444776 -0.23341629831453078 0.0971287333743095
1.6580024977487093 -0.2477966243304666 0.049735731574914455
1.6580024262080704 -0.25264746451472087 0.000447238725543782
1.658002335377145 -0.24778817750811516 -0.04884037640725422
1.6580022703626796 -0.23341361118523404 -0.096234971503724
1.658002216580112 -0.21006579575994036 -0.1399127717587859
1.6580022057909316 -0.17864385870857077 -0.17819503656190858
1.6580022248301705 -0.14036137238146001 -0.20961674516017506
1.6580022023146954 -0.09668178768152724 -0.2329613239892125
1.6580022445799691 -0.04928770256102979 -0.24733740993738354
1.6580021948922126 -2.7436483211559e-12 -0.2521941616005734
1.6580022445747278 0.04928770255694877 -0.24733740993354514
1.6580022023211147 0.09668178767023534 -0.23296132396805005
1.6580022248284587 0.14036137237279286 -0.2096167451462254
1.7907241288553017 0.17864372696691266 -0.1781954353168256
1.7907241483598157 0.2100661933550798 -0.13991363131598622
1.7907242236259469 0.2334134742451265 -0.09623554996524851
1.7907243311259131 0.24778771987123835 -0.04884087273382507
1.7907243934672579 0.2526474221091374 0.0004466734357764014
1.790724535467206 0.24779506615907157 0.04973500331528828
1.7907245443152198 0.23341469915526725 0.0971279924398385
1.7907245723439666 0.2100697775751908 0.140807590942393
1.7907245059378525 0.17866234345604307 0.17910205642915536
1.790724418841415 0.14037898588658926 0.21052305457264345
1.7907243121269332 0.09669110101494477 0.2338524961388289
1.7907242826659446 0.049289545143375905 0.2482046109242837
1.790724316090852 -6.500091950727548e-14 0.25304533558613684
1.790724282655748 -0.04928954514425072 0.2482046109291143
1.7907243121434377 -0.09669110101664892 0.23385249614929296
1.7907244188227494 -0.14037898586375122 0.21052305453777845
1.7907245059558483 -0.17866234346962287 0.1791020564351717
1.7907245723277587 -0.21006977762887447 0.1408075909778158
1.7907245443300637 -0.23341469915599145 0.0971279924421285
1.7907245354545909 -0.2477950661490706 0.04973500331413592
1.790724393475294 -0.2526474221120954 0.00044667343700684545
1.7907243311229908 -0.2477877198447969 -0.04884087272504346
1.7907242236241807 -0.23341347423523157 -0.0962355499597613
1.7907241483638516 -0.21006619336259755 -0.13991363131882165
1.7907241288508278 -0.178643726973539 -0.17819543531975157
1.790724085516618 -0.14036153438611867 -0.2096174633035852
1.7907241202875401 -0.09668194399429501 -0.23296205728006003
1.7907240800690654 -0.049287645270822175 -0.24733755280040515
1.7907240766312318 2.789499862583397e-12 -0.252195181439164
1.7907240800662514 0.04928764527458573 -0.247337552805173
1.7907241202916684 0.09668194400487935 -0.23296205729909028
1.7907240855121371 0.14036153439453294 -0.20961746331662848
1.9234460813106855 0.17864391199787708 -0.17819617532746337
1.9234461291712468 0.21006609890084138 -0.13991408437172848
1.9234461788651438 0.23341372757979728 -0.09623616920218324
1.9234462215016646 0.24778752425399173 -0.04884133794744547
1.9234463258274368 0.2526470771142392 0.0004462550203580328
1.9234463409374771 0.247794697248372 0.049734615585798926
1.9234464127825561 0.23341440381238907 0.09712764447518837
1.9234464066271386 0.21006860620649315 0.14080676036602086
1.9234464001597276 0.17866169413389546 0.17910160149600615
1.9234462692798804 0.1403787750181069 0.21052303245425552
1.9234462647381267 0.09669046269974402 0.23385151138260957
1.9234460907157223 0.04928937792608606 0.24820489018148248
1.9234460093458112 -3.3482344400324035e-13 0.25304652375569636
1.9234460907168698 -0.04928937792386797 0.24820489017487643
1.9234462647363688 -0.09669046269921233 0.23385151137345636
1.9234462692823002 -0.14037877504010535 0.21052303248854048
1.923446400157345 -0.1786616941198684 0.1791016014891322
1.9234464066289305 -0.21006860615411174 0.14080676033136838
1.923446412781333 -0.23341440381232212 0.09712764447306109
1.9234463409384293 -0.2477946972613162 0.049734615587337376
1.923446325827595 -0.2526470771108814 0.00044625501947089696
1.9234462215012913 -0.24778752427860698 -0.04884133795566735
1.923446178866916 -0.23341372758868434 -0.09623616920688646
1.923446129167166 -0.21006609889431851 -0.1399140843701202
1.9234460813184804 -0.1786439119913846 -0.17819617532340787
1.923446038303344 -0.14036163205709157 -0.20961815091403838
1.9234460130799884 -0.09668187629523037 -0.23296244971293859
1.9234459912781934 -0.04928775550929652 -0.24733855045432487
1.9234459869589577 -2.1081746903727088e-12 -0.25219536067145587
1.923445991284896 0.049287755505015 -0.24733855044844874
1.9234460130693596 0.0966818762855426 -0.23296244969653387
1.923446038314042 0.14036163204944466 -0.20961815090066824
2.056168016523428 0.17864419325747227 -0.17819678450560197
2.0561680541847136 0.21006581214507464 -0.1399141964383811
2.0561680654549988 0.23341385194170228 -0.0962364502653952
2.0561681342730322 0.24778790549894122 -0.04884166458515592
2.056168153927098 0.2526465834223058 0.00044603885461979404
2.0561681791822584 0.24779541822647402 0.04973454647037878
2.05616819721406 0.23341433432347675 0.09712736593781629
2.0561682482853834 0.21006774470932627 0.14080606154840342
2.0561682819556997 0.17866107951778595 0.179101070677816
2.056168277542725 0.14037790406750122 0.2105221238981773
2.056168107440878 0.09668970130790276 0.23385072312357283
2.056168035019828 0.049289213324442846 0.24820606431787803
2.056167982438528 -7.961905521428305e-14 0.25304963356958193
2.056168035024933 -0.049289213326431595 0.24820606432575246
2.056168107431624 -0.09668970130844409 0.23385072313218022
2.056168277554173 -0.1403779040456812 0.210522123863976
2.056168281943033 -0.17866107953275936 0.17910107068606607
2.056168248298922 -0.210067744759296 0.14080606158161976
2.05616819720051 -0.23341433432367784 0.09712736594019143
2.056168179194875 -0.2477954182103918 0.049734546468007165
2.056168153915638 -0.2526465834266358 0.00044603885562731976
2.0561681342820366 -0.247787905475685 -0.04884166457773325
2.0561680654475563 -0.23341385193407854 -0.09623645026130459
2.056168054191655 -0.21006581215053674 -0.13991419643896444
2.056168016515926 -0.17864419326398479 -0.17819678451069837
2.0561679928825187 -0.14036146509773822 -0.20961821945116174
2.056167955503433 -0.09668195088781108 -0.2329629718375865
2.0561679795992376 -0.04928775231281441 -0.24733882511244099
2.056167979829239 1.6936927503442542e-12 -0.2521957289023937
2.0561679795956316 0.04928775231749832 -0.24733882511922498
2.056167955509704 0.09668195089636142 -0.23296297185169254
2.0561679928748773 0.14036146510501957 -0.2096182194646841
2.1888899735253555 0.17864396475419778 -0.17819662546202394
2.1888899778576083 0.21006595268400208 -0.13991435215204634
2.188889988095961 0.23341352486054393 -0.09623637137312908
2.1888899872323835 0.2477876905662252 -0.048841637205520184
2.188889994542057 0.2526469474775947 0.00044599383268179965
2.1888900274434806 0.24779465186695152 0.049734385054088746
2.188890020402091 0.23341425098820748 0.0971274118161349
2.188890042766777 0.21006881394932242 0.1408067425558844
2.188890120049849 0.1786602446148137 0.17910023711606368
2.188890184391385 0.14037733234508917 0.21052173951537365
2.188890066870032 0.09669019656359074 0.23385253688545585
2.18888996809692 0.049289336448201354 0.24820675707330114
2.188889922028521 5.114230198422219e-13 0.25304881169670795
2.1888899680925973 -0.049289336446639784 0.24820675706438416
2.1888900668778866 -0.09669019656274576 0.2338525368772709
2.1888901843818505 -0.1403773323667288 0.21052173954923042
2.188890120059787 -0.17866024459917756 0.1791002371066786
2.188890042757036 -0.21006881390182475 0.14080674252420736
2.188890020410888 -0.2334142509882087 0.09712741181357751
2.1888900274358174 -0.24779465188526875 0.04973438505725263
2.1888899945490805 -0.25264694747279626 0.0004459938315279844
2.188889987226986 -0.24778769058774797 -0.04884163721208177
2.1888899880998802 -0.23341352486721728 -0.09623637137711617
2.188889977855405 -0.21006595267948305 -0.13991435215151493
2.1888899735259484 -0.17864396474757402 -0.1781966254569717
2.1888899689543484 -0.14036142700751228 -0.20961827406995048
2.188889961463544 -0.09668189939922743 -0.23296295663625036
2.1888899516452125 -0.04928771366487003 -0.24733874295369218
2.1888899590850874 -1.6811001788594826e-12 -0.25219579801432995
2.188889951644136 0.04928771366034862 -0.2473387429464191
2.1888899614650956 0.09668189939161247 -0.23296295662362707
2.1888899689535566 0.1403614270004756 -0.20961827405718603
2.3216119346174517 0.17864391598249815 -0.1781964070850824
2.3216119181501575 0.2100659144767256 -0.13991416811421653
2.321611913680492 0.23341315896733972 -0.09623603917283201
2.3216118494220574 0.24778796250073318 -0.048841518467336885
2.3216118675881696 0.25264694580164254 0.0004461266170375171
2.3216118706294306 0.2477943599424134 0.04973447238884534
2.32161187348851 0.23341523153127125 0.09712787332402592
2.321611880785702 0.21006964449956353 0.14080711548123656
2.3216119578150094 0.1786604104413179 0.17910005059022108
2.3216119719612385 0.14037597556335923 0.21051963001869886
2.3216120416905257 0.09668896152637418 0.233850504882059
2.3216119040730154 0.04928914309726546 0.248208049428358
2.321611874737695 -5.385996251954082e-13 0.2530523501226933
2.3216119040733525 -0.049289143099103316 0.24820804943826186
2.321612041689795 -0.09668896152693363 0.23385050488960366
2.32161197196165 -0.14037597554268882 0.21051962998588256
2.3216119578152523 -0.17866041045657266 0.17910005060000264
2.3216118807847077 -0.21006964454544602 0.14080711551172212
2.321611873490591 -0.23341523152987867 0.0971278733262856
2.3216118706263957 -0.24779435992362242 0.04973447238535616
2.3216118675911104 -0.2526469458055836 0.00044612661806530714
2.3216118494186886 -0.24778796248211182 -0.048841518461539515
2.3216119136838755 -0.23341315896054077 -0.09623603916872647
2.3216119181463086 -0.2100659144812361 -0.13991416811524623
2.3216119346217776 -0.17864391598857526 -0.17819640708946535
2.321611971687588 -0.14036129292926358 -0.20961790481369075
2.321611982951357 -0.0966818162155182 -0.23296261311900424
2.321611968056708 -0.04928770488105383 -0.2473385491852963
2.3216119668549373 1.8638436315192656e-12 -0.25219519941767277
2.32161196805899 0.0492877048849663 -0.24733854919274284
2.321611982947333 0.09668181622273078 -0.2329626131306733
2.321611971692155 0.1403612929355255 -0.20961790482518314
2.4543339115928204 0.17864401964829757 -0.17819605400127161
2.454333886611139 0.21006592629931764 -0.13991378714089284
2.4543338469519833 0.23341345366986693 -0.09623583396239696
2.454333822209633 0.24778807897396699 -0.04884127520709035
2.454333736952881 0.25264747605041143 0.0004463087250312031
2.454333737995641 0.2477944705260752 0.04973459614657305
2.4543337298707066 0.2334155665601996 0.09712804181400946
2.454333780822711 0.21006985607521383 0.1408072039229641
2.4543337614336305 0.17866023913844564 0.179099824603644
2.4543338038022244 0.14037612125111093 0.21051977728246862
2.454333770242269 0.09668891707132236 0.23385026961550753
2.454333950916814 0.049289129708691475 0.2482077954608037
2.454333971468187 3.5575113017144955e-13 0.2530515300652745
2.4543339509187376 -0.04928912970617542 0.2482077954499492
2.4543337702390295 -0.09668891707143598 0.23385026960888605
2.4543338038065925 -0.14037612127028526 0.2105197773135119
2.4543337614287055 -0.17866023912432125 0.1790998245942942
2.4543337808277057 -0.21006985603037054 0.1408072038932714
2.4543337298654535 -0.23341556656386264 0.0971280418124879
2.454333738001309 -0.24779447054393614 0.04973459615003014
2.4543337369475227 -0.25264747604836474 0.0004463087242075007
2.4543338222152054 -0.247788078988792 -0.048841275212098065
2.454333846946936 -0.23341345367769978 -0.09623583396670952
2.4543338866156676 -0.21006592629397539 -0.13991378713920022
2.45433391158901 -0.1786440196432961 -0.17819605399775132
2.454333959705895 -0.1403612554291719 -0.20961735721047323
2.454333980615625 -0.09668182458262366 -0.23296216353052254
2.454334007996908 -0.04928768593040505 -0.24733798629901074
2.454334015711597 -1.93817467074062e-12 -0.2521947230715755
2.454334007995703 0.04928768592699216 -0.2473379862915664
2.4543339806179345 0.09668182457568984 -0.23296216351955865
2.4543339597028284 0.1403612554239482 -0.20961735720039246
2.587055921286209 0.17864394046053358 -0.1781954741187105
2.587055942890775 0.21006604694140146 -0.13991339008483614
2.5870558715674528 0.23341365057979058 -0.09623550422516128
2.5870558277120472 0.24778844273671338 -0.048840999518895985
2.5870557376175896 0.2526475837134016 0.00044661623327806336
2.5870556085909606 0.2477958107544084 0.049735010280639744
2.5870555795183496 0.23341492510527362 0.09712783938451156
2.587055546453338 0.21006952242528737 0.14080717138692883
2.587055478886966 0.17866053336582977 0.17910035852518016
2.5870555283298358 0.14037721594310323 0.21052142714174388
2.587055669553437 0.09669020951945821 0.23385255859144485
2.587055825521842 0.0492893951551659 0.24820719871287278
2.5870558658870886 -2.1821184124015834e-13 0.2530495313756999
2.5870558255200597 -0.04928939515828016 0.24820719872454589
2.587055669556281 -0.09669020951870287 0.2338525585970559
2.5870555283262675 -0.14037721592548041 0.2105214271129236
2.5870554788906204 -0.17866053337861015 0.17910035853358383
2.5870555464500242 -0.21006952246910987 0.1408071714160276
2.587055579521358 -0.23341492509911338 0.09712783938504466
2.5870556085880114 -0.2477958107381901 0.0497350102774461
2.5870557376199326 -0.2526475837131915 0.0004466162340183142
2.5870558277092432 -0.24778844272590503 -0.04884099951497905
2.5870558715701057 -0.23341365057065339 -0.09623550422036432
2.5870559428883753 -0.21006604694787392 -0.13991339008737447
2.587055921287863 -0.17864394046438442 -0.1781954741212563
2.587055963942104 -0.14036130208125322 -0.2096169430897012
2.587055903106414 -0.09668190063777611 -0.23296181526473253
2.5870559612987813 -0.04928762328907987 -0.24733720353175265
2.5870559193487024 1.8034191966200418e-12 -0.2521946804145925
2.587055961299097 0.04928762329235092 -0.24733720353906122
2.587055903105856 0.09668190064424452 -0.2329618152751598
2.587055963943026 0.14036130208556738 -0.20961694309831647
2.719777957526299 0.17864385249031112 -0.17819519404068757
2.719777881354387 0.2100656218341789 -0.13991280230622472
2.7197779179974524 0.23341362756442027 -0.09623509775975757
2.7197778111423356 0.2477882524868993 -0.048840510293883886
2.719777786879357 0.25264715445421876 0.00044715019481861203
2.719777636356398 0.24779669296339227 0.04973568706966233
2.7197774868931406 0.23341611143424632 0.09712859835127016
2.719777286428741 0.2100691486894283 0.14080704982233536
2.719777191888183 0.1786617510338867 0.17910141096926377
2.7197772187712395 0.14037795057899893 0.2105216562269596
2.7197775142451075 0.09668975592278185 0.23385025449748248
2.719777614365615 0.04928906330680269 0.24820485832892092
2.719777715693621 2.055555804269101e-13 0.2530493695226732
2.719777614366452 -0.04928906330338028 0.24820485831666364
2.7197775142441034 -0.09668975592387362 0.23385025449282684
2.719777218772286 -0.140377950595242 0.21052165625347793
2.719777191887215 -0.17866175102239698 0.17910141096195725
2.7197772864293523 -0.2100691486468852 0.14080704979393957
2.719777486892891 -0.23341611144273192 0.09712859835176557
2.7197776363564983 -0.2477966929777031 0.0497356870724543
2.719777786879802 -0.25264715445660324 0.00044715019420823413
2.7197778111423663 -0.24778825249384334 -0.04884051029667252
2.7197779179975563 -0.23341362757479386 -0.0962350977649969
2.7197778813543128 -0.21006562182653438 -0.139912802302876
2.719777957526282 -0.17864385248747808 -0.17819519403905704
2.719777825782292 -0.14036134518323445 -0.20961682642152582
2.7197779083527656 -0.09668167695490192 -0.23296118675290786
2.719777752162407 -0.04928774572718103 -0.24733773549989319
2.7197778648496054 -1.5936674715155562e-12 -0.25219383403359286
2.7197777521627393 0.04928774572403144 -0.24733773549275107
2.7197779083523357 0.0966816769488937 -0.23296118674304825
2.719777825782472 0.14036134517981524 -0.20961682641423704
2.852499740690409 0.17864329876866725 -0.17819467520528504
2.8524997564524717 0.2100654993911412 -0.13991266107746705
2.852499769282878 0.23341285009847004 -0.09623465613553166
2.852499823871198 0.24778638747384582 -0.04883979708882498
2.852499743502272 0.25264686694985916 0.00044763440782865955
2.852499759466225 0.2477942040698001 0.04973590584132632
2.852499553341792 0.23341568021487366 0.0971294315070935
2.8524992500055477 0.21007057906388613 0.14080887311125237
2.8524990481054675 0.1786640736869167 0.17910398285218357
2.852498964382252 0.14037983896487216 0.21052374752016964
2.8524990422968926 0.0966906968724033 0.23385068008321103
2.852499349669887 0.049289490944103204 0.24820386712082193
2.8524995435369864 -2.5843508534203083e-13 0.25304522247637007
2.8524993496708206 -0.04928949094748972 0.24820386713329973
2.852499042295381 -0.09669069687116048 0.23385068008730311
2.8524989643832637 -0.14037983894992812 0.2105237474955134
2.852499048105076 -0.17866407369715354 0.1791039828588037
2.8524992500061797 -0.21007057910462265 0.14080887313852655
2.8524995533406146 -0.23341568020460432 0.09712943150588932
2.8524997594681145 -0.24779420405707026 0.049735905838845934
2.852499743499406 -0.2526468669459045 0.0004476344083879946
2.852499823873822 -0.24778638747003803 -0.048839797087016946
2.852499769280108 -0.23341285008741683 -0.09623465613010411
2.852499756454948 -0.21006549939927832 -0.1399126610815059
2.8524997406891557 -0.17864329877106166 -0.17819467520609097
2.852499752487796 -0.14036150337847175 -0.20961718824464937
2.8524997348977337 -0.09668160922524772 -0.23296115685824484
2.8524997812112964 -0.04928775053006432 -0.2473379459770159
2.8524996948823467 1.3574839473294052e-12 -0.2521941190904665
2.8524997812106543 0.049287750533358266 -0.2473379459840831
2.852499734898655 0.09668160923072305 -0.2329611568673158
2.852499752487063 0.14036150338137088 -0.2096171882509633
2.985221583009157 0.17864309084660887 -0.17819449128615822
2.9852216184961358 0.21006576267075297 -0.13991286878043296
2.985221619349853 0.23341249417207396 -0.09623454399424504
2.985221674684964 0.2477855129694016 -0.0488395472766018
2.9852216976645365 0.2526460956689855 0.0004478594823716981
2.985221630578711 0.24779294830498083 0.04973606458793484
2.985221617665191 0.23341314035757976 0.09712919228806659
2.9852215048617916 0.21007007447910178 0.1408097449992746
2.9852210946034106 0.17866536970920877 0.17910641534269722
2.985220703649547 0.14038270829946278 0.21052821215575024
2.9852205948893897 0.09669309005737832 0.23385441541886093
2.9852206965889962 0.0492899545430875 0.2482014858458158
2.9852207371346324 4.449679283323679e-13 0.25303852054610293
2.9852206965879464 -0.049289954539943656 0.24820148583347537
2.985220594890934 -0.0966930900584908 0.233854415414868
2.9852207036485736 -0.1403827083133477 0.21052821217912518
2.9852210946045585 -0.1786653696998055 0.17910641533641375
2.9852215048599784 -0.21007007444083317 0.14080974497359308
2.9852216176664803 -0.23341314036877497 0.09712919228972322
2.9852216305766857 -0.24779294831677856 0.04973606459007842
2.9852216976686488 -0.2526460956734746 0.00044785948195895587
2.9852216746814944 -0.24778551297105167 -0.048839547277484824
2.9852216193525343 -0.23341249418273305 -0.09623454399961559
2.985221618493721 -0.21006576266281324 -0.13991286877606063
2.9852215830108535 -0.1786430908439166 -0.17819449128545387
2.985221592931525 -0.14036155755978116 -0.20961733463421434
2.98522157645426 -0.09668195108126289 -0.2329618673054221
2.985221653458594 -0.04928759733952453 -0.24733721678393494
2.9852215776291375 -1.1730767629159689e-12 -0.2521955996041373
2.985221653458075 0.049287597336014635 -0.24733721677681209
2.985221576453906 0.09668195107684122 -0.23296186729752535
2.9852215929326364 0.1403615575569857 -0.20961733462828283
3.117943411914671 0.17864392011601649 -0.1781952076050135
3.117943476848513 0.21006528182067474 -0.1399124480762409
3.1179434772985224 0.23341334985242254 -0.09623476315892256
3.1179434647213866 0.24778699776839383 -0.0488398617609248
3.1179435885687683 0.25264455513365847 0.0004479413298909825
3.1179434863435604 0.24779524960724306 0.04973655494895728
3.117943560343752 0.23341296372591197 0.09712888999698023
3.117943644709653 0.21006467687364935 0.14080657785344142
3.1179433848563916 0.1786628000395183 0.1791053995398496
3.1179428181545403 0.14038322795222907 0.21053067428550212
3.117942174526293 0.09669340517804038 0.23385610598148326
3.1179417120457984 0.04928987392486906 0.24820156481617225
3.117941552014249 -4.56740936945192e-13 0.2530397415927876
3.1179417120442854 -0.04928987392779358 0.24820156482823763
3.1179421745272977 -0.09669340517748798 0.23385610598571144
3.117942818154074 -0.14038322793833882 0.21053067426269387
3.1179433848550406 -0.1786628000488396 0.17910539954600688
3.117943644712592 -0.2100646769090668 0.14080657787717163
3.1179435603423373 -0.23341296371464887 0.09712888999509674
3.117943486344863 -0.24779524959546428 0.04973655494711582
3.1179435885662263 -0.2526445551295156 0.0004479413300053356
3.117943464722033 -0.2477869977676487 -0.048839861760535
3.117943477298201 -0.23341334984308731 -0.09623476315395757
3.1179434768497414 -0.21006528182758866 -0.13991244807985184
3.117943411914101 -0.17864392011936137 -0.1781952076067743
3.1179433836035764 -0.14036155273268214 -0.20961710417315052
3.1179434187520827 -0.09668194723272898 -0.2329617419545332
3.117943322165133 -0.049287780009289274 -0.2473378499073355
3.117943478071092 1.2912087310807993e-12 -0.2521949010155888
3.1179433221664867 0.049287780012670326 -0.24733784991490307
3.117943418751432 0.09668194723580939 -0.2329617419607783
3.117943383603551 0.14036155273606862 -0.20961710417958077
3.2506449798713715 0.1786440150121077 -0.17819520319240822
3.2506449932148267 0.21006504896554445 -0.1399122444643191
3.2506450954659107 0.23341284895822742 -0.09623448927959147
3.250645115898528 0.24778732142004653 -0.0488399079714433
3.250645124093087 0.2526443619400975 0.0004478559274410882
3.250645390086145 0.24779368495344986 0.04973625509185307
3.2506451694602587 0.23341321315819089 0.09712905939493083
3.2506451828356395 0.2100639225567974 0.1408061285686082
3.2506455307554565 0.1786576607536135 0.1791012714392422
3.250645205523721 0.14037801314591597 0.21052631971647517
3.250643834562345 0.09669179790147933 0.23385832644654014
3.2506423470111057 0.0492897622660073 0.2482083608133968
3.250641695228644 -3.366196625228299e-15 0.25304603933575814
3.2506423470121675 -0.04928976226341513 0.2482083608016183
3.2506438345623345 -0.09669179790114746 0.2338583264410764
3.2506452055252133 -0.14037801316041268 0.21052631973995645
3.250645530754338 -0.17865766074410674 0.17910127143244364
3.2506451828344707 -0.21006392252430975 0.14080612854679417
3.2506451694613157 -0.23341321316906907 0.09712905939704591
3.250645390085767 -0.24779368496642784 0.0497362550941887
3.250645124093306 -0.25264436194218576 0.0004478559271942457
3.2506451159003977 -0.2477873214211971 -0.048839907971757024
3.2506450954656354 -0.23341284896466527 -0.09623448928324964
3.2506449932138883 -0.21006504896074119 -0.13991224446172734
3.250644979868858 -0.17864401500742388 -0.1781952031895311
3.2506449839424594 -0.14036128767607128 -0.20961657520439822
3.250644879455672 -0.09668181976947235 -0.23296133998113908
3.2506449765696925 -0.049287850790419085 -0.24733795826821653
3.2506448614213364 -1.185730064607232e-12 -0.25219397430966994
3.2506449765707655 0.049287850787033086 -0.24733795826014274
3.2506448794551845 0.09668181976742594 -0.2329613399764906
3.250644983939442 0.14036128767246767 -0.20961657519749094
3.3832728414152813 0.1761048728223675 -0.17565607959968466
3.3832731060800927 0.20708002943332926 -0.13791780994197045
3.3832730769474075 0.23009346068171602 -0.09485951162236482
3.383273008886734 0.2442660305846697 -0.04813933238833506
3.3832733001478683 0.2490539614917592 0.0004478412983586515
3.3832732887647987 0.2442675710518312 0.04903517981425318
3.3832732702316317 0.23009621011881654 0.0957557812737775
3.383273135316224 0.20708138817262237 0.13881346890563628
3.383273757271953 0.17611352792714063 0.17655787801649891
3.3832737200539147 0.13837508615512548 0.20753298921160482
3.3832720976733994 0.09531372588730438 0.23054104426907374
3.3832697419134217 0.048588751852483056 0.24469875409124636
3.383268456900057 -4.07947334688157e-14 0.24947492795938847
3.3832697419146194 -0.048588751855336225 0.24469875410230804
3.383272097674857 -0.09531372588899384 0.2305410442775388
3.383273720049153 -0.13837508613976437 0.20753298918743066
3.383273757273903 -0.17611352793766136 0.1765578780253319
3.383273135319865 -0.20708138820083524 0.13881346892506666
3.3832732702314243 -0.23009621010845732 0.09575578127170951
3.3832732887608254 -0.24426757103720678 0.04903517981099707
3.3832733001490163 -0.2490539614928646 0.00044784129831469113
3.383273008884073 -0.24426603058209184 -0.048139332388107366
3.3832730769514385 -0.2300934606782483 -0.09485951162009498
3.383273106079411 -0.2070800294361841 -0.13791780994334935
3.383272841416426 -0.17610487282857795 -0.17565607960353927
3.3832730128610247 -0.13836594707174624 -0.20663049339494668
3.383272921449285 -0.09530784508090429 -0.2296444770959337
3.38327278181035 -0.04858723839949034 -0.24381584447232335
3.383273025980007 1.0077897765642377e-12 -0.24860341408032294
3.383272781810626 0.04858723840291786 -0.24381584448043697
3.383272921450434 0.09530784508261957 -0.22964447709982752
3.3832730128639636 0.13836594707513644 -0.20663049340181996
3.5158439347880575 0.1641463813298025 -0.16369751179784583
3.5158441095312205 0.19301583808880396 -0.12852032298153845
3.5158439911512054 0.2144676476861086 -0.08838680625166973
3.515844097084264 0.22767828696294923 -0.04483962382146249
3.5158442667720107 0.23213914965523574 0.00044811008196833185
3.5158441974967265 0.2276793471366386 0.04573597207764147
3.515844349876725 0.21446971789402422 0.08928351168288694
3.5158444430981612 0.1930195208061528 0.12941794115216224
3.5158445667198803 0.16415070180107444 0.16459568085289558
3.5158442353208397 0.12897330435388088 0.1934648847814981
3.5158429818375128 0.08883793908175343 0.2149132411849386
3.5158406976711354 0.045288204077040595 0.22811553502048595
3.5158395557991806 5.801120383063033e-13 0.23257189254945193
3.5158406976664947 -0.045288204074793004 0.22811553501154377
3.5158429818364234 -0.08883793907947808 0.214913241175134
3.515844235328237 -0.1289733043681733 0.19346488480403842
3.515844566715975 -0.16415070178818897 0.1645956808429901
3.51584444309259 -0.19301952078524162 0.12941794113763486
3.515844349877448 -0.214469717899593 0.08928351168327614
3.5158441975026427 -0.2276793471532016 0.045735972080858285
3.515844266769322 -0.23213914965031474 0.0004481100816072563
3.5158440970880287 -0.22767828696863185 -0.04483962382367128
3.5158439911474564 -0.21446764768638668 -0.08838680625281464
3.5158441095312414 -0.19301583808787878 -0.12852032298099675
3.5158439347857686 -0.16414638132399703 -0.16369751179226266
3.515843965434423 -0.1289687294507833 -0.19256643202131005
3.5158439259093575 -0.08883529761118258 -0.21401847389954692
3.515843803835705 -0.04528780787332882 -0.22722823002068884
3.5158438558542957 -5.401045818610881e-13 -0.23168863721563415
3.51584380383596 0.045287807870743324 -0.22722823001224884
3.515843925906246 0.0888352976092326 -0.21401847389601059
3.5158439654301596 0.1289687294461139 -0.19256643201416176
3.6484360999544387 0.1419104902219291 -0.14146148787900434
3.6484359333970513 0.16686877763532604 -0.11104924062574094
3.6484361554581803 0.18541532651005183 -0.0763527374105328
3.6484362498826273 0.19683606529143785 -0.038704512130468785
3.648436248882361 0.2006927534724807 0.00044837184583575374
3.648436555310122 0.19683744951646764 0.03960138722121306
3.6484364049764713 0.18541702203833402 0.07724970624704859
3.6484366794544862 0.1668718642233424 0.11194693800524531
3.6484361655395063 0.1419126098186177 0.14235837543369206
3.6484353629381006 0.11149925499735501 0.16731532343702765
3.648434383154708 0.07680144923422841 0.18585942529916424
3.648433675217887 0.039152866111130356 0.19727898700480143
3.648433683936827 -1.628154017884166e-12 0.20113602789899207
3.648433675223889 -0.03915286611488211 0.19727898702184113
3.648434383153641 -0.07680144922914332 0.1858594252926146
3.6484353629377306 -0.11149925499399102 0.16731532343224684
3.648436165538507 -0.14191260981986928 0.14235837543267932
3.6484366794605707 -0.16687186424717815 0.11194693802112278
3.6484364049773954 -0.18541702203171606 0.0772497062460544
3.6484365553026983 -0.19683744949665583 0.0396013872159906
3.6484362488826947 -0.20069275348359297 0.0004483718443112102
3.648436249879318 -0.1968360652849831 -0.038704512128780254
3.648436155464428 -0.1854153265041126 -0.07635273740733124
3.6484359334016476 -0.16686877764865884 -0.11104924063235369
3.6484360999510614 -0.14191049021899071 -0.1414614878733171
3.6484358159032353 -0.1114980295657289 -0.16641950303310565
3.648435869048402 -0.07680123323556563 -0.18496545511843382
3.6484358216689845 -0.03915293480617486 -0.19638588275520358
3.6484357067675504 6.957171884545384e-13 -0.20024191269018862
3.648435821667558 0.03915293480838843 -0.19638588275681101
3.64843586905437 0.07680123324183918 -0.18496545513129228
3.6484358159051236 0.11149802956121634 -0.1664195030276724
3.781082678329836 0.11228062621390561 -0.11183163469450923
3.781082983403825 0.13202866674880076 -0.08776985099204995
3.781082990376136 0.1467022552067486 -0.06031735005820456
3.7810830807534783 0.15573862352092582 -0.030529805393339146
3.781083247434584 0.1587900853372555 0.0004482835941682911
3.781083083770195 0.1557387850457453 0.03142638428209698
3.781083063418674 0.14670293067609624 0.0612140655382969
3.7810824969848285 0.13202829681243278 0.08866598837502818
3.781082125034457 0.11228047161409993 0.11272793013320855
3.781081663884027 0.08821791078846337 0.1324750018229158
3.781081481940658 0.06076555605641984 0.1471488798146808
3.7810816526426025 0.030978178340351843 0.15618583120547216
3.781081490482016 5.033637357495079e-13 0.15923637337581445
3.781081652645212 -0.030978178336606745 0.15618583118381932
3.781081481944618 -0.060765556057461756 0.14714887981451694
3.7810816638869413 -0.08821791079266784 0.13247500183398564
3.781082125027958 -0.11228047159906587 0.11272793012288572
3.7810824969789163 -0.1320282968002026 0.08866598836743375
3.7810830634156725 -0.1467029306830464 0.06121406553879223
3.7810830837689835 -0.15573878506078953 0.031426384282511766
3.781083247433406 -0.1587900853386888 0.0004482835923830258
3.7810830807639566 -0.1557386235329086 -0.030529805395914062
3.7810829903721577 -0.14670225518771574 -0.0603173500516094
3.7810829834096973 -0.1320286667569132 -0.08776985099865028
3.78108267832652 -0.11228062621015666 -0.1118316346890757
3.781082761360319 -0.08821848432182554 -0.1315792389883835
3.781082577030123 -0.060765780517777965 -0.14625245500437964
3.78108257908278 -0.030978107893464432 -0.15528839612965856
3.7810826424104738 4.720094796465253e-13 -0.15833960223986002
3.781082579087706 0.030978107894680768 -0.15528839614530585
3.78108257701929 0.06076578050175375 -0.1462524549700513
3.7810827613666986 0.08821848432809988 -0.1315792389979581
3.913790952508779 0.0795705217322805 -0.07912182399633584
3.9137908934285877 0.09356478094211677 -0.06206938859257247
3.9137908779889568 0.10396358802760965 -0.04261457547610749
3.91379087126601 0.11036709125905299 -0.021504860110401994
3.9137906503538797 0.11252892929451468 0.00044853087482981324
3.9137904469571194 0.11036634165482165 0.022401849781907346
3.9137901247456086 0.10396229365394571 0.04351140662658297
3.913790015375595 0.09356366480091209 0.06296632658422913
3.913789850921994 0.07956928820479062 0.0800186856734542
3.9137899211759266 0.06251735405387107 0.09401358695837306
3.913790111039394 0.0430629200036592 0.1044131315775038
3.913790176688141 0.021953300242178612 0.11081698328030389
3.9137903336627633 -5.523165305998725e-13 0.1129798833976931
3.913790176688787 -0.021953300243808323 0.11081698328046855
3.91379011105057 -0.0430629200087115 0.1044131315865114
3.9137899211744673 -0.06251735404423221 0.09401358693914282
3.9137898509273605 -0.07956928821784753 0.08001868568252116
3.91379001538189 -0.0935636648203475 0.06296632659915781
3.913790124738719 -0.10396229365374622 0.04351140663240597
3.9137904469493385 -0.11036634164009383 0.02240184978405003
3.9137906503567303 -0.11252892929502605 0.00044853087767972674
3.913790871260638 -0.11036709124140516 -0.02150486010748093
3.9137908780003334 -0.10396358804316305 -0.04261457548404342
3.9137908934374663 -0.0935647809392797 -0.06206938859123307
3.913790952509101 -0.07957052172454004 -0.07912182399105354
3.9137907547224917 -0.06251788569477773 -0.09311584015388631
3.9137907711867945 -0.04306312653646912 -0.10351474857252914
3.913790672402579 -0.021953361055676263 -0.10991810059616813
3.913790667924066 -5.79557087424327e-14 -0.11208033259725125
3.913790672413229 0.02195336105735935 -0.10991810060559577
3.9137907711950426 0.04306312653761836 -0.10351474857424661
3.9137907547257056 0.06251788569673507 -0.09311584015321983
4.046566582683992 0.048635839005263824 -0.04818718909115502
4.046566552250088 0.05718986197384425 -0.03776420442334742
4.046566365653776 0.06354565348683625 -0.025872446881640875
4.046566105123285 0.06745928199024785 -0.01296920784628607
4.046566013660923 0.0687808345852632 0.0004495728061478676
4.0465658911224285 0.06745920157721792 0.013868348922911444
4.0465658986721795 0.06354540228148421 0.026771546755642802
4.046565920741656 0.05718948024643807 0.038663251229289944
4.046566122697223 0.04863610507866134 0.04908679045201644
4.046566176689248 0.03821326442865502 0.05764101521729391
4.046566186873176 0.02632173730383663 0.06399727006197457
4.046566355395483 0.013418797511379667 0.0679119333962919
4.046566343008748 -1.4696553417475094e-12 0.06923341180439967
4.046566355414795 -0.01341879752073281 0.06791193346154711
4.046566186860908 -0.02632173728932239 0.06399727004739364
4.04656617666968 -0.038213264400597996 0.057641015175550314
4.046566122690592 -0.04863610507429646 0.04908679043783471
4.046565920750392 -0.05718948028595491 0.038663251250962684
4.046565898673718 -0.06354540228294768 0.026771546757191976
4.046565891109415 -0.06745920153555669 0.01386834891199889
4.046566013665257 -0.06878083460163964 0.00044957280206444136
4.046566105144447 -0.06745928204545702 -0.012969207852988912
4.046566365645346 -0.06354565345739578 -0.025872446862562116
4.046566552235375 -0.057189861934572594 -0.037764204399405095
4.046566582683214 -0.048635838995302244 -0.048187189091686115
4.046566799993573 -0.038213222503625854 -0.05674165976159123
4.046566878819288 -0.02632177120556808 -0.06309801996403352
4.046566985464854 -0.01341876971528087 -0.06701240956986956
4.046566959743991 1.005196629408201e-12 -0.06833395884352014
4.046566985482179 0.013418769722860348 -0.06701240962772614
4.0465668788101805 0.026321771187577475 -0.0630980199373667
4.046566799978157 0.03821322247358072 -0.05674165971226665
4.1794377535987985 0.025374948022692356 -0.02492452582631596
4.179437548394308 0.029837412562408495 -0.019486266726857278
4.179437451471068 0.033153544456322945 -0.01328211547759571
4.179437414324495 0.035195673868892725 -0.006550255436433671
4.1794372873842365 0.03588506366031404 0.00045067143826248976
4.179437272629095 0.035195582821493 0.007451589109762442
4.179437224635366 0.033153469809181636 0.014183453457714632
4.179437243748214 0.029837501801498054 0.020387692466515346
4.179437177575445 0.025374656388649934 0.025825634612447072
4.179437243244448 0.019936896979675763 0.030288702983453285
4.179437290820163 0.013732889009511766 0.033605101809653475
4.179437152171959 0.007000896159425478 0.03564679068559822
4.179437165429009 -3.987743363069819e-12 0.03633646344971099
4.179437152159371 -0.007000896165398414 0.03564679066631905
4.179437290826264 -0.013732889032547175 0.03360510184710783
4.179437243245522 -0.019936896998525334 0.03028870301400208
4.179437177568643 -0.02537465639174079 0.02582563462423251
4.179437243731229 -0.02983750176765892 0.020387692447869598
4.179437224617235 -0.03315346978583171 0.014183453444408039
4.179437272627709 -0.03519558286069972 0.007451589115291669
4.179437287377477 -0.03588506369144295 0.000450671442873868
4.179437414294268 -0.03519567382925374 -0.006550255424955681
4.17943745144769 -0.033153544416794384 -0.013282115466279085
4.179437548387908 -0.029837412566818357 -0.01948626673966531
4.179437753615416 -0.02537494809407509 -0.02492452589491268
4.1794377684113915 -0.0199368244432775 -0.029387152516665797
4.17943787686382 -0.013732769811097185 -0.032703454276894514
4.179437895044011 -0.007000891326283224 -0.034745503266746594
4.179437958753952 8.798497856113585e-12 -0.03543518668062968
4.179437895052494 0.007000891350743382 -0.03474550333958783
4.179437876878959 0.013732769839718013 -0.03270345436622386
4.179437768400147 0.01993682441140751 -0.02938715249506902
4.312284605895223 0.01668080250701564 -0.016228337968276604
4.31226889918279 0.019625178582750858 -0.012641630553416163
4.312268690304716 0.02180091408877403 -0.008565378148820267
4.312268485479633 0.023140063116517853 -0.0041446006250314945
4.312268433095146 0.023592325817479495 0.0004523360551869374
4.312268351610314 0.023140047171787647 0.0050492719355044475
4.312268385441078 0.02180083642048687 0.009470032769085712
4.312268440034697 0.0196249583964508 0.01354621172520456
4.312284203143432 0.01668098199943434 0.017133267882132774
4.312268327113264 0.013093889278227093 0.020077201661382906
4.312268099012558 0.009017576816107242 0.0222528443911763
4.312268119565334 0.004596963486323093 0.023592550478001472
4.312268067953648 4.030263659701579e-12 0.024044643746109907
4.31226811957638 -0.004596963482176279 0.023592550518201454
4.312268099003214 -0.009017576796810783 0.022252844383434344
4.312268327103084 -0.013093889254441908 0.02007720164538828
4.312284203131215 -0.016680981964456148 0.017133267853238963
4.312268440024012 -0.019624958374652262 0.013546211708057181
4.312268385430211 -0.02180083640488718 0.009470032756070642
4.312268351585936 -0.02314004713765715 0.00504927191724153
4.312268433077373 -0.023592325819847357 0.00045233604115887184
4.312268485484332 -0.0231400631870136 -0.004144600644932106
4.312268690305145 -0.021800914154110968 -0.00856537816576248
4.312268899170063 -0.01962517859979881 -0.01264163054189311
4.312284605862182 -0.01668080244275661 -0.016228337887210478
4.312268938140163 -0.013094022374577099 -0.019172629183521674
4.312268760966046 -0.009017706360603379 -0.021348257342683946
4.312268698042304 -0.0045969640661373086 -0.02268753383238518
4.31226862154754 2.636765670648702e-12 -0.02313957488234406
4.312268698046587 0.004596964070519345 -0.02268753381953828
4.312268760970361 0.009017706366072433 -0.021348257329866935
4.3122689381697965 0.013094022425697332 -0.019172629251249823
0.03402774433151213 -0.06259180281268878 -0.06214061129967372
0.034086731156727945 -0.044290290624234556 -0.0762650848726936
0.03408790001494129 -0.022923841494433488 -0.08511588487041902
0.0340881008615528 -2.2335091862402264e-11 -0.08813358340289495
0.034087900646327315 0.022923841436607407 -0.08511588433929201
0.034086729252537015 0.04429029157884392 -0.07626508635659786
0.034027743930014405 0.06259180313084418 -0.062140611555821686
0.034087128414591224 -0.07671614797151444 -0.04383901626026985
0.014683525962452789 -0.041698509127813976 -0.04124715682207466
0.014726443193419541 -0.022595211907841698 -0.05410803695926614
0.014728539321804996 -2.0945665586310356e-11 -0.05860626177637705
0.014726445133571615 0.02259521166199101 -0.05410803617906374
0.014683527169906233 0.04169850891499559 -0.041247156390219857
0.034087128687287666 0.07671614770503046 -0.04383901611945376
0.03408840097046787 -0.08556704271109025 -0.022472602467986356
0.014726754390793444 -0.05455933785517723 -0.022143821279680505
0.0044880290972288545 -0.020839125715195268 -0.02038768141314394
0.004507297961245702 -4.423454638194661e-11 -0.02910232656325387
0.004488029421897318 0.02083912563253173 -0.020387681344493376
0.014726753130569342 0.05455933846765392 -0.022143821523584656
0.03408839970815728 0.08556704390292605 -0.022472602776631108
0.03408878886557372 -0.08858471672470286 0.0004512451626295474
0.014728950155316289 -0.05905761820632886 0.00045139201826920093
0.004507488761860357 -0.029553769492676973 0.0004514621785822864
0.0014998761242839352 -3.304188363812574e-12 0.0004514715846185708
0.004507488782701655 0.02955376949385968 0.00045146213890606484
0.01472895087624396 0.059057617918841815 0.0004513918770589339
0.03408878852511266 0.08858471700121917 0.0004512450297251646
0.03408878072651921 -0.08556700526959836 0.02337508983309284
0.01472693080057741 -0.05455940713777827 0.023046625468475357
0.0044884469998747265 -0.0208391059433488 0.02129058171475812
0.004507735650424242 3.9637816583795594e-11 0.03000523921430769
0.004488446762427242 0.020839105983224263 0.02129058177025455
0.014726932082724868 0.054559406560001925 0.023046625236974396
0.034088781638320756 0.08556700452178044 0.02337508958994251
0.034087613688801296 -0.0767162371184758 0.044741557873459285
0.014684092597565099 -0.04169851558596783 0.042149926527504544
0.014727114388855487 -0.02259521626156756 0.05501083211615093
0.01472918299465497 3.344408973246608e-11 0.05950912216452185
0.014727113025764233 0.022595216484613337 0.055010832727127604
0.014684092033923148 0.04169851567296394 0.042149926726228734
0.03408761344169022 0.07671623737735117 0.04474155800775787
0.03402876787840797 -0.0625917170304957 0.06304302460228765
0.03408806893070535 -0.044290154033318804 0.0771673729810527
0.03408926810411547 -0.02292378731822115 0.08601827779011537
0.03408940449959761 1.0448385441554918e-11 0.08903600617839749
0.0340892680038558 0.022923787335815293 0.08601827789101332
0.03408806929377518 0.044290153800483435 0.0771673726265398
0.0340287685474121 0.0625917165709082 0.06304302419516511
4.334266533351247 -0.012291835671392339 -0.011839136892755122
4.334208561307293 -0.008703525614649165 -0.01461788570323695
4.334207491118132 -0.004501641908762957 -0.016358618277259998
4.334207329655371 -9.876233727004104e-12 -0.016951071628379926
4.334207491115265 0.0045016418873400415 -0.01635861826900357
4.334208561313113 0.008703525594479587 -0.01461788570354308
4.334266533346744 0.012291835617590055 -0.011839136849288142
4.334208486303945 -0.015070578135451936 -0.008250828078876647
4.346436212523764 -0.007952250521653789 -0.007499394607720865
4.346351296922636 -0.004316915948261312 -0.009989821736777477
4.346346356526313 -8.325902285306283e-12 -0.010850194713822578
4.346351296937264 0.004316915935284013 -0.009989821749605188
4.346436212544679 0.007952250514912617 -0.0074993946215852186
4.334208486311996 0.015070578118117654 -0.008250828065529498
4.334207401191252 -0.016811439795122802 -0.004048993008345501
4.346351215935235 -0.010442646043057705 -0.003864058910233155
4.352714766112562 -0.0037630201950981266 -0.003310085817792318
4.352610479820805 -1.3196194376505813e-11 -0.0050132585292383056
4.3527147661091785 0.0037630201662680616 -0.003310085814524554
4.34635121594087 0.010442646013876795 -0.003864058907878406
4.334207401203596 0.016811439784087362 -0.00404899299829368
4.334207095377868 -0.017403727357582513 0.0004526684650569901
4.346346264536935 -0.011303135348248403 0.00045284098936897133
4.352610393669047 -0.005466152618038254 0.0004529275302684483
4.354500220814887 -1.4890701493704914e-11 0.00045295211170933385
4.352610393669245 0.005466152588349485 0.0004529275321242258
4.346346264544119 0.0113031353260509 0.00045284099300015756
4.334207095383417 0.01740372732486039 0.00045266847756150253
4.334207261392278 -0.016811434906795215 0.004954328643756866
4.346351103963656 -0.010442648025796605 0.004769741538172264
4.352714645752648 -0.0037630078611435858 0.004215936674088128
4.352610324125787 -1.3230420746388856e-11 0.00591912962888192
4.3527146457517345 0.0037630078329469155 0.0042159366733494925
4.346351103974908 0.01044264800876376 0.004769741545314568
4.334207261404655 0.016811434886745594 0.004954328658065371
4.334208240620022 -0.015070584984038484 0.00915616701433475
4.346435998793442 -0.00795224798908544 0.008405068380581244
4.346351051135884 -0.0043169444041743586 0.01089557642378901
4.346346064766464 -4.441793798962687e-12 0.011755898790178328
4.346351051150039 0.004316944396837384 0.010895576432706446
4.346435998819493 0.007952247987894635 0.008405068402578708
4.334208240643311 0.01507058499508448 0.009156167039418382
4.33426620731552 -0.012291901778836562 0.012744510320816886
4.334208145044699 -0.00870358120780948 0.015523248063662438
4.3342069558132 -0.0045016240377319505 0.017263758955793896
4.334206776111971 7.514637662644141e-12 0.017856236391123707
4.334206955832405 0.004501624057770181 0.01726375899518474
4.33420814506336 0.008703581224539176 0.01552324809237384
4.3342662073385805 0.0122919017947881 0.012744510347942044
-0.3 -0.6 0.25919235705950994
0.11299999999999999 -0.6 0.25919235705950994
0.11299999005570106 -0.29999999253207477 0.25919202654965706
-0.3 -0.3 0.25919235705950994
0.11299999999999999 -0.6 0.25919235705950994
0.526 -0.6 0.25919235705950994
0.5259996369249524 -0.2999999997304194 0.2591939727204603
0.11299998200389952 -0.29999999215548245 0.25919202487143983
0.526 -0.6 0.25919235705950994
0.9390000000000001 -0.6 0.25919235705950994
0.9389993379846451 -0.300000700165338 0.25919542374845944
0.5259996049208392 -0.30000001280583266 0.2591939848896759
0.9389999999999998 -0.6 0.25919235705950994
1.3519999999999999 -0.6 0.25919235705950994
1.3519995329380812 -0.30000176496792585 0.2591953551787571
0.9389992884106064 -0.30000074699546814 0.25919542274386664
1.3519999999999999 -0.6 0.25919235705950994
1.765 -0.6 0.25919235705950994
1.7650000270538548 -0.30000174957882375 0.2591947542839869
1.3519994588437863 -0.3000017825687133 0.2591953523073085
1.765 -0.6 0.25919235705950994
2.178 -0.6 0.25919235705950994
2.1780000186902404 -0.300001523962232 0.2591952156553867
1.7649999308121653 -0.30000174842281074 0.2591947569755093
2.178 -0.6 0.25919235705950994
2.5909999999999997 -0.6 0.25919235705950994
2.5909999143099025 -0.30000165213416496 0.2591947160852034
2.1779999181281906 -0.30000153997443824 0.25919521735059065
2.591 -0.6 0.25919235705950994
3.004 -0.6 0.25919235705950994
3.0040004499633794 -0.3000018879141548 0.259195604898932
2.5909998089397965 -0.3000016502022243 0.25919471070345973
3.004 -0.6 0.25919235705950994
3.417 -0.6 0.25919235705950994
3.4170006581033046 -0.30000031231497865 0.25919571070971614
3.0040003846909924 -0.3000018774129334 0.2591956094507245
3.417 -0.6 0.25919235705950994
3.8299999999999996 -0.6 0.25919235705950994
3.830000108248423 -0.29999990984326463 0.25919393616837694
3.4170006144907723 -0.3000002806340599 0.25919571004687647
3.83 -0.6 0.25919235705950994
4.243 -0.6 0.25919235705950994
4.242999990459065 -0.30000001087942835 0.25919203988901685
3.830000099177197 -0.2999999158525861 0.25919392091405935
4.243 -0.6 0.25919235705950994
4.656000000000001 -0.6 0.25919235705950994
4.656000000000001 -0.3 0.25919235705950994
4.242999988186527 -0.3000000088520217 0.2591920418409078
-0.3 -0.3 0.25919235705950994
0.1129999901397245 -0.2999999929224764 0.2591920257297281
0.11299995245637941 -1.1877456785947954e-08 0.25919224825409687
-0.3 0.0 0.25919235705950994
0.11299998234579467 -0.29999998911298814 0.25919202173995254
0.5259996275782782 -0.3000000158747696 0.25919397417212475
0.5259999717230983 8.696983486972637e-08 0.2591913540328472
0.11299993584753903 -1.2114633541186104e-08 0.2591922526915563
0.525999569284065 -0.300000041161489 0.25919399064303406
0.9389992922754775 -0.30000083206913997 0.2591954210545361
0.9389997501397781 -1.3607215944480573e-06 0.2593583524327738
0.5259999650843044 1.1182903784524943e-07 0.2591913381240891
0.9389992307376408 -0.30000096708973767 0.2591954199430797
1.3519994830742 -0.3000021238060544 0.2591953577053843
1.3520002191463478 -4.52592282530915e-06 0.2593269504482606
0.9389998035881731 -1.9110751713007505e-06 0.25936005823159775
1.351999438995626 -0.30000217140962515 0.25919535382508196
1.7650000418354437 -0.30000215901988364 0.2591947530970194
1.7649998097449844 -4.206712702448042e-06 0.25933772620195983
1.3520000668700203 -4.524666429365223e-06 0.25932703660399137
1.7649999368423592 -0.300002136237281 0.259194755069465
2.178000027643165 -0.30000188180744947 0.25919521651016686
2.1779998906130693 -3.7445199965892584e-06 0.2593515893963156
1.764999702491803 -4.199073457311221e-06 0.2593376748383672
2.177999917761708 -0.30000189369031205 0.25919521852012806
2.5909998961055285 -0.30000202203565757 0.25919471482872536
2.591000095869663 -3.827407808568317e-06 0.25935294092116973
2.177999797197369 -3.775244151616025e-06 0.2593517313375642
2.59099976510976 -0.3000020483577303 0.25919470920620247
3.0040004542659844 -0.30000227806232704 0.2591956080873266
3.0039995298504687 -4.92433413277737e-06 0.25932705037557346
2.5910000165888194 -3.819217418426869e-06 0.2593527580610532
3.004000438243123 -0.30000222355041595 0.25919561663634527
3.4170007270392553 -0.30000044515463914 0.25919570695700145
3.416999212375682 -3.68813590535042e-07 0.2593573675184137
3.003999313003432 -5.015175803076476e-06 0.25932696087437634
3.417000641977568 -0.3000003339389548 0.259195708692843
3.8300001010934452 -0.2999998954288239 0.25919394039278176
3.830000003590702 1.76267567353266e-08 0.25919115038408885
3.4169995657846925 -1.476422511898876e-07 0.2593619751942402
3.830000091524321 -0.29999991032501994 0.2591939208592904
4.242999989670352 -0.3000000106111457 0.25919203665599627
4.243000021140374 5.10428599699238e-09 0.25919242041062135
3.829999991381903 1.3152384226260368e-08 0.2591911691666624
4.242999988655047 -0.30000000822786865 0.2591920414580612
4.656000000000001 -0.3 0.25919235705950994
4.656000000000001 0.0 0.25919235705950994
4.243000013756608 2.1086832204554784e-09 0.2591924148335464
-0.3 0.0 0.25919235705950994
0.11299995347408974 -1.523679084171434e-08 0.2591922478768097
0.11299997337580804 0.30000005205246294 0.2591921473379925
-0.3 0.3 0.25919235705950994
0.11299994106832313 -2.3967420617073525e-08 0.2591922530454105
0.5259999709238229 7.939882543467523e-08 0.25919135261999027
0.5259999431942781 0.2999997722225545 0.2591937951630701
0.11299997147885239 0.3000000628087566 0.2591921458971486
0.5259999614604896 1.214743340627099e-07 0.25919133566801794
0.938999670991536 -1.1130560856282482e-06 0.25935935457155557
0.9389996246031515 0.3000005962333101 0.2591971820582778
0.5259999400577058 0.2999997238774938 0.2591938146983316
0.939000904629261 3.898481881739949e-06 0.25952453816849247
1.3520004762637452 4.392398933028486e-06 0.25980117346605036
1.3520001222317382 0.3000025202066358 0.25919937611954014
0.9389995709112751 0.300000939851092 0.2591971861205322
1.352000299188991 4.444097738497584e-06 0.2598029299111614
1.765000049213223 4.274152952334871e-06 0.2597129415463956
1.765000181098203 0.3000021085228616 0.2591998731133257
1.352000006000465 0.3000024798027139 0.25919938072818866
1.7649999251924335 4.256156142058431e-06 0.2597174907646996
2.1780000494275256 3.722799215487867e-06 0.2596475697720659
2.1780001521213026 0.3000019148279206 0.2591981823872609
1.7650000637913021 0.30000209156825686 0.2591998635329357
2.177999951057478 3.7535263883340217e-06 0.25965165039071286
2.5910001961698597 3.84588118345162e-06 0.25964803197095476
2.590999966004087 0.3000020290350161 0.2591993810622091
2.1780000358360065 0.300001918659859 0.2591981787806457
2.5910001004774137 3.83979526578722e-06 0.25964320070960467
3.0039993053333807 4.824213427237083e-06 0.259830695054954
3.004000439708183 0.3000023052723836 0.2591989244315601
2.590999822828032 0.30000205294596893 0.25919939019216864
3.0039995259214263 5.1013775197031986e-06 0.25982624463046494
3.416998935685136 3.825934773586017e-07 0.2593574046391062
3.4170007235120425 0.3000004301868342 0.2591973945798441
3.0040004055490273 0.300002276211114 0.2591989264876526
3.416999621398478 -4.6755885308020375e-09 0.2593635940398388
3.830000004374566 3.3432571922361752e-09 0.25919114863549436
3.8300000918913923 0.299999886094278 0.2591933704822804
3.4170006248885025 0.3000003055867743 0.2591973849407438
3.829999992090182 6.241976857093918e-09 0.25919116632171074
4.243000021034824 -4.7804346205015425e-09 0.2591924197132929
4.24299999275689 0.30000001314798747 0.2591923212951016
3.830000084551149 0.29999990281688216 0.2591933555870788
4.243000013654032 -1.0729172926107803e-09 0.2591924150169769
4.656000000000001 0.0 0.25919235705950994
4.656000000000001 0.3 0.25919235705950994
4.242999991740849 0.3000000097800651 0.25919232195952424
-0.3 0.29999999999999993 0.25919235705950994
0.11299997517114942 0.30000005107116107 0.2591921495188417
0.11299999999999999 0.5999999999999999 0.25919235705950994
-0.3 0.5999999999999999 0.25919235705950994
0.11299997122674002 0.30000006127647405 0.25919214952114145
0.5259999372681428 0.2999997737569721 0.2591937942362013
0.526 0.5999999999999999 0.25919235705950994
0.11299999999999999 0.5999999999999999 0.25919235705950994
0.5259999383303972 0.299999752232082 0.2591938110894352
0.9389996529792474 0.3000005592615225 0.25919718230041533
0.9390000000000001 0.5999999999999999 0.25919235705950994
0.526 0.5999999999999999 0.25919235705950994
0.9389996148776325 0.3000006557320437 0.2591971886583995
1.3520001111752786 0.3000020999911559 0.25919938708752543
1.3519999999999999 0.5999999999999999 0.25919235705950994
0.9389999999999998 0.5999999999999999 0.25919235705950994
1.3519999936285256 0.30000206068625934 0.25919939131393616
1.765000157248192 0.3000017002104357 0.25919987434129876
1.765 0.5999999999999999 0.25919235705950994
1.3519999999999999 0.5999999999999999 0.25919235705950994
1.765000052375164 0.30000170058150244 0.25919986683518015
2.1780001358583245 0.30000155610317153 0.2591981876109751
2.178 0.5999999999999999 0.25919235705950994
1.765 0.5999999999999999 0.25919235705950994
2.178000030906654 0.30000156283923196 0.2591981855260347
2.5909999808389306 0.30000165860065847 0.25919938029301226
2.5909999999999997 0.5999999999999999 0.25919235705950994
2.178 0.5999999999999999 0.25919235705950994
2.5909998701296835 0.30000165148102687 0.2591993857827964
3.004000436154499 0.3000019155096274 0.259198941232108
3.004 0.5999999999999999 0.25919235705950994
2.591 0.5999999999999999 0.25919235705950994
3.004000358429167 0.30000192080355814 0.25919894314573066
3.4170006453076565 0.30000029062490285 0.2591973860969541
3.417 0.5999999999999999 0.25919235705950994
3.004 0.5999999999999999 0.25919235705950994
3.417000597406524 0.3000002572880446 0.25919738105262097
3.8300001011154428 0.29999990267154053 0.25919336825423894
3.8299999999999996 0.5999999999999999 0.25919235705950994
3.417 0.5999999999999999 0.25919235705950994
3.830000091282826 0.2999999067110906 0.25919335465835386
4.242999993430586 0.300000012523407 0.25919232366329636
4.243 0.5999999999999999 0.25919235705950994
3.83 0.5999999999999999 0.25919235705950994
4.242999991456106 0.3000000097516241 0.2591923228775151
4.656000000000001 0.29999999999999993 0.25919235705950994
4.656000000000001 0.5999999999999999 0.25919235705950994
4.243 0.5999999999999999 0.25919235705950994
CELLS 1200 6000
4 0 1 33 32
4 1 2 34 33
4 2 3 35 34
4 3 4 36 35
4 4 5 37 36
4 5 6 38 37
4 6 7 39 38
4 7 8 40 39
4 8 9 41 40
4 9 10 42 41
4 10 11 43 42
4 11 12 44 43
4 12 13 45 44
4 13 14 46 45
4 14 15 47 46
4 15 16 48 47
4 16 17 49 48
4 17 18 50 49
4 18 19 51 50
4 19 20 52 51
4 20 21 53 52
4 21 22 54 53
4 22 23 55 54
4 23 24 56 55
4 24 25 57 56
4 25 26 58 57
4 26 27 59 58
4 27 28 60 59
4 28 29 61 60
4 29 30 62 61
4 30 31 63 62
4 31 0 32 63
4 32 33 65 64
4 33 34 66 65
4 34 35 67 66
4 35 36 68 67
4 36 37 69 68
4 37 38 70 69
4 38 39 71 70
4 39 40 72 71
4 40 41 73 72
4 41 42 74 73
4 42 43 75 74
4 43 44 76 75
4 44 45 77 76
4 45 46 78 77
4 46 47 79 78
4 47 48 80 79
4 48 49 81 80
4 49 50 82 81
4 50 51 83 82
4 51 52 84 83
4 52 53 85 84
4 53 54 86 85
4 54 55 87 86
4 55 56 88 87
4 56 57 89 88
4 57 58 90 89
4 58 59 91 90
4 59 60 92 91
4 60 61 93 92
4 61 62 94 93
4 62 63 95 94
4 63 32 64 95
4 64 65 97 96
4 65 66 98 97
4 66 67 99 98
4 67 68 100 99
4 68 69 101 100
4 69 70 102 101
4 70 71 103 102
4 71 72 104 103
4 72 73 105 104
4 73 74 106 105
4 74 75 107 106
4 75 76 108 107
4 76 77 109 108
4 77 78 110 109
4 78 79 111 110
4 79 80 112 111
4 80 81 113 112
4 81 82 114 113
4 82 83 115 114
4 83 84 116 115
4 84 85 117 116
4 85 86 118 117
4 86 87 119 118
4 87 88 120 119
4 88 89 121 120
4 89 90 122 121
4 90 91 123 122
4 91 92 124 123
4 92 93 125 124
4 93 94 126 125
4 94 95 127 126
4 95 64 96 127
4 96 97 129 128
4 97 98 130 129
4 98 99 131 130
4 99 100 132 131
4 100 101 133 132
4 101 102 134 133
4 102 103 135 134
4 103 104 136 135
4 104 105 137 136
4 105 106 138 137
4 106 107 139 138
4 107 108 140 139
4 108 109 141 140
4 109 110 142 141
4 110 111 143 142
4 111 112 144 143
4 112 113 145 144
4 113 114 146 145
4 114 115 147 146
4 115 116 148 147
4 116 117 149 148
4 117 118 150 149
4 118 119 151 150
4 119 120 152 151
4 120 121 153 152
4 121 122 154 153
4 122 123 155 154
4 123 124 156 155
4 124 125 157 156
4 125 126 158 157
4 126 127 159 158
4 127 96 128 159
4 128 129 161 160
4 129 130 162 161
4 130 131 163 162
4 131 132 164 163
4 132 133 165 164
4 133 134 166 165
4 134 135 167 166
4 135 136 168 167
4 136 137 169 168
4 137 138 170 169
4 138 139 171 170
4 139 140 172 171
4 140 141 173 172
4 141 142 174 173
4 142 143 175 174
4 143 144 176 175
4 144 145 177 176
4 145 146 178 177
4 146 147 179 178
4 147 148 180 179
4 148 149 181 180
4 149 150 182 181
4 150 151 183 182
4 151 152 184 183
4 152 153 185 184
4 153 154 186 185
4 154 155 187 186
4 155 156 188 187
4 156 157 189 188
4 157 158 190 189
4 158 159 191 190
4 159 128 160 191
4 160 161 193 192
4 161 162 194 193
4 162 163 195 194
4 163 164 196 195
4 164 165 197 196
4 165 166 198 197
4 166 167 199 198
4 167 168 200 199
4 168 169 201 200
4 169 170 202 201
4 170 171 203 202
4 171 172 204 203
4 172 173 205 204
4 173 174 206 205
4 174 175 207 206
4 175 176 208 207
4 176 177 209 208
4 177 178 210 209
4 178 179 211 210
4 179 180 212 211
4 180 181 213 212
4 181 182 214 213
4 182 183 215 214
4 183 184 216 215
4 184 185 217 216
4 185 186 218 217
4 186 187 219 218
4 187 188 220 219
4 188 189 221 220
4 189 190 222 221
4 190 191 223 222
4 191 160 192 223
4 192 193 225 224
4 193 194 226 225
4 194 195 227 226
4 195 196 228 227
4 196 197 229 228
4 197 198 230 229
4 198 199 231 230
4 199 200 232 231
4 200 201 233 232
4 201 202 234 233
4 202 203 235 234
4 203 204 236 235
4 204 205 237 236
4 205 206 238 237
4 206 207 239 238
4 207 208 240 239
4 208 209 241 240
4 209 210 242 241
4 210 211 243 242
4 211 212 244 243
4 212 213 245 244
4 213 214 246 245
4 214 215 247 246
4 215 216 248 247
4 216 217 249 248
4 217 218 250 249
4 218 219 251 250
4 219 220 252 251
4 220 221 253 252
4 221 222 254 253
4 222 223 255 254
4 223 192 224 255
4 224 225 257 256
4 225 226 258 257
4 226 227 259 258
4 227 228 260 259
4 228 229 261 260
4 229 230 262 261
4 230 231 263 262
4 231 232 264 263
4 232 233 265 264
4 233 234 266 265
4 234 235 267 266
4 235 236 268 267
4 236 237 269 268
4 237 238 270 269
4 238 239 271 270
4 239 240 272 271
4 240 241 273 272
4 241 242 274 273
4 242 243 275 274
4 243 244 276 275
4 244 245 277 276
4 245 246 278 277
4 246 247 279 278
4 247 248 280 279
4 248 249 281 280
4 249 250 282 281
4 250 251 283 282
4 251 252 284 283
4 252 253 285 284
4 253 254 286 285
4 254 255 287 286
4 255 224 256 287
4 256 257 289 288
4 257 258 290 289
4 258 259 291 290
4 259 260 292 291
4 260 261 293 292
4 261 262 294 293
4 262 263 295 294
4 263 264 296 295
4 264 265 297 296
4 265 266 298 297
4 266 267 299 298
4 267 268 300 299
4 268 269 301 300
4 269 270 302 301
4 270 271 303 302
4 271 272 304 303
4 272 273 305 304
4 273 274 306 305
4 274 275 307 306
4 275 276 308 307
4 276 277 309 308
4 277 278 310 309
4 278 279 311 310
4 279 280 312 311
4 280 281 313 312
4 281 282 314 313
4 282 283 315 314
4 283 284 316 315
4 284 285 317 316
4 285 286 318 317
4 286 287 319 318
4 287 256 288 319
4 288 289 321 320
4 289 290 322 321
4 290 291 323 322
4 291 292 324 323
4 292 293 325 324
4 293 294 326 325
4 294 295 327 326
4 295 296 328 327
4 296 297 329 328
4 297 298 330 329
4 298 299 331 330
4 299 300 332 331
4 300 301 333 332
4 301 302 334 333
4 302 303 335 334
4 303 304 336 335
4 304 305 337 336
4 305 306 338 337
4 306 307 339 338
4 307 308 340 339
4 308 309 341 340
4 309 310 342 341
4 310 311 343 342
4 311 312 344 343
4 312 313 345 344
4 313 314 346 345
4 314 315 347 346
4 315 316 348 347
4 316 317 349 348
4 317 318 350 349
4 318 319 351 350
4 319 288 320 351
4 320 321 353 352
4 321 322 354 353
4 322 323 355 354
4 323 324 356 355
4 324 325 357 356
4 325 326 358 357
4 326 327 359 358
4 327 328 360 359
4 328 329 361 360
4 329 330 362 361
4 330 331 363 362
4 331 332 364 363
4 332 333 365 364
4 333 334 366 365
4 334 335 367 366
4 335 336 368 367
4 336 337 369 368
4 337 338 370 369
4 338 339 371 370
4 339 340 372 371
4 340 341 373 372
4 341 342 374 373
4 342 343 375 374
4 343 344 376 375
4 344 345 377 376
4 345 346 378 377
4 346 347 379 378
4 347 348 380 379
4 348 349 381 380
4 349 350 382 381
4 350 351 383 382
4 351 320 352 383
4 352 353 385 384
4 353 354 386 385
4 354 355 387 386
4 355 356 388 387
4 356 357 389 388
4 357 358 390 389
4 358 359 391 390
4 359 360 392 391
4 360 361 393 392
4 361 362 394 393
4 362 363 395 394
4 363 364 396 395
4 364 365 397 396
4 365 366 398 397
4 366 367 399 398
4 367 368 400 399
4 368 369 401 400
4 369 370 402 401
4 370 371 403 402
4 371 372 404 403
4 372 373 405 404
4 373 374 406 405
4 374 375 407 406
4 375 376 408 407
4 376 377 409 408
4 377 378 410 409
4 378 379 411 410
4 379 380 412 411
4 380 381 413 412
4 381 382 414 413
4 382 383 415 414
4 383 352 384 415
4 384 385 417 416
4 385 386 418 417
4 386 387 419 418
4 387 388 420 419
4 388 389 421 420
4 389 390 422 421
4 390 391 423 422
4 391 392 424 423
4 392 393 425 424
4 393 394 426 425
4 394 395 427 426
4 395 396 428 427
4 396 397 429 428
4 397 398 430 429
4 398 399 431 430
4 399 400 432 431
4 400 401 433 432
4 401 402 434 433
4 402 403 435 434
4 403 404 436 435
4 404 405 437 436
4 405 406 438 437
4 406 407 439 438
4 407 408 440 439
4 408 409 441 440
4 409 410 442 441
4 410 411 443 442
4 411 412 444 443
4 412 413 445 444
4 413 414 446 445
4 414 415 447 446
4 415 384 416 447
4 416 417 449 448
4 417 418 450 449
4 418 419 451 450
4 419 420 452 451
4 420 421 453 452
4 421 422 454 453
4 422 423 455 454
4 423 424 456 455
4 424 425 457 456
4 425 426 458 457
4 426 427 459 458
4 427 428 460 459
4 428 429 461 460
4 429 430 462 461
4 430 431 463 462
4 431 432 464 463
4 432 433 465 464
4 433 434 466 465
4 434 435 467 466
4 435 436 468 467
4 436 437 469 468
4 437 438 470 469
4 438 439 471 470
4 439 440 472 471
4 440 441 473 472
4 441 442 474 473
4 442 443 475 474
4 443 444 476 475
4 444 445 477 476
4 445 446 478 477
4 446 447 479 478
4 447 416 448 479
4 448 449 481 480
4 449 450 482 481
4 450 451 483 482
4 451 452 484 483
4 452 453 485 484
4 453 454 486 485
4 454 455 487 486
4 455 456 488 487
4 456 457 489 488
4 457 458 490 489
4 458 459 491 490
4 459 460 492 491
4 460 461 493 492
4 461 462 494 493
4 462 463 495 494
4 463 464 496 495
4 464 465 497 496
4 465 466 498 497
4 466 467 499 498
4 467 468 500 499
4 468 469 501 500
4 469 470 502 501
4 470 471 503 502
4 471 472 504 503
4 472 473 505 504
4 473 474 506 505
4 474 475 507 506
4 475 476 508 507
4 476 477 509 508
4 477 478 510 509
4 478 479 511 510
4 479 448 480 511
4 480 481 513 512
4 481 482 514 513
4 482 483 515 514
4 483 484 516 515
4 484 485 517 516
4 485 486 518 517
4 486 487 519 518
4 487 488 520 519
4 488 489 521 520
4 489 490 522 521
4 490 491 523 522
4 491 492 524 523
4 492 493 525 524
4 493 494 526 525
4 494 495 527 526
4 495 496 528 527
4 496 497 529 528
4 497 498 530 529
4 498 499 531 530
4 499 500 532 531
4 500 501 533 532
4 501 502 534 533
4 502 503 535 534
4 503 504 536 535
4 504 505 537 536
4 505 506 538 537
4 506 507 539 538
4 507 508 540 539
4 508 509 541 540
4 509 510 542 541
4 510 511 543 542
4 511 480 512 543
4 512 513 545 544
4 513 514 546 545
4 514 515 547 546
4 515 516 548 547
4 516 517 549 548
4 517 518 550 549
4 518 519 551 550
4 519 520 552 551
4 520 521 553 552
4 521 522 554 553
4 522 523 555 554
4 523 524 556 555
4 524 525 557 556
4 525 526 558 557
4 526 527 559 558
4 527 528 560 559
4 528 529 561 560
4 529 530 562 561
4 530 531 563 562
4 531 532 564 563
4 532 533 565 564
4 533 534 566 565
4 534 535 567 566
4 535 536 568 567
4 536 537 569 568
4 537 538 570 569
4 538 539 571 570
4 539 540 572 571
4 540 541 573 572
4 541 542 574 573
4 542 543 575 574
4 543 512 544 575
4 544 545 577 576
4 545 546 578 577
4 546 547 579 578
4 547 548 580 579
4 548 549 581 580
4 549 550 582 581
4 550 551 583 582
4 551 552 584 583
4 552 553 585 584
4 553 554 586 585
4 554 555 587 586
4 555 556 588 587
4 556 557 589 588
4 557 558 590 589
4 558 559 591 590
4 559 560 592 591
4 560 561 593 592
4 561 562 594 593
4 562 563 595 594
4 563 564 596 595
4 564 565 597 596
4 565 566 598 597
4 566 567 599 598
4 567 568 600 599
4 568 569 601 600
4 569 570 602 601
4 570 571 603 602
4 571 572 604 603
4 572 573 605 604
4 573 574 606 605
4 574 575 607 606
4 575 544 576 607
4 576 577 609 608
4 577 578 610 609
4 578 579 611 610
4 579 580 612 611
4 580 581 613 612
4 581 582 614 613
4 582 583 615 614
4 583 584 616 615
4 584 585 617 616
4 585 586 618 617
4 586 587 619 618
4 587 588 620 619
4 588 589 621 620
4 589 590 622 621
4 590 591 623 622
4 591 592 624 623
4 592 593 625 624
4 593 594 626 625
4 594 595 627 626
4 595 596 628 627
4 596 597 629 628
4 597 598 630 629
4 598 599 631 630
4 599 600 632 631
4 600 601 633 632
4 601 602 634 633
4 602 603 635 634
4 603 604 636 635
4 604 605 637 636
4 605 606 638 637
4 606 607 639 638
4 607 576 608 639
4 608 609 641 640
4 609 610 642 641
4 610 611 643 642
4 611 612 644 643
4 612 613 645 644
4 613 614 646 645
4 614 615 647 646
4 615 616 648 647
4 616 617 649 648
4 617 618 650 649
4 618 619 651 650
4 619 620 652 651
4 620 621 653 652
4 621 622 654 653
4 622 623 655 654
4 623 624 656 655
4 624 625 657 656
4 625 626 658 657
4 626 627 659 658
4 627 628 660 659
4 628 629 661 660
4 629 630 662 661
4 630 631 663 662
4 631 632 664 663
4 632 633 665 664
4 633 634 666 665
4 634 635 667 666
4 635 636 668 667
4 636 637 669 668
4 637 638 670 669
4 638 639 671 670
4 639 608 640 671
4 640 641 673 672
4 641 642 674 673
4 642 643 675 674
4 643 644 676 675
4 644 645 677 676
4 645 646 678 677
4 646 647 679 678
4 647 648 680 679
4 648 649 681 680
4 649 650 682 681
4 650 651 683 682
4 651 652 684 683
4 652 653 685 684
4 653 654 686 685
4 654 655 687 686
4 655 656 688 687
4 656 657 689 688
4 657 658 690 689
4 658 659 691 690
4 659 660 692 691
4 660 661 693 692
4 661 662 694 693
4 662 663 695 694
4 663 664 696 695
4 664 665 697 696
4 665 666 698 697
4 666 667 699 698
4 667 668 700 699
4 668 669 701 700
4 669 670 702 701
4 670 671 703 702
4 671 640 672 703
4 672 673 705 704
4 673 674 706 705
4 674 675 707 706
4 675 676 708 707
4 676 677 709 708
4 677 678 710 709
4 678 679 711 710
4 679 680 712 711
4 680 681 713 712
4 681 682 714 713
4 682 683 715 714
4 683 684 716 715
4 684 685 717 716
4 685 686 718 717
4 686 687 719 718
4 687 688 720 719
4 688 689 721 720
4 689 690 722 721
4 690 691 723 722
4 691 692 724 723
4 692 693 725 724
4 693 694 726 725
4 694 695 727 726
4 695 696 728 727
4 696 697 729 728
4 697 698 730 729
4 698 699 731 730
4 699 700 732 731
4 700 701 733 732
4 701 702 734 733
4 702 703 735 734
4 703 672 704 735
4 704 705 737 736
4 705 706 738 737
4 706 707 739 738
4 707 708 740 739
4 708 709 741 740
4 709 710 742 741
4 710 711 743 742
4 711 712 744 743
4 712 713 745 744
4 713 714 746 745
4 714 715 747 746
4 715 716 748 747
4 716 717 749 748
4 717 718 750 749
4 718 719 751 750
4 719 720 752 751
4 720 721 753 752
4 721 722 754 753
4 722 723 755 754
4 723 724 756 755
4 724 725 757 756
4 725 726 758 757
4 726 727 759 758
4 727 728 760 759
4 728 729 761 760
4 729 730 762 761
4 730 731 763 762
4 731 732 764 763
4 732 733 765 764
4 733 734 766 765
4 734 735 767 766
4 735 704 736 767
4 736 737 769 768
4 737 738 770 769
4 738 739 771 770
4 739 740 772 771
4 740 741 773 772
4 741 742 774 773
4 742 743 775 774
4 743 744 776 775
4 744 745 777 776
4 745 746 778 777
4 746 747 779 778
4 747 748 780 779
4 748 749 781 780
4 749 750 782 781
4 750 751 783 782
4 751 752 784 783
4 752 753 785 784
4 753 754 786 785
4 754 755 787 786
4 755 756 788 787
4 756 757 789 788
4 757 758 790 789
4 758 759 791 790
4 759 760 792 791
4 760 761 793 792
4 761 762 794 793
4 762 763 795 794
4 763 764 796 795
4 764 765 797 796
4 765 766 798 797
4 766 767 799 798
4 767 736 768 799
4 768 769 801 800
4 769 770 802 801
4 770 771 803 802
4 771 772 804 803
4 772 773 805 804
4 773 774 806 805
4 774 775 807 806
4 775 776 808 807
4 776 777 809 808
4 777 778 810 809
4 778 779 811 810
4 779 780 812 811
4 780 781 813 812
4 781 782 814 813
4 782 783 815 814
4 783 784 816 815
4 784 785 817 816
4 785 786 818 817
4 786 787 819 818
4 787 788 820 819
4 788 789 821 820
4 789 790 822 821
4 790 791 823 822
4 791 792 824 823
4 792 793 825 824
4 793 794 826 825
4 794 795 827 826
4 795 796 828 827
4 796 797 829 828
4 797 798 830 829
4 798 799 831 830
4 799 768 800 831
4 800 801 833 832
4 801 802 834 833
4 802 803 835 834
4 803 804 836 835
4 804 805 837 836
4 805 806 838 837
4 806 807 839 838
4 807 808 840 839
4 808 809 841 840
4 809 810 842 841
4 810 811 843 842
4 811 812 844 843
4 812 813 845 844
4 813 814 846 845
4 814 815 847 846
4 815 816 848 847
4 816 817 849 848
4 817 818 850 849
4 818 819 851 850
4 819 820 852 851
4 820 821 853 852
4 821 822 854 853
4 822 823 855 854
4 823 824 856 855
4 824 825 857 856
4 825 826 858 857
4 826 827 859 858
4 827 828 860 859
4 828 829 861 860
4 829 830 862 861
4 830 831 863 862
4 831 800 832 863
4 832 833 865 864
4 833 834 866 865
4 834 835 867 866
4 835 836 868 867
4 836 837 869 868
4 837 838 870 869
4 838 839 871 870
4 839 840 872 871
4 840 841 873 872
4 841 842 874 873
4 842 843 875 874
4 843 844 876 875
4 844 845 877 876
4 845 846 878 877
4 846 847 879 878
4 847 848 880 879
4 848 849 881 880
4 849 850 882 881
4 850 851 883 882
4 851 852 884 883
4 852 853 885 884
4 853 854 886 885
4 854 855 887 886
4 855 856 888 887
4 856 857 889 888
4 857 858 890 889
4 858 859 891 890
4 859 860 892 891
4 860 861 893 892
4 861 862 894 893
4 862 863 895 894
4 863 832 864 895
4 864 865 897 896
4 865 866 898 897
4 866 867 899 898
4 867 868 900 899
4 868 869 901 900
4 869 870 902 901
4 870 871 903 902
4 871 872 904 903
4 872 873 905 904
4 873 874 906 905
4 874 875 907 906
4 875 876 908 907
4 876 877 909 908
4 877 878 910 909
4 878 879 911 910
4 879 880 912 911
4 880 881 913 912
4 881 882 914 913
4 882 883 915 914
4 883 884 916 915
4 884 885 917 916
4 885 886 918 917
4 886 887 919 918
4 887 888 920 919
4 888 889 921 920
4 889 890 922 921
4 890 891 923 922
4 891 892 924 923
4 892 893 925 924
4 893 894 926 925
4 894 895 927 926
4 895 864 896 927
4 896 897 929 928
4 897 898 930 929
4 898 899 931 930
4 899 900 932 931
4 900 901 933 932
4 901 902 934 933
4 902 903 935 934
4 903 904 936 935
4 904 905 937 936
4 905 906 938 937
4 906 907 939 938
4 907 908 940 939
4 908 909 941 940
4 909 910 942 941
4 910 911 943 942
4 911 912 944 943
4 912 913 945 944
4 913 914 946 945
4 914 915 947 946
4 915 916 948 947
4 916 917 949 948
4 917 918 950 949
4 918 919 951 950
4 919 920 952 951
4 920 921 953 952
4 921 922 954 953
4 922 923 955 954
4 923 924 956 955
4 924 925 957 956
4 925 926 958 957
4 926 927 959 958
4 927 896 928 959
4 928 929 961 960
4 929 930 962 961
4 930 931 963 962
4 931 932 964 963
4 932 933 965 964
4 933 934 966 965
4 934 935 967 966
4 935 936 968 967
4 936 937 969 968
4 937 938 970 969
4 938 939 971 970
4 939 940 972 971
4 940 941 973 972
4 941 942 974 973
4 942 943 975 974
4 943 944 976 975
4 944 945 977 976
4 945 946 978 977
4 946 947 979 978
4 947 948 980 979
4 948 949 981 980
4 949 950 982 981
4 950 951 983 982
4 951 952 984 983
4 952 953 985 984
4 953 954 986 985
4 954 955 987 986
4 955 956 988 987
4 956 957 989 988
4 957 958 990 989
4 958 959 991 990
4 959 928 960 991
4 960 961 993 992
4 961 962 994 993
4 962 963 995 994
4 963 964 996 995
4 964 965 997 996
4 965 966 998 997
4 966 967 999 998
4 967 968 1000 999
4 968 969 1001 1000
4 969 970 1002 1001
4 970 971 1003 1002
4 971 972 1004 1003
4 972 973 1005 1004
4 973 974 1006 1005
4 974 975 1007 1006
4 975 976 1008 1007
4 976 977 1009 1008
4 977 978 1010 1009
4 978 979 1011 1010
4 979 980 1012 1011
4 980 981 1013 1012
4 981 982 1014 1013
4 982 983 1015 1014
4 983 984 1016 1015
4 984 985 1017 1016
4 985 986 1018 1017
4 986 987 1019 1018
4 987 988 1020 1019
4 988 989 1021 1020
4 989 990 1022 1021
4 990 991 1023 1022
4 991 960 992 1023
4 992 993 1025 1024
4 993 994 1026 1025
4 994 995 1027 1026
4 995 996 1028 1027
4 996 997 1029 1028
4 997 998 1030 1029
4 998 999 1031 1030
4 999 1000 1032 1031
4 1000 1001 1033 1032
4 1001 1002 1034 1033
4 1002 1003 1035 1034
4 1003 1004 1036 1035
4 1004 1005 1037 1036
4 1005 1006 1038 1037
4 1006 1007 1039 1038
4 1007 1008 1040 1039
4 1008 1009 1041 1040
4 1009 1010 1042 1041
4 1010 1011 1043 1042
4 1011 1012 1044 1043
4 1012 1013 1045 1044
4 1013 1014 1046 1045
4 1014 1015 1047 1046
4 1015 1016 1048 1047
4 1016 1017 1049 1048
4 1017 1018 1050 1049
4 1018 1019 1051 1050
4 1019 1020 1052 1051
4 1020 1021 1053 1052
4 1021 1022 1054 1053
4 1022 1023 1055 1054
4 1023 992 1024 1055
4 23 1056 25 24
4 1056 1057 26 25
4 1057 1058 27 26
4 1058 1059 28 27
4 1059 1060 29 28
4 1060 1061 30 29
4 1061 1062 31 30
4 1062 1 0 31
4 22 1063 1056 23
4 1063 1064 1057 1056
4 1064 1065 1058 1057
4 1065 1066 1059 1058
4 1066 1067 1060 1059
4 1067 1068 1061 1060
4 1068 1069 1062 1061
4 1069 2 1 1062
4 21 1070 1063 22
4 1070 1071 1064 1063
4 1071 1072 1065 1064
4 1072 1073 1066 1065
4 1073 1074 1067 1066
4 1074 1075 1068 1067
4 1075 1076 1069 1068
4 1076 3 2 1069
4 20 1077 1070 21
4 1077 1078 1071 1070
4 1078 1079 1072 1071
4 1079 1080 1073 1072
4 1080 1081 1074 1073
4 1081 1082 1075 1074
4 1082 1083 1076 1075
4 1083 4 3 1076
4 19 1084 1077 20
4 1084 1085 1078 1077
4 1085 1086 1079 1078
4 1086 1087 1080 1079
4 1087 1088 1081 1080
4 1088 1089 1082 1081
4 1089 1090 1083 1082
4 1090 5 4 1083
4 18 1091 1084 19
4 1091 1092 1085 1084
4 1092 1093 1086 1085
4 1093 1094 1087 1086
4 1094 1095 1088 1087
4 1095 1096 1089 1088
4 1096 1097 1090 1089
4 1097 6 5 1090
4 17 1098 1091 18
4 1098 1099 1092 1091
4 1099 1100 1093 1092
4 1100 1101 1094 1093
4 1101 1102 1095 1094
4 1102 1103 1096 1095
4 1103 1104 1097 1096
4 1104 7 6 1097
4 16 15 1098 17
4 15 14 1099 1098
4 14 13 1100 1099
4 13 12 1101 1100
4 12 11 1102 1101
4 11 10 1103 1102
4 10 9 1104 1103
4 9 8 7 1104
4 1048 1049 1105 1047
4 1049 1050 1106 1105
4 1050 1051 1107 1106
4 1051 1052 1108 1107
4 1052 1053 1109 1108
4 1053 1054 1110 1109
4 1054 1055 1111 1110
4 1055 1024 1025 1111
4 1047 1105 1112 1046
4 1105 1106 1113 1112
4 1106 1107 1114 1113
4 1107 1108 1115 1114
4 1108 1109 1116 1115
4 1109 1110 1117 1116
4 1110 1111 1118 1117
4 1111 1025 1026 1118
4 1046 1112 1119 1045
4 1112 1113 1120 1119
4 1113 1114 1121 1120
4 1114 1115 1122 1121
4 1115 1116 1123 1122
4 1116 1117 1124 1123
4 1117 1118 1125 1124
4 1118 1026 1027 1125
4 1045 1119 1126 1044
4 1119 1120 1127 1126
4 1120 1121 1128 1127
4 1121 1122 1129 1128
4 1122 1123 1130 1129
4 1123 1124 1131 1130
4 1124 1125 1132 1131
4 1125 1027 1028 1132
4 1044 1126 1133 1043
4 1126 1127 1134 1133
4 1127 1128 1135 1134
4 1128 1129 1136 1135
4 1129 1130 1137 1136
4 1130 1131 1138 1137
4 1131 1132 1139 1138
4 1132 1028 1029 1139
4 1043 1133 1140 1042
4 1133 1134 1141 1140
4 1134 1135 1142 1141
4 1135 1136 1143 1142
4 1136 1137 1144 1143
4 1137 1138 1145 1144
4 1138 1139 1146 1145
4 1139 1029 1030 1146
4 1042 1140 1147 1041
4 1140 1141 1148 1147
4 1141 1142 1149 1148
4 1142 1143 1150 1149
4 1143 1144 1151 1150
4 1144 1145 1152 1151
4 1145 1146 1153 1152
4 1146 1030 1031 1153
4 1041 1147 1039 1040
4 1147 1148 1038 1039
4 1148 1149 1037 1038
4 1149 1150 1036 1037
4 1150 1151 1035 1036
4 1151 1152 1034 1035
4 1152 1153 1033 1034
4 1153 1031 1032 1033
4 1154 1155 1156 1157
4 1158 1159 1160 1161
4 1162 1163 1164 1165
4 1166 1167 1168 1169
4 1170 1171 1172 1173
4 1174 1175 1176 1177
4 1178 1179 1180 1181
4 1182 1183 1184 1185
4 1186 1187 1188 1189
4 1190 1191 1192 1193
4 1194 1195 1196 1197
4 1198 1199 1200 1201
4 1202 1203 1204 1205
4 1206 1207 1208 1209
4 1210 1211 1212 1213
4 1214 1215 1216 1217
4 1218 1219 1220 1221
4 1222 1223 1224 1225
4 1226 1227 1228 1229
4 1230 1231 1232 1233
4 1234 1235 1236 1237
4 1238 1239 1240 1241
4 1242 1243 1244 1245
4 1246 1247 1248 1249
4 1250 1251 1252 1253
4 1254 1255 1256 1257
4 1258 1259 1260 1261
4 1262 1263 1264 1265
4 1266 1267 1268 1269
4 1270 1271 1272 1273
4 1274 1275 1276 1277
4 1278 1279 1280 1281
4 1282 1283 1284 1285
4 1286 1287 1288 1289
4 1290 1291 1292 1293
4 1294 1295 1296 1297
4 1298 1299 1300 1301
4 1302 1303 1304 1305
4 1306 1307 1308 1309
4 1310 1311 1312 1313
4 1314 1315 1316 1317
4 1318 1319 1320 1321
4 1322 1323 1324 1325
4 1326 1327 1328 1329
4 1330 1331 1332 1333
4 1334 1335 1336 1337
4 1338 1339 1340 1341
4 1342 1343 1344 1345
CELL_TYPES 1200
9
9
9
9
9
9
9
9
9
9
9
9
9
9
9
9
9
9
9
9
9
9
9
9
9
9
9
9
9
9
9
9
9
9
9
9
9
9
9
9
9
9
9
9
9
9
9
9
9
9
9
9
9
9
9
9
9
9
9
9
9
9
9
9
9
9
9
9
9
9
9
9
9
9
9
9
9
9
9
9
9
9
9
9
9
9
9
9
9
9
9
9
9
9
9
9
9
9
9
9
9
9
9
9
9
9
9
9
9
9
9
9
9
9
9
9
9
9
9
9
9
9
9
9
9
9
9
9
9
9
9
9
9
9
9
9
9
9
9
9
9
9
9
9
9
9
9
9
9
9
9
9
9
9
9
9
9
9
9
9
9
9
9
9
9
9
9
9
9
9
9
9
9
9
9
9
9
9
9
9
9
9
9
9
9
9
9
9
9
9
9
9
9
9
9
9
9
9
9
9
9
9
9
9
9
9
9
9
9
9
9
9
9
9
9
9
9
9
9
9
9
9
9
9
9
9
9
9
9
9
9
9
9
9
9
9
9
9
9
9
9
9
9
9
9
9
9
9
9
9
9
9
9
9
9
9
9
9
9
9
9
9
9
9
9
9
9
9
9
9
9
9
9
9
9
9
9
9
9
9
9
9
9
9
9
9
9
9
9
9
9
9
9
9
9
9
9
9
9
9
9
9
9
9
9
9
9
9
9
9
9
9
9
9
9
9
9
9
9
9
9
9
9
9
9
9
9
9
9
9
9
9
9
9
9
9
9
9
9
9
9
9
9
9
9
9
9
9
9
9
9
9
9
9
9
9
9
9
9
9
9
9
9
9
9
9
9
9
9
9
9
9
9
9
9
9
9
9
9
9
9
9
9
9
9
9
9
9
9
9
9
9
9
9
9
9
9
9
9
9
9
9
9
9
9
9
9
9
9
9
9
9
9
9
9
9
9
9
9
9
9
9
9
9
9
9
9
9
9
9
9
9
9
9
9
9
9
9
9
9
9
9
9
9
9
9
9
9
9
9
9
9
9
9
9
9
9
9
9
9
9
9
9
9
9
9
9
9
9
9
9
9
9
9
9
9
9
9
9
9
9
9
9
9
9
9
9
9
9
9
9
9
9
9
9
9
9
9
9
9
9
9
9
9
9
9
9
9
9
9
9
9
9
9
9
9
9
9
9
9
9
9
9
9
9
9
9
9
9
9
9
9
9
9
9
9
9
9
9
9
9
9
9
9
9
9
9
9
9
9
9
9
9
9
9
9
9
9
9
9
9
9
9
9
9
9
9
9
9
9
9
9
9
9
9
9
9
9
9
9
9
9
9
9
9
9
9
9
9
9
9
9
9
9
9
9
9
9
9
9
9
9
9
9
9
9
9
9
9
9
9
9
9
9
9
9
9
9
9
9
9
9
9
9
9
9
9
9
9
9
9
9
9
9
9
9
9
9
9
9
9
9
9
9
9
9
9
9
9
9
9
9
9
9
9
9
9
9
9
9
9
9
9
9
9
9
9
9
9
9
9
9
9
9
9
9
9
9
9
9
9
9
9
9
9
9
9
9
9
9
9
9
9
9
9
9
9
9
9
9
9
9
9
9
9
9
9
9
9
9
9
9
9
9
9
9
9
9
9
9
9
9
9
9
9
9
9
9
9
9
9
9
9
9
9
9
9
9
9
9
9
9
9
9
9
9
9
9
9
9
9
9
9
9
9
9
9
9
9
9
9
9
9
9
9
9
9
9
9
9
9
9
9
9
9
9
9
9
9
9
9
9
9
9
9
9
9
9
9
9
9
9
9
9
9
9
9
9
9
9
9
9
9
9
9
9
9
9
9
9
9
9
9
9
9
9
9
9
9
9
9
9
9
9
9
9
9
9
9
9
9
9
9
9
9
9
9
9
9
9
9
9
9
9
9
9
9
9
9
9
9
9
9
9
9
9
9
9
9
9
9
9
9
9
9
9
9
9
9
9
9
9
9
9
9
9
9
9
9
9
9
9
9
9
9
9
9
9
9
9
9
9
9
9
9
9
9
9
9
9
9
9
9
9
9
9
9
9
9
9
9
9
9
9
9
9
9
9
9
9
9
9
9
9
9
9
9
9
9
9
9
9
9
9
9
9
9
9
9
9
9
9
9
9
9
9
9
9
9
9
9
9
9
9
9
9
9
9
9
9
9
9
9
9
9
9
9
9
9
9
9
9
9
9
9
9
9
9
9
9
9
9
9
9
9
9
9
9
9
9
9
9
9
9
9
9
9
9
9
9
9
9
9
9
9
9
9
9
9
9
9
9
9
9
9
9
9
9
9
9
9
9
9
9
9
9
9
9
9
9
9
9
9
9
9
9
9
9
9
9
9
9
9
9
9
9
9
9
9
9
9
9
9
9
9
9
9
9
9
9
9
9
9
9
9
9
9
9
9
9
9
9
9
9
9
9
9
9
9
9
9
9
9
9
9
9
9
9
9
9
9
9
9
9
9
9
9
9
9
9
9
9
9
9
9
9
9
9
9
9
9
9
9
9
9
9
9
9
9
9
9
9
9
9
9
9
9
9
9
9
9
9
9
9
9
9
9
9
9
9
9
9
9
9
9
9
9
9
9
9
9
9
9
9
9
9
9
9
9
9
9
9
9
9
9
9
9
9
9
9
9
9
9
9
9
9
9
9
9
9
9
9
9
9
9
9
9
9
9
9
9
9
9
9
9
9
9
9
9
9
POINT_DATA 1346
VECTORS displacement_m double
-6.726493033871162e-07 -6.658074728908554e-08 0.00045100380761021395
-5.504101719837512e-07 -4.303939301835205e-08 0.0004509759473851011
-3.770333585891615e-07 -9.582414686665356e-08 0.0004510000071244183
-1.9058801667647446e-07 -1.3151857238587842e-07 0.00045101066851768333
-6.907103408898326e-10 -1.2401956969834046e-07 0.0004510163219918204
1.53940326736608e-07 -2.180073029889592e-07 0.00045101520857356004
3.3009690117925214e-07 -1.5179264986240997e-07 0.0004510348033071132
4.2571303421066134e-07 -1.6017564084964423e-07 0.0004510269338352088
4.828067993748798e-07 -7.357050388351025e-08 0.00045109331535922095
6.661845934456345e-07 -1.5280212257184474e-07 0.0004509770552614341
6.91318860082673e-07 -6.170255918179833e-08 0.0004511167597818693
5.96152912442402e-07 -3.216793683289726e-08 0.0004511529624659902
5.755829996068694e-07 -3.7044010304468126e-11 0.0004513540234692313
5.955769292378169e-07 3.2029177976917074e-08 0.0004511537008009118
6.917880194425131e-07 6.197501719619491e-08 0.0004511162142530186
6.662004444546113e-07 1.5284754376252662e-07 0.00045097697467223595
4.827927313634949e-07 7.354936111696926e-08 0.0004510933592768079
4.258730620919069e-07 1.6033313676661802e-07 0.0004510268425106066
3.2967188364319724e-07 1.5136791205868586e-07 0.0004510350588483854
1.5448874644806193e-07 2.1866288323502835e-07 0.0004510151289468649
-6.709750962730281e-10 1.24061622812598e-07 0.0004510162860720388
-1.9113775876383178e-07 1.3078458090488562e-07 0.0004510105150096641
-3.7670565240179203e-07 9.600941578896895e-08 0.0004510000960639218
-5.505169937281808e-07 4.298867634568177e-08 0.0004509758770899778
-6.72604342462816e-07 6.654604431443456e-08 0.00045100376536086535
-7.70966865204408e-07 4.100445227165186e-08 0.0004509813491177563
-8.253809785449584e-07 5.102906871034108e-08 0.00045103250791433117
-8.822967505338578e-07 2.0925300129420484e-08 0.0004510038130068274
-9.215708944143085e-07 3.048398387597867e-11 0.00045099438884795674
-8.82898940277023e-07 -2.0812100525252804e-08 0.000451003239713777
-8.247365825766971e-07 -5.138120690237669e-08 0.00045103328182814236
-7.712371386109926e-07 -4.093800868991871e-08 0.0004509812972236835
-8.436096481348662e-07 -8.262047549853486e-08 0.00045006218282799877
-7.304701742394445e-07 -1.1273573953958917e-07 0.00045006920167257625
-5.764684046015899e-07 -8.054575028105647e-08 0.0004500529109168992
-3.446055621070414e-07 -1.888956634637159e-07 0.00045009317985877446
-1.4003061481304625e-07 -2.976754579190557e-07 0.0004501196925684701
1.262318569985948e-07 -2.926522304147676e-07 0.0004501429859419437
3.6896925977701833e-07 -4.78041437204922e-07 0.00045012019493309655
5.647095704727561e-07 -3.1965886384537594e-07 0.000450252985591235
6.332044109964348e-07 -1.2455433047056105e-07 0.00045046332710409637
6.448181610939995e-07 4.488306919562558e-08 0.000450740971218416
7.700633394640033e-07 -8.397049452085061e-08 0.00045060654535022086
7.656467193993411e-07 9.635260429286532e-09 0.00045105264829187354
6.248161774343328e-07 -1.2138743649865069e-11 0.0004512295733546649
7.658022906885114e-07 -9.659896983419038e-09 0.0004510528163444246
7.699545752349393e-07 8.404995707205043e-08 0.00045060638811922376
6.448662859545756e-07 -4.495221296538933e-08 0.0004507410592942689
6.33151667915917e-07 1.2449095282868474e-07 0.00045046338861647257
5.647330608078791e-07 3.19807299802181e-07 0.00045025285451079903
3.6901378211994077e-07 4.777790238480965e-07 0.00045012027787485077
1.2611958458080265e-07 2.9279101967864487e-07 0.00045014295060926194
-1.4004609755957436e-07 2.975823159313351e-07 0.0004501196737412429
-3.444283565289477e-07 1.8885384284460674e-07 0.0004500931947863805
-5.766142107975439e-07 8.075866241677911e-08 0.0004500530179522896
-7.30421448329193e-07 1.1258462993737431e-07 0.00045006910818920796
-8.436957285868312e-07 8.255607389476332e-08 0.0004500621437141694
-9.144411709976255e-07 1.0296975498989306e-07 0.0004501407659907647
-9.725866958833149e-07 5.329090564339838e-08 0.00045013460007604483
-9.825196020551207e-07 4.404268500163722e-08 0.00045024272283563635
-1.003281225152685e-06 6.1341666464610156e-12 0.00045020199667561195
-9.82342266160886e-07 -4.402292155263294e-08 0.0004502425150488256
-9.727346102552479e-07 -5.33708702062624e-08 0.0004501348108433715
-9.143947230614627e-07 -1.028094948882711e-07 0.0004501405528252467
-8.690589120207554e-07 1.4806927435148248e-07 0.00044919942248967964
-8.385167162681036e-07 2.9476951218857967e-07 0.00044906769530851344
-7.10866704008515e-07 2.748939232983916e-07 0.00044905961916386945
-5.859912598381221e-07 2.2011067433226425e-07 0.0004490651567083843
-3.411543016513713e-07 5.730794401690336e-08 0.00044907432373118833
-1.061524928383964e-07 -2.6978039138767243e-07 0.0004490490258392282
2.512370880374488e-07 -5.670178401545299e-07 0.000448980906941145
4.952134373062679e-07 -7.635664359889241e-07 0.00044889784302384666
7.520189325351284e-07 -5.051032191003531e-07 0.0004491324853383424
9.051864044300408e-07 -3.901374327268711e-07 0.0004492622007859643
9.91494608562768e-07 -1.845013883135239e-07 0.00044959115821586787
9.546837861383541e-07 -6.102442135802642e-08 0.0004499342443058124
1.0149201590730604e-06 1.0876448927270653e-11 0.0004504315236637974
9.545856621824278e-07 6.100843520341159e-08 0.00044993435200245245
9.916354552973398e-07 1.8454944623342039e-07 0.0004495910278214305
9.050862021143232e-07 3.9009955056731375e-07 0.00044926225103549943
7.520439927751739e-07 5.050729532451662e-07 0.0004491325260113757
4.952524331879238e-07 7.637064993029476e-07 0.0004488977580093491
2.512119842415094e-07 5.66907695378598e-07 0.0004489809574581232
-1.0608929683036091e-07 2.699266395780867e-07 0.0004490489996709242
-3.411856357272271e-07 -5.7329972948669386e-08 0.00044907432108311175
-5.8611720872539e-07 -2.2017088998703411e-07 0.0004490651220794511
-7.107119645945078e-07 -2.7490135036800117e-07 0.00044905959467319916
-8.386069574464577e-07 -2.9472162368896394e-07 0.0004490677171953455
-8.690246296264826e-07 -1.480866707097072e-07 0.0004491993979598012
-9.334228972955855e-07 -1.1003412907495828e-07 0.00044923428745656356
-8.901678564991857e-07 7.200867611671249e-09 0.00044942947713880475
-9.171099314468254e-07 1.850289886243241e-09 0.00044942590744729297
-8.776427301922004e-07 -9.477708481884615e-12 0.0004495383103866414
-9.172366779140233e-07 -1.8495497449842748e-09 0.0004494258573206402
-8.900532703359075e-07 -7.2613008297385074e-09 0.00044942959169800575
-9.334291355580095e-07 1.1004131267093539e-07 0.00044923425509674783
-7.847708900783917e-07 2.9519469215313674e-07 0.00044883775808826355
-7.505878688009723e-07 5.482762931556153e-07 0.0004486184223326744
-7.47032204379226e-07 8.611650510259898e-07 0.0004484410621459965
-6.556940805752182e-07 9.962600268174498e-07 0.0004484040201570356
-5.829881210907262e-07 1.1865354268210226e-06 0.00044839948488193206
-3.7911696422249435e-07 9.050700465238866e-07 0.0004483758461412978
-1.7487264366259098e-07 4.789280689338464e-07 0.00044824876673829964
2.541101121009283e-07 -9.752828545682235e-08 0.0004479646788046569
6.134502889769178e-07 -5.449379609079504e-07 0.00044765168765086916
9.77236640707808e-07 -4.4638933423598193e-07 0.00044786790262705373
1.102155119406719e-06 -9.125165402243886e-08 0.00044866968376896236
1.2175924465126535e-06 4.641588530306385e-08 0.0004492511772696122
1.2551258220591692e-06 -1.7025845457647006e-12 0.0004488240793823675
1.2176188087368789e-06 -4.639522285991201e-08 0.0004492511259541284
1.1021120417410483e-06 9.12197331712408e-08 0.00044866976194130325
9.772730953547195e-07 4.4641902505746886e-07 0.00044786784315585835
6.134568749967673e-07 5.449338435770797e-07 0.00044765168542534894
2.5406904309324294e-07 9.746464288955075e-08 0.000447964715425857
-1.748191494009361e-07 -4.789061449414253e-07 0.00044824875519583295
-3.7916396697482105e-07 -9.051515610094402e-07 0.00044837586634071297
-5.829727289036722e-07 -1.1865019319898799e-06 0.00044839948545319206
-6.556612965926189e-07 -9.96220448766945e-07 0.000448404038404968
-7.470750441114709e-07 -8.61148006320609e-07 0.0004484410747541201
-7.505629154006249e-07 -5.482788697744293e-07 0.00044861841779108555
-7.847991305327685e-07 -2.9522363688044445e-07 0.00044883774357775536
-7.585007515903486e-07 -1.814536653488452e-07 0.0004489882734231999
-7.958833814700545e-07 -5.3917302962465515e-08 0.0004492387367263162
-7.887733892078412e-07 -2.6697706653055948e-08 0.00044927312285892684
-8.036125337090132e-07 1.3247638933150113e-11 0.0004493924722588964
-7.887083654605314e-07 2.6707998122462527e-08 0.00044927311735324765
-7.959372544133957e-07 5.392655630724329e-08 0.0004492387132213013
-7.585164778471146e-07 1.814919035767661e-07 0.0004489882148224103
-6.415635386511575e-07 2.9235590740177603e-07 0.0004487016600840698
-5.7809645576234e-07 3.2808435377040174e-07 0.0004486485243464519
-6.067520664552397e-07 8.549312516148982e-07 0.0004483799067312357
-6.202828937588032e-07 1.5846447466573354e-06 0.00044816994756810785
-5.809866075225266e-07 1.780577290996034e-06 0.0004481571293625711
-5.796581357752028e-07 2.560393925019217e-06 0.0004482485484082483
-4.375788632048576e-07 2.4709328244568023e-06 0.00044824290137544044
-2.339640522743786e-07 2.069728376479552e-06 0.0004480539271287207
2.4186341655537565e-07 8.56206033131584e-07 0.0004470849693511331
8.287219953158435e-07 -1.1708782160469544e-07 0.00044593954402323647
1.3749203581113477e-06 -3.696798942385605e-07 0.0004455227374801413
1.666555175396776e-06 -1.5354546089521474e-07 0.0004462981846817411
1.6066745321659794e-06 4.324846467733755e-12 0.0004479045539501906
1.6665680087307803e-06 1.53532490386505e-07 0.00044629822936752457
1.3748830131102433e-06 3.6970583154026886e-07 0.0004455226623202504
8.287723535720762e-07 1.1704492356720821e-07 0.00044593961227578206
2.418418690302015e-07 -8.561904971935005e-07 0.0004470849555882713
-2.339508865982552e-07 -2.069684740186993e-06 0.0004480539045518497
-4.3760872711995114e-07 -2.47092556363096e-06 0.0004482428990113118
-5.795987527519538e-07 -2.5603596435353705e-06 0.0004482485379398571
-5.8102663082212e-07 -1.78057947587671e-06 0.0004481571277276759
-6.20268629090961e-07 -1.5847001014117703e-06 0.0004481699280412023
-6.067522753998272e-07 -8.549324679507805e-07 0.00044837990012271806
-5.780994241407328e-07 -3.2808717499240523e-07 0.00044864851899413934
-6.415547809957144e-07 -2.923218890676224e-07 0.0004487016879213314
-6.181152747001694e-07 1.3396927787324713e-07 0.0004492900366450508
-6.982876746499196e-07 3.0113849262368094e-08 0.0004492169297291728
-7.074354162968216e-07 4.8237873042895695e-08 0.0004494974817647308
-7.27792896609815e-07 -8.105446903497037e-12 0.0004494942227245639
-7.074543907589797e-07 -4.824632613362127e-08 0.00044949749436570303
-6.98253432617129e-07 -3.0117905716189364e-08 0.0004492169375204716
-6.181215155230773e-07 -1.3401296398079726e-07 0.0004492900989986149
-4.5491760280597867e-07 -2.669968019083053e-07 0.00044907000632533114
-4.999134485785761e-07 2.7429140630730236e-07 0.0004485451327250548
-4.132702775466235e-07 2.430829921890347e-07 0.0004485005172699292
-4.4570329747596975e-07 9.496154157191305e-07 0.00044824018079881356
-4.955112775774238e-07 2.034576437253727e-06 0.00044811877138857905
-4.4113814446562294e-07 2.4566979325417485e-06 0.000448193334416527
-4.2453475817259927e-07 3.529401375687749e-06 0.00044857630196513536
-4.6519013590535885e-07 4.6328870269733665e-06 0.00044921813842874257
-2.8104660639512913e-07 4.28792782011943e-06 0.00044899445604063573
2.711835265261385e-07 2.593869420570713e-06 0.0004469984721039386
1.2106728226215026e-06 9.110516090349634e-07 0.0004438956225511115
2.10115790355303e-06 1.8079763425521216e-07 0.0004415335445603608
2.6798650491273083e-06 -3.3146743370130892e-12 0.0004400222312363843
2.101106296639015e-06 -1.8078982095747916e-07 0.00044153351446084906
1.2107214534295877e-06 -9.110651944574035e-07 0.0004438956737446975
2.711614343966503e-07 -2.593835823799964e-06 0.00044699842624306595
-2.810361394720705e-07 -4.287933501368562e-06 0.0004489944591080481
-4.6519340929727376e-07 -4.632939944585871e-06 0.0004492181689253799
-4.245396819450613e-07 -3.529406702633075e-06 0.00044857630477876853
-4.411293587767519e-07 -2.4567225643541765e-06 0.0004481933389926919
-4.955218443395838e-07 -2.034582014166572e-06 0.00044811877333280546
-4.456884488921458e-07 -9.495603808412685e-07 0.00044824020051382606
-4.132797109362512e-07 -2.4307728695999965e-07 0.00044850052582422537
-4.999036696265181e-07 -2.7430390598787927e-07 0.0004485451287903842
-4.549185256824352e-07 2.669889554165878e-07 0.000449069998524054
-5.567448425721299e-07 2.231648064124452e-07 0.0004491543240776712
-5.582071927639211e-07 1.6236908108768614e-07 0.00044927292284133136
-5.610090984524849e-07 1.4956580631473395e-07 0.0004496448592035136
-6.107986256479907e-07 3.065627029043773e-12 0.00044935403929876314
-5.610093921190825e-07 -1.4956140064805717e-07 0.0004496448652524369
-5.582131546574481e-07 -1.6234965157902198e-07 0.0004492728826453096
-5.567419070496232e-07 -2.2314454437255147e-07 0.0004491543012574479
-3.837309642342124e-07 -8.003773792256625e-07 0.0004494305560470839
-3.827438705647059e-07 5.902011986810875e-07 0.0004481847283798107
-3.8325705198872785e-07 3.4919596136322953e-07 0.00044822480279611013
-2.671636261888549e-07 -1.658744156609918e-07 0.00044830926466379254
-3.98730789433303e-07 2.4221612425233936e-06 0.0004480119784535017
-3.576955357859891e-07 2.113844040506757e-06 0.0004479877940410065
-3.2756657244401575e-07 2.930178828593899e-06 0.00044828081902901107
-2.458533947170068e-07 4.818992551621036e-06 0.0004493642557664261
-4.856468328786541e-07 7.65882098374069e-06 0.00045179916350700775
-2.0144242181629632e-07 8.15002095196716e-06 0.0004525641447174425
8.242260317374475e-07 4.594539863413734e-06 0.0004461520567493254
2.3752458665567525e-06 8.169460517470181e-07 0.00043399154821178174
2.9913418297321055e-06 -9.621568948578604e-13 0.00042658328067550467
2.375295973888848e-06 -8.169494054221209e-07 0.0004339915694793102
8.2416544074386e-07 -4.594522482413556e-06 0.00044615201844988654
-2.013994044572856e-07 -8.15005247827244e-06 0.0004525641917347377
-4.856705524924441e-07 -7.658813134403799e-06 0.0004517991595337479
-2.458479717299884e-07 -4.818941018179743e-06 0.00044936422374916644
-3.275456649529362e-07 -2.930171525112028e-06 0.0004482808207063084
-3.5772038719642517e-07 -2.113827177043336e-06 0.0004479877910892434
-3.987134915862156e-07 -2.422158146452101e-06 0.0004480119745110302
-2.671742733112461e-07 1.6582753637514886e-07 0.0004483092474531741
-3.832495558475341e-07 -3.492098047481704e-07 0.0004482247920967044
-3.8274023163640014e-07 -5.901859682902267e-07 0.00044818473790739894
-3.837516865700394e-07 8.003810274522232e-07 0.0004494305550054515
-4.5108391819443817e-07 -1.0765602568484285e-07 0.00044847365038382597
-4.1422098099697474e-07 1.9246498712710863e-07 0.0004492361053305103
-3.881463626837904e-07 2.3244518619579977e-07 0.00044974505271339386
-4.364389429974352e-07 -1.0858759281552482e-12 0.00044867771651256377
-3.88151270331453e-07 -2.3244883626437048e-07 0.000449745047854872
-4.142071200245645e-07 -1.9248383112658506e-07 0.00044923614582754307
-4.5110998710409905e-07 1.0764454516669048e-07 0.0004484736685283643
-2.92061591777823e-07 -6.791736447085053e-07 0.00044925843148781034
-3.109072968475922e-07 5.249038985078426e-07 0.000448204776856987
-3.2810557219253315e-07 1.8026748097899848e-06 0.0004474789350556544
-3.002671173192745e-07 -3.9821850872487456e-07 0.0004481256441619159
-2.6118649666510273e-07 2.1222348524518565e-06 0.0004478893459401886
-4.308921608657378e-07 4.99675161831019e-06 0.00044820223034532954
-1.9033236649442186e-07 1.7348623484023194e-06 0.00044725771110352904
-2.0582283154564388e-07 1.6266789385050507e-06 0.0004472589615936433
-3.6715053615554885e-07 1.1523033819446778e-05 0.0004554265999098389
-2.0110117466197194e-07 1.4705579990185789e-05 0.0004593298543377219
9.669666131056395e-07 7.734944189428371e-06 0.0004463293240089416
1.9530612465049932e-06 1.2382879705004784e-06 0.0004250998718620474
2.5048236073876996e-06 2.593173093238523e-12 0.00041353096494717686
1.953035358941626e-06 -1.2382876776330243e-06 0.00042509986024033905
9.670071025763898e-07 -7.734952956751632e-06 0.0004463293478688084
-2.011330755823184e-07 -1.4705555798746471e-05 0.00045932982215368635
-3.671440641446001e-07 -1.152303674430376e-05 0.0004554265953345248
-2.0581139086191e-07 -1.626738805509696e-06 0.00044725900295245245
-1.903394480326078e-07 -1.7348591712959833e-06 0.0004472577056658405
-4.3090026505536407e-07 -4.996776850885312e-06 0.0004482022351015583
-2.611770183401212e-07 -2.1222262553259402e-06 0.0004478893499721584
-3.0027464180620826e-07 3.9824862035694093e-07 0.00044812565599987043
-3.2808980986067517e-07 -1.8026507349928706e-06 0.00044747894886888875
-3.1092453608310407e-07 -5.249269766715276e-07 0.000448204760541498
-2.9205354482826224e-07 6.791756680303058e-07 0.000449258439468464
-3.3923162487908093e-07 -5.024979912153597e-07 0.0004478922156258377
-3.044819588859083e-07 1.3874301529823793e-07 0.0004491647664326408
-3.188697353131448e-07 2.3277685797987032e-07 0.0004496930486226046
-3.131927812791667e-07 2.4943654300228945e-12 0.0004481344354208297
-3.1885946233358565e-07 -2.3277297485454465e-07 0.0004496930550058028
-3.044869937717632e-07 -1.3872234523487683e-07 0.000449164725234774
-3.3923073822210223e-07 5.025044392874372e-07 0.00044789220609049626
-2.3856332523596943e-07 -7.934593294275445e-07 0.0004493842299653547
-3.2680492737334144e-07 5.184842568643737e-07 0.00044828647681858564
-3.160309542394791e-07 3.201188634396399e-06 0.00044684466876923043
-2.8872122375270857e-07 -9.053626881586248e-07 0.0004481291580419831
-3.4288218909205613e-07 2.488350233030734e-06 0.0004478774055525823
-2.9868532169670636e-07 7.825740864148872e-06 0.00044850453170578196
-2.606074818823723e-07 1.2238515716477748e-06 0.00044661844990857624
-2.629972062445955e-07 2.1137325614351594e-08 0.00044608269150171444
-2.4205593795971355e-07 1.5890292861170744e-05 0.0004591548284929814
2.0005447505374639e-07 2.0050636185091657e-05 0.00046422220721554423
8.558752977141053e-07 9.577713503919476e-06 0.0004446473913927693
1.5149991664867166e-06 1.361613080594125e-06 0.0004176966320680016
1.7147375647549435e-06 -1.3740081230548764e-12 0.00040483302172232403
1.5149933692963991e-06 -1.3616125828700478e-06 0.00041769664174514293
8.558882498238072e-07 -9.577707672999607e-06 0.000444647368222314
2.0003360765540633e-07 -2.0050663566303396e-05 0.00046422224209725975
-2.4202799189773996e-07 -1.589028092722047e-05 0.000459154828319631
-2.630272248973145e-07 -2.108630530391463e-08 0.0004460826577818508
-2.605837460464364e-07 -1.22384573384566e-06 0.000446618446448896
-2.986950604152154e-07 -7.825732817290188e-06 0.00044850453047834963
-3.4288059094721866e-07 -2.4883458685067374e-06 0.00044787740345366914
-2.887172578654197e-07 9.053216721651471e-07 0.00044812914544567045
-3.1603665945965616e-07 -3.2012006899349166e-06 0.00044684466040688603
-3.2680210982559027e-07 -5.184713538309248e-07 0.00044828648331994634
-2.3855478284528675e-07 7.934648707765215e-07 0.00044938423083392597
-3.1990980239870405e-07 -9.996470451395722e-07 0.00044723752396717587
-2.6501215821195343e-07 2.4986903959128687e-07 0.00044959910678463156
-3.1634268384969753e-07 1.7854789633277922e-07 0.00044942224022563994
-2.9395619679177674e-07 -2.9144555909207892e-12 0.0004481400454099327
-3.1632654823061975e-07 -1.7855311945690795e-07 0.00044942223804936065
-2.650376939460428e-07 -2.498850618513717e-07 0.0004495991393739391
-3.198894069310341e-07 9.99635086977453e-07 0.0004472375399972431
-3.22919084769582e-07 -1.6836559198936432e-06 0.0004503918394474495
-3.336887413448888e-07 1.2014823858726381e-06 0.00044790923271663163
-3.202898128684382e-07 2.336107451821603e-06 0.00044720319147101013
-3.2647356355559437e-07 -1.709856638401716e-06 0.000448404472119484
-3.781453798263499e-07 3.4729711854630187e-06 0.0004479256365686751
-2.7858977818740556e-07 6.79823413003158e-06 0.0004483282228278494
-3.375887367741029e-07 1.6402964845262393e-06 0.00044687651719491176
-2.748799032381937e-07 2.8370659346702976e-06 0.0004476343645398249
1.611867264837826e-08 1.8923472253057316e-05 0.00046094023483622465
4.013432100732039e-07 2.1598559536805167e-05 0.0004643135968964553
7.092865190093305e-07 1.0290524134120105e-05 0.00044333064772635907
9.559455189482212e-07 1.6672272969817625e-06 0.0004152930116727327
1.0882916514552213e-06 -2.3088153756289183e-13 0.00040005977418661155
9.559628311479404e-07 -1.6672266896240526e-06 0.0004152930055887635
7.092558458779769e-07 -1.0290530621301438e-05 0.00044333066777356797
4.013747456701538e-07 -2.1598532617256413e-05 0.0004643135604770456
1.609647277071951e-08 -1.8923485600842406e-05 0.0004609402369845163
-2.748669462897164e-07 -2.8371175970975563e-06 0.0004476343979783106
-3.375984251785761e-07 -1.6403027275098948e-06 0.00044687652159535634
-2.785852589429969e-07 -6.7982367400385996e-06 0.0004483282222119932
-3.781410643578777e-07 -3.472975994129809e-06 0.00044792563965658134
-3.264884310684002e-07 1.7098951589294333e-06 0.000448404483827916
-3.202722134661572e-07 -2.336096248307197e-06 0.000447203198429162
-3.337049522882869e-07 -1.2014937304935726e-06 0.0004479092289053216
-3.2290856147909866e-07 1.6836491894598414e-06 0.00045039183704231823
-2.756480962218993e-07 -1.1274074386059888e-06 0.00044705842323588467
-3.376025945935923e-07 1.7854902823805405e-07 0.0004495571907278616
-2.4165551170313807e-07 3.98491610818508e-07 0.0004504468990028604
-3.546197178126183e-07 6.740026639336462e-13 0.00044728418499769636
-2.4167092740761914e-07 -3.98484812472009e-07 0.0004504468983310078
-3.375877942504556e-07 -1.7853487876890465e-07 0.00044955716320289684
-2.756492411014198e-07 1.1274178103723112e-06 0.0004470584053499741
-3.0140544109187113e-07 -2.1177694154030983e-06 0.0004510120513671222
-2.9819184230594656e-07 1.6029914859708313e-06 0.0004477649148293356
-3.0371392069154215e-07 1.370215597265933e-06 0.0004477346693392208
-3.4670887926028605e-07 -1.6209429594749308e-06 0.000448542040076014
-3.5955482721228186e-07 4.42283182875634e-06 0.0004478946554933189
-3.079944931868467e-07 5.757548859702391e-06 0.0004480403622052363
-2.773315331894192e-07 3.5338071730892997e-06 0.00044744136780160056
-9.565621122072506e-08 5.748603800795454e-06 0.0004487155130834723
2.0095857862792042e-07 1.944141734146224e-05 0.00046003710630654473
4.648148213988233e-07 2.0686081593802425e-05 0.000461665136102787
5.31912265960947e-07 9.858764172062073e-06 0.00044156503760287995
4.880072846064681e-07 1.6010110780619882e-06 0.0004145452031319506
4.390730905161093e-07 9.755486231268659e-13 0.00039907520887493957
4.879889064211674e-07 -1.601013818793691e-06 0.0004145452058361788
5.319379745922148e-07 -9.858758582318849e-06 0.0004415650200392631
4.647959449206209e-07 -2.0686106861276424e-05 0.0004616651730372839
2.0096299665919652e-07 -1.9441405625056776e-05 0.00046003710183017694
-9.565029877036583e-08 -5.748549524658067e-06 0.00044871547820611785
-2.773426396434907e-07 -3.533803243958137e-06 0.00044744136430922436
-3.079841324870079e-07 -5.757548464834752e-06 0.0004480403629289275
-3.595665543618429e-07 -4.422829023255832e-06 0.00044789465192140207
-3.4669240781352267e-07 1.6209097246118792e-06 0.0004485420302080662
-3.037361645584222e-07 -1.3702283357062957e-06 0.0004477346623169384
-2.981693777963966e-07 -1.6029797682150204e-06 0.0004477649194604047
-3.014238406994286e-07 2.1177747847367737e-06 0.0004510120538079654
-3.017921016914725e-07 -9.969121130255757e-07 0.00044739113345741623
-2.838715656711694e-07 1.7524172889379554e-07 0.0004497111128603308
-3.1178018269330767e-07 4.940185240660063e-07 0.0004510353923090118
-2.516786006213412e-07 -6.215235635975398e-13 0.0004473061086255064
-3.117834953676432e-07 -4.940255411046325e-07 0.00045103539448408425
-2.838643125638683e-07 -1.752559745123001e-07 0.0004497111372091003
-3.018038906398556e-07 9.96903598330513e-07 0.00044739115013004257
-2.8089515455459385e-07 -1.6316040337175295e-06 0.0004506545525866515
-2.4779907543063755e-07 1.120058196422465e-06 0.0004482161078160086
-2.9030789748662086e-07 2.2057953774787995e-06 0.00044747937443049765
-2.9388306016571487e-07 -7.632454539373572e-07 0.00044830218461077147
-2.4571196826575393e-07 5.1322881639264325e-06 0.0004477053532545838
-2.3065511328236064e-07 7.724035540293911e-06 0.00044801394398989416
-7.340146074704712e-08 5.1627303536540035e-06 0.0004473294970697961
1.1570890793294526e-07 6.23829740866249e-06 0.00044799374770715644
2.4845795777957026e-07 1.855082387425427e-05 0.0004581617044415155
3.3696332726297257e-07 1.896863818221865e-05 0.00045874135934244646
2.995287642887935e-07 8.750442060746318e-06 0.00043977464943758567
1.6777325332398237e-07 1.327993794389816e-06 0.00041553153369399613
2.800768775626958e-08 -1.7736045824654194e-12 0.0004026013960556022
1.6777883987048748e-07 -1.327990975923531e-06 0.0004155315333177808
2.99521997960015e-07 -8.75044660277623e-06 0.00043977466503844416
3.369659989732613e-07 -1.8968614283248737e-05 0.0004587413215810282
2.484586467607266e-07 -1.8550835951784537e-05 0.00045816171032672355
1.1570655426333552e-07 -6.238352069161817e-06 0.0004479937824335298
-7.339931458799146e-08 -5.162733224143646e-06 0.0004473295001216433
-2.3065609307568874e-07 -7.724031776389438e-06 0.00044801394315643125
-2.457143037859155e-07 -5.1322910634160595e-06 0.00044770535635521477
-2.93880101264912e-07 7.632765531716496e-07 0.0004483021932738056
-2.9031097719875534e-07 -2.2057834957987344e-06 0.00044747938176655297
-2.4779752977703543e-07 -1.1200687275393533e-06 0.0004482161037632785
-2.8089416572131265e-07 1.631598722526683e-06 0.00045065454965331466
-2.678959019761404e-07 -9.321909704246078e-07 0.00044769498707877045
-2.876288155038698e-07 4.150694698711367e-07 0.00045034708644233927
-3.0146840587882394e-07 2.9931409967303167e-07 0.00045026889863757785
-2.625564808191498e-07 1.7579772303976978e-12 0.00044875165047104595
-3.0145831591848317e-07 -2.9930857886614596e-07 0.0004502688955055185
-2.8764092352436423e-07 -4.1505676292031746e-07 0.0004503470638600143
-2.6788904493691174e-07 9.321993267379737e-07 0.00044769497148989667
-2.94214848264366e-07 -1.2651770091527727e-06 0.0004500873270279663
-2.8340847507430845e-07 1.3530934101811603e-06 0.00044780141993693457
-2.296490302500991e-07 2.5084418011373704e-06 0.00044707286321687956
-1.6461574083407152e-07 2.724689419631602e-07 0.00044770239504493206
-7.37934059462623e-08 5.107458272865547e-06 0.0004472387277939071
-2.254633559087386e-09 8.719312910757795e-06 0.00044765278025175024
1.1805034900708344e-07 5.195583803231447e-06 0.0004466890166476183
1.704892468103238e-07 5.461624225086294e-06 0.00044693124217035855
2.0521775004465092e-07 1.7452065792562318e-05 0.00045680394986812305
1.5245441210256164e-07 1.81144569587609e-05 0.00045761377426179834
4.618275454616985e-08 7.913433726648266e-06 0.0004385017812192581
4.532855818375754e-09 1.0808332243735518e-06 0.0004159283438251408
1.9480352849812502e-08 1.2095765482402286e-12 0.000405218858726679
4.5424033120813564e-09 -1.080834612255759e-06 0.0004159283415038825
4.6167801206314826e-08 -7.913430438469288e-06 0.00043850176826120736
1.524700201000157e-07 -1.8114480434013115e-05 0.00045761381074071734
2.0520524126988978e-07 -1.7452052691095487e-05 0.0004568039438778657
1.704976640566684e-07 -5.4615700211066736e-06 0.00044693120687285806
1.1804447765789897e-07 -5.195581841160779e-06 0.0004466890139696365
-2.251290387721868e-09 -8.719320122066854e-06 0.00044765278126091505
-7.379192940301907e-08 -5.107455210923833e-06 0.00044723872554375087
-1.6462285484086396e-07 -2.724977706327972e-07 0.00044770238639925473
-2.2963732030739363e-07 -2.508452544382948e-06 0.00044707285661568254
-2.8341988788595225e-07 -1.353084468396884e-06 0.00044780142338750984
-2.9420906814456676e-07 1.2651831617557916e-06 0.00045008732982390474
-2.7516982926529364e-07 -7.991992865684971e-07 0.0004476975152968651
-2.976853043612809e-07 2.5667881252352367e-07 0.00044977874347716456
-2.5542003058056813e-07 3.762326237645692e-07 0.00045049507296095605
-3.0510778731865854e-07 -2.743602056103383e-12 0.0004481954589365576
-2.5542527208091415e-07 -3.762367046950758e-07 0.0004504950767993897
-2.976788850224972e-07 -2.566901043181501e-07 0.00044977876463961504
-2.751715412109354e-07 7.991906194755848e-07 0.0004476975292465659
-2.461446982719362e-07 -1.3969248198527151e-06 0.00044968857490686247
-2.2664018415633915e-07 1.7506796078892517e-06 0.00044694186618725264
-1.5137405304159797e-07 2.3715124369101796e-06 0.00044649439509132296
-4.387408688028337e-08 -1.8513910618526285e-07 0.00044720605982837805
1.8467258011712264e-08 5.065049627415238e-06 0.0004466734357764014
1.6046720599383088e-07 7.161148727029683e-06 0.00044692452163483734
1.6931521988271554e-07 3.5964225776449407e-06 0.00044594807949865684
1.973439666887504e-07 5.334899718873119e-06 0.00044701776021954326
1.3093785263650126e-07 1.721956431054878e-05 0.0004569325374228658
4.384141511356402e-08 1.841270441576832e-05 0.0004586118971715225
-6.28730667587615e-08 9.056654604923575e-06 0.00044139340613928723
-9.233405535532521e-08 1.4663497223898547e-06 0.0004167059139391574
-5.890914805691895e-08 -6.501648123848052e-14 0.0004029785266268931
-9.234425203441578e-08 -1.4663505972317547e-06 0.00041670591876975945
-6.285656218259614e-08 -9.056656309091237e-06 0.00044139341660334356
4.3822749517947244e-08 -1.8412681577823676e-05 0.00045861186230647616
1.309558484480406e-07 -1.7219577890387394e-05 0.00045693254343919524
1.9732775890439518e-07 -5.334953402517807e-06 0.0004470177956423539
1.693300637564135e-07 -3.596423301832486e-06 0.00044594808178863917
1.6045459098144338e-07 -7.161138726057815e-06 0.0004469245204823803
1.8475294167381965e-08 -5.065052585466765e-06 0.00044667343700681433
-4.387700912220015e-08 1.8516554763239231e-07 0.0004472060686100101
-1.5137581930152848e-07 -2.371502541905386e-06 0.00044649440057837486
-2.266361483596247e-07 -1.7506871255863586e-06 0.00044694186335175805
-2.46149172156829e-07 1.3969181935391074e-06 0.0004496885719809146
-2.8948338190626586e-07 -9.612039452220052e-07 0.00044697937188671626
-2.5471245968105966e-07 1.0036604474938154e-07 0.0004490454526296115
-2.949309345402053e-07 4.3352283137642883e-07 0.00045035220993936076
-2.983687680622794e-07 2.789546127635914e-12 0.0004471756203459388
-2.949337486257183e-07 -4.3351906773552623e-07 0.0004503522051715382
-2.5470833149132063e-07 -1.0035546031619618e-07 0.00044904543359939556
-2.8948786287026257e-07 9.61212359561978e-07 0.0004469793588434881
-1.6868931459242306e-07 -1.2118938554337624e-06 0.0004489485642690989
-1.208287532353788e-07 1.6562253694719409e-06 0.00044648881044497614
-7.113485612612911e-08 2.624847107659937e-06 0.0004458751581565949
-2.8498335447003773e-08 -3.8075635280840176e-07 0.0004467408462079818
7.5827436714903e-08 4.72005472926433e-06 0.0004462550203580328
9.093747699459082e-08 6.792238027455047e-06 0.00044653679214548146
1.6278255617640074e-07 3.301079699445974e-06 0.0004456001148485373
1.5662713855148713e-07 4.16353102122271e-06 0.0004461871838473949
1.5015972762367338e-07 1.6570242162945677e-05 0.00045647760427365905
1.927988045847902e-08 1.82018359334007e-05 0.000458589778783607
1.4738126691840853e-08 8.418339404172473e-06 0.0004404086499199462
-1.5928427767294995e-07 1.299132432538576e-06 0.00041698517113793356
-2.406541887228907e-07 -3.348390057344454e-13 0.00040416669618641436
-1.5928313027478033e-07 -1.2991302144838952e-06 0.0004169851645319001
1.4736368738875737e-08 -8.418338872507837e-06 0.0004404086407667466
1.9282300257693197e-08 -1.820185793194041e-05 0.0004585898130685086
1.5015734492466433e-07 -1.6570228135909166e-05 0.0004564775973997045
1.5662893044610767e-07 -4.163478639796363e-06 0.00044618714919493415
1.6278133298961267e-07 -3.301079632496571e-06 0.00044560011272122205
9.093842927129083e-08 -6.792250971675075e-06 0.00044653679368383635
7.582759496898321e-08 -4.720051371499802e-06 0.00044625501947086584
-2.8498708684146965e-08 3.8073173756750874e-07 0.0004467408379861267
-7.113308414389816e-08 -2.624855994673528e-06 0.00044587515345322185
-1.2083283388185236e-07 -1.6562188465524962e-06 0.00044648881205319556
-1.6868151964135117e-07 1.2119003479300893e-06 0.00044894856832462354
-2.1169665607443454e-07 -1.0588749181160914e-06 0.00044629176143353187
-2.3692001155707331e-07 1.6806510939704703e-07 0.00044865301975104246
-2.587218065385285e-07 3.2328435703472713e-07 0.0004493545560196197
-2.630410422322099e-07 -2.1081284253201917e-12 0.00044699638805407944
-2.5871510401895893e-07 -3.232886384618298e-07 0.0004493545618957945
-2.369306403490526e-07 -1.6807479706843873e-07 0.00044865303615579795
-2.1168595810442893e-07 1.0588672712802969e-06 0.0004462917748037405
-1.0847657218036888e-07 -9.306342602251971e-07 0.0004483393861305043
-7.081528649496581e-08 1.3694696027164732e-06 0.0004463767437923667
-5.954500127960839e-08 2.7492090126562887e-06 0.00044559409494463717
9.273032139448803e-09 4.885967020861234e-10 0.00044641420849753023
2.8927097876388445e-08 4.226362795833158e-06 0.00044603885461979404
5.418225837722442e-08 7.513216129488672e-06 0.000446467676725334
7.221406002582822e-08 3.2315907871399458e-06 0.0004453215774764609
1.232853833600011e-07 3.30203385434253e-06 0.00044548836622994564
1.569556993909929e-07 1.595562605343808e-05 0.00045594678608352454
1.5254272470947614e-07 1.733088532774531e-05 0.0004576812227053743
-1.755912210569137e-08 7.656947562907876e-06 0.0004396203908832088
-8.998017200677087e-08 1.134530789330457e-06 0.0004181593075335107
-1.4256147200830428e-07 -7.963461694548809e-14 0.0004072765100720236
-8.997506673461183e-08 -1.1345327781092048e-06 0.00041815931540791027
-1.756837597015126e-08 -7.656948104277026e-06 0.0004396203994906188
1.5255417296754633e-07 -1.7330863507793605e-05 0.0004576811885040396
1.56943032801792e-07 -1.5955641026892394e-05 0.0004559467943335444
1.232989218445053e-07 -3.302083824031615e-06 0.0004454883994463014
7.220051001897736e-08 -3.2315909882285113e-06 0.0004453215798515706
5.419487489479196e-08 -7.513200047276461e-06 0.00044646767435362864
2.8915637669205526e-08 -4.226367125880903e-06 0.00044603885562728864
9.282036319997763e-09 -4.653404735993288e-10 0.00044641421592022355
-5.9552444081216204e-08 -2.749201388869446e-06 0.0004455940990350961
-7.08083449630281e-08 -1.369475064773112e-06 0.00044637674320896704
-1.0848407395818493e-07 9.306277477470833e-07 0.0004483393810341109
-1.3211748160430665e-07 -8.919155647788264e-07 0.00044622322431018754
-1.6949656689066434e-07 9.34725286962126e-08 0.0004481308951031437
-1.4540076275688e-07 3.264808391410513e-07 0.000449079897903519
-1.4517076134600306e-07 1.6937390153967712e-12 0.0004466281571162156
-1.4540436862182362e-07 -3.2647615514078346e-07 0.00044907989111956596
-1.6949029599177963e-07 -9.346397825438437e-08 0.0004481308809971396
-1.3212512271795272e-07 8.919228461856744e-07 0.000446223210787887
-2.6474644445257496e-08 -1.159137534722669e-06 0.00044849842970852666
-2.214239165772289e-08 1.5100085301486547e-06 0.0004462210301271064
-1.1904038492720446e-08 2.422127854302888e-06 0.00044567298721075134
-1.276761623851039e-08 -2.1444411933615325e-07 0.0004464415881332598
-5.4579428794868216e-09 4.590418084783075e-06 0.00044599383268179965
2.7443480768095413e-08 6.746856606973561e-06 0.0004463062604352993
2.0402091216887914e-08 3.1482555178790896e-06 0.0004453674557950744
4.276677716915111e-08 4.3712738504980424e-06 0.0004461693737109361
1.2004984900171495e-07 1.5120723081181286e-05 0.00045511322433120855
1.8439138537857274e-07 1.6759162915683355e-05 0.00045729683990172835
6.687003205524891e-08 8.1522032508816e-06 0.0004414341527662414
-3.190307965941897e-08 1.2576545478353825e-06 0.00041885206295660525
-7.797147854990851e-08 5.114074581110169e-13 0.0004064546371980046
-3.190740261522663e-08 -1.257652986292608e-06 0.00041885205403962986
6.687788699673156e-08 -8.15220240593625e-06 0.000441434144581289
1.8438185078264087e-07 -1.675918455541571e-05 0.0004572968737584396
1.2005978693512268e-07 -1.5120707445088583e-05 0.00045511321494609433
4.2757036181938933e-08 -4.371226352805021e-06 0.00044616934203390055
2.0410888062140905e-08 -3.148255519088489e-06 0.0004453674532376439
2.7435817402902447e-08 -6.7468749242240155e-06 0.000446306263599097
-5.450919469326714e-09 -4.590413286317574e-06 0.00044599383152795326
-1.2773013782831859e-08 2.1442259656815434e-07 0.00044644158157170394
-1.1900119714173124e-08 -2.4221345276028334e-06 0.0004456729832235131
-2.2144594760250465e-08 -1.510004011083966e-06 0.0004462210306584784
-2.6474051610540977e-08 1.159144158510246e-06 0.00044849843476076664
-3.104565147167629e-08 -8.538253388130368e-07 0.0004461686055214263
-3.853645584632293e-08 1.449611123384282e-07 0.000448146096439285
-4.835478712622006e-08 3.6512878352360286e-07 0.00044916205665233687
-4.091491222750452e-08 -1.6810539138069656e-12 0.00044655904517998705
-4.835586367896005e-08 -3.6513330483862547e-07 0.00044916206392541137
-3.853490423755689e-08 -1.4496872720455448e-07 0.00044814610906259865
-3.10464432203841e-08 8.538183022403878e-07 0.0004461686182859591
5.961745189068023e-08 -1.2079092343665456e-06 0.00044871680665009524
4.315015754192493e-08 1.4718012536762082e-06 0.0004464050679569177
3.868049235311652e-08 2.056234650097161e-06 0.0004460051875078349
-2.5577942578163008e-08 5.7490388656509024e-08 0.0004465603263165637
-7.4118301229012745e-09 4.58874213262509e-06 0.0004461266170375171
-4.3705694257879875e-09 6.454932068843464e-06 0.00044639359519189057
-1.5114901778200384e-09 4.128798581633043e-06 0.0004458289636860782
5.785701936192898e-09 5.201824091619869e-06 0.00044654229906309923
8.281500971145528e-08 1.5286549585380076e-05 0.000454926698488585
9.696123849918886e-08 1.5402381185757407e-05 0.0004551873432269511
1.6669052565984747e-07 6.91716603434114e-06 0.00043940214936939183
2.9073015692554906e-08 1.0643036119450063e-06 0.00042014441801346706
-2.6230477490469735e-10 -5.386151869266132e-13 0.00040999306318336494
2.907335266000048e-08 -1.0643054498280714e-06 0.00042014442791732176
1.6668979538959759e-07 -6.917166593808592e-06 0.00043940215691402965
9.696165035755113e-08 -1.540236051542112e-05 0.0004551873104105719
8.281525257869599e-08 -1.5286564840172016e-05 0.0004549267082701308
5.78470770618391e-09 -5.201869974062947e-06 0.0004465423295486594
-1.509408980164186e-09 -4.128797189057088e-06 0.0004458289659457329
-4.373604146889212e-09 -6.454913277884594e-06 0.00044639359170261904
-7.408889698211992e-09 -4.58874607369483e-06 0.000446126618065276
-2.5581311292013284e-08 -5.747176728831904e-08 0.00044656033211396066
3.868387568704708e-08 -2.0562278511086182e-06 0.0004460051916132132
4.3146308577895984e-08 -1.4718057641333147e-06 0.00044640506692717445
5.962177773126018e-08 1.2079031572774592e-06 0.0004487168022671159
9.668758795762241e-08 -7.19747090129203e-07 0.0004465378617811619
1.07951357219699e-07 2.2814482156402094e-07 0.00044848961368541005
9.305670820422599e-08 3.739125997217748e-07 0.0004493558250482218
9.185493732429295e-08 1.8638898965717827e-12 0.0004471576418371534
9.305899007029277e-08 -3.7390868715953833e-07 0.000449355817601707
1.079473333037497e-07 -2.281376088907832e-07 0.0004484896020163864
9.66921553758767e-08 7.19753352109668e-07 0.00044653785028884736
1.6159282036733963e-07 -1.1042434349305088e-06 0.0004490698904608624
1.366111389410253e-07 1.4836238457230503e-06 0.00044678604128061403
9.69519832411101e-08 2.3509371773327585e-06 0.00044621039794287467
7.220963291391267e-08 1.7396362244006193e-07 0.00044680358656309677
-1.3047119032097206e-08 5.118990901509738e-06 0.0004463087250312031
-1.2004358802718858e-08 6.565515730655714e-06 0.0004465173529196055
-2.01292934089465e-08 4.463827509987592e-06 0.0004459974536696167
3.0822710975705594e-08 5.413399741915982e-06 0.0004466307407906549
1.1433630702273e-08 1.5115246713118752e-05 0.0004547007119115034
5.3802224569140085e-08 1.554806893744202e-05 0.0004553346069967078
2.0242269217212848e-08 6.8727109825154285e-06 0.0004391668828179072
2.0091681363830622e-07 1.050915037958938e-06 0.0004198904504591726
2.2146818672542686e-07 3.557355684402445e-13 0.0004091730057645211
2.0091873757924735e-07 -1.0509125219259522e-06 0.00041989043960467354
2.0239029353233683e-08 -6.872711096156638e-06 0.0004391668761964473
5.380659270538285e-08 -1.554808811186908e-05 0.0004553346380399156
1.1428705519795689e-08 -1.511523258875072e-05 0.0004547007025616813
3.0827705827709775e-08 -5.413354898603021e-06 0.00044663071109794024
-2.0134546293197734e-08 -4.463831173023991e-06 0.00044599745214803316
-1.199869074557243e-08 -6.565533591587815e-06 0.0004465173563766017
-1.3052477195737949e-08 -5.118988854827432e-06 0.00044630872420746957
7.221520548328188e-08 -1.7397844745567265e-07 0.00044680358155541153
9.694693588219643e-08 -2.3509450101106537e-06 0.00044621039363016335
1.3661566779757643e-07 -1.483618503422426e-06 0.00044678604297318264
1.6158901031423584e-07 1.1042484364483554e-06 0.0004490698939811509
2.0970589469424353e-07 -6.822469984417398e-07 0.0004470854649986894
2.306156249075056e-07 2.1977771611347867e-07 0.00044893920216709354
2.579969079948957e-07 3.928632485049182e-07 0.00044991871133376473
2.657115970046896e-07 -1.938128405688103e-12 0.00044763398793443843
2.579957028353599e-07 -3.9286666130075875e-07 0.0004499187187781498
2.3061793465944168e-07 -2.1978464983278257e-07 0.0004489392131310107
2.0970282843350113e-07 6.822417748169238e-07 0.00044708547507950726
2.962862094726446e-07 -1.1834311989363044e-06 0.0004496497730219895
3.1789077569115935e-07 1.6042659295448592e-06 0.0004471830973373255
2.4656745292284063e-07 2.547847100970569e-06 0.0004465401351785605
2.027120477837491e-07 5.377263688572619e-07 0.0004470792747574636
1.1261759000166735e-07 5.226653891688396e-06 0.00044661623327806336
-1.6409038831007194e-08 7.905744063856592e-06 0.00044693148698629707
-4.548165004391305e-08 3.822372584013047e-06 0.00044579502417172405
-7.854666146487586e-08 5.0797498154475136e-06 0.00044659820475536613
-1.461130337701522e-07 1.5409474097259502e-05 0.0004552346334476789
-9.667016387517228e-08 1.6642760929754608e-05 0.0004569844662719621
4.455343759586368e-08 8.16515911835973e-06 0.00044145585875523
2.0052184215708367e-07 1.3163615123865909e-06 0.0004192937025282424
2.4088708896673724e-07 -2.1822740297136338e-13 0.0004071743161899873
2.0052006011699672e-07 -1.3163646266714233e-06 0.00041929371420135956
4.455628147702862e-08 -8.165158363047431e-06 0.0004414558643662811
-9.667373231549766e-08 -1.664274330699911e-05 0.000456984437451622
-1.4610937924480374e-07 -1.5409486877671126e-05 0.00045523464185132263
-7.854997554048713e-08 -5.079793637917503e-06 0.0004465982338541516
-4.5478641860863594e-08 -3.82236642376379e-06 0.0004457950247047957
-1.641198835296862e-08 -7.905727845563511e-06 0.00044693148379255975
1.1261993291158624e-07 -5.22665368157122e-06 0.0004466162340182831
2.02709243417206e-07 -5.377155604910798e-07 0.0004470792786744258
2.465701060790744e-07 -2.54783796371107e-06 0.0004465401399753583
3.178883756944319e-07 -1.6042724019430172e-06 0.000447183094798945
2.9628786371350227e-07 1.183427348117696e-06 0.0004496497704761894
3.389421039571662e-07 -7.28899079764546e-07 0.0004474995857707302
2.78106414160437e-07 1.437225636523872e-07 0.00044928746795710095
3.3629878176168865e-07 4.5550457368324773e-07 0.0004507014785918653
2.9434870279488244e-07 1.8034654616725589e-12 0.00044767664491747813
3.362990972598122e-07 -4.5550130254148993e-07 0.0004507014712833151
2.781058565551933e-07 -1.4371609515421856e-07 0.00044928745752987367
3.3894302655269663e-07 7.289033940018652e-07 0.00044749957715551215
4.5752629878816777e-07 -1.271401421387641e-06 0.0004499298510449077
3.8135438663453704e-07 1.1791587069820674e-06 0.0004477708759487408
4.179974523261816e-07 2.5248317306548412e-06 0.0004469466005822663
3.111423356494888e-07 3.474765547807147e-07 0.00044756849976956213
2.8687935655901737e-07 4.797394708815819e-06 0.00044715019481861203
1.3635639791630088e-07 8.787953047736449e-06 0.00044760827600888155
-1.3106859813083042e-08 5.008701556716107e-06 0.0004465539909303196
-2.1357125932648338e-07 4.706013956388111e-06 0.00044647664016190733
-3.08111817613663e-07 1.6627142154205662e-05 0.00045628707753130043
-2.812287605516548e-07 1.7377396825444317e-05 0.00045721355148767593
1.4245107251090978e-08 7.711562442004115e-06 0.0004391517647928804
1.1436561457714833e-07 9.84513149172122e-07 0.0004169533185763974
2.1569362092891784e-07 2.0554001869570505e-13 0.0004070124631632845
1.1436645195333977e-07 -9.845097267885025e-07 0.00041695330631911186
1.4244103215799537e-08 -7.711563533799856e-06 0.00043915176013723043
-2.812277139908592e-07 -1.7377413068602702e-05 0.00045721357800595326
-3.0811278523926665e-07 -1.6627130664492408e-05 0.00045628707022474994
-2.135706476859955e-07 -4.7059714132575945e-06 0.0004464766117660987
-1.3107109340488308e-08 -5.0087100423137594e-06 0.00044655399142570106
1.3635649796031281e-07 -8.787967358561421e-06 0.0004476082788007633
2.8687980154163295e-07 -4.797397093304451e-06 0.000447150194208203
3.111423661453772e-07 -3.474834988197369e-07 0.0004475684969809569
4.179975561457663e-07 -2.524842104190953e-06 0.0004469465953427826
3.813543124724986e-07 -1.1791510623949852e-06 0.0004477708792973901
4.575262818275207e-07 1.2714042544697763e-06 0.0004499298526754473
3.2578229172487644e-07 -7.720010610039785e-07 0.00044761625394608537
4.0835276547640653e-07 3.674054378489215e-07 0.0004499159797817733
2.521624069202278e-07 3.3306647251978237e-07 0.0004501695104513259
3.648496051669311e-07 -1.5936212064630391e-12 0.0004485230259170828
2.521627391618398e-07 -3.3306962202021403e-07 0.00045016951759345767
4.083523353600828e-07 -3.674114459815036e-07 0.00044991598964142513
3.2578247176860824e-07 7.719976418745382e-07 0.0004476162612349211
3.656904090508293e-07 -1.8251230652524722e-06 0.00045044868644743833
3.8145247191825813e-07 1.056715669277244e-06 0.00044791210470640654
3.9428287854651515e-07 1.7473657804234196e-06 0.0004473882248081846
4.4887119818136185e-07 -1.5175364987219553e-06 0.00044828170482846726
3.6850227245556236e-07 4.509890349226624e-06 0.00044763440782865955
3.844662250135197e-07 6.299059455557153e-06 0.00044782704767287013
1.78341791884706e-07 4.577482184055974e-06 0.0004473871467536546
-1.249944520405972e-07 6.136388414197705e-06 0.0004482999290789124
-3.268945322649448e-07 1.894979518417559e-05 0.0004588589604510841
-4.1061774793095267e-07 1.9265782698686648e-05 0.00045930484469771776
-3.327031073550535e-07 8.652512063446456e-06 0.0004395773505214133
-2.5330112741156855e-08 1.4121504496894765e-06 0.0004159621104773934
1.6853698658000967e-07 -2.5845064707323587e-13 0.0004028654168601086
-2.532917918811659e-08 -1.4121538362278794e-06 0.00041596212295519136
-3.3270461894473844e-07 -8.652510820660239e-06 0.0004395773546135117
-4.106167362424209e-07 -1.9265767754713394e-05 0.00045930482004141504
-3.2689492418778165e-07 -1.8949805421061474e-05 0.0004588589670711842
-1.2499382028960691e-07 -6.136429150691913e-06 0.0004482999563530896
1.7834061482230117e-07 -4.577471914701459e-06 0.000447387145549457
3.844681147272746e-07 -6.299046725730395e-06 0.0004478270451923946
3.684994060512163e-07 -4.509886394576345e-06 0.0004476344083879635
4.488738219138135e-07 1.5175403064926623e-06 0.0004482817066365294
3.942801081953646e-07 -1.7473547271473854e-06 0.0004473882302355742
3.8145494817977953e-07 -1.0567238063388648e-06 0.0004479121006674961
3.656891558408664e-07 1.8251206708625022e-06 0.0004504486856414971
3.774877959342985e-07 -9.301962982951833e-07 0.00044725443082254513
3.598977340402689e-07 4.351350920353789e-07 0.0004499458744447908
4.06211296505474e-07 3.2826358923677355e-07 0.0004499590333286242
3.1988234661999706e-07 1.3575302123819223e-12 0.0004482379690434289
4.0621065461108115e-07 -3.2826029519868054e-07 0.00044995902626144576
3.5989865541884337e-07 -4.351296166099353e-07 0.00044994586537385237
3.7748706302184187e-07 9.301991975113066e-07 0.00044725442450869004
3.330091572250786e-07 -2.0330451236451216e-06 0.0004506326055742602
3.6849613583155073e-07 1.3199952810438058e-06 0.0004477044017405017
3.69349852998247e-07 1.3914393843530678e-06 0.00044750036609479275
4.2468496425864693e-07 -2.392040942938966e-06 0.00044853151705164944
4.4766453669268064e-07 3.7386094755469396e-06 0.0004478594823716981
3.805787113955076e-07 5.043294636291352e-06 0.00044798579428139524
3.676651911791687e-07 2.0376248901428018e-06 0.0004471479277267582
2.5486179168224886e-07 5.631803629868041e-06 0.0004491718171011334
-1.5539658945251527e-07 2.024581747624203e-05 0.00046129145096474527
-5.463504526936155e-07 2.21351172892878e-05 0.00046376948027833126
-6.551106101465393e-07 1.1045697038470703e-05 0.00044331268617131824
-5.5341100355499e-07 1.8757494339869225e-06 0.0004135808354712833
-5.128653674010852e-07 4.449523666011629e-13 0.0003961634865929893
-5.534120535069023e-07 -1.8757462901638207e-06 0.00041358082313083507
-6.55109065909064e-07 -1.1045698150978803e-05 0.00044331268217838834
-5.463514264906685e-07 -2.21351311742974e-05 0.000463769503653192
-1.5539544144803173e-07 -2.0245808073039014e-05 0.00046129144468124345
2.5485997859707534e-07 -5.631765361214805e-06 0.00044917179141960867
3.676664802838105e-07 -2.0376360853640163e-06 0.0004471479293833622
3.805766856112933e-07 -5.043306434035254e-06 0.00044798579642487936
4.4766864891314546e-07 -3.738613964671848e-06 0.00044785948195892475
4.246814944138157e-07 2.392039292854753e-06 0.0004485315161686495
3.6935253431683706e-07 -1.391450043369567e-06 0.0004475003607240992
3.6849372106510733e-07 -1.3199873412527527e-06 0.00044770440611277096
3.330108536032339e-07 2.033047815928486e-06 0.00045063260627861235
3.429315250764959e-07 -9.843776077135768e-07 0.00044710804125757574
3.2645426003681307e-07 9.327907688207341e-08 0.000449235427267559
4.0345859386907086e-07 4.814541290217019e-07 0.00045068822640956235
3.2762913741991624e-07 -1.1730304978634518e-12 0.00044675745537264665
4.0345807509425634e-07 -4.814576388230052e-07 0.0004506882335324462
3.264539062401102e-07 -9.328349845400799e-08 0.000449235435164317
3.4293263659055316e-07 9.843748123294064e-07 0.00044710804718913415
2.889701562837256e-07 -1.2037757170242522e-06 0.00044991628671997076
3.539039982024417e-07 8.391452016294608e-07 0.00044812510593335867
3.5435400759923433e-07 2.2471197316233025e-06 0.0004472812014178161
3.4177687173252104e-07 -9.072419520713193e-07 0.00044821703272891674
4.656242532262385e-07 2.198074147121692e-06 0.0004479413298909825
3.633990453594799e-07 7.344596897153367e-06 0.0004484761553035649
4.373992370869647e-07 1.8609932210659901e-06 0.00044684563663984834
5.217651380976815e-07 2.3419817625144072e-07 0.0004460046712671557
2.619118764913181e-07 1.767614778477913e-05 0.00046027564811611704
-3.0478997455811644e-07 2.265477005478714e-05 0.0004662316100290212
-9.484182215281641e-07 1.136081769999915e-05 0.0004450032487923381
-1.4108987164427601e-06 1.7951312152759686e-06 0.00041365980582635094
-1.5709302656797984e-06 -4.56756498676397e-13 0.00039738453327627413
-1.410900229481411e-06 -1.795134139821801e-06 0.0004136598178917489
-9.484172173058317e-07 -1.1360817147618632e-05 0.00044500325302053277
-3.047904407736586e-07 -2.2654756164603406e-05 0.00046623158722071265
2.619105256502952e-07 -1.767615710612058e-05 0.0004602756542733588
5.217680773385978e-07 -2.3423359365263196e-07 0.000446004694997353
4.373978224628994e-07 -1.8609819579494472e-06 0.00044684563475632993
3.6340034789997476e-07 -7.344585118394919e-06 0.0004484761534620125
4.6562171137155833e-07 -2.1980700042967163e-06 0.0004479413300053045
3.4177751844839815e-07 9.072426972025988e-07 0.00044821703311874217
3.5435368597180934e-07 -2.2471103963383177e-06 0.00044728120638265657
3.5390522667639177e-07 -8.39152115501282e-07 0.00044812510232236814
2.889695858734824e-07 1.2037723721613716e-06 0.00044991628495918485
2.606590614054981e-07 -9.795505078806013e-07 0.00044733850232258986
2.958075677811268e-07 9.712761132858788e-08 0.00044936077815774266
1.992206184274647e-07 2.987843645510947e-07 0.0004500551030103641
3.551265769398739e-07 1.2912549961331661e-12 0.0004474560439225578
1.9922197202339866e-07 -2.987809834025575e-07 0.0004500550954428298
2.958069171215133e-07 -9.712453082610908e-08 0.00044936077191269153
2.606590361712023e-07 9.7955389443692e-07 0.0004473384958924066
2.2253881965421882e-07 -9.482609360530467e-07 0.00044976008063547963
2.3588227487715448e-07 7.951576699420395e-07 0.0004482025205604198
3.38133359056857e-07 1.9560839679936444e-06 0.0004474681545403954
3.5856597627951296e-07 -3.608057767784428e-07 0.0004481265076136145
3.6676053542386415e-07 2.2320297155624374e-06 0.0004478559274410882
6.327535936638484e-07 6.002727626556638e-06 0.00044822061279614444
4.121277070410125e-07 2.320283931460368e-06 0.0004471019607989553
4.2550308788090624e-07 -3.312510771128109e-07 0.00044568158372866926
7.734229047352222e-07 1.2697480569765279e-05 0.0004563081661984795
4.4819116967820975e-07 1.756616103643207e-05 0.000462065908600644
-9.227702064880277e-07 9.840467347429784e-06 0.0004474335722807119
-2.4103214461090395e-06 1.7277869503135105e-06 0.00042067858757349465
-3.062103907565302e-06 -3.3817521342459963e-15 0.00040390942537622376
-2.410320384150176e-06 -1.7277843581703136e-06 0.0004206785757949652
-9.227702172379658e-07 -9.840467015598278e-06 0.00044743356681698073
4.4819266181065294e-07 -1.7566175533237936e-05 0.00046206593208185983
7.734217862224391e-07 -1.2697471063027138e-05 0.00045630815939988516
4.2550191887288536e-07 3.31283564803272e-07 0.0004456815619146609
4.1212876388859446e-07 -2.3202948096391145e-06 0.0004471019629140025
6.327532153277188e-07 -6.002740604520076e-06 0.0004482206151316851
3.6676075411402627e-07 -2.2320318038454103e-06 0.00044785592719421457
3.5856784604067795e-07 3.6080462620478816e-07 0.00044812650729992676
3.3813308376192867e-07 -1.9560904057853842e-06 0.00044746815088209194
2.3588133663112692e-07 -7.951528666100969e-07 0.00044820252315209486
2.2253630638662589e-07 9.482656198884385e-07 0.0004497600835126041
2.266099075279197e-07 -8.406911917640092e-07 0.000447678603476292
1.2212312032367686e-07 1.3766465945656565e-07 0.0004495528931203641
2.1923714110349448e-07 1.8368863794144134e-07 0.000449723957606768
1.0408878449568582e-07 -1.1856838010746181e-12 0.00044815560071200525
2.1923821393010951e-07 -1.8369202385112756e-07 0.00044972396568057887
1.221226327112806e-07 -1.3766670576887433e-07 0.00044955289776886796
2.2660689012891898e-07 8.406875882720552e-07 0.00044767861038363
7.044018466058e-08 -1.0794391493537786e-06 0.00044987266183217547
3.3510499623644374e-07 1.3367281833266111e-06 0.000447748891863012
3.0597231113471265e-07 -5.443746903671485e-08 0.0004483429541004468
2.3791163730625813e-07 5.7799545898891764e-08 0.00044819052864902983
5.291727718582105e-07 2.5353888932653582e-06 0.0004478412983586515
5.177897022257494e-07 1.5982667073855438e-06 0.00044765689726909013
4.992565351883215e-07 2.6949996314947596e-06 0.0004479266973122339
3.6434112732345007e-07 2.6954674764536387e-06 0.0004479100718028141
9.862968567636832e-07 7.5756656237768856e-06 0.00045192575498208547
9.490788180241623e-07 9.52732129198251e-06 0.0004542965064588968
-6.733016970753284e-07 5.871310839103185e-06 0.0004475291498886806
-3.0290616747606886e-06 1.2289354989001455e-06 0.0004327813061225588
-4.31407503920765e-06 -4.0810068719451715e-14 0.0004235018565225442
-3.0290604770596227e-06 -1.2289383520978736e-06 0.00043278131718424645
-6.733002395293598e-07 -5.871312528586652e-06 0.0004475291583537403
9.490740566961486e-07 -9.527305930950016e-06 0.0004542964822846774
9.862988065669258e-07 -7.575676144527409e-06 0.000451925763815061
3.6434476859887175e-07 -2.6954956892953077e-06 0.00044791009123319167
4.992563277176144e-07 -2.694989272278665e-06 0.00044792669524422435
5.177857289761858e-07 -1.5982520829893574e-06 0.0004476568940128944
5.291739199147415e-07 -2.5353899986787214e-06 0.00044784129831466045
2.379089765109776e-07 -5.779696804100679e-08 0.0004481905288767512
3.0597634217451124e-07 5.444093681586738e-08 0.00044834295637014607
3.35104314526925e-07 -1.33673103810019e-06 0.0004477488904840667
7.044132961230424e-08 1.0794329389217241e-06 0.00044987265797755507
2.418859282989627e-07 -3.882379127502017e-07 0.00044819931019924453
1.5047418847768232e-07 9.495560911122615e-09 0.000449038023251379
1.0835253763367457e-08 2.845174938479856e-07 0.0004501283128004153
2.5500491043323296e-07 1.00783537698267e-12 0.00044801202254299256
1.0835529429532367e-08 -2.845140662417799e-07 0.0004501283046868309
1.5047533732211586e-07 -9.493845546429118e-09 0.0004490380193575916
2.4188886702581547e-07 3.8824130303959223e-07 0.0004481993033260025
1.7938954692362938e-07 1.023919649670133e-07 0.000448767139991664
3.5413270998374395e-07 2.3345787819668818e-07 0.0004485808179234243
2.3575269474381807e-07 1.988036629069468e-07 0.0004485197629977784
3.416857536459763e-07 8.57614805030617e-07 0.000448232649091699
5.11373499954308e-07 1.2557682688205208e-06 0.00044811008196833185
4.420982159116469e-07 1.9177884944038654e-06 0.0004481156070872808
5.944782140630441e-07 2.269011578546428e-06 0.00044818566821942264
6.876996506054462e-07 3.916175227036375e-06 0.0004490373527003265
8.113213694827055e-07 4.4228632369052145e-06 0.00044940191505806013
4.799223289510314e-07 4.400554418967706e-06 0.000449280150572342
-7.735609977416624e-07 2.6130670859112422e-06 0.00044579230249291204
-3.0577273751557633e-06 3.476064863460789e-07 0.00043810567234176765
-4.199599329860935e-06 5.800977335560077e-13 0.0004339986624849971
-3.057732016166103e-06 -3.4760423878397165e-07 0.00043810566339957577
-7.735620873954294e-07 -2.613064810582451e-06 0.00044579229268830505
4.79929726035044e-07 -4.400568711494116e-06 0.00044928017311259537
8.11317464345927e-07 -4.422850351461728e-06 0.00044940190515255874
6.87694079607859e-07 -3.916154315825949e-06 0.0004490373381729797
5.944789373951176e-07 -2.2690171473024317e-06 0.0004481856686086127
4.421041317860684e-07 -1.9178050574028287e-06 0.0004481156103040134
5.113708113149865e-07 -1.2557633478104609e-06 0.0004481100816072277
3.416895180119153e-07 -8.576204876624419e-07 0.00044823264688293357
2.3574894584929115e-07 -1.988039409492131e-07 0.00044851976185272965
3.5413273087782637e-07 -2.3345695297479438e-07 0.0004485808184651084
1.793872577661306e-07 -1.0238615946535188e-07 0.00044876714557484085
2.1003591234594026e-07 1.7434867860650724e-07 0.00044917260961570423
1.705108468939489e-07 2.8403484859657383e-08 0.0004489749828987701
4.843719445848317e-08 4.859722546853324e-08 0.0004491993274553167
1.0045578496290312e-07 -5.400621111523287e-13 0.0004492566713327628
4.8437448993711184e-08 -4.859981087726017e-08 0.00044919933589536437
1.705077355791005e-07 -2.8405434759352558e-08 0.0004489749864351421
2.1003164900912176e-07 -1.7435334793467517e-07 0.00044917261676404903
3.865899048302947e-07 3.7124129141371996e-07 0.00044863110163332167
2.200325174768321e-07 1.3098956585505127e-07 0.00044882440145986715
4.4209364672208124e-07 8.207087505558126e-07 0.0004484655530710952
5.365180936203558e-07 1.0758108866402811e-06 0.00044840161025772637
5.355178274040717e-07 1.5385720833460687e-06 0.00044837184583575374
8.419455885011055e-07 2.460035916433279e-06 0.0004484734804865411
6.916119373463815e-07 2.5162370327233765e-06 0.00044850328344469176
9.660899523985266e-07 3.2175775822325543e-06 0.0004488729780445158
4.521749724646027e-07 2.490837980019934e-06 0.00044825645305440894
-3.5042643304637826e-07 1.1899701541820744e-06 0.0004466767912674775
-1.3302098259398148e-06 2.4627062448486493e-07 0.0004449194978629694
-2.0381466466020914e-06 -4.7629596219291285e-08 0.0004439975242502379
-2.0294277067871506e-06 -1.6281664028772113e-12 0.00044481299859473717
-2.038140644896555e-06 4.762584443610201e-08 0.0004439975412899428
-1.3302108927173934e-06 -2.46265539429938e-07 0.00044491949131331637
-3.5042680311066993e-07 -1.1899667902630584e-06 0.0004466767864865939
4.521739733734615e-07 -2.490839231619114e-06 0.0004482564520416235
9.660960369423965e-07 -3.2176014179528073e-06 0.00044887299392198135
6.916128617892176e-07 -2.5162304147875528e-06 0.000448503282450467
8.419381645945526e-07 -2.4600161046219705e-06 0.00044847347526401403
5.355181610046904e-07 -1.5385831956138165e-06 0.0004483718443111854
5.365147840231636e-07 -1.075804431905137e-06 0.0004484016119462896
4.4209989400148756e-07 -8.207028112710715e-07 0.00044846555627255064
2.2003711393687248e-07 -1.3100289861836407e-07 0.00044882439484707524
3.865865274769838e-07 -3.712383530176044e-07 0.0004486311073205423
1.0253870156086234e-07 3.546147189510246e-08 0.0004491436126545113
1.5568386793210417e-07 -3.0271961778139104e-08 0.000449050682867495
1.0830445093475587e-07 -2.1065448259027924e-08 0.0004491067253475977
-6.596983511193842e-09 6.95753948641198e-13 0.00044930221020871366
1.0830302425788589e-07 2.106766190545595e-08 0.0004491067237401791
1.5568983632219355e-07 3.0278235401292665e-08 0.0004490506700090664
1.0254058972037498e-07 -3.546598440420823e-08 0.0004491436180878427
2.0432750441926993e-07 7.867740608600006e-08 0.0004489128419902597
5.094014936148339e-07 7.102743439880845e-07 0.00044840913232106213
5.163738043308745e-07 6.501195168653708e-07 0.0004484443908286656
6.067511467562648e-07 1.0302332135344176e-06 0.0004483279775300376
7.734322526095007e-07 1.412220460883348e-06 0.0004482835941682911
6.097678631932392e-07 1.1917580330050484e-06 0.00044825091122779285
5.894163424166046e-07 1.3255888645027387e-06 0.00044827108926367455
2.298249684755479e-08 3.4033797600521884e-07 0.000447728250657154
-3.489678746104799e-07 -7.592239958285728e-08 0.00044738259670905713
-8.101183044930448e-07 -3.493359076722205e-07 0.0004470453484590077
-9.920616736354619e-07 -2.3839261338941771e-07 0.00044727472744906805
-8.213597291512304e-07 4.4969482610978714e-08 0.0004482379177598955
-9.835203160169993e-07 5.033539114686087e-13 0.00044770025901981947
-8.213571196706461e-07 -4.4965737531258687e-08 0.0004482378961070528
-9.920577139173265e-07 2.3839157145798104e-07 0.00044727472728520683
-8.101153901949362e-07 3.493317031447718e-07 0.00044704535952880676
-3.489743736826231e-07 7.59374336242188e-08 0.0004473825863862005
2.2976584739981844e-08 -3.4032574576606036e-07 0.00044772824306272624
5.894133409945766e-07 -1.3255958146589547e-06 0.0004482710897589946
6.097666520391444e-07 -1.1917730772394296e-06 0.0004482509116425284
7.734310742094914e-07 -1.4122218941783178e-06 0.00044828359238300615
6.067616248353477e-07 -1.0302451963211444e-06 0.0004483279749551453
5.163698261590522e-07 -6.501004839686571e-07 0.00044844439742372944
5.094073655662677e-07 -7.10282456343669e-07 0.0004484091257207026
2.0432418815776673e-07 -7.86736571308095e-08 0.00044891284742379925
2.873579873758949e-07 -2.241974545173281e-07 0.0004487174860732694
1.0302779119361075e-07 1.3931255215336327e-08 0.0004491500828521113
1.0508044842664189e-07 2.5477404825066663e-08 0.0004491971580537076
1.6840814226081316e-07 4.720386901087407e-13 0.000449070876934614
1.0508537438726494e-07 -2.5476188424811534e-08 0.00044919714240642723
1.0301695852417851e-07 -1.3947279374460217e-08 0.00044915011718046
2.873643669573064e-07 2.2420372889949558e-07 0.00044871747649874477
5.846466304362846e-07 3.403027838078035e-07 0.0004483574331608365
5.255664388134734e-07 1.459190896819234e-07 0.00044850179453008953
5.101268078434224e-07 1.358633352683379e-07 0.00044849640146146845
5.03403861433313e-07 7.911682869237936e-08 0.00044850355542729877
2.8249173111502884e-07 -3.00443567331454e-07 0.00044853087482981324
7.909497076985926e-08 -6.70487402654766e-07 0.00044848611607805597
-2.431165401750941e-07 -1.158510328668822e-06 0.00044833474901401357
-3.5248655374799705e-07 -9.702221149924691e-07 0.00044843619712656087
-5.169401548235147e-07 -8.932247060756086e-07 0.0004485042439575242
-4.4668622220522205e-07 -5.363332315022124e-07 0.00044895193534597505
-2.568227549513962e-07 -1.5187390975965204e-07 0.0004496794132294105
-1.9117400788638526e-07 -6.342365071063505e-08 0.0004499711380795802
-3.419938566586391e-08 -5.523235014781001e-13 0.00045065365961110193
-1.9117336183259916e-07 6.342202098751511e-08 0.00044997113824424013
-2.5681157868042817e-07 1.5186885744981855e-07 0.0004496794222370129
-4.4668768130652766e-07 5.363428703315347e-07 0.00044895191611571346
-5.169347883953819e-07 8.932116491507452e-07 0.0004485042530244691
-3.52480258839658e-07 9.702026795921617e-07 0.0004484362120552517
-2.4312342967628685e-07 1.1585105281668107e-06 0.0004483347548370045
7.908718956162634e-08 6.705021304736231e-07 0.00044848611822069864
2.824945814821218e-07 3.0044305596196206e-07 0.00044853087767971275
5.033984889786297e-07 -7.909918085614276e-08 0.0004485035583483732
5.101381847186418e-07 -1.3587888864083406e-07 0.00044849639352546964
5.255753173659787e-07 -1.4591625259677853e-07 0.00044850179586946725
5.846469519955414e-07 -3.402950433366369e-07 0.00044835743844314266
3.868603428485502e-07 4.692324828631435e-09 0.0004487948691407687
4.033246458127994e-07 -5.465890019649406e-08 0.0004487035917452519
3.045404300772806e-07 2.6101530757968374e-09 0.0004489115460561616
3.0006191694246626e-07 -5.793500364220256e-14 0.0004488971408307518
3.0455108035737237e-07 -2.608469945509186e-09 0.00044891153662853433
4.033328939366097e-07 5.466004947132692e-08 0.0004487035900278039
3.8686355692623216e-07 -4.690367461292491e-09 0.00044879486980726514
4.123501226549945e-07 -6.335379793828979e-07 0.0004492834520881837
3.8191621850446123e-07 -5.794774944564672e-07 0.00044922684761147943
1.9531990677364568e-07 -9.602803920836629e-07 0.0004494223836299361
-6.521058409127237e-08 -1.4433631470670393e-06 0.0004495647389066284
-1.5667294582873113e-07 -1.5245113779918614e-06 0.00044957280614786767
-2.79211440562915e-07 -1.523776177004541e-06 0.00044957633771874515
-2.7166168961086356e-07 -1.2114857441171073e-06 0.00044967749037199035
-2.495922124985285e-07 -9.612049006339315e-07 0.0004498199583310402
-4.7636646055920035e-08 -3.6746458186513455e-07 0.0004503179087732442
6.355378317433823e-09 -1.6684230388884532e-07 0.00045057376595520785
1.6539307221802713e-08 -1.3196143418215696e-07 0.0004506562947462511
1.8506161389538004e-07 2.492618694985844e-08 0.0004512080428969791
1.7267487862984595e-07 -1.469659579570157e-12 0.0004510527077584754
1.8508092550372208e-07 -2.4935540099959167e-08 0.00045120810815219237
1.652703954738048e-08 1.319759484150416e-07 0.00045065628016531143
6.335810988312483e-09 1.6687036089348772e-07 0.0004505737242115995
-4.76432765473227e-08 3.67468946743073e-07 0.0004503178945915055
-2.495834777528854e-07 9.611653837979517e-07 0.00044981998000378365
-2.7166015102406543e-07 1.2114842806467566e-06 0.00044967749192115897
-2.792244545154934e-07 1.5238178382320204e-06 0.00044957632680616544
-1.5666861253954604e-07 1.5244950015501176e-06 0.0004495728020644327
-6.518942175529054e-08 1.4433079378969813e-06 0.0004495647322037949
1.9531147760513474e-07 9.603098325517437e-07 0.0004494224027086547
3.8190150561554875e-07 5.795167661255709e-07 0.000449226871553792
4.1234934503532934e-07 6.335479409683507e-07 0.0004492834515570837
6.296597043066267e-07 2.0876733304688107e-07 0.0004487816897474801
7.084854189302162e-07 9.805970271196103e-08 0.00044859380319479285
8.151309850519534e-07 2.8699118589508203e-09 0.0004483157835253663
7.894101220671431e-07 1.0052092913141842e-12 0.0004484002531210577
8.1514830974976e-07 -2.8623323541004632e-09 0.000448315725668777
7.084763114442563e-07 -9.807769329486727e-08 0.0004485938298616361
6.296442878205807e-07 -2.0879737816105983e-07 0.0004487817390720702
5.163856265151052e-07 7.490380353582552e-08 0.00045034729257285546
3.1118113621675404e-07 -2.816525796864381e-07 0.0004506431523660665
2.14257896107711e-07 -3.249992542950822e-07 0.00045066689605148584
1.7711132250407236e-07 -2.8621699993688736e-07 0.0004506563064511887
5.0171064974748344e-08 -4.2604791500267015e-07 0.0004506714382624898
3.541592394874448e-08 -3.7726439966088094e-07 0.0004506773668775822
-1.2577805894570293e-08 -3.9964639559922034e-07 0.0004506710840674373
6.5350416311080744e-09 -1.9241349012627013e-07 0.0004507825872920009
-5.96377270383927e-08 -2.1673023888873455e-07 0.0004507614935582538
6.031275674421707e-09 -1.2899547585002709e-08 0.00045100876846510256
5.3606990467399525e-08 1.066358645698236e-07 0.0004512323540762336
-8.504121345104502e-08 -1.5583459391886006e-08 0.0004508305997055629
-7.178416254486863e-08 -3.987745596212815e-12 0.00045097374148194417
-8.505380048841737e-08 1.5577486452962417e-08 0.00045083058042639335
5.361309206900828e-08 -1.0665889998285057e-07 0.0004512323915305915
6.032349370161204e-09 1.2880698002478277e-08 0.00045100879901389344
-5.964452842969568e-08 2.1672714802648242e-07 0.0004507615053436891
6.51805734381243e-09 1.924473292649039e-07 0.0004507825686462502
-1.259593704579767e-08 3.9966974553115473e-07 0.00045067107076084
3.54145369647541e-08 3.7722519293771293e-07 0.0004506773724067956
5.0164305239227985e-08 4.260167860913055e-07 0.0004506714428738634
1.770810966256947e-07 2.862566389188744e-07 0.0004506563179291836
2.1423451844184633e-07 3.25038782869924e-07 0.00045066690736808904
3.1117473578288764e-07 2.8164816983069957e-07 0.00045064313955802505
5.164022441436509e-07 -7.497518626520298e-08 0.00045034722397613693
5.311982196297705e-07 8.543594584666794e-08 0.00045054169832238597
6.396506479200814e-07 1.2562550000852501e-08 0.00045041517868273025
6.57830839701396e-07 2.041660165182717e-08 0.0004504568191460667
7.215407801503093e-07 8.798504591831426e-12 0.00045030302759936603
6.578393226378077e-07 -2.0392141481444015e-08 0.0004504567463048341
6.396657872895741e-07 -1.2533929160652923e-08 0.0004504150893533984
5.311869753346702e-07 -8.546781582194183e-08 0.00045054171991916854
4.0982675359108017e-07 -1.215037541730536e-07 0.00045258604249320464
4.699744410751307e-07 1.7840609477533474e-07 0.0004523265039125171
4.1772425800621177e-07 1.749625643166179e-07 0.0004523253059501921
3.1108801979633297e-07 9.471640565304148e-08 0.00045234706496683435
2.9146863937533834e-07 1.7279088333474e-07 0.0004523360551869374
1.7721870074200511e-07 7.877167544568815e-08 0.00045232424550611846
1.128606195982084e-07 9.729427715467872e-08 0.00045232931431525184
1.0826347898472262e-08 -4.178020528018635e-08 0.0004522546678758798
7.074963179155951e-09 5.798866452504875e-08 0.0004523438713629661
-1.0209508500164508e-07 -6.777910158998837e-08 0.00045220148472682265
-1.7356790076991485e-07 -1.2663866321941258e-07 0.00045210526496658476
-5.4826278452165874e-08 1.579632475681822e-08 0.00045258207788927276
-7.367285906410445e-08 4.0302621334884885e-12 0.0004524907195137468
-5.4815232032628794e-08 -1.579217794544241e-08 0.00045258211808925255
-1.7357724452520845e-07 1.2665795967582112e-07 0.00045210525722462805
-1.0210526522046304e-07 6.78028867662438e-08 0.0004522014687321954
7.062746271375067e-09 -5.795368633954821e-08 0.0004523438424691509
1.0815663446900685e-08 4.180200382138972e-08 0.0004522546507285014
1.1284975269461791e-07 -9.727867746324747e-08 0.00045232930130017807
1.77194323365046e-07 -7.873754494844103e-08 0.0004523242272431926
2.914508661520378e-07 -1.7279325119592112e-07 0.0004523360411588688
3.1109271945462384e-07 -9.478690140072451e-08 0.0004523470450662268
4.177246866237748e-07 -1.750279012447156e-07 0.00045232528900796584
4.699617143740089e-07 -1.784231427247815e-07 0.00045232651543556567
4.0979371257677627e-07 1.215680132059293e-07 0.0004525861235593301
5.089318138887194e-07 -6.531724841972318e-08 0.0004523709931344075
4.883855875453647e-07 -2.905832927396288e-09 0.0004524817835257716
5.236506918573328e-07 -1.637613896804498e-08 0.0004524345677270179
4.799210339341167e-07 2.636770057997684e-12 0.00045257814425210335
5.236549746396813e-07 1.638052101324027e-08 0.0004524345805739217
4.883899028750172e-07 2.911301986987596e-09 0.00045248179634278823
5.089614470547323e-07 6.536836866037265e-08 0.00045237092540626416
-5.92790955830495e-07 5.947897715055128e-09 0.0004511974609127449
-8.045336971472509e-07 -4.989528909925749e-08 0.00045110429813066287
-7.427192663258366e-07 1.9713748249187921e-10 0.0004512038643335467
-7.343506945379664e-07 -2.2335075531363843e-11 0.0004512225587869832
-7.420878802974558e-07 -2.549635340407711e-10 0.00045120439546055257
-8.064378880801287e-07 5.0849898494061615e-08 0.00045110281422642575
-5.931924535534379e-07 -5.6297423033987275e-09 0.0004511972047647818
-4.0727583387176377e-07 4.1199309828320884e-08 0.00045122446867561233
-3.3071276111078443e-07 4.5124179743139196e-08 0.00045139742991904224
-5.037067088024245e-07 7.491582745642213e-09 0.0004513598647096296
-5.740010908646861e-07 -2.0945654670333127e-11 0.00045135151502997565
-5.017665567290914e-07 -7.737433414421675e-09 0.00045136064491202893
-3.295053076653615e-07 -4.5336998118542595e-08 0.0004513978617738465
-4.070031374280107e-07 -4.1465793782166965e-08 0.00045122460949172257
-2.417637397442692e-07 4.6023662306745075e-08 0.00045123922358462746
-1.9250933490022832e-07 5.896879855651614e-08 0.0004513981197438962
-3.109688433660932e-07 4.3914734297988215e-09 0.00045144869352474996
-3.6297226772864023e-07 -4.423454093894609e-11 0.0004514405658960581
-3.106441749026324e-07 -4.474136968875005e-09 0.0004514487621753148
-1.9376955900227432e-07 -5.8356321855153316e-08 0.00045139787583975497
-2.4302605033515595e-07 -4.483182651729895e-08 0.00045123891493986917
-4.634667361652669e-08 8.923697908780644e-08 0.00045124516262953665
-1.631675795728576e-07 -4.914921838100542e-09 0.0004513920182691938
-1.7217165307344715e-07 -2.3635270486531637e-09 0.0004514621785822828
-1.2387571606476088e-07 -3.304188363812574e-12 0.0004514715846185708
-1.721508117756704e-07 2.3647097551056964e-09 0.00045146213890606484
-1.62446651901077e-07 4.62743479048053e-09 0.0004513918770589339
-4.6687134681852784e-08 -8.896046277455946e-08 0.0004512450297251646
1.3799231159910053e-07 8.346515419217496e-08 0.00045124814152183517
-1.6099550933937443e-08 -1.0313802493541629e-08 0.00045140606905094135
1.0693380250611649e-07 2.4163319894825615e-08 0.0004514516080894246
7.471691081096735e-08 3.963781476326001e-11 0.0004514720851577652
1.0669635502219942e-07 -2.4123444432136774e-08 0.00045145166358585766
-1.4817403476318535e-08 9.736026144762092e-09 0.0004514058375499856
1.3890411313968277e-07 -8.421297212050541e-08 0.0004512478983715305
7.79983762028708e-08 -4.794765154697199e-08 0.0004513171445138047
2.3592235120050182e-07 3.866602587301507e-08 0.00045137227551083676
1.6748872714342474e-07 3.1378568463759865e-09 0.00045143529217515135
6.967175910771033e-08 3.344408606353707e-11 0.00045150887311482717
1.6612563588814212e-07 -2.914811075850825e-09 0.0004514359031518274
2.353587092499178e-07 -3.857902977047365e-08 0.0004513724742350295
7.775126512844883e-08 4.8206526916295126e-08 0.0004513172788123861
4.307559400161678e-07 9.173009077311632e-08 0.0004512158417011767
5.332402802606096e-07 8.669562666451282e-08 0.0004511838102284467
6.253699078599892e-07 5.4373349821224146e-08 0.000451189055362796
5.692873502729384e-07 1.0448379957620646e-11 0.00045120021671554787
6.252696481831511e-07 -5.4355755683473266e-08 0.0004511891562607652
5.336033500919204e-07 -8.692846204424304e-08 0.00045118345571555564
4.3142494414437795e-07 -9.21896782754288e-08 0.0004512154345786417
3.7602598322331627e-07 2.74302323719417e-08 0.0004527262088695855
4.350459522698233e-07 -1.1081319964702315e-08 0.0004526727483356376
4.274936033718277e-07 1.2175064977028561e-08 0.00045273553186511706
4.717379967679345e-07 -9.876230490056214e-12 0.00045263570020693253
4.274907362171267e-07 -1.2196487887458715e-08 0.0004527355401215446
4.350517716124714e-07 1.106115039187386e-08 0.00045267274802951153
3.76021479791301e-07 -2.7484034653615466e-08 0.00045272625233656525
3.600426034247621e-07 -1.9683879347774712e-08 0.0004526864544525566
3.2945171805329813e-07 -2.0121508746132387e-09 0.0004528539017820451
3.70570568879424e-07 -7.865394664016483e-09 0.00045283085390032814
3.510182367324202e-07 -8.325900108118807e-12 0.00045289399733376646
3.7058519758030765e-07 7.852417367855443e-09 0.0004528308410726199
3.2947263413014563e-07 2.0054097037827845e-09 0.0004528538879176918
3.6005065476128287e-07 1.9666545069032756e-08 0.00045268646779970744
3.375667234035172e-07 -8.598599768658433e-08 0.0004526610754824375
2.895831685196123e-07 6.547620105563408e-09 0.0004528491726334851
2.75749223016912e-07 -2.749549761564361e-09 0.0004529316277560451
3.1064194662430494e-07 -1.319619331543648e-11 0.00045291057053518203
2.757458407798288e-07 2.7207196974757463e-09 0.00045293163102380916
2.895888026070702e-07 -6.576801013899791e-09 0.0004528491749882349
3.375790670903848e-07 8.597496224527955e-08 0.00045266108553425636
2.3746049468409184e-07 -2.0028995654709777e-08 0.000452668465056988
2.590288591280878e-07 -4.6637092059012136e-08 0.0004528409893689701
2.2449018924458385e-07 1.64817352333001e-08 0.00045292753026844764
2.2081488751305513e-07 -1.4890701493704914e-11 0.00045295211170933385
2.244903872722e-07 -1.6511424003160655e-08 0.0004529275321242258
2.5903604236515464e-07 4.6614894557490805e-08 0.0004528409930001576
2.374660435415984e-07 1.9996273528250165e-08 0.00045266847756150253
1.9776774896199405e-07 -8.109767010469971e-08 0.00045267455992892476
1.7761158840599002e-07 4.564881203592279e-09 0.00045283345530562066
1.5538931024597384e-07 9.5844047774423e-09 0.0004529192285397639
1.5494692911119973e-07 -1.323042112126891e-11 0.0004529605291084323
1.553883965709635e-07 -9.612601448604714e-09 0.00045291922780112907
1.7762284069407137e-07 -4.581914049828808e-09 0.0004528334624479271
1.977801265948221e-07 8.107762047714599e-08 0.0004526745742374346
1.1435868118092223e-07 -2.6532465900176597e-08 0.00045265248100554437
1.1572139712697224e-07 5.20417471455688e-10 0.00045281987107833184
1.247838173439133e-07 -3.632130771786211e-08 0.0004529238331112
5.9258387613166834e-08 -4.441794601408298e-12 0.0004528100790219847
1.2479797196127123e-07 3.631397074228171e-08 0.0004529238420286364
1.1574744772565727e-07 -5.216082773238928e-10 0.00045281989307579667
1.1438196970193876e-07 2.6543511895264375e-08 0.00045265250608917507
4.999025539837206e-08 -3.8677211854361e-08 0.0004526472191921776
1.8783357650769873e-08 -6.667448027459662e-08 0.0004526896120898533
-1.0781132913536825e-07 3.004609598377435e-08 0.0004524051466687803
-8.180540257739037e-08 7.51463650370428e-12 0.00045252906253684735
-1.0779212391578876e-07 -3.002605775577509e-08 0.0004524051860596242
1.880201880994062e-08 6.669120997015888e-08 0.00045268964080125525
5.001331594980032e-08 3.869316339218079e-08 0.0004526472463173361
0.0 0.0 0.0
0.0 0.0 0.0
-9.94429892748276e-09 7.467925236374485e-09 -3.3050985289104404e-07
0.0 0.0 0.0
0.0 0.0 0.0
0.0 0.0 0.0
-3.6307504752805884e-07 2.6958055629400837e-10 1.615660950348542e-06
-1.7996100471901537e-08 7.844517519517181e-09 -3.3218807009623236e-07
0.0 0.0 0.0
0.0 0.0 0.0
-6.620153550304967e-07 -7.001653379631623e-07 3.0666889494953227e-06
-3.950791608533495e-07 -1.280583266731492e-08 1.6278301659591695e-06
0.0 0.0 0.0
0.0 0.0 0.0
-4.6706191874338404e-07 -1.7649679258933147e-06 2.998119247147262e-06
-7.115893934318058e-07 -7.469954681278198e-07 3.0656843567200396e-06
0.0 0.0 0.0
0.0 0.0 0.0
2.7053854950508363e-08 -1.749578823771061e-06 2.397224476968523e-06
-5.411562135665866e-07 -1.7825687133108018e-06 2.9952477985416662e-06
0.0 0.0 0.0
0.0 0.0 0.0
1.869024040877563e-08 -1.523962232032208e-06 2.858595876778485e-06
-6.918783466808068e-08 -1.7484228107488832e-06 2.3999159993593425e-06
0.0 0.0 0.0
0.0 0.0 0.0
-8.569009711256177e-08 -1.6521341649874016e-06 2.3590256934536777e-06
-8.187180953783482e-08 -1.5399744382732493e-06 2.8602910807316126e-06
0.0 0.0 0.0
0.0 0.0 0.0
4.499633795563807e-07 -1.8879141547890074e-06 3.247839422082393e-06
-1.9106020356695561e-07 -1.6502022243358398e-06 2.3536439497892694e-06
0.0 0.0 0.0
0.0 0.0 0.0
6.581033049098629e-07 -3.123149786745397e-07 3.3536502061932516e-06
3.846909923579931e-07 -1.877412933409665e-06 3.252391214543103e-06
0.0 0.0 0.0
0.0 0.0 0.0
1.0824842340433145e-07 9.015673538102553e-08 1.5791088669741339e-06
6.144907726425925e-07 -2.8063405992069273e-07 3.3529873665440345e-06
0.0 0.0 0.0
0.0 0.0 0.0
-9.540934764735858e-09 -1.0879428367297421e-08 -3.17170493100391e-07
9.917719704608868e-08 8.414741389402818e-08 1.563854549397269e-06
0.0 0.0 0.0
0.0 0.0 0.0
0.0 0.0 0.0
-1.1813473742720479e-08 -8.852021732285475e-09 -3.152186021280203e-07
0.0 0.0 0.0
-9.86027548989329e-09 7.077523558768523e-09 -3.313297818266495e-07
-4.7543620577897867e-08 -1.1877456785947954e-08 -1.0880541304386023e-07
0.0 0.0 0.0
-1.765420531297228e-08 1.0887011874265138e-08 -3.35319557399958e-07
-3.724217218072619e-07 -1.587476959698274e-08 1.6171126148305437e-06
-2.8276901656100333e-08 8.696983486972637e-08 -1.0030266627237468e-06
-6.415246094853901e-08 -1.2114633541186104e-08 -1.0436795363824536e-07
-4.307159350397433e-07 -4.11614889940843e-08 1.6335835241246725e-06
-7.077245224883194e-07 -8.320691399910639e-07 3.0639950261377985e-06
-2.498602219414781e-07 -1.3607215944480573e-06 0.00016599537326385396
-3.491569569936307e-08 1.1182903784524943e-07 -1.0189354208289431e-06
-7.692623590411749e-07 -9.670897376623768e-07 3.0628835697549803e-06
-5.169257999602145e-07 -2.1238060544358226e-06 3.000645874378539e-06
2.1914634789410877e-07 -4.52592282530915e-06 0.00013459338875066254
-1.9641182673720526e-07 -1.9110751713007505e-06 0.00016770117208783424
-5.610043738157778e-07 -2.171409625166672e-06 2.9967655720244724e-06
4.183544375916707e-08 -2.1590198836728087e-06 2.3960375094763616e-06
-1.9025501544076866e-07 -4.206712702448042e-06 0.00014536914244987095
6.687002045762188e-08 -4.524666429365223e-06 0.00013467954448143044
-6.31576406548756e-08 -2.13623728103901e-06 2.398009955042963e-06
2.7643165138459653e-08 -1.8818074494585347e-06 2.859450656943864e-06
-1.0938693071263323e-07 -3.7445199965892584e-06 0.00015923233680567348
-2.9750819693912426e-07 -4.199073457311221e-06 0.0001453177788573053
-8.223829162053552e-08 -1.8936903120531416e-06 2.861460618125722e-06
-1.0389447123509788e-07 -2.0220356575844285e-06 2.3577692154313625e-06
9.586966353351168e-08 -3.827407808568317e-06 0.00016058386165978652
-2.0280263109442938e-07 -3.775244151616025e-06 0.00015937427805422618
-2.348902401594893e-07 -2.048357730310094e-06 2.3521466925091395e-06
4.5426598455693485e-07 -2.278062327029847e-06 3.2510278166876666e-06
-4.7014953118287436e-07 -4.92433413277737e-06 0.00013469331606350923
1.658881914045472e-08 -3.819217418426869e-06 0.00016040100154322086
4.382431231759798e-07 -2.2235504159614938e-06 3.2595768353406072e-06
7.270392554163032e-07 -4.4515463916744113e-07 3.349897491516932e-06
-7.876243177471615e-07 -3.68813590535042e-07 0.00016501045890377663
-6.869965682061006e-07 -5.015175803076476e-06 0.00013460381486643224
6.419775680796678e-07 -3.3393895482484323e-07 3.3516333330519006e-06
1.0109344542904301e-07 1.0457117612588352e-07 1.5833332718153777e-06
3.590702416463807e-09 1.76267567353266e-08 -1.206675421059052e-06
-4.342153074673345e-07 -1.476422511898876e-07 0.00016961813473025897
9.15243208957702e-08 8.967498005751501e-08 1.5637997804541884e-06
-1.032964785698578e-08 -1.0611145689456576e-08 -3.2040351368043604e-07
2.114037426616508e-08 5.10428599699238e-09 6.335111140470105e-08
-8.618096865303634e-09 1.3152384226260368e-08 -1.1878928475407463e-06
-1.1344953315304969e-08 -8.227868679194347e-09 -3.156014487311101e-07
0.0 0.0 0.0
0.0 0.0 0.0
1.375660750739405e-08 2.1086832204554784e-09 5.7774036465272845e-08
0.0 0.0 0.0
-4.6525910253138596e-08 -1.523679084171434e-08 -1.091827002192637e-07
-2.662419194595446e-08 5.205246295807876e-08 -2.0972151741813832e-07
0.0 0.0 0.0
-5.89316768529327e-08 -2.3967420617073525e-08 -1.0401409943395263e-07
-2.9076177086471587e-08 7.939882543467523e-08 -1.004439519667116e-06
-5.680572191659216e-08 -2.2777744554244235e-07 1.4381035601574734e-06
-2.8521147593932788e-08 6.280875657175042e-08 -2.1116236132966812e-07
-3.8539510492201934e-08 1.214743340627099e-07 -1.0213914920185783e-06
-3.2900846397443596e-07 -1.1130560856282482e-06 0.0001669975120456411
-3.7539684865159475e-07 5.962333101043733e-07 4.824998767841782e-06
-5.994229424048624e-08 -2.7612250619209426e-07 1.4576388216376345e-06
9.046292612150854e-07 3.898481881739949e-06 0.0003321811089825446
4.7626374531068145e-07 4.392398933028486e-06 0.0006088164065404147
1.222317382723388e-07 2.5202066358001103e-06 7.0190600301909275e-06
-4.290887248172193e-07 9.398510920007427e-07 4.829061022290331e-06
2.9918899121163935e-07 4.444097738497584e-06 0.0006105728516514672
4.921322304475286e-08 4.274152952334871e-06 0.0005205844868856945
1.810982030283743e-07 2.1085228615728836e-06 7.516053815744494e-06
6.000465256336752e-09 2.4798027139199014e-06 7.023668678697138e-06
-7.480756628785407e-08 4.256156142058431e-06 0.0005251337051896372
4.9427525723652535e-08 3.722799215487867e-06 0.0004552127125559492
1.5212130262790748e-07 1.914827920630721e-06 5.825327750939436e-06
6.379130223153367e-08 2.0915682568951813e-06 7.506473425781359e-06
-4.894252214579843e-08 3.7535263883340217e-06 0.0004592933312029508
1.961698599795497e-07 3.84588118345162e-06 0.00045567491144481403
-3.399591292659444e-08 2.029035016138933e-06 7.024002699145238e-06
3.583600681187627e-08 1.918659858968189e-06 5.821721135798497e-06
1.0047741368261554e-07 3.83979526578722e-06 0.00045084365009470667
-6.946666194444819e-07 4.824213427237083e-06 0.0006383379954440492
4.3970818318612663e-07 2.3052723835882e-06 6.567372050194756e-06
-1.7717196813425436e-07 2.0529459689210867e-06 7.033132658698689e-06
-4.740785736382939e-07 5.1013775197031986e-06 0.0006338875709550264
-1.0643148637186542e-06 3.825934773586017e-07 0.00016504757959629404
7.235120427757268e-07 4.301868342025617e-07 5.037520334143951e-06
4.0554902734387075e-07 2.2762111140569585e-06 6.569428142637981e-06
-3.7860152159501706e-07 -4.6755885308020375e-09 0.00017123698032883152
4.374566390065601e-09 3.3432571922361752e-09 -1.208424015595469e-06
9.189139270321586e-08 -1.1390572197250307e-07 1.0134227704951658e-06
6.248885028643493e-07 3.055867743189044e-07 5.0278812338525105e-06
-7.909817943823644e-09 6.241976857093918e-09 -1.1907377991728753e-06
2.1034823590578694e-08 -4.7804346205015425e-09 6.2653782966049e-08
-7.243110191054659e-09 1.3147987490538537e-08 -3.576440830158477e-08
8.455114880286359e-08 -9.718311785404673e-08 9.98527568861411e-07
1.3654031391679598e-08 -1.0729172926107803e-09 5.795746693297903e-08
0.0 0.0 0.0
0.0 0.0 0.0
-8.259151903358176e-09 9.780065083428298e-09 -3.5099985719777406e-08
0.0 0.0 0.0
-2.4828850574359226e-08 5.10711611558056e-08 -2.0754066824812772e-07
0.0 0.0 0.0
0.0 0.0 0.0
-2.8773259974294577e-08 6.127647413858234e-08 -2.0753836848838578e-07
-6.27318572230918e-08 -2.2624302779424677e-07 1.4371766913825792e-06
0.0 0.0 0.0
0.0 0.0 0.0
-6.166960287370553e-08 -2.4776791798534513e-07 1.4540299252645078e-06
-3.470207526773537e-07 5.592615225972053e-07 4.825240905402349e-06
0.0 0.0 0.0
0.0 0.0 0.0
-3.8512236735493783e-07 6.557320438020706e-07 4.831598889577823e-06
1.1117527874525812e-07 2.0999911559643673e-06 7.0300280155155925e-06
0.0 0.0 0.0
0.0 0.0 0.0
-6.371474148641951e-09 2.060686259412974e-06 7.034254426230271e-06
1.5724819197504502e-07 1.700210435752692e-06 7.517281788817757e-06
0.0 0.0 0.0
0.0 0.0 0.0
5.2375164142037906e-08 1.7005815025255925e-06 7.509775670197656e-06
1.3585832447930996e-07 1.5561031715856775e-06 5.830551465156455e-06
0.0 0.0 0.0
0.0 0.0 0.0
3.090665412237219e-08 1.562839232008727e-06 5.8284665247640604e-06
-1.9161069349925028e-08 1.658600658547538e-06 7.02323350232594e-06
0.0 0.0 0.0
0.0 0.0 0.0
-1.298703169149454e-07 1.651481026953954e-06 7.0287232864372944e-06
4.3615449898752036e-07 1.9155096274458095e-06 6.584172598057154e-06
0.0 0.0 0.0
0.0 0.0 0.0
3.5842916681359204e-07 1.9208035582066247e-06 6.586086220720472e-06
6.45307656587753e-07 2.9062490291722766e-07 5.029037444165247e-06
0.0 0.0 0.0
0.0 0.0 0.0
5.974065243990718e-07 2.572880446716993e-07 5.0239931110319355e-06
1.0111544314367543e-07 -9.732845941584287e-08 1.01119472899456e-06
0.0 0.0 0.0
0.0 0.0 0.0
9.128282564010711e-08 -9.328890929368163e-08 9.975988439179069e-07
-6.569414044400737e-09 1.2523407085875833e-08 -3.3396213575230333e-08
0.0 0.0 0.0
0.0 0.0 0.0
-8.543894835413246e-09 9.751624188211534e-09 -3.418199485894119e-08
0.0 0.0 0.0
0.0 0.0 0.0
0.0 0.0 0.0
