# vtk DataFile Version 3.0
SUBOFF ice impact; physical displacement scale 1
ASCII
DATASET UNSTRUCTURED_GRID
POINTS 1346 double
0.06597911206050518 0.08347787228135999 -0.08169015585344566
0.06602057037046306 0.0981874940482955 -0.06379538250059183
0.06602100411318744 0.10909341644865932 -0.04338478576421903
0.06602121992615163 0.11580879835824051 -0.02124080633130183
0.06602106669921987 0.11807645735990258 0.001787635251974901
0.06602093824052108 0.11580917009436585 0.02481612796821019
0.06602097530637531 0.10909366396232092 0.046960091917155354
0.06602030634580594 0.09818791036842113 0.06737082328922882
0.06597909126503504 0.08347809668041542 0.08526544844604719
0.06602090043792504 0.06558311629788316 0.09997482294693949
0.06602142585764098 0.04517258581974917 0.11088094278011668
0.06602172329384005 0.023028519876724246 0.11759607980306054
0.0660221532068508 4.679486543227449e-11 0.11986307213832877
0.0660217268657035 -0.023028519489539812 0.11759607919341615
0.06602142325592716 -0.045172585363646156 0.11088094100777451
0.06602090006720332 -0.06558311904320045 0.09997482649967197
0.06597909233920722 -0.08347809532449588 0.08526544658661528
0.06602030696363573 -0.09818790608186731 0.06737081994289547
0.06602097720191788 -0.10909366520251218 0.04696009223693467
0.06602093615678502 -0.11580916780724126 0.024816127902052336
0.06602106787924447 -0.11807645546308038 0.0017876349648564835
0.0660212221540783 -0.11580880108108424 -0.021240806772922168
0.06602100010664207 -0.10909341712645415 -0.043384786217816676
0.06602057203184891 -0.09818749578592095 -0.06379538390738562
0.06597911349845506 -0.08347787085572836 -0.08169015521585953
0.06602080057063835 -0.06558293060424776 -0.09639955357630337
0.06602107068222711 -0.04517258566110242 -0.10730589404253642
0.06602175666386469 -0.023028419004056923 -0.11402054402493086
0.06602166190081799 2.0803752548442431e-10 -0.1162881408065885
0.06602175642008012 0.023028419591071235 -0.11402054977491209
0.06602106966822878 0.045172583575975006 -0.10730589086453267
0.06602080446411245 0.06558292972305399 -0.09639955205221334
0.19848855723224365 0.12343307205452496 -0.12164525838514709
0.198488259944759 0.14514237906103 -0.09519317624320538
0.1984881831179348 0.161273707314374 -0.06501391204869855
0.1984877708268933 0.17120787985877814 -0.032267619037205736
0.1984875546359008 0.174562782478497 0.0017875131543221032
0.19848760948874677 0.17120842908797404 0.035842710454339705
0.19848756171564197 0.1612750267137806 0.06858925247758207
0.19848816211895567 0.14514314901926642 0.09876823504174304
0.19848843460580187 0.12343401766618477 0.125220496094391
0.19848879401396918 0.09698128608393337 0.1469290472190116
0.19848908842821808 0.06680176472701181 0.16305988954508177
0.19848938277577527 0.03405521010462106 0.1729932107543144
0.19848934239605648 9.139708141653217e-11 0.1763473179638319
0.1984893801466924 -0.034055210040217936 0.1729932100394974
0.19848909088414296 -0.06680176538030361 0.16305989113771246
0.19848879278502538 -0.09698128501374798 0.14692904583828098
0.19848843493687743 -0.12343401745826046 0.12522049587512016
0.19848816329374047 -0.1451431509817135 0.09876823632983851
0.19848755980577892 -0.16127502659332105 0.06858925247015273
0.19848761197412415 -0.17120842930094968 0.03584271043538525
0.19848755404229473 -0.17456278268796066 0.00178751330652895
0.1984877678886798 -0.1712078798318181 -0.03226761910362349
0.198488186576944 -0.16127370678422484 -0.06501391178444425
0.19848825773235476 -0.14514237913030115 -0.09519317610583405
0.1984885569144779 -0.1234330717645006 -0.12164525788172345
0.19848845230070286 -0.0969809024517366 -0.14335446446208372
0.19848858856245533 -0.06680154778201691 -0.15948562612117276
0.19848827955296733 -0.03405522102147676 -0.1694196783123675
0.19848852594607871 3.090316353714805e-12 -0.17277360230078775
0.1984882772310861 0.03405522118888628 -0.16941967867580032
0.1984885913811575 0.06680154765808806 -0.15948562564875024
0.19848844946645422 0.09698090253076774 -0.1433544644754411
0.3310262990819135 0.14169774593894147 -0.13990975890756627
0.3310264718894421 0.16661825069218372 -0.10954265367370337
0.3310261302817838 0.18513692659430578 -0.07489803104939143
0.33102582484638726 0.19654167748288584 -0.03730651213739945
0.3310252791480924 0.20039375567076792 0.001787633341118438
0.33102490298673715 0.1965448973059316 0.04088207842394191
0.3310254803690978 0.18514009699109368 0.07847354222030141
0.3310258962709833 0.16662077357418428 0.1131177422691814
0.33102684940291566 0.14169786978394766 0.1434827633033365
0.331027202787561 0.1113313866263953 0.16840388057505393
0.331027580682278 0.07668649908329518 0.18692185060291314
0.33102792445467727 0.03909425806159582 0.19832385495029475
0.3310281437949236 -7.366121074144354e-11 0.20217383890170615
0.33102792651643037 -0.03909425800854037 0.19832385500928312
0.3310275779166764 -0.07668649883051304 0.1869218503116482
0.331027204435788 -0.11133138704251179 0.16840388142581023
0.33102684924274206 -0.14169786937038975 0.1434827630768102
0.33102589503985275 -0.16662077337904535 0.11311774209695508
0.3310254823744984 -0.185140097077418 0.07847354214274854
0.3310249013152919 -0.1965448964319773 0.04088207796118099
0.33102527922309855 -0.20039375626371478 0.001787632943317925
0.33102582694071925 -0.19654167740317058 -0.03730651208395814
0.33102612757084626 -0.18513692623652409 -0.0748980308755918
0.33102647375336575 -0.1666182510630544 -0.10954265401184748
0.33102629921448734 -0.14169774611106398 -0.13990975893557103
0.3310266662945259 -0.11133061518255728 -0.16483022028107633
0.3310265490394751 -0.07668598710266733 -0.18334887806988892
0.3310265770482829 -0.039094279415652945 -0.19475303133673058
0.3310262878164957 9.259138702799175e-12 -0.19860392628853324
0.3310265788704921 0.03909427949763452 -0.19475303286700432
0.33102654670701975 0.07668598629521248 -0.18334887651758253
0.33102666821936794 0.11133061564813272 -0.16483022106358763
0.46369008548488677 0.1544565963824015 -0.15266824088154946
0.46368987658436994 0.18162120053471748 -0.1195669614289882
0.46368995675420455 0.20180597767962205 -0.08180207832169437
0.46368933285261277 0.21423785407280282 -0.04082574117899251
0.46368856369755185 0.2184396033309877 0.0017882938754821543
0.4636881767004002 0.21424567619510348 0.0444030717487138
0.46368821791904563 0.2018151390531406 0.08537976866858124
0.46368944013346464 0.1816255479056636 0.12314206968319591
0.4636901321404781 0.1544583306179751 0.1562412383419962
0.46369105272662514 0.12135626530305905 0.18340492493622568
0.4636915735261201 0.08359132039276365 0.20358961941062495
0.46369184335413954 0.04261451311350002 0.2160199394693926
0.46369186910933213 6.911916092302984e-11 0.22021676701726256
0.4636918416686551 -0.042614513178545844 0.2160199394942699
0.4636915758703384 -0.08359132038743324 0.20358961930780017
0.46369105123602344 -0.12135626531996013 0.1834049249538728
0.4636901322042389 -0.15445833035749287 0.15624123783955016
0.4636894413396979 -0.18162554875718656 0.12314207022987929
0.4636882158826174 -0.20181513897923492 0.08537976867182122
0.46368817794424727 -0.21424567628466132 0.04440307184477391
0.4636885634656706 -0.2184396035562454 0.001788294126912547
0.4636893315741525 -0.2142378538568498 -0.040825741134803036
0.46368995884829095 -0.20180597771701922 -0.08180207832166571
0.46368987530203554 -0.1816212005654433 -0.11956696130058173
0.46369008547679985 -0.1544565964400673 -0.15266824100665757
0.4636900510499607 -0.12135603193986229 -0.1798336871370375
0.4636905017590118 -0.08359085431849737 -0.20001779277680345
0.4636903706442311 -0.04261434412396006 -0.2124488684755009
0.4636904411112049 5.011333032286236e-11 -0.21664700923464358
0.4636903690029713 0.04261434432173734 -0.21244886842620714
0.46369050430815784 0.08359085444209824 -0.20001779263844452
0.46369004930023244 0.12135603218759457 -0.17983368739193537
0.5963746868519821 0.16500286387922575 -0.16321383582868368
0.5963748999369373 0.19402064881675038 -0.12785130085747645
0.5963745391129923 0.2155829593811666 -0.08750768155932644
0.5963737811145344 0.2288667560281039 -0.04373461478567964
0.5963729413679526 0.23335624809242106 0.0017888125260410335
0.5963726004828964 0.22887579815129883 0.047313123551757395
0.5963729532109888 0.21559696187427657 0.09108764977033068
0.5963735879910776 0.19402902910498526 0.13142819442387615
0.5963748656843647 0.16500499491568607 0.16678551348455406
0.5963758455799575 0.1296420542569559 0.1958026982539151
0.5963766599645991 0.08929838264687079 0.21736479634226524
0.5963770551283512 0.04552391397547386 0.2306438127313036
0.5963772245381737 -1.2708972806228136e-11 0.23512791242015407
0.5963770564730861 -0.04552391378712819 0.2306438124041782
0.5963766584344726 -0.08929838286335058 0.21736479679628154
0.5963758463083834 -0.12964205430287357 0.19580269804881437
0.596374866053985 -0.1650049949109562 0.1667855135250339
0.5963735867927769 -0.19402902894248292 0.13142819427318217
0.5963729549312354 -0.2155969612395368 0.09108764961628174
0.596372599345652 -0.22887579818139347 0.04731312369517063
0.5963729414675313 -0.23335624823723392 0.0017888124484812533
0.5963737818394232 -0.22886675562173636 -0.04373461472594783
0.5963745377726839 -0.21558295994986224 -0.0875076818647574
0.5963749010750494 -0.19402064828578963 -0.1278513006367244
0.5963746868457737 -0.16500286430448358 -0.16321383608159526
0.5963751314749393 -0.12964174382269333 -0.1922333612187572
0.5963751503400354 -0.08929883752016704 -0.21379704628955928
0.5963755941485245 -0.04552399555632961 -0.2270749815794274
0.5963755737237969 3.4280613397376515e-11 -0.23155853575278718
0.5963755955197889 0.04552399547357946 -0.22707498181442776
0.5963751482912882 0.08929883729943582 -0.21379704597704663
0.5963751330781082 0.1296417438432663 -0.19223336134677288
0.7290492333283076 0.17302113659684093 -0.17123080799688417
0.729048872181051 0.2034497207476766 -0.13414998123688002
0.7290483655219907 0.22606275260803477 -0.09184701622028396
0.7290474839759288 0.23999267660898085 -0.04594660665481131
0.7290467804838735 0.24470142634833866 0.001789311814944972
0.7290465942496879 0.24000269564725427 0.04952622225353081
0.729046829752843 0.22607658399845093 0.09542781205276078
0.729047461248704 0.2034634400336401 0.13773072807124587
0.7290484177851481 0.1730282493273529 0.17480617260600106
0.7290499188354551 0.13594401910394918 0.20523066437416304
0.7290507503336814 0.09363964494912025 0.22784098728888574
0.7290516565240203 0.047736711533245574 0.2417623928833771
0.7290520117362641 1.4838371850860957e-10 0.2464626397554105
0.729051655685591 -0.04773671159727415 0.24176239313385203
0.7290507512848848 -0.09363964495454885 0.22784098714850723
0.729049918487514 -0.13594401893768374 0.20523066417803637
0.7290484175279499 -0.17302824968622726 0.17480617281402577
0.7290474620321492 -0.20346343977709788 0.13773072799576755
0.7290468288414081 -0.2260765850073343 0.09542781251652943
0.7290465948467274 -0.2400026950796696 0.04952622206110824
0.7290467805594443 -0.24470142684568139 0.001789311852350521
0.7290474833872527 -0.23999267630864404 -0.0459466066828342
0.7290483665302123 -0.22606275272554738 -0.09184701633740769
0.7290488712553985 -0.20344972054388943 -0.13414998104876805
0.7290492335627705 -0.17302113672944486 -0.17123080821047618
0.7290491036482352 -0.13594322793938257 -0.2016629284541272
0.7290496799989665 -0.09363900929189807 -0.22427351557206476
0.7290499641484887 -0.047736522235758125 -0.23819630490356658
0.7290502134397269 1.5383357323244863e-11 -0.24289772916455948
0.7290499633080717 0.047736522376870545 -0.23819630494570193
0.7290496811309525 0.09363900914486561 -0.224273515400563
0.7290491028501731 0.13594322813301538 -0.20166292908618824
0.8617162749282969 0.1775243386653218 -0.17573266304655719
0.8617160776749435 0.20874386603420894 -0.13768566703966623
0.8617152457417672 0.2319498239519342 -0.09428380873487671
0.8617145309311713 0.2462426711153777 -0.04718865036460233
0.8617140152322915 0.25107288313487314 0.001789935063469572
0.8617135373704097 0.24625294632271952 0.050769516696017584
0.8617137863699117 0.23196590704548953 0.0978663396838971
0.8617144734475132 0.2087624143823015 0.14126941182601938
0.8617157426249691 0.17753491568322902 0.1793098346635094
0.8617167444059711 0.13948545131349233 0.21052632308475636
0.8617181532115878 0.09607801904101296 0.23372167364301413
0.8617190161526181 0.04897957948704439 0.24800333427108154
0.8617195361092307 -6.456328009892809e-11 0.25282279607280034
0.8617190161763066 -0.048979579326899544 0.248003333992127
0.8617181529036754 -0.09607801916541607 0.23372167389477294
0.861716744600363 -0.1394854515538599 0.21052632320325773
0.8617157429818325 -0.17753491531832483 0.1793098344163509
0.8617144728045483 -0.20876241469658294 0.1412694120240489
0.8617137867881844 -0.23196590593038605 0.09786633917437683
0.8617135370651262 -0.24625294701909875 0.050769516878329375
0.8617140155142193 -0.25107288258137933 0.0017899349786933893
0.8617145312612051 -0.2462426714585584 -0.04718865042443371
0.8617152451926161 -0.23194982379930892 -0.09428380871104332
0.8617160781455404 -0.2087438663280041 -0.13768566735967902
0.861716274863835 -0.17752433845543245 -0.1757326627057665
0.8617163550191304 -0.13948302090866688 -0.20695906196621142
0.8617166936787248 -0.09607790536506766 -0.2301588403227927
0.8617174106769854 -0.04897955106260602 -0.24444108428161782
0.8617177969045509 5.305234067307024e-11 -0.24926151931786594
0.8617174112197689 0.048979550974727136 -0.24444108405012568
0.8617166932147885 0.09607790550479424 -0.2301588407666833
0.8617163551104489 0.1394830205028195 -0.20695906124642793
0.9944023508421844 0.1786386480616669 -0.1768457912642271
0.9944019637695244 0.21005480312102406 -0.13855998050896
0.9944013236453455 0.23340842957161653 -0.09488633055461841
0.9944007894605773 0.24779032076118296 -0.04749500824358489
0.9944001036456792 0.25265286417426486 0.0017911943494667427
0.9943996059168106 0.24780823481162778 0.051079120567710995
0.9943998016165789 0.23343225148221566 0.09847217529121667
0.9944007120437021 0.21007908019042965 0.14214599079755494
0.9944018164753778 0.17865256501224924 0.18042326444082962
0.9944030965435349 0.14036532932904616 0.21183766136116625
0.9944042330806125 0.09668307841963332 0.23517512329562024
0.9944051531694256 0.04928713620611833 0.2495418656570262
0.9944052609553641 4.0515062023458776e-11 0.2543956237437303
0.9944051533800395 -0.049287136291107106 0.24954186573758463
0.9944042325171356 -0.09668307839716768 0.2351751232982533
0.994403097188805 -0.14036532902854648 0.2118376610783394
0.9944018160917428 -0.1786525653632058 0.18042326461573757
0.9944007124621556 -0.2100790802455229 0.14214599088121876
0.9943998009546435 -0.23343225194228276 0.09847217563180116
0.9943996064757579 -0.24780823497345542 0.051079120682340336
0.9944001032358013 -0.25265286392285446 0.0017911944704236558
0.9944007899477781 -0.24779032118069125 -0.04749500834737733
0.9944013231100739 -0.23340842924144536 -0.09488633039878686
0.9944019639978258 -0.21005480306671764 -0.13855998040872625
0.9944023507187435 -0.17863864812868813 -0.17684579144486973
0.9944024047966442 -0.14036302119556665 -0.2082743629859044
0.9944027245620377 -0.09668474318570747 -0.23161934374463247
0.9944035027010902 -0.049287750754258695 -0.24598264775608716
0.9944038669079688 1.004348839971598e-12 -0.2508300325711559
0.9944035027768087 0.04928775093017246 -0.2459826479269601
0.9944027246486008 0.0966847431579102 -0.23161934332240888
0.9944024045910002 0.14036302149617502 -0.20827436343346248
1.127115217424093 0.1786414432570688 -0.17684734208443192
1.1271148466417917 0.21005824930806605 -0.13856063279929715
1.1271144444711847 0.2334135824029629 -0.09488668545529684
1.1271137051399227 0.24779562828624827 -0.047494286710446226
1.127113093919158 0.2526619030300079 0.0017925843426931025
1.127112728197357 0.24782382034196762 0.05108219042525083
1.1271129354678657 0.2334448699925347 0.09847540408196434
1.127113750768553 0.21008865033103447 0.1421487134034973
1.1271148184681674 0.1786605305195207 0.18042598286561368
1.1271161473637223 0.14036968281372772 0.2118376317458281
1.1271172449869808 0.09668475679945558 0.23517228597963566
1.1271178186555335 0.04928812424826585 0.2495403507398932
1.127118063591066 1.3489302926059784e-11 0.254394497631618
1.127117818344054 -0.04928812407854958 0.2495403503951959
1.1271172453495923 -0.09668475687437142 0.23517228642552498
1.127116147140878 -0.14036968280198367 0.21183763172498218
1.1271148184062785 -0.17866053049188976 0.1804259829881318
1.1271137509405298 -0.21008864998717053 0.14214871313799757
1.1271129352863156 -0.23344486967462352 0.09847540387684582
1.1271127281378814 -0.24782382012733342 0.05108219034113056
1.1271130940051302 -0.25266190345171236 0.0017925842258308133
1.1271137049164646 -0.24779562766807195 -0.04749428664933935
1.1271144446838763 -0.2334135829808744 -0.09488668576497084
1.12711484632743 -0.21005824913541296 -0.13856063270147642
1.1271152173952905 -0.17864144346614627 -0.17684734220552625
1.1271154146245823 -0.14036771537041026 -0.20827993491554936
1.127115742950271 -0.09668965246544411 -0.2316275251790277
1.127116104936514 -0.04928932960958103 -0.24598363971762924
1.1271163568103348 -1.7635958720705426e-11 -0.25082614267013537
1.1271161045585636 0.04928932949100589 -0.24598363965249267
1.1271157435381725 0.09668965244017261 -0.23162752532279327
1.127115414296948 0.14036771528272385 -0.2082799347739153
1.259836942601993 0.17864196237054852 -0.17684677163534368
1.2598368609846147 0.21005582303481718 -0.13855772349431728
1.2598362238607372 0.23341099199089446 -0.09488374737806397
1.2598356644452509 0.24779712676533225 -0.04749266265518226
1.2598350572393475 0.25266848874354775 0.001793722984219526
1.2598348068946659 0.2478302011521696 0.051083363809342724
1.259834977506748 0.23345399424907778 0.0984774786246707
1.2598356395071917 0.21009561921809733 0.1421497640004804
1.259836790415634 0.1786638570021998 0.18042419602985277
1.2598378731330628 0.1403711675329916 0.2118337878147587
1.2598388800088354 0.09668455137162417 0.2351655908793393
1.2598394892765539 0.049287953405179497 0.2495341674936842
1.2598396620245778 -1.0982061683877444e-11 0.25439138614915113
1.2598394896888785 -0.04928795356955658 0.24953416793461788
1.2598388795361766 -0.09668455124434243 0.23516559033731896
1.2598378732393012 -0.14037116762413804 0.2118337878760504
1.2598367907091734 -0.17866385697857426 0.18042419587859393
1.2598356389085508 -0.2100956195879523 0.14214976426357112
1.2598349781164613 -0.23345399471713688 0.09847747888248447
1.259834806370739 -0.2478302010786516 0.051083363826739454
1.259835057485992 -0.2526684886661814 0.0017937230748283756
1.2598356644522504 -0.2477971270812221 -0.04749266266228286
1.259836223578371 -0.23341099164400744 -0.09488374718507321
1.2598368613279254 -0.2100558230880539 -0.1385577235082672
1.2598369424151918 -0.17864196213869576 -0.1768467714566272
1.2598373366084117 -0.1403685873383127 -0.20827973608751385
1.2598375562792228 -0.09668921255047129 -0.23162486922322612
1.2598375972457907 -0.049289283468330204 -0.2459821207974371
1.2598374934885015 3.6647264457908454e-11 -0.2508249488984654
1.2598375978148344 0.049289283520483666 -0.2459821207613086
1.259837555584728 0.09668921263104883 -0.2316248692829961
1.2598373369237494 0.14036858730960383 -0.20827973604893096
1.3925590009314692 0.17864151426718158 -0.1768451974053765
1.3925585492598929 0.2100547973109272 -0.13855570719688381
1.392558243748466 0.23341081963780755 -0.09488222278449374
1.392557705243581 0.24779887780918097 -0.047491718866384765
1.3925572252207399 0.2526712438227267 0.0017945242952069433
1.3925570379248393 0.24783651118216557 0.0510844973689079
1.3925571188005788 0.23346164546302797 0.09847903942016753
1.392557747733735 0.21010061743038583 0.14214986556068349
1.3925585244921475 0.1786659515218745 0.18042187950202085
1.392559641787104 0.14037206501522792 0.21183000071148902
1.3925603781753535 0.0966850676865781 0.23516104105914898
1.3925610532061552 0.04928823297449098 0.2495288147327336
1.3925613185837438 -1.3187441672680688e-11 0.2543827959080491
1.3925610527342631 -0.04928823291760796 0.24952881436800364
1.392560378649437 -0.09668506784146412 0.23516104137359536
1.3925596416811592 -0.14037206507533756 0.21183000081464676
1.392558524261109 -0.17866595144609004 0.18042187950705643
1.3925577483004814 -0.21010061704923258 0.14214986529620205
1.3925571182032457 -0.23346164501325437 0.09847903917274273
1.3925570382849202 -0.24783651117738345 0.0510844973128859
1.3925572252533946 -0.2526712439690073 0.0017945242452182418
1.3925577049755802 -0.2477988774529267 -0.04749171879810905
1.3925582442561546 -0.23341081993490784 -0.09488222292507723
1.3925585486161982 -0.21005479741117708 -0.13855570727962757
1.3925590014125255 -0.17864151436726214 -0.17684519745655652
1.3925591507250181 -0.14036886570889706 -0.20827908187822547
1.3925592531453062 -0.09668803760391337 -0.2316215941000415
1.392559153945613 -0.049288728786877484 -0.24598099588518485
1.392558992188886 -4.991307264671451e-11 -0.2508289775168092
1.3925591535323474 0.04928872875102084 -0.24598099583951077
1.3925592536486215 0.0966880375844137 -0.2316215941507789
1.392559150628648 0.1403688656281204 -0.20827908183954527
1.525280795842542 0.17864049922652495 -0.17684300049271182
1.5252805442093045 0.21005643378091365 -0.13855563758547504
1.5252802105733818 0.23341175382103724 -0.09488174253374833
1.5252798721200986 0.2477987612216923 -0.04749093219908325
1.5252795552835814 0.252674504311518 0.0017949797522769713
1.5252792665593877 0.24784053124363956 0.051084992042983335
1.525279469373122 0.23346405966440698 0.09847897376880616
1.5252796332077072 0.21010654330083905 0.14215167070242585
1.525280439570747 0.17866925558054644 0.1804215301392857
1.5252812493244687 0.1403723505242207 0.21182597744238485
1.5252820741413071 0.09668623146310382 0.23515871088995915
1.5252826087620464 0.049288305367968334 0.2495228165828544
1.5252828775503542 -1.043253705605332e-12 0.25437575440065335
1.5252826091042744 -0.04928830541984238 0.24952281695372436
1.5252820736980406 -0.09668623128553049 0.23515871059951154
1.5252812494708046 -0.14037235045287902 0.2118259772868998
1.5252804400611102 -0.17866925565018096 0.18042153013105502
1.5252796323927138 -0.21010654373610876 0.14215167100004641
1.5252794701659547 -0.23346406006121048 0.09847897396387932
1.5252792659648657 -0.24784053127668904 0.051084992143612305
1.5252795556856549 -0.25267450406129055 0.0017949798022958276
1.5252798722348266 -0.24779876167141046 -0.0474909322860178
1.5252802101480736 -0.23341175344026552 -0.09488174234820845
1.525280544688141 -0.21005643371032381 -0.1385556374912388
1.52528079561168 -0.17864049909297353 -0.17684300035426212
1.5252809143277608 -0.14036670979694638 -0.20827549283654
1.5252808398163178 -0.09668778633998536 -0.23162150664203332
1.525280735125472 -0.04928867139900236 -0.24598150577704633
1.5252807945658413 3.7634828828861875e-11 -0.250830386371162
1.5252807354047533 0.04928867140279531 -0.24598150581823386
1.5252808395212827 0.09668778636175841 -0.23162150665706407
1.5252809143647137 0.14036670981611216 -0.20827549280053434
1.658002582227623 0.17863947955375198 -0.17684184506483247
1.6580025313325049 0.21005518904785472 -0.13855423681518783
1.6580023476856056 0.2334124272149928 -0.09488130745901352
1.6580021022298839 0.24779976722036628 -0.04749051951493634
1.658001751772824 0.2526758114860444 0.0017954079742989212
1.658001602853303 0.24784316813415858 0.05108558406315153
1.6580014464611756 0.23346719156961887 0.09847977187806421
1.6580017600007486 0.21011045476602927 0.1421528884806239
1.6580022521389142 0.17867260333988275 0.1804222903845056
1.6580029682969606 0.14037405657880428 0.21182476154619326
1.6580037347522072 0.09668646245580999 0.23515468804063222
1.658004342332818 0.04928846711092312 0.24951868039155375
1.658004497065652 2.1316878703437693e-11 0.25437064728654507
1.6580043419473582 -0.049288467047242726 0.24951868007288613
1.6580037353072137 -0.09668646252981014 0.2351546882117916
1.658002967889424 -0.14037405671148961 0.2118247619458464
1.6580022520876796 -0.1786726031438198 0.18042229021548972
1.6580017603986474 -0.210110454519991 0.14215288827041775
1.6580014459411678 -0.2334671909237945 0.0984797715746597
1.658001603357804 -0.24784316840029935 0.05108558402604139
1.658001751487057 -0.2526758114442647 0.001795407912344316
1.6580021020407236 -0.24779976703732734 -0.047490519558745496
1.6580023482007777 -0.23341242726099784 -0.09488130753358082
1.6580025308158972 -0.21005518937569095 -0.13855423708365713
1.658002582635319 -0.1786394795092773 -0.17684184501237984
1.6580025084629493 -0.14036679064592175 -0.20827576263864556
1.658002476538094 -0.09668757236045122 -0.2316213389055802
1.6580024071132813 -0.04928893794065485 -0.24598324747742098
1.6580023756399738 -5.133098378651924e-11 -0.250830995901226
1.6580024070811352 0.04928893788213511 -0.24598324737825694
1.6580024764502643 0.09668757240058182 -0.23162133902468698
1.6580025087090893 0.14036679057576476 -0.20827576253647212
1.7907242872876263 0.17864009264441313 -0.17684278495746708
1.7907243690437327 0.21005303437899286 -0.13855286584539106
1.7907243385456513 0.23340994560853748 -0.09487977323784665
1.7907241504358087 0.2477994256404498 -0.04748970145213531
1.7907240286604467 0.2526760241896321 0.0017961313720547768
1.7907237772258406 0.2478440847601564 0.05108636141083832
1.790723660317845 0.2334709535014529 0.09848136742401044
1.790723765954923 0.21011393287308255 0.14215434048118933
1.790724139819352 0.17867578863109987 0.18042356078771327
1.7907247246948363 0.14037674788144197 0.21182552225058981
1.7907255020894888 0.09668746090497103 0.23515251148249988
1.790726031636815 0.04928852641644898 0.2495136101217108
1.7907262963231656 -5.694811417962373e-11 0.2543655695951612
1.7907260319423328 -0.049288526480373976 0.249513610399216
1.7907255017848673 -0.09668746085470496 0.2351525113934638
1.7907247249690246 -0.14037674766035363 0.21182552173321476
1.7907241394737496 -0.17867578894224906 0.18042356104105162
1.790723765942797 -0.2101139330443922 0.14215434058642198
1.7907236606617305 -0.2334709542640576 0.09848136777669377
1.7907237769549127 -0.24784408429920057 0.051086361413205515
1.7907240284801196 -0.25267602441318 0.0017961314069772842
1.7907241507213443 -0.24779942561374274 -0.04748970140513783
1.7907243382315 -0.23340994575727525 -0.09487977326181027
1.7907243694242763 -0.21005303384102064 -0.1385528654238113
1.790724286953862 -0.1786400928128459 -0.17684278515516003
1.7907242398341519 -0.1403663849161304 -0.20827551339366768
1.7907240998997789 -0.09668771138091053 -0.23162216083185524
1.7907240580607753 -0.049288909477086654 -0.24598346891912132
1.7907239531090073 2.960488612537841e-11 -0.25083068758270305
1.7907240579577595 0.04928890959677854 -0.24598346908642268
1.7907240998847855 0.09668771132641005 -0.23162216061622742
1.7907242398086876 0.14036638507113627 -0.208275513577252
1.9234459653116083 0.1786393025327938 -0.1768423448602314
1.9234460270597415 0.21005191217839148 -0.13855223307796438
1.9234460996407647 0.23340874617716165 -0.09487912304775556
1.9234461731515735 0.2477995443145307 -0.04748942122035139
1.923446198023819 0.2526736613864836 0.0017966880132809292
1.9234460800056552 0.24784600486250788 0.05108739436809054
1.9234460056819191 0.23347325395660173 0.0984826063736493
1.923445901306931 0.21011743887310594 0.14215629727046183
1.9234460677051468 0.1786802687431726 0.18042636628921926
1.923446572229048 0.14037905648771293 0.21182569012204752
1.9234471739099996 0.09668801825653374 0.23514930102940265
1.9234478071661127 0.049288558223524855 0.24950858745255391
1.9234478944640425 3.3044460475174736e-11 0.2543596691613616
1.923447807255779 -0.04928855818179647 0.2495085870787501
1.9234471739984516 -0.09668801837887393 0.235149301203444
1.9234465720727436 -0.1403790566630019 0.2118256904703493
1.9234460676220957 -0.1786802685687753 0.18042636617569463
1.9234459016755165 -0.21011743843774433 0.14215629700775306
1.9234460052841753 -0.23347325345060774 0.0984826061403568
1.9234460805022902 -0.24784600504667548 0.05108739433057479
1.9234461976080872 -0.25267366142996833 0.0017966880185680463
1.9234461732854449 -0.24779954407339957 -0.04748942114777894
1.923446099601762 -0.23340874625535546 -0.09487912307996824
1.9234460274147962 -0.21005191255772032 -0.13855223335979552
1.923445964787709 -0.17863930254534688 -0.17684234479005195
1.9234459030026856 -0.14036540475828324 -0.20827475666206505
1.9234458329194393 -0.0966874482616447 -0.23162264019658943
1.9234457044064421 -0.04928903726451216 -0.24598514037394487
1.923445829132709 -1.2348333009645642e-11 -0.25083159306818714
1.9234457042022295 0.04928903713139877 -0.24598514026063656
1.9234458332243176 0.09668744823562238 -0.23162264028131538
1.923445902594405 0.1403654047128345 -0.20827475666699
2.0561676134576756 0.1786390593372982 -0.17684234329873677
2.0561676617371187 0.2100537735639337 -0.13855386217013987
2.0561678605901204 0.23340919243665426 -0.09487988554826901
2.0561681425193647 0.24779782576578072 -0.04748944852771938
2.056168204450942 0.2526739335333679 0.0017965463459818996
2.0561683767168417 0.24784341846077834 0.05108702652920024
2.0561682821897587 0.23347263571844343 0.09848283687108292
2.056168212365718 0.2101200935318571 0.14215825604130397
2.0561682493753874 0.17868363512606322 0.18042890836476497
2.056168391776714 0.14038211247953494 0.21182790860032763
2.0561688563367344 0.09668952686058238 0.23514883242907897
2.0561692015600026 0.04928875704853651 0.2495041095084388
2.0561695804313604 -8.319470019818662e-12 0.2543542701608047
2.0561692015381636 -0.04928875712540217 0.24950410996423156
2.056168856382086 -0.09668952672479955 0.23514883214470245
2.0561683918524634 -0.14038211238004297 0.21182790835869264
2.0561682493176443 -0.17868363513580116 0.18042890831839736
2.0561682123179725 -0.21012009417286817 0.1421582564797796
2.056168282425955 -0.2334726359440595 0.09848283699138526
2.0561683764982335 -0.24784341852566447 0.05108702658566068
2.0561682045741483 -0.25267393318937165 0.001796546348270194
2.0561681425809235 -0.24779782627201527 -0.04748944862964613
2.0561678606600156 -0.23340919216995623 -0.09487988540525298
2.0561676614037037 -0.2100537733489081 -0.1385538620290877
2.0561676140972502 -0.1786390591696369 -0.17684234320937653
2.05616756123703 -0.1403652623280706 -0.2082749370139496
2.0561674801108367 -0.09668778829270211 -0.2316238163474509
2.056167603961043 -0.04928900269432498 -0.2459852813049871
2.0561673710297947 5.825656671393143e-12 -0.2508326898373043
2.056167604219001 0.04928900277655668 -0.24598528136125256
2.0561674795408 0.09668778834423569 -0.23162381640682794
2.0561675619404363 0.1403652621973091 -0.20827493687022977
2.1888893146707256 0.17864035403027992 -0.1768440956706292
2.188889419986768 0.21005460156999273 -0.1385551252806036
2.1888896342731834 0.23341040257342877 -0.0948813238585626
2.188889862462405 0.2477970016370205 -0.047490249542024875
2.1888901928714612 0.25267131050625513 0.0017959027441153091
2.1888904217159473 0.24784175438585546 0.051086465839736056
2.1888905695068566 0.23347131431754087 0.0984823583300542
2.188890594452084 0.2101196412023503 0.14215814758979023
2.1888904785630747 0.17868377705914262 0.18042911075669715
2.1888904885729534 0.14038376845307637 0.21182973919329218
2.188890391500146 0.09669091136176008 0.23514991407704505
2.1888906350475885 0.04928914812841661 0.24950170705766647
2.18889047686627 1.4092059489071168e-11 0.2543478129262422
2.188890634883862 -0.04928914799682489 0.2495017065974831
2.188890391720318 -0.09669091149878258 0.23514991437927943
2.188890488246776 -0.14038376858170193 0.21182973940243677
2.1888904788984394 -0.17868377705934801 0.18042911085927218
2.188890594337909 -0.21011964050271728 0.14215814710612346
2.1888905694187657 -0.2334713142125173 0.09848235822252303
2.1888904217582263 -0.2478417542638288 0.05108646574158609
2.1888901930678264 -0.2526713109283405 0.0017959027137375118
2.1888898621476525 -0.24779700106008198 -0.04749024942401136
2.188889634463917 -0.23341040286295686 -0.09488132407108586
2.188889420016583 -0.21005460173955362 -0.13855512540551743
2.1888893143780326 -0.1786403542160352 -0.1768440958475424
2.1888892121258214 -0.14036632297921878 -0.20827657011524325
2.1888893070544033 -0.0966874736602282 -0.23162302091295114
2.188889068965874 -0.049288916895946014 -0.24598540753211257
2.188889131799947 -8.52255132909832e-12 -0.2508336886280126
2.1888890686749947 0.04928891685392382 -0.2459854074903333
2.188889307600739 0.09668747357888198 -0.23162302077183558
2.188889211574017 0.14036632317680073 -0.2082765703405275
2.3216110471693967 0.1786408311487311 -0.17684484080743415
2.3216112838994922 0.21005485709753352 -0.13855589632036439
2.3216115896717913 0.2334087509740026 -0.09488121388216901
2.3216118025370567 0.24779803865598968 -0.04749109659013034
2.321612107704216 0.2526707040888488 0.0017951081745723638
2.3216124541673553 0.247840171437242 0.05108550146731974
2.321612751836782 0.23346950960152482 0.09848131342504872
2.3216127983432733 0.21011816279023982 0.1421573550011116
2.3216128533495795 0.1786843253566892 0.1804300922155683
2.3216125222001605 0.14038312561323282 0.21182934243485443
2.321612258647116 0.09669054241236676 0.23515003604697962
2.3216116592806952 0.04928890476691857 0.24950216707243322
2.321611634758371 -8.776027500057426e-12 0.2543502328398213
2.321611659668088 -0.04928890488006789 0.24950216753032334
2.32161225802873 -0.09669054231237402 0.23515003579055593
2.3216125227324227 -0.14038312544211765 0.21182934220351682
2.3216128531376294 -0.1786843253721943 0.1804300921461224
2.3216127982241295 -0.21011816349766563 0.14215735549560832
2.3216127519947163 -0.23346950968219946 0.09848131353148473
2.321612454004835 -0.24784017156478846 0.051085501543666464
2.3216121077389626 -0.25267070366415467 0.001795108192259922
2.3216118027128014 -0.24779803924664648 -0.04749109670802856
2.3216115893671905 -0.23340875071070247 -0.09488121368138584
2.3216112840297143 -0.21005485693358147 -0.1385558962147674
2.3216110472025986 -0.1786408309436409 -0.17684484061532627
2.3216110492792255 -0.14036516457220083 -0.2082750611157456
2.321610834752993 -0.0966868224329377 -0.2316221613823204
2.321610870571073 -0.04928855152423874 -0.24598491148842927
2.32161073289307 2.3875721054301348e-11 -0.2508355668616402
2.321610870718707 0.04928855157079212 -0.24598491150524138
2.321610834557249 0.09668682253311295 -0.23162216157924534
2.3216110494475517 0.14036516434653673 -0.2082750608242616
2.454332984442511 0.17864077915756074 -0.17684569032008973
2.454333210153593 0.21005434864231548 -0.13855639732815814
2.4543335459037197 0.23340816208794854 -0.09488168206709614
2.4543339350568694 0.24779796160082634 -0.04749168358996312
2.454334276892622 0.2526723206796157 0.0017943806628888362
2.4543345492813198 0.24784005213901467 0.051084598534820384
2.4543347560546747 0.23346803600181518 0.0984799663609574
2.454335041506739 0.2101158952343379 0.1421555247016092
2.4543350369978865 0.17868052368460113 0.18042696624300705
2.454334690855588 0.14037970924673102 0.21182665145353763
2.454333849510886 0.09668854770718477 0.23514991467594829
2.4543331953613112 0.04928869182905937 0.24950756276639938
2.4543328084939935 3.395455416608673e-11 0.2543564335893272
2.4543331948371776 -0.04928869175294345 0.24950756235838992
2.4543338501395144 -0.09668854775868282 0.2351499148261233
2.454334690469748 -0.14037970947147954 0.21182665180600246
2.4543350370076804 -0.17868052360075123 0.18042696623328455
2.4543350418020804 -0.21011589462116478 0.1421555242974853
2.4543347556579334 -0.23346803585271678 0.0984799662513708
2.454334549455107 -0.2478400521571364 0.05108459850707174
2.4543342769533862 -0.2526723209959813 0.001794380657585877
2.4543339347963924 -0.2477979611419854 -0.047491683496754936
2.4543335462579945 -0.2334081622352972 -0.09488168218450069
2.454333209803406 -0.21005434889516358 -0.13855639749650922
2.4543329846717503 -0.17864077931996525 -0.176845690454236
2.454332555376516 -0.14036518244093688 -0.20827599007703027
2.454332603966268 -0.09668695863060484 -0.23162335774063747
2.4543324949754153 -0.049288887287671126 -0.24598712482042287
2.45433262257631 -1.591449825889754e-11 -0.25083541612380994
2.4543324949013794 0.04928888721777608 -0.24598712479287216
2.454332604114817 0.09668695852466051 -0.23162335754553542
2.4543325553614945 0.1403651826390656 -0.2082759903516724
2.5870547023540182 0.17864031416630155 -0.1768466259490746
2.5870550499131713 0.210053642077601 -0.13855708189223911
2.5870554361029523 0.23340997148476894 -0.09488371849626237
2.5870560576309756 0.24779537012428227 -0.04749243439792497
2.5870564610036775 0.2526696826329776 0.0017935665485816791
2.5870568148539235 0.24783970398420369 0.051083954225877
2.587057095932032 0.23346863705354218 0.09847957567363139
2.587057152093591 0.21011325026848313 0.14215336757793912
2.5870570350229785 0.1786739953656826 0.18042154407297165
2.5870564399376206 0.14037462604934117 0.21182297451083298
2.587055594828256 0.09668672136030781 0.23515242234647282
2.5870547715453176 0.049288326323077 0.24951510378610545
2.58705436674539 -4.791543439863808e-11 0.25436796196428446
2.587054771743764 -0.049288326376773356 0.24951510412847988
2.5870555945409177 -0.09668672134324219 0.23515242233680103
2.5870564399876543 -0.14037462575945975 0.21182297402416345
2.587057035383478 -0.17867399556506383 0.18042154422116982
2.587057151453301 -0.21011325074382659 0.14215336785882765
2.587057096547397 -0.23346863737625898 0.09847957584945073
2.5870568144059796 -0.24783970374266764 0.05108395423719368
2.587056461239705 -0.25266968258139444 0.0017935665606785016
2.587056057718225 -0.24779537034591992 -0.04749243443820074
2.5870554358317404 -0.2334099715959852 -0.09488371849964036
2.5870550501149228 -0.2100536416569826 -0.13855708159589092
2.5870547022594454 -0.1786403141299804 -0.17684662597029435
2.5870544760047163 -0.14036696368555604 -0.20827974345296502
2.5870541824440196 -0.0966872405903482 -0.231624298611743
2.587054238744881 -0.049288700674567885 -0.24598609732062482
2.5870542476410825 2.4321137600742156e-11 -0.2508351235042901
2.587054239064293 0.049288700771414444 -0.2459860973849051
2.587054182094959 0.09668724068243995 -0.23162429873922752
2.587054476085599 0.14036696359445144 -0.20827974326125043
2.71977642296152 0.17863920877797396 -0.17684651345506297
2.7197768846978736 0.21005574165867125 -0.138559667354149
2.719777477313818 0.23340960593496865 -0.09488500117244972
2.719778035070313 0.24779398610306339 -0.04749338275627303
2.7197786106707205 0.2526698270880742 0.001792525087669017
2.7197791223305146 0.24783865950382403 0.05108281852075767
2.719779484865915 0.23346455496124366 0.09847751933827521
2.7197794422576402 0.2101090488690786 0.14215123630675483
2.719778842530367 0.17867025783400695 0.18041982946505802
2.719777988160648 0.14037032426950447 0.2118205198640273
2.719777134299555 0.09668428098032836 0.235153222678087
2.719776377944798 0.04928811946256732 0.24952298353698732
2.7197763243715074 3.5734427589743043e-11 0.25437798989171384
2.71977637787067 -0.0492881194040348 0.24952298322679944
2.7197771342692643 -0.09668428098372621 0.23515322263601224
2.7197779883700637 -0.14037032456093507 0.21182052040488725
2.719778842248348 -0.17867025760749447 0.18041982929752043
2.7197794426197524 -0.21010904845138353 0.1421512360769071
2.719779484500926 -0.23346455461915072 0.0984775191565737
2.7197791226068593 -0.24783865984223155 0.05108281853870837
2.7197786105667987 -0.2526698270528679 0.0017925250912226177
2.7197780349088028 -0.24779398602875988 -0.04749338278301435
2.719777477664429 -0.23340960568126018 -0.09488500109385091
2.7197768843525405 -0.21005574218548498 -0.13855966772887113
2.7197764230214667 -0.1786392087179106 -0.17684651337311463
2.719776197695012 -0.1403653843860944 -0.2082788992723981
2.719776049436627 -0.0966878129487252 -0.2316273193598339
2.719776000036029 -0.0492889665063793 -0.24598813285398502
2.7197759033649427 -1.93936777801717e-11 -0.25083413044481523
2.719775999729264 0.049288966475586685 -0.24598813276757542
2.719776049963696 0.09668781290766876 -0.23162731923165095
2.7197761973728443 0.14036538443693578 -0.20827889940217476
2.85249819218253 0.17864106772507699 -0.17684999714488436
2.852498824425542 0.21005365743821922 -0.1385600527588827
2.852499386707918 0.23340813923448311 -0.09488577872485185
2.852499908697668 0.24779516074214936 -0.04749497596493265
2.852500741824864 0.25266942658166686 0.0017910832170433299
2.8525014810287623 0.24783530758177208 0.051081104334322294
2.8525017749957717 0.23346003550523578 0.09847545510953656
2.8525017092437284 0.21009998751942302 0.14214679391940574
2.852500616743573 0.17866460884898155 0.18041823726396883
2.8524994471978142 0.14037113368942125 0.2118269137441923
2.8524985037107875 0.09668547955224616 0.23516055383910486
2.8524983303070734 0.04928826675961615 0.24952703537119036
2.8524979575900495 -7.678348557261576e-12 0.25438057725384317
2.85249833032336 -0.04928826679005937 0.24952703565189843
2.852498503732625 -0.0966854795340844 0.23516055394932575
2.852499447251271 -0.14037113335506624 0.21182691322273273
2.85250061658333 -0.1786646090907875 0.1804182374271241
2.8525017093861136 -0.21009998790188664 0.14214679414075237
2.8525017748487462 -0.23346003579538585 0.09847545527467742
2.8525014812527503 -0.24783530724475056 0.05108110430699727
2.8525007414848065 -0.2526694266613977 0.0017910831949820931
2.852499909085226 -0.2477951607450552 -0.04749497591730191
2.8524993862767967 -0.2334081395952328 -0.0948857788861186
2.852498824802129 -0.21005365683463062 -0.1385600523486129
2.852498191987076 -0.17864106787578787 -0.17684999724583936
2.8524978540066925 -0.14036719382574833 -0.20828217172183078
2.852497879947736 -0.09668698208800502 -0.2316254970977127
2.8524977215522562 -0.049288619596820356 -0.24598752729972315
2.852497845814664 2.0386743738558864e-11 -0.2508361147228734
2.8524977217471807 0.049288619574374526 -0.245987527394079
2.8524978796136296 0.09668698213073564 -0.2316254972556532
2.852497854179158 0.1403671938183342 -0.20828217160247603
2.9852200880921003 0.17864332154693818 -0.17685389879581967
2.9852205183639744 0.2100540163215032 -0.13856219757100852
2.985221032489863 0.23340851885228478 -0.09488782683028811
2.9852219246914795 0.2477974745089719 -0.04749758828103399
2.985222959193582 0.25266781533945876 0.0017888074992070614
2.9852238230270802 0.2478294503773853 0.05107830047177433
2.985224251097298 0.23345028775008603 0.09847136501866785
2.9852235360382093 0.21008954608001296 0.14214220358100466
2.985222443885129 0.17866094403738253 0.18041906212735562
2.985221073509669 0.140372353562252 0.21183345047245108
2.9852204196926944 0.09668576513278014 0.23516503515142914
2.9852196095199943 0.04928812093132241 0.24952975043904238
2.985219746751008 -1.0579304108822561e-11 0.2543840422066601
2.9852196096070522 -0.0492881209043935 0.2495297501604339
2.985220419690193 -0.09668576510349683 0.23516503501919894
2.985221073328012 -0.14037235389435762 0.21183345095778683
2.9852224440008936 -0.17866094382892855 0.18041906195069476
2.985223535905976 -0.2100895457042445 0.14214220333872615
2.9852242513166543 -0.23345028751505242 0.09847136487999147
2.985223822762771 -0.2478294506629646 0.051078300497687905
2.985222959346582 -0.2526678152524248 0.0017888075130546278
2.9852219245228664 -0.24779747451402867 -0.047497588341312375
2.9852210325043624 -0.23340851843251334 -0.09488782666512557
2.9852205185420555 -0.21005401692809825 -0.13856219795799732
2.9852200879509443 -0.17864332140164346 -0.17685389866488677
2.9852197740013042 -0.14036899648643758 -0.20828580435411959
2.985219338599502 -0.09668850036969506 -0.231628988354567
2.985219451883572 -0.049289072872639096 -0.2459881238739975
2.985219405201047 -5.318532627979886e-11 -0.2508336559919155
2.985219451819245 0.04928907288419653 -0.2459881238145356
2.985219338600811 0.0966885003305574 -0.23162898816174401
2.985219774038622 0.14036899647095238 -0.2082858044813797
3.117941920045605 0.17864144302112822 -0.17685300591515385
3.117942132954859 0.2100574207837237 -0.13856566537811146
3.117942893681451 0.2334134856131147 -0.09489213441054704
3.1179439642557325 0.24779963976085928 -0.04750103965221836
3.117945294207326 0.2526659462461997 0.0017858293408814945
3.1179461938515782 0.24781988929965115 0.05107467571924125
3.1179461255210437 0.23343865055709964 0.09846721980851857
3.117945504743194 0.2100833261399716 0.142141078202787
3.1179442719591086 0.17865938369448145 0.18042186735641902
3.117943193264477 0.1403718002320331 0.21183756208795382
3.1179418315455782 0.09668550495995543 0.23516976017518282
3.1179413531252607 0.049288208331885915 0.2495356569141324
3.1179408780767317 -1.5608192526128256e-11 0.2543889958367747
3.117941353139145 -0.04928820839809552 0.24953565720753584
3.1179418316733214 -0.09668550497618393 0.23516976018113714
3.1179431931953268 -0.14037180000618116 0.2118375617120068
3.1179442717581116 -0.17865938376848298 0.1804218673793963
3.1179455051127745 -0.2100833266499322 0.14214107852273625
3.1179461251460383 -0.23343865055058233 0.09846721983038041
3.1179461941590674 -0.2478198892776514 0.051074675740769675
3.1179452940405175 -0.2526659460199862 0.0017858293308262692
3.1179439642671474 -0.2477996400083613 -0.04750103964573054
3.1179428938478218 -0.23341348576278637 -0.09489213443069726
3.11794213274164 -0.2100574203898748 -0.1385656651422323
3.1179419202706287 -0.1786414430392 -0.17685300592167336
3.1179415325274507 -0.14036763790669576 -0.20828539686240294
3.11794124858656 -0.09668920744073115 -0.23163212091512128
3.117940750551795 -0.04928919666595905 -0.24598890920190591
3.1179407159554753 4.008312831602279e-11 -0.25083200476983786
3.1179407502186396 0.049289196645703644 -0.24598890922244288
3.11794124879639 0.09668920749651676 -0.23163212114033083
3.117941532590052 0.14036763783620176 -0.20828539665778223
3.2506432014845372 0.1786438465870498 -0.17685631507287888
3.25064377245006 0.21006127396884663 -0.1385701614987493
3.2506447579458384 0.23341770208702 -0.09489687005518324
3.250646056480916 0.24780101613036049 -0.047504943458130604
3.2506471592573494 0.25265751528561775 0.001782789781731973
3.250647934787462 0.24780690218540105 0.0510710727852441
3.250647789878919 0.233429377767321 0.09846463565413262
3.2506469297496676 0.21007845073858952 0.142140713371731
3.2506460614691255 0.1786539250242384 0.1804209213871443
3.2506447710164927 0.140368137183905 0.21183878482959945
3.250643459345096 0.09668582648498589 0.23517838949723147
3.2506423673839344 0.04928830090559577 0.24954343210882832
3.2506422528728067 2.40042605210962e-11 0.254395564820384
3.2506423675478437 -0.04928830085684069 0.2495434318363138
3.2506434591354827 -0.09668582654152509 0.2351783895621331
3.2506447710393362 -0.1403681373748914 0.21183878508571957
3.2506460617309343 -0.17865392504293953 0.1804209214986987
3.250646929343349 -0.21007845008450377 0.14214071295745523
3.2506477903251336 -0.2334293779542862 0.09846463570718662
3.2506479345410164 -0.2478069019948867 0.051071072734858246
3.250647159266985 -0.25265751561246164 0.0017827897995589344
3.2506460566787863 -0.24780101583157274 -0.0475049434221966
3.25064475763444 -0.23341770199501471 -0.09489687004136098
3.250643772758982 -0.21006127425928003 -0.13857016165492794
3.2506432014031303 -0.1786438466866852 -0.17685631519856024
3.2506432619871615 -0.1403654964448249 -0.20828322512060943
3.2506427897844032 -0.0966860904560132 -0.23162820654268085
3.250641970628473 -0.049288648977545244 -0.24599359344642788
3.250641425580499 -5.163298416468484e-12 -0.2508428667251805
3.2506419709681547 0.04928864900416536 -0.2459935935791596
3.2506427893570384 0.09668609025853207 -0.23162820614361412
3.2506432622054926 0.14036549667218304 -0.20828322553053163
3.3832712464661503 0.17610705938267046 -0.1743210120246768
3.3832718070814227 0.20707998181911078 -0.13658081928925778
3.383273201318045 0.23009964785727086 -0.09352572832637349
3.383274384156309 0.24427542995355228 -0.046806436964064196
3.383275223711063 0.2490625133050998 0.0017809354249147104
3.383275597213372 0.24427731761756866 0.05036849011497532
3.383275574755299 0.23010493634701665 0.09708883757639623
3.383274963561882 0.20708893926699418 0.14014589773339048
3.383273728445179 0.17611260139338317 0.17788337099497487
3.3832727803800524 0.1383695522453418 0.2088529697764779
3.3832716297636547 0.09531004985376156 0.2318645372781435
3.3832703384716227 0.04858811257588985 0.24603176264006504
3.383269721527485 -1.0612909122481052e-11 0.25081166487979784
3.3832703382069322 -0.04858811263452626 0.2460317629085199
3.383271630113026 -0.09531004982285134 0.23186453721747297
3.383272780227199 -0.1383695520291667 0.20885296951173146
3.383273728423758 -0.17611260144910662 0.177883371020047
3.3832749636900363 -0.20708893973835088 0.14014589802945798
3.383275574693152 -0.230104936233955 0.09708883756540806
3.3832755971952513 -0.24427731770629343 0.050368490134404045
3.383275223975132 -0.24906251303934618 0.0017809354067705948
3.3832743836156065 -0.2442754301034849 -0.046806436995455176
3.383273202051017 -0.2300996480885032 -0.0935257283932111
3.383271806546995 -0.20707998147996348 -0.13658081906360528
3.383271246501171 -0.1761070593254079 -0.17432101196928107
3.383271175617925 -0.13836765143419302 -0.2052948593715501
3.3832705783065498 -0.09530905207280072 -0.22830794410672653
3.383269665112752 -0.04858769213725212 -0.24247697426369838
3.383269266280276 1.0547381663191827e-11 -0.24726056955855463
3.383269664926171 0.04858769211921955 -0.24247697404261767
3.383270578705522 0.09530905229374359 -0.22830794459773926
3.383271175267325 0.13836765121448133 -0.2052948590355845
3.5158429163877543 0.1641494147800293 -0.1623650816371299
3.5158434356604134 0.19301916007848555 -0.12718810574886796
3.515844335685437 0.21447185908391356 -0.08705502111573203
3.5158451975745453 0.22768347160107474 -0.04350807547319457
3.515845434351743 0.23214312185050806 0.0017798115849585769
3.515845875981554 0.2276836906421432 0.047067719485109565
3.515845872007789 0.21447446770102427 0.09061536639583244
3.5158456903208264 0.19302255198076018 0.13074885274886036
3.515844896673546 0.16415180894314793 0.16592500373414185
3.5158435002604405 0.1289710608910232 0.19479018465732373
3.5158424066845844 0.0888360132139741 0.21623928556449973
3.5158418092198374 0.04528796882549953 0.22944737148936778
3.515841175782021 7.440631031533346e-12 0.23390689411115537
3.515841809289439 -0.04528796875403089 0.22944737117915587
3.51584240644694 -0.08883601326110639 0.21623928567744094
3.515843500557356 -0.12897106101415792 0.19479018479412166
3.515844896599721 -0.16415180877235122 0.16592500351827738
3.5158456900928066 -0.19302255197180895 0.1307488527712292
3.5158458723265498 -0.21447446738935974 0.0906153662337523
3.515845875785976 -0.2276836909873434 0.04706771953972403
3.5158454343381695 -0.23214312189965966 0.001779811591119177
3.5158451978606027 -0.2276834714713215 -0.043508075456913764
3.51584433529458 -0.21447185884269274 -0.08705502105830215
3.515843435852795 -0.19301916028856225 -0.12718810592059182
3.5158429165208736 -0.1641494146638475 -0.16236508151632775
3.5158418799071023 -0.12896944454385262 -0.19123117694738712
3.515841293237669 -0.08883518990789613 -0.2126816703145925
3.5158409990518553 -0.04528776443695461 -0.22589168106424484
3.5158408866481783 -2.1071055956990256e-11 -0.230352598266722
3.5158409993377835 0.04528776440960406 -0.22589168096463172
3.51584129271994 0.08883518988030321 -0.2126816702008055
3.5158418802741465 0.12896944448845316 -0.19123117683683882
3.648435231671781 0.1419123978499407 -0.1401298032097142
3.6484361955178892 0.16687263832701582 -0.10971925810641314
3.6484361409619037 0.1854172735213837 -0.07502184444556778
3.648436429605742 0.196837310760411 -0.03737352560151102
3.6484368496460773 0.2006944386356308 0.0017792213340937439
3.648436913217594 0.196838276024618 0.0409320924590175
3.6484374356787628 0.1854190930831596 0.07858073929372614
3.6484374063351646 0.16687372218787594 0.11327784235473791
3.648436690783897 0.14191345632803715 0.1436884595293523
3.648435547113521 0.11149978808610948 0.16864501507249746
3.64843468627372 0.07680169110711302 0.1871886087831497
3.64843395262201 0.039152955860825116 0.19860776614822456
3.648434049759168 -8.198951202382217e-12 0.2024637975462009
3.648433952534713 -0.039152955913922795 0.19860776650473216
3.6484346865484474 -0.07680169102056551 0.18718860864485096
3.6484355466914535 -0.11149978797832671 0.16864501490821632
3.6484366909454007 -0.14191345658926585 0.14368845979942582
3.648437406576863 -0.16687372203776718 0.11327784225548805
3.6484374352641606 -0.18541909345227786 0.07858073949338129
3.648436913617122 -0.19683827580936847 0.040932092455507794
3.648436849430422 -0.2006944385258231 0.0017792213486268664
3.6484364295848195 -0.19683731089832385 -0.03737352563668187
3.648436141186041 -0.18541727401393793 -0.07502184461643
3.6484361954094875 -0.16687263781701597 -0.10971925775142816
3.6484352314844473 -0.14191239817240464 -0.14012980356350838
3.6484342281380857 -0.11149894861478972 -0.16508654514598417
3.6484332879649677 -0.07680084212897068 -0.18363000639364901
3.64843333702522 -0.039152677876029905 -0.19505075549719533
3.648433890584352 -5.2938689846862876e-12 -0.19890882960289563
3.648433336629255 0.039152677872590316 -0.1950507554236563
3.648433288409872 0.07680084224487864 -0.18363000670915194
3.6484342278127517 0.1114989486495516 -0.1650865452577098
3.781082491172768 0.11228263330177649 -0.1105017074413959
3.781082731508846 0.13203006451679727 -0.08643941842982969
3.781083079847816 0.14670415264943645 -0.05898716562399632
3.781083171653586 0.15574015364355165 -0.029199460259168152
3.7810833756971056 0.15879116849278194 0.0017787252046083469
3.781083719707825 0.15574072663899827 0.03275695249782158
3.7810835844441244 0.14670454978385022 0.06254457421028077
3.7810832139544868 0.13202983090362483 0.08999646403259538
3.7810828546984063 0.11228223923541181 0.11405859176345222
3.7810822717482275 0.08821896278488833 0.1338047995457674
3.781081747348912 0.060766092070320604 0.14847770604303034
3.781081591332395 0.030978237365122157 0.15751308379664677
3.7810811869221093 1.3202543363556609e-12 0.1605633447346012
3.781081591612293 -0.03097823735355316 0.15751308360191155
3.781081746998124 -0.060766092167561896 0.14847770620335074
3.7810822722363695 -0.08821896286104047 0.13380479967105524
3.7810828543622015 -0.11228223905820157 0.11405859161607293
3.7810832139099664 -0.13202983093779233 0.0899964640723697
3.781083584650244 -0.14670454948494857 0.06254457408165096
3.781083719406374 -0.15574072663869673 0.03275695248780107
3.7810833758924307 -0.15879116858275683 0.0017787251928038205
3.78108317180055 -0.1557401536105119 -0.029199460253348738
3.7810830796439627 -0.1467041524176395 -0.05898716554894339
3.7810827315891977 -0.13203006473062703 -0.08643941859423332
3.781082491234144 -0.11228263326707946 -0.11050170738690503
3.7810818512979045 -0.08821954944177648 -0.1302481870657064
3.781081236323208 -0.06076640005863452 -0.1449206448289181
3.781080653885742 -0.03097827817201543 -0.15395533331645633
3.7810803897836296 1.4889377562295168e-11 -0.1570056158733207
3.7810806539929835 0.030978278163020716 -0.1539553332264244
3.781081236074209 0.060766400045244445 -0.1449206447733633
3.7810818514615696 0.08821954941162725 -0.13024818703529997
3.9137902231465516 0.07957137593214302 -0.07779136979049957
3.9137909147820875 0.09356700474876171 -0.06074003247268959
3.9137908744587633 0.10396536455293307 -0.04128496181835378
3.9137909792423327 0.1103687119204161 -0.020175197827182596
3.9137906982408284 0.11253005776628029 0.0017782389313119832
3.913790512262141 0.11036724307456115 0.023731533864163275
3.913790818673091 0.10396441840267724 0.044841454305554126
3.9137908355956346 0.09356600038028598 0.06429648201447927
3.91379083799813 0.07957144601854367 0.08134868643288594
3.9137906246418575 0.06251902856782489 0.09534296943574251
3.913790110549988 0.04306344474081537 0.10574032454239177
3.9137895811986008 0.021953388905670394 0.11214268371450367
3.9137894691647843 4.0489555343749756e-11 0.1143044444355735
3.9137895809037686 -0.021953388843349905 0.11214268381751126
3.9137901109109503 -0.04306344456318845 0.10574032418446683
3.9137906242598812 -0.06251902866314674 0.09534296954178662
3.913790838393609 -0.0795714461050785 0.08134868649638724
3.913790835357133 -0.0935660001690124 0.06429648182847543
3.913790818749859 -0.1039644190814609 0.04484145458946267
3.9137905123088546 -0.11036724291301257 0.023731533875618275
3.9137906982368915 -0.11253005802952198 0.0017782389780100923
3.9137909789071683 -0.11036871147423884 -0.02017519773189848
3.9137908747590298 -0.1039653646081239 -0.04128496189803366
3.9137909148216785 -0.09356700502021824 -0.06074003267411195
3.9137902231323753 -0.07957137582179895 -0.07779136968101118
3.9137897289646038 -0.06251847784627193 -0.0917850903041993
3.9137891283773714 -0.04306317904740094 -0.10218300585553464
3.9137888249301067 -0.02195331599042936 -0.10858603114418802
3.913788894197879 -1.5147221723910133e-11 -0.11074869495807071
3.913788824896846 0.021953315949303363 -0.10858603093011807
3.9137891284524637 0.0430631789353172 -0.10218300540839534
3.913789729222525 0.06251847822410588 -0.09178509074585896
4.046565790515583 0.04863627654746881 -0.046858602672972274
4.046565655673178 0.05718947703408526 -0.036434929856182685
4.046565925829713 0.06354590816755906 -0.024543508207961542
4.04656595222891 0.0674599751019917 -0.01164039291769046
4.0465662390644965 0.06878219551047032 0.001778328365656109
4.046566550330655 0.06746140999378415 0.01519719130386212
4.046566671086141 0.0635477070625095 0.02810041944254439
4.046566867188002 0.05719179515339879 0.039992124451951605
4.046566748175652 0.04863768366550044 0.050415049686112434
4.046566468832039 0.038213934267547385 0.058968154714405516
4.0465661662342285 0.02632205386155505 0.06532372496497393
4.046565984626467 0.01341877579421148 0.0692372256323181
4.046565907475409 -1.2136358023795313e-11 0.07055877659737894
4.046565984718368 -0.013418775789010759 0.06923722543739053
4.046566165713436 -0.026322053971509763 0.06532372520408643
4.046566469232278 -0.03821393435951679 0.05896815493806593
4.046566747804312 -0.04863768353173683 0.050415049631832964
4.046566867500759 -0.05719179519797735 0.03999212452130562
4.046566671001384 -0.0635477064758523 0.02810041915201651
4.0465665504180475 -0.06746141050403878 0.015197191335872872
4.046566238955105 -0.06878219543934429 0.0017783283283661993
4.046565952410524 -0.06745997548144464 -0.01164039300151587
4.046565925504384 -0.06354590819618582 -0.024543508186466636
4.046565655781109 -0.05718947694673612 -0.03643492978542419
4.0465657903448955 -0.048636276240537596 -0.04685860244114906
4.046565594395955 -0.038213255437578565 -0.05541260189753413
4.046565653351218 -0.026321875282865254 -0.061769123158319166
4.046565606627109 -0.013418828386233896 -0.06568342153790493
4.046565437121467 -2.7055619860047967e-12 -0.06700453962509056
4.046565606617409 0.01341882837433097 -0.06568342148984294
4.046565653251496 0.02632187526038268 -0.06176912306970342
4.0465655941523595 0.038213255210780415 -0.055412601453931294
4.179436729745793 0.025374280961490733 -0.023598395958004777
4.179436863350275 0.029837294352665283 -0.01816058710661278
4.179436724116376 0.03315291841626203 -0.011956155140870218
4.1794369190881335 0.035195093898607956 -0.005224308363715981
4.179436978967769 0.035884524205230785 0.001776613944467111
4.179437079502626 0.03519496028659152 0.008777521093827697
4.179437289969845 0.03315312191500836 0.015509465402828328
4.179437303232067 0.02983699801936209 0.02171361531492646
4.17943741988294 0.025374199014961848 0.02715158955222277
4.179437545012237 0.019936613822895372 0.031614862401278476
4.1794376774022215 0.013732625255892084 0.03493128853511277
4.17943777533116 0.007000901523923237 0.036973844802975664
4.179437818172433 7.907459996395449e-11 0.03766343176300878
4.179437775303 -0.007000901383812366 0.03697384492600609
4.17943767789971 -0.013732624948818837 0.03493128808488814
4.179437544567152 -0.01993661337094844 0.03161486168389758
4.179437420031536 -0.025374198716183117 0.02715158902336755
4.179437302843125 -0.02983699826157448 0.02171361523937374
4.1794372902822 -0.03315312393192051 0.015509466299124473
4.179437079495205 -0.035194960698091714 0.008777521509848578
4.179436978930367 -0.03588452387147273 0.0017766142948649147
4.179436918714237 -0.035195092789665254 -0.005224307936515538
4.179436724301466 -0.033152917997134664 -0.01195615492689321
4.179436863084643 -0.0298372940302014 -0.01816058693587127
4.179436729668782 -0.025374280666140937 -0.023598395806008365
4.179436934086001 -0.019936767590745707 -0.028061767961367386
4.179436882917516 -0.013732709958194393 -0.031378088623975856
4.179436917519539 -0.00700086512666623 -0.033420283024562125
4.17943705991009 -2.053845408896486e-10 -0.0341103479274936
4.179436917239925 0.007000864578339711 -0.03342028161371739
4.179436882709867 0.013732709406800887 -0.03137808719586351
4.179436934413239 0.01993676792832742 -0.02806176817084485
4.312283906940072 0.01668134722567067 -0.014906446456839216
4.312268083399783 0.01962514385091583 -0.011319239407478558
4.3122681567297425 0.021801287036723738 -0.007243215721833746
4.312267999244556 0.023140318399449657 -0.0028224001950857627
4.312268058397763 0.02359250613306726 0.0017745452348428509
4.312268159339212 0.02314028399037605 0.006371488421070718
4.3122682379913355 0.02180082929514739 0.010792175500402183
4.3122685637317115 0.019625142253267922 0.014868462732697797
4.312284398782185 0.016681217851116974 0.01845556187884518
4.312268679390601 0.013094062607873422 0.021399418024199392
4.312268536557107 0.009017794186090547 0.023575133159363396
4.312268431834212 0.004596949122116188 0.024914082273604685
4.312268391184376 1.0783681064504903e-10 0.025366275763705072
4.312268431738244 -0.004596948801786821 0.024914081262801258
4.312268535901825 -0.009017793869374109 0.023575132158717246
4.312268679640951 -0.013094062605154427 0.021399417556262162
4.312284398635821 -0.01668121847737073 0.018455562166478763
4.312268564259525 -0.019625143219684726 0.014868463305516309
4.312268237853264 -0.02180082853599402 0.010792175112114928
4.31226815942197 -0.02314028399127845 0.006371488261920094
4.312268058353638 -0.02359250589787779 0.00177454504266762
4.312267999435112 -0.023140318385468872 -0.0028224004085124817
4.312268156379888 -0.021801286403251723 -0.007243215731774601
4.312268083535235 -0.01962514358648913 -0.011319239631764478
4.312283907002775 -0.016681347548059604 -0.014906447155284249
4.312267900849649 -0.013094011597207675 -0.01785009131754625
4.312267772739321 -0.00901775037730018 -0.020025809738678638
4.312267633190379 -0.0045969949192040385 -0.021365040586935453
4.312267462911144 4.0725990936427845e-11 -0.02181676770553185
4.312267633353488 0.004596995055897439 -0.021365041168090324
4.31226777280973 0.00901775040461805 -0.020025809973990116
4.312267900436367 0.01309401080927439 -0.017850090068182257
0.03402831183217447 -0.06259189401560865 -0.06080426765808019
0.03408724324263721 -0.04429041532097758 -0.0749288259341829
0.03408851818927322 -0.02292392380111824 -0.08377964008534836
0.03408915717722154 1.4000525075566598e-09 -0.08679697031519615
0.034088487053922166 0.022923929880670442 -0.08377966468906356
0.03408727666422616 0.044290400738074366 -0.07492880147416775
0.03402831154002849 0.06259189494048095 -0.06080426694311442
0.03408768351598763 -0.0767161811680019 -0.04250258336433768
0.014684243675076593 -0.041698484045521185 -0.03991085782811227
0.014727183904893963 -0.022595193364080023 -0.052771718762477465
0.01472895025164602 4.4947564850119784e-10 -0.05727015048254062
0.01472717795439824 0.02259519363579782 -0.05277172032627891
0.014684238120722394 0.041698485232758764 -0.03991086121752161
0.034087641914885086 0.07671621116502211 -0.04250260190210656
0.03408813983344876 -0.08556756480391492 -0.021136336467643634
0.014727230968509154 -0.05455932108733726 -0.02080757087455085
0.0044886707385554045 -0.02083906689221698 -0.019051469546924778
0.004507518574559088 -3.609850841525914e-10 -0.027766188317982946
0.00448867786386373 0.02083906586236336 -0.019051468632452967
0.014727241362522724 0.05455931853062105 -0.020807570570391835
0.034088169362589585 0.0855675408699202 -0.021136331385226654
0.034088772683874155 -0.0885849388239646 0.001787575209269903
0.014729340937994669 -0.059057549259957855 0.0017876001809647964
0.0045077283806430465 -0.029553783120693313 0.0017876404454267624
0.0015000018822405922 -1.9730799327535927e-11 0.0017876382337269406
0.0045077293184355265 0.029553783065593003 0.0017876404712945128
0.014729348608322873 0.05905754553485762 0.0017876014141869022
0.03408877171865711 0.08858493943817232 0.0017875775402636667
0.034089199183748684 -0.08556671603148666 0.024711319251901204
0.014726777877181149 -0.05455955473114438 0.024382882015675733
0.004488297701665433 -0.02083917897182553 0.022626773207550202
0.004508013037533041 7.1781933097169525e-12 0.03134133433133147
0.004488293139726864 0.02083917934467796 0.022626774128050302
0.014726763041446392 0.05455955974990024 0.024382883995530975
0.034089172717352755 0.08556673815061693 0.02471132428908382
0.03408748476114468 -0.07671639206894315 0.04607789271220891
0.01468373389842383 -0.04169865279522419 0.04348621735706962
0.014727053952396402 -0.022595258362402466 0.0563470036979092
0.014729568409141164 -4.126107371592524e-10 0.06084504123058665
0.01472706735281235 0.022595257026148254 0.05634699887016861
0.014683733012478732 0.04169865398631005 0.043486216570750316
0.034087522496741095 0.07671636452146337 0.0460778760895105
0.03402888045084626 -0.06259166861600554 0.06437915167186252
0.03408821241020955 -0.04429012156113609 0.07850342299192402
0.03408933684576659 -0.022923786235196537 0.08735430437617854
0.03408930872053345 -1.0290815195852211e-09 0.09037222523144633
0.0340893610223981 0.02292378180267404 0.0873542851275055
0.034088178472397104 0.04429013615425604 0.07850344838208645
0.03402888475928766 0.06259166566868417 0.06437915001561828
4.3342659223574005 -0.012292090821119955 -0.010517730076342303
4.334207689035631 -0.00870356330400573 -0.013296220120720015
4.33420656137187 -0.004501638303246676 -0.015036889893299748
4.3342064332970445 -1.796577999138114e-11 -0.01562953966113484
4.334206561375397 0.004501638257980423 -0.015036889795111957
4.334207688936955 0.008703563193419665 -0.013296219930223131
4.334265922303988 0.012292090751101558 -0.010517729975617045
4.334207870618063 -0.015070617489213222 -0.006929254896081527
4.3464356334741945 -0.007952274905695519 -0.0061782426269671965
4.346350598620621 -0.0043169333347346074 -0.008668669657364842
4.3463455804856235 2.5902823056291764e-12 -0.009528917137164163
4.346350598456509 0.004316933298897659 -0.00866866944824002
4.34643563350434 0.007952275019594203 -0.006178242583719405
4.334207870057196 0.015070616658911072 -0.006929254215169282
4.334207001283209 -0.016811639801598298 -0.0027274852150072477
4.346350740767817 -0.01044264664884523 -0.00254290705531102
4.352714320756444 -0.003763021782623364 -0.001989142721883759
4.352609981035313 1.845257899304327e-11 -0.003692344879860174
4.35271432077905 0.0037630218447498925 -0.001989142733193609
4.346350740684003 0.010442646672289762 -0.002542906934724781
4.334207001221782 0.016811639609291808 -0.0027274848202064
4.334206852392675 -0.017403986598956186 0.0017741659009481798
4.346345940854151 -0.011303141990650111 0.0017739763695986711
4.352610083446768 -0.005466175096510602 0.0017738658287317084
4.354499898643295 1.5022930899453123e-11 0.0017738233968175288
4.352610083363606 0.005466175043197026 0.0017738658390084544
4.346345940952797 0.011303142151086926 0.0017739764760848374
4.334206852324605 0.0174039866358959 0.0017741662523427556
4.334207107606723 -0.01681158018720502 0.006275805680458177
4.346350945478001 -0.010442726266977854 0.006090879018549261
4.3527144496670696 -0.0037630221197479208 0.005536875491176323
4.352610140631582 2.9912473178195166e-11 0.007240005797811786
4.352714449750306 0.0037630221840178417 0.005536875549771406
4.346350945339288 0.010442726021812582 0.006090879014684833
4.334207107897858 0.016811580941236595 0.006275806138813813
4.334208255958191 -0.01507080383327633 0.010477657407678264
4.3464359369088506 -0.007952301141664377 0.009726212371107448
4.346350995868076 -0.004316921820183383 0.012216570967394213
4.3463460866508195 -1.190631113330338e-11 0.013077042000418026
4.3463509958141096 0.004316921851036606 0.012216571095074128
4.34643593704457 0.007952301246377727 0.009726212519060638
4.334208256035105 0.01507080403162728 0.01047765765522507
4.334266212731767 -0.012291901668830861 0.01406584514322257
4.334208196755446 -0.008703492949440495 0.0168444334269014
4.334207149212934 -0.004501658894143432 0.018585288302465138
4.334206944461992 -6.243696085672569e-11 0.01917757190321756
4.334207149146097 0.004501658678646775 0.01858528773994501
4.334208196268417 0.00870349270577644 0.016844432851685576
4.334266213089283 0.012291902297663129 0.01406584569682227
-0.3 -0.6 0.25919235705950994
0.11299999999999999 -0.6 0.25919235705950994
0.11299989983048132 -0.29999994326488594 0.2591677544123199
-0.3 -0.3 0.25919235705950994
0.11299999999999999 -0.6 0.25919235705950994
0.526 -0.6 0.25919235705950994
0.5259992957660856 -0.29999988854129483 0.2592600116666721
0.11299987811331569 -0.2999999532017285 0.25916771292459506
0.526 -0.6 0.25919235705950994
0.9390000000000001 -0.6 0.25919235705950994
0.9389983645927489 -0.3000019871932409 0.25935993912482236
0.5259992245537082 -0.29999991982783986 0.25926000773558594
0.9389999999999998 -0.6 0.25919235705950994
1.3519999999999999 -0.6 0.25919235705950994
1.3519991519085113 -0.3000052728543825 0.259374045677871
0.9389982158487548 -0.30000205695822313 0.25935995647730276
1.3519999999999999 -0.6 0.25919235705950994
1.765 -0.6 0.25919235705950994
1.7650002626376255 -0.30000448846658523 0.25933439825254956
1.3519989472527951 -0.30000531456931473 0.2593740515300327
1.765 -0.6 0.25919235705950994
2.178 -0.6 0.25919235705950994
2.178000489429014 -0.30000379916477504 0.25936896388207376
1.765000044939192 -0.30000450310601584 0.2593344090126996
2.178 -0.6 0.25919235705950994
2.5909999999999997 -0.6 0.25919235705950994
2.590999845299694 -0.3000045142909013 0.25932746505257354
2.178000262662198 -0.30000375716813427 0.2593689612587048
2.591 -0.6 0.25919235705950994
3.004 -0.6 0.25919235705950994
3.00400024442597 -0.30000612150349615 0.2594126968484046
2.590999585695495 -0.3000045116170954 0.25932745263070905
3.004 -0.6 0.25919235705950994
3.417 -0.6 0.25919235705950994
3.417002227805625 -0.30000141933848423 0.2594281482188231
3.0039998849640486 -0.3000062533993274 0.2594126914704009
3.417 -0.6 0.25919235705950994
3.8299999999999996 -0.6 0.25919235705950994
3.8300017166880327 -0.29999998029355923 0.25929137426902876
3.417002150869879 -0.300001215825033 0.25942815168961336
3.83 -0.6 0.25919235705950994
4.243 -0.6 0.25919235705950994
4.243000570374383 -0.3000001892277526 0.25915890380635836
3.8300016262075602 -0.29999990955659356 0.25929134871998655
4.243 -0.6 0.25919235705950994
4.656000000000001 -0.6 0.25919235705950994
4.656000000000001 -0.3 0.25919235705950994
4.243000484693799 -0.300000153012477 0.25915895931805194
-0.3 -0.3 0.25919235705950994
0.11299989933574695 -0.2999999433170991 0.2591677509234979
0.11299979831668618 5.421117131649464e-08 0.2591831779179505
-0.3 0.0 0.25919235705950994
0.11299987279348493 -0.29999994249655915 0.25916770527459054
0.525999262400461 -0.29999992732806735 0.2592600162771927
0.5259998172890531 1.9228977843572166e-07 0.25917547532896495
0.1129997540325577 5.4889761449694904e-08 0.25918318459543116
0.5259991083090508 -0.30000002491105965 0.25926002078473315
0.9389982224162569 -0.3000023638541536 0.259359937496479
0.938999184000302 -4.0665300473437025e-06 0.25972160778484343
0.5259998283682418 2.7298219387365833e-07 0.2591754646182245
0.9389980508325642 -0.3000026547507981 0.25935996217948243
1.3519989917680004 -0.3000061782310176 0.2593740702748848
1.3519999149616373 -1.088317633475856e-05 0.2596919385248664
0.9389992475415919 -5.349296080227491e-06 0.25971835764197976
1.3519989032601136 -0.30000630675951023 0.2593740690104623
1.7650002745956115 -0.3000055149304491 0.2593344064137093
1.7649994622405838 -1.0742277247752091e-05 0.2596968437374557
1.3519996157357583 -1.0687245864409542e-05 0.2596917899487496
1.7650000871034457 -0.3000054804623214 0.2593344200214399
2.17800051635659 -0.3000046762141453 0.2593689812606398
2.1780002854704916 -8.307455390370048e-06 0.2597855577987384
1.7649992151578766 -1.0703519572528499e-05 0.25969656011470144
2.1780002874704745 -0.30000462369360353 0.2593689780610939
2.590999805810846 -0.3000055031050925 0.25932747573766174
2.5910021732758994 -1.0470335098774288e-05 0.2597489474615067
2.178000208175 -8.142626888468507e-06 0.2597850073335114
2.5909995448219694 -0.3000055881999044 0.2593274652476098
3.0040002335627727 -0.3000073361115738 0.25941271059912396
3.004000574017408 -1.2609893535160094e-05 0.2597149190657715
2.591001896080098 -1.0724977484544466e-05 0.25974959873277637
3.003999809814172 -0.30000746736311107 0.25941270990906173
3.417002450906044 -0.3000020137919258 0.2594281577253009
3.4169921910439527 -7.179901997439384e-06 0.2601156634270413
3.0039999091226144 -1.246494668712651e-05 0.259715195340106
3.4170023279484556 -0.3000013915379973 0.2594281593177896
3.830001861735086 -0.2999999998146261 0.25929139662609046
3.830002210431119 2.6502813301368074e-07 0.2591472414680451
3.4170050846586304 -6.803010218560763e-07 0.26011510125779785
3.8300016545474533 -0.2999999237497498 0.25929135468578146
4.243000627019912 -0.30000024181354173 0.2591588910006185
4.243001266641941 -4.45183290260345e-07 0.25918880822110857
3.830002135201026 2.8536696229017365e-07 0.25914729371219397
4.243000511009798 -0.30000021126599724 0.25915895926100707
4.656000000000001 -0.3 0.25919235705950994
4.656000000000001 0.0 0.25919235705950994
4.243001099538946 -4.276271767824415e-07 0.25918877296879683
-0.3 0.0 0.25919235705950994
0.11299980300093393 3.804655415641664e-08 0.25918318277018126
0.11300001139400706 0.30000007023499486 0.2591734720730286
-0.3 0.3 0.25919235705950994
0.11299976381526135 2.5818407816748056e-08 0.25918318220841063
0.5259998182873543 1.7077094044917896e-07 0.25917547225721876
0.5259999390461458 0.2999994508751604 0.2592453976993593
0.1129999994346473 0.30000010017731066 0.2591734374425905
0.525999815844449 3.1735020318197986e-07 0.2591754671454444
0.9389989856405008 -3.472864263789494e-06 0.25972219924775913
0.93899892235087 0.30000189682547795 0.2594853564082126
0.525999952112091 0.2999992865475488 0.25924538317565926
0.9390019270709687 1.2268013901114257e-05 0.2608010886165353
1.352000303809831 1.034861182839293e-05 0.2615261526454826
1.3520000721855447 0.3000070468544226 0.25965346821992963
0.9389987666005948 0.30000293137137074 0.25948542833010174
1.3519998848042474 1.0326398238574857e-05 0.26152444458232876
1.7649985428787731 1.0484338046404381e-05 0.2612212687499381
1.764999593687149 0.30000544641144694 0.2596617940337085
1.3519996738428208 0.30000687241393686 0.25965347173880227
1.764998173342527 1.0470432859542534e-05 0.2612172059730592
2.177998392328885 8.507072890690672e-06 0.26088934416760723
2.17799878996144 0.30000523827073716 0.25954521103955486
1.7649992675683828 0.3000054486058256 0.25966180436941333
2.1779982790805974 8.42597763794268e-06 0.26088549878959544
2.5909992983776715 1.0317482881140511e-05 0.2610194285817567
2.5909995268186172 0.30000524442564913 0.2596459876701636
2.177998547774305 0.3000052440674627 0.259545205838478
2.5909989358057754 1.0691566297267053e-05 0.2610236619081099
3.0039921103074625 1.1953512250130433e-05 0.2620542003107971
3.0040001333143316 0.30000661019385766 0.2596627606702944
2.5909990500710562 0.3000055917096721 0.2596460263983726
3.0040095514047223 5.921064321596675e-06 0.2620513916254313
3.417004810143659 1.1587757998920026e-05 0.2601167070622997
3.4170014125755697 0.3000033594642939 0.2595512787756385
3.0040000871550228 0.3000062819260983 0.2596627474928457
3.4170050456948178 -3.483466701076878e-07 0.2601140062132447
3.8300021631575007 3.958870458235477e-07 0.259147247584208
3.8300016904475296 0.2999994894708631 0.2592489091061384
3.4170011358531394 0.3000024277896356 0.25955122509326967
3.830002128887886 2.8952083423135077e-07 0.2591472883558768
4.243001261676539 -4.801687795585537e-07 0.25918880033368136
4.243001137173991 0.3000003550478749 0.25917555632655803
3.8300015757921533 0.2999994361252627 0.25924888574965277
4.2430011157264795 -4.668804504369316e-07 0.2591887775725458
4.656000000000001 0.0 0.25919235705950994
4.656000000000001 0.3 0.25919235705950994
4.243001020750637 0.30000030888865753 0.2591755860668859
-0.3 0.29999999999999993 0.25919235705950994
0.11300001571257949 0.30000006415664293 0.2591734826858227
0.11299999999999999 0.5999999999999999 0.25919235705950994
-0.3 0.5999999999999999 0.25919235705950994
0.11300000458682301 0.30000008721465415 0.2591734430846842
0.5259999266824306 0.29999946538395234 0.25924539040760264
0.526 0.5999999999999999 0.25919235705950994
0.11299999999999999 0.5999999999999999 0.25919235705950994
0.5259999448592232 0.2999993762373789 0.2592453695935228
0.9389990189234533 0.3000017968503442 0.2594853445098177
0.9390000000000001 0.5999999999999999 0.25919235705950994
0.526 0.5999999999999999 0.25919235705950994
0.9389988829481478 0.3000021039105386 0.2594854107534524
1.352000040331203 0.3000059082881581 0.25965347433557245
1.3519999999999999 0.5999999999999999 0.25919235705950994
0.9389999999999998 0.5999999999999999 0.25919235705950994
1.3519996685067692 0.3000058018972971 0.2596534778500516
1.7649995919806813 0.30000441903334546 0.25966177970419574
1.765 0.5999999999999999 0.25919235705950994
1.3519999999999999 0.5999999999999999 0.25919235705950994
1.7649992879680276 0.3000044738361144 0.25966179218116886
2.177998835422238 0.30000431783940107 0.2595451947087879
2.178 0.5999999999999999 0.25919235705950994
1.765 0.5999999999999999 0.25919235705950994
2.1779985925632324 0.3000043699724532 0.25954520400940395
2.59099966755319 0.3000042457928469 0.25964597627518377
2.5909999999999997 0.5999999999999999 0.25919235705950994
2.178 0.5999999999999999 0.25919235705950994
2.5909993370669415 0.30000438673604196 0.2596459996511108
3.004000152495355 0.30000560289800277 0.2596627733847529
3.004 0.5999999999999999 0.25919235705950994
2.591 0.5999999999999999 0.25919235705950994
3.003999938348736 0.3000055155259213 0.2596627641291775
3.4170010916975717 0.3000025688849008 0.2595512490072749
3.417 0.5999999999999999 0.25919235705950994
3.004 0.5999999999999999 0.25919235705950994
3.4170009112717965 0.3000022605254001 0.2595512119950817
3.830001547361332 0.2999994625190076 0.25924889358645514
3.8299999999999996 0.5999999999999999 0.25919235705950994
3.417 0.5999999999999999 0.25919235705950994
3.8300015480874845 0.2999994267675991 0.2592488790746043
4.243001071016138 0.3000003562675203 0.2591755633293946
4.243 0.5999999999999999 0.25919235705950994
3.83 0.5999999999999999 0.25919235705950994
4.2430009871279895 0.30000028961598135 0.2591755865322051
4.656000000000001 0.29999999999999993 0.25919235705950994
4.656000000000001 0.5999999999999999 0.25919235705950994
4.243 0.5999999999999999 0.25919235705950994
CELLS 1200 6000
4 0 1 33 32
4 1 2 34 33
4 2 3 35 34
4 3 4 36 35
4 4 5 37 36
4 5 6 38 37
4 6 7 39 38
4 7 8 40 39
4 8 9 41 40
4 9 10 42 41
4 10 11 43 42
4 11 12 44 43
4 12 13 45 44
4 13 14 46 45
4 14 15 47 46
4 15 16 48 47
4 16 17 49 48
4 17 18 50 49
4 18 19 51 50
4 19 20 52 51
4 20 21 53 52
4 21 22 54 53
4 22 23 55 54
4 23 24 56 55
4 24 25 57 56
4 25 26 58 57
4 26 27 59 58
4 27 28 60 59
4 28 29 61 60
4 29 30 62 61
4 30 31 63 62
4 31 0 32 63
4 32 33 65 64
4 33 34 66 65
4 34 35 67 66
4 35 36 68 67
4 36 37 69 68
4 37 38 70 69
4 38 39 71 70
4 39 40 72 71
4 40 41 73 72
4 41 42 74 73
4 42 43 75 74
4 43 44 76 75
4 44 45 77 76
4 45 46 78 77
4 46 47 79 78
4 47 48 80 79
4 48 49 81 80
4 49 50 82 81
4 50 51 83 82
4 51 52 84 83
4 52 53 85 84
4 53 54 86 85
4 54 55 87 86
4 55 56 88 87
4 56 57 89 88
4 57 58 90 89
4 58 59 91 90
4 59 60 92 91
4 60 61 93 92
4 61 62 94 93
4 62 63 95 94
4 63 32 64 95
4 64 65 97 96
4 65 66 98 97
4 66 67 99 98
4 67 68 100 99
4 68 69 101 100
4 69 70 102 101
4 70 71 103 102
4 71 72 104 103
4 72 73 105 104
4 73 74 106 105
4 74 75 107 106
4 75 76 108 107
4 76 77 109 108
4 77 78 110 109
4 78 79 111 110
4 79 80 112 111
4 80 81 113 112
4 81 82 114 113
4 82 83 115 114
4 83 84 116 115
4 84 85 117 116
4 85 86 118 117
4 86 87 119 118
4 87 88 120 119
4 88 89 121 120
4 89 90 122 121
4 90 91 123 122
4 91 92 124 123
4 92 93 125 124
4 93 94 126 125
4 94 95 127 126
4 95 64 96 127
4 96 97 129 128
4 97 98 130 129
4 98 99 131 130
4 99 100 132 131
4 100 101 133 132
4 101 102 134 133
4 102 103 135 134
4 103 104 136 135
4 104 105 137 136
4 105 106 138 137
4 106 107 139 138
4 107 108 140 139
4 108 109 141 140
4 109 110 142 141
4 110 111 143 142
4 111 112 144 143
4 112 113 145 144
4 113 114 146 145
4 114 115 147 146
4 115 116 148 147
4 116 117 149 148
4 117 118 150 149
4 118 119 151 150
4 119 120 152 151
4 120 121 153 152
4 121 122 154 153
4 122 123 155 154
4 123 124 156 155
4 124 125 157 156
4 125 126 158 157
4 126 127 159 158
4 127 96 128 159
4 128 129 161 160
4 129 130 162 161
4 130 131 163 162
4 131 132 164 163
4 132 133 165 164
4 133 134 166 165
4 134 135 167 166
4 135 136 168 167
4 136 137 169 168
4 137 138 170 169
4 138 139 171 170
4 139 140 172 171
4 140 141 173 172
4 141 142 174 173
4 142 143 175 174
4 143 144 176 175
4 144 145 177 176
4 145 146 178 177
4 146 147 179 178
4 147 148 180 179
4 148 149 181 180
4 149 150 182 181
4 150 151 183 182
4 151 152 184 183
4 152 153 185 184
4 153 154 186 185
4 154 155 187 186
4 155 156 188 187
4 156 157 189 188
4 157 158 190 189
4 158 159 191 190
4 159 128 160 191
4 160 161 193 192
4 161 162 194 193
4 162 163 195 194
4 163 164 196 195
4 164 165 197 196
4 165 166 198 197
4 166 167 199 198
4 167 168 200 199
4 168 169 201 200
4 169 170 202 201
4 170 171 203 202
4 171 172 204 203
4 172 173 205 204
4 173 174 206 205
4 174 175 207 206
4 175 176 208 207
4 176 177 209 208
4 177 178 210 209
4 178 179 211 210
4 179 180 212 211
4 180 181 213 212
4 181 182 214 213
4 182 183 215 214
4 183 184 216 215
4 184 185 217 216
4 185 186 218 217
4 186 187 219 218
4 187 188 220 219
4 188 189 221 220
4 189 190 222 221
4 190 191 223 222
4 191 160 192 223
4 192 193 225 224
4 193 194 226 225
4 194 195 227 226
4 195 196 228 227
4 196 197 229 228
4 197 198 230 229
4 198 199 231 230
4 199 200 232 231
4 200 201 233 232
4 201 202 234 233
4 202 203 235 234
4 203 204 236 235
4 204 205 237 236
4 205 206 238 237
4 206 207 239 238
4 207 208 240 239
4 208 209 241 240
4 209 210 242 241
4 210 211 243 242
4 211 212 244 243
4 212 213 245 244
4 213 214 246 245
4 214 215 247 246
4 215 216 248 247
4 216 217 249 248
4 217 218 250 249
4 218 219 251 250
4 219 220 252 251
4 220 221 253 252
4 221 222 254 253
4 222 223 255 254
4 223 192 224 255
4 224 225 257 256
4 225 226 258 257
4 226 227 259 258
4 227 228 260 259
4 228 229 261 260
4 229 230 262 261
4 230 231 263 262
4 231 232 264 263
4 232 233 265 264
4 233 234 266 265
4 234 235 267 266
4 235 236 268 267
4 236 237 269 268
4 237 238 270 269
4 238 239 271 270
4 239 240 272 271
4 240 241 273 272
4 241 242 274 273
4 242 243 275 274
4 243 244 276 275
4 244 245 277 276
4 245 246 278 277
4 246 247 279 278
4 247 248 280 279
4 248 249 281 280
4 249 250 282 281
4 250 251 283 282
4 251 252 284 283
4 252 253 285 284
4 253 254 286 285
4 254 255 287 286
4 255 224 256 287
4 256 257 289 288
4 257 258 290 289
4 258 259 291 290
4 259 260 292 291
4 260 261 293 292
4 261 262 294 293
4 262 263 295 294
4 263 264 296 295
4 264 265 297 296
4 265 266 298 297
4 266 267 299 298
4 267 268 300 299
4 268 269 301 300
4 269 270 302 301
4 270 271 303 302
4 271 272 304 303
4 272 273 305 304
4 273 274 306 305
4 274 275 307 306
4 275 276 308 307
4 276 277 309 308
4 277 278 310 309
4 278 279 311 310
4 279 280 312 311
4 280 281 313 312
4 281 282 314 313
4 282 283 315 314
4 283 284 316 315
4 284 285 317 316
4 285 286 318 317
4 286 287 319 318
4 287 256 288 319
4 288 289 321 320
4 289 290 322 321
4 290 291 323 322
4 291 292 324 323
4 292 293 325 324
4 293 294 326 325
4 294 295 327 326
4 295 296 328 327
4 296 297 329 328
4 297 298 330 329
4 298 299 331 330
4 299 300 332 331
4 300 301 333 332
4 301 302 334 333
4 302 303 335 334
4 303 304 336 335
4 304 305 337 336
4 305 306 338 337
4 306 307 339 338
4 307 308 340 339
4 308 309 341 340
4 309 310 342 341
4 310 311 343 342
4 311 312 344 343
4 312 313 345 344
4 313 314 346 345
4 314 315 347 346
4 315 316 348 347
4 316 317 349 348
4 317 318 350 349
4 318 319 351 350
4 319 288 320 351
4 320 321 353 352
4 321 322 354 353
4 322 323 355 354
4 323 324 356 355
4 324 325 357 356
4 325 326 358 357
4 326 327 359 358
4 327 328 360 359
4 328 329 361 360
4 329 330 362 361
4 330 331 363 362
4 331 332 364 363
4 332 333 365 364
4 333 334 366 365
4 334 335 367 366
4 335 336 368 367
4 336 337 369 368
4 337 338 370 369
4 338 339 371 370
4 339 340 372 371
4 340 341 373 372
4 341 342 374 373
4 342 343 375 374
4 343 344 376 375
4 344 345 377 376
4 345 346 378 377
4 346 347 379 378
4 347 348 380 379
4 348 349 381 380
4 349 350 382 381
4 350 351 383 382
4 351 320 352 383
4 352 353 385 384
4 353 354 386 385
4 354 355 387 386
4 355 356 388 387
4 356 357 389 388
4 357 358 390 389
4 358 359 391 390
4 359 360 392 391
4 360 361 393 392
4 361 362 394 393
4 362 363 395 394
4 363 364 396 395
4 364 365 397 396
4 365 366 398 397
4 366 367 399 398
4 367 368 400 399
4 368 369 401 400
4 369 370 402 401
4 370 371 403 402
4 371 372 404 403
4 372 373 405 404
4 373 374 406 405
4 374 375 407 406
4 375 376 408 407
4 376 377 409 408
4 377 378 410 409
4 378 379 411 410
4 379 380 412 411
4 380 381 413 412
4 381 382 414 413
4 382 383 415 414
4 383 352 384 415
4 384 385 417 416
4 385 386 418 417
4 386 387 419 418
4 387 388 420 419
4 388 389 421 420
4 389 390 422 421
4 390 391 423 422
4 391 392 424 423
4 392 393 425 424
4 393 394 426 425
4 394 395 427 426
4 395 396 428 427
4 396 397 429 428
4 397 398 430 429
4 398 399 431 430
4 399 400 432 431
4 400 401 433 432
4 401 402 434 433
4 402 403 435 434
4 403 404 436 435
4 404 405 437 436
4 405 406 438 437
4 406 407 439 438
4 407 408 440 439
4 408 409 441 440
4 409 410 442 441
4 410 411 443 442
4 411 412 444 443
4 412 413 445 444
4 413 414 446 445
4 414 415 447 446
4 415 384 416 447
4 416 417 449 448
4 417 418 450 449
4 418 419 451 450
4 419 420 452 451
4 420 421 453 452
4 421 422 454 453
4 422 423 455 454
4 423 424 456 455
4 424 425 457 456
4 425 426 458 457
4 426 427 459 458
4 427 428 460 459
4 428 429 461 460
4 429 430 462 461
4 430 431 463 462
4 431 432 464 463
4 432 433 465 464
4 433 434 466 465
4 434 435 467 466
4 435 436 468 467
4 436 437 469 468
4 437 438 470 469
4 438 439 471 470
4 439 440 472 471
4 440 441 473 472
4 441 442 474 473
4 442 443 475 474
4 443 444 476 475
4 444 445 477 476
4 445 446 478 477
4 446 447 479 478
4 447 416 448 479
4 448 449 481 480
4 449 450 482 481
4 450 451 483 482
4 451 452 484 483
4 452 453 485 484
4 453 454 486 485
4 454 455 487 486
4 455 456 488 487
4 456 457 489 488
4 457 458 490 489
4 458 459 491 490
4 459 460 492 491
4 460 461 493 492
4 461 462 494 493
4 462 463 495 494
4 463 464 496 495
4 464 465 497 496
4 465 466 498 497
4 466 467 499 498
4 467 468 500 499
4 468 469 501 500
4 469 470 502 501
4 470 471 503 502
4 471 472 504 503
4 472 473 505 504
4 473 474 506 505
4 474 475 507 506
4 475 476 508 507
4 476 477 509 508
4 477 478 510 509
4 478 479 511 510
4 479 448 480 511
4 480 481 513 512
4 481 482 514 513
4 482 483 515 514
4 483 484 516 515
4 484 485 517 516
4 485 486 518 517
4 486 487 519 518
4 487 488 520 519
4 488 489 521 520
4 489 490 522 521
4 490 491 523 522
4 491 492 524 523
4 492 493 525 524
4 493 494 526 525
4 494 495 527 526
4 495 496 528 527
4 496 497 529 528
4 497 498 530 529
4 498 499 531 530
4 499 500 532 531
4 500 501 533 532
4 501 502 534 533
4 502 503 535 534
4 503 504 536 535
4 504 505 537 536
4 505 506 538 537
4 506 507 539 538
4 507 508 540 539
4 508 509 541 540
4 509 510 542 541
4 510 511 543 542
4 511 480 512 543
4 512 513 545 544
4 513 514 546 545
4 514 515 547 546
4 515 516 548 547
4 516 517 549 548
4 517 518 550 549
4 518 519 551 550
4 519 520 552 551
4 520 521 553 552
4 521 522 554 553
4 522 523 555 554
4 523 524 556 555
4 524 525 557 556
4 525 526 558 557
4 526 527 559 558
4 527 528 560 559
4 528 529 561 560
4 529 530 562 561
4 530 531 563 562
4 531 532 564 563
4 532 533 565 564
4 533 534 566 565
4 534 535 567 566
4 535 536 568 567
4 536 537 569 568
4 537 538 570 569
4 538 539 571 570
4 539 540 572 571
4 540 541 573 572
4 541 542 574 573
4 542 543 575 574
4 543 512 544 575
4 544 545 577 576
4 545 546 578 577
4 546 547 579 578
4 547 548 580 579
4 548 549 581 580
4 549 550 582 581
4 550 551 583 582
4 551 552 584 583
4 552 553 585 584
4 553 554 586 585
4 554 555 587 586
4 555 556 588 587
4 556 557 589 588
4 557 558 590 589
4 558 559 591 590
4 559 560 592 591
4 560 561 593 592
4 561 562 594 593
4 562 563 595 594
4 563 564 596 595
4 564 565 597 596
4 565 566 598 597
4 566 567 599 598
4 567 568 600 599
4 568 569 601 600
4 569 570 602 601
4 570 571 603 602
4 571 572 604 603
4 572 573 605 604
4 573 574 606 605
4 574 575 607 606
4 575 544 576 607
4 576 577 609 608
4 577 578 610 609
4 578 579 611 610
4 579 580 612 611
4 580 581 613 612
4 581 582 614 613
4 582 583 615 614
4 583 584 616 615
4 584 585 617 616
4 585 586 618 617
4 586 587 619 618
4 587 588 620 619
4 588 589 621 620
4 589 590 622 621
4 590 591 623 622
4 591 592 624 623
4 592 593 625 624
4 593 594 626 625
4 594 595 627 626
4 595 596 628 627
4 596 597 629 628
4 597 598 630 629
4 598 599 631 630
4 599 600 632 631
4 600 601 633 632
4 601 602 634 633
4 602 603 635 634
4 603 604 636 635
4 604 605 637 636
4 605 606 638 637
4 606 607 639 638
4 607 576 608 639
4 608 609 641 640
4 609 610 642 641
4 610 611 643 642
4 611 612 644 643
4 612 613 645 644
4 613 614 646 645
4 614 615 647 646
4 615 616 648 647
4 616 617 649 648
4 617 618 650 649
4 618 619 651 650
4 619 620 652 651
4 620 621 653 652
4 621 622 654 653
4 622 623 655 654
4 623 624 656 655
4 624 625 657 656
4 625 626 658 657
4 626 627 659 658
4 627 628 660 659
4 628 629 661 660
4 629 630 662 661
4 630 631 663 662
4 631 632 664 663
4 632 633 665 664
4 633 634 666 665
4 634 635 667 666
4 635 636 668 667
4 636 637 669 668
4 637 638 670 669
4 638 639 671 670
4 639 608 640 671
4 640 641 673 672
4 641 642 674 673
4 642 643 675 674
4 643 644 676 675
4 644 645 677 676
4 645 646 678 677
4 646 647 679 678
4 647 648 680 679
4 648 649 681 680
4 649 650 682 681
4 650 651 683 682
4 651 652 684 683
4 652 653 685 684
4 653 654 686 685
4 654 655 687 686
4 655 656 688 687
4 656 657 689 688
4 657 658 690 689
4 658 659 691 690
4 659 660 692 691
4 660 661 693 692
4 661 662 694 693
4 662 663 695 694
4 663 664 696 695
4 664 665 697 696
4 665 666 698 697
4 666 667 699 698
4 667 668 700 699
4 668 669 701 700
4 669 670 702 701
4 670 671 703 702
4 671 640 672 703
4 672 673 705 704
4 673 674 706 705
4 674 675 707 706
4 675 676 708 707
4 676 677 709 708
4 677 678 710 709
4 678 679 711 710
4 679 680 712 711
4 680 681 713 712
4 681 682 714 713
4 682 683 715 714
4 683 684 716 715
4 684 685 717 716
4 685 686 718 717
4 686 687 719 718
4 687 688 720 719
4 688 689 721 720
4 689 690 722 721
4 690 691 723 722
4 691 692 724 723
4 692 693 725 724
4 693 694 726 725
4 694 695 727 726
4 695 696 728 727
4 696 697 729 728
4 697 698 730 729
4 698 699 731 730
4 699 700 732 731
4 700 701 733 732
4 701 702 734 733
4 702 703 735 734
4 703 672 704 735
4 704 705 737 736
4 705 706 738 737
4 706 707 739 738
4 707 708 740 739
4 708 709 741 740
4 709 710 742 741
4 710 711 743 742
4 711 712 744 743
4 712 713 745 744
4 713 714 746 745
4 714 715 747 746
4 715 716 748 747
4 716 717 749 748
4 717 718 750 749
4 718 719 751 750
4 719 720 752 751
4 720 721 753 752
4 721 722 754 753
4 722 723 755 754
4 723 724 756 755
4 724 725 757 756
4 725 726 758 757
4 726 727 759 758
4 727 728 760 759
4 728 729 761 760
4 729 730 762 761
4 730 731 763 762
4 731 732 764 763
4 732 733 765 764
4 733 734 766 765
4 734 735 767 766
4 735 704 736 767
4 736 737 769 768
4 737 738 770 769
4 738 739 771 770
4 739 740 772 771
4 740 741 773 772
4 741 742 774 773
4 742 743 775 774
4 743 744 776 775
4 744 745 777 776
4 745 746 778 777
4 746 747 779 778
4 747 748 780 779
4 748 749 781 780
4 749 750 782 781
4 750 751 783 782
4 751 752 784 783
4 752 753 785 784
4 753 754 786 785
4 754 755 787 786
4 755 756 788 787
4 756 757 789 788
4 757 758 790 789
4 758 759 791 790
4 759 760 792 791
4 760 761 793 792
4 761 762 794 793
4 762 763 795 794
4 763 764 796 795
4 764 765 797 796
4 765 766 798 797
4 766 767 799 798
4 767 736 768 799
4 768 769 801 800
4 769 770 802 801
4 770 771 803 802
4 771 772 804 803
4 772 773 805 804
4 773 774 806 805
4 774 775 807 806
4 775 776 808 807
4 776 777 809 808
4 777 778 810 809
4 778 779 811 810
4 779 780 812 811
4 780 781 813 812
4 781 782 814 813
4 782 783 815 814
4 783 784 816 815
4 784 785 817 816
4 785 786 818 817
4 786 787 819 818
4 787 788 820 819
4 788 789 821 820
4 789 790 822 821
4 790 791 823 822
4 791 792 824 823
4 792 793 825 824
4 793 794 826 825
4 794 795 827 826
4 795 796 828 827
4 796 797 829 828
4 797 798 830 829
4 798 799 831 830
4 799 768 800 831
4 800 801 833 832
4 801 802 834 833
4 802 803 835 834
4 803 804 836 835
4 804 805 837 836
4 805 806 838 837
4 806 807 839 838
4 807 808 840 839
4 808 809 841 840
4 809 810 842 841
4 810 811 843 842
4 811 812 844 843
4 812 813 845 844
4 813 814 846 845
4 814 815 847 846
4 815 816 848 847
4 816 817 849 848
4 817 818 850 849
4 818 819 851 850
4 819 820 852 851
4 820 821 853 852
4 821 822 854 853
4 822 823 855 854
4 823 824 856 855
4 824 825 857 856
4 825 826 858 857
4 826 827 859 858
4 827 828 860 859
4 828 829 861 860
4 829 830 862 861
4 830 831 863 862
4 831 800 832 863
4 832 833 865 864
4 833 834 866 865
4 834 835 867 866
4 835 836 868 867
4 836 837 869 868
4 837 838 870 869
4 838 839 871 870
4 839 840 872 871
4 840 841 873 872
4 841 842 874 873
4 842 843 875 874
4 843 844 876 875
4 844 845 877 876
4 845 846 878 877
4 846 847 879 878
4 847 848 880 879
4 848 849 881 880
4 849 850 882 881
4 850 851 883 882
4 851 852 884 883
4 852 853 885 884
4 853 854 886 885
4 854 855 887 886
4 855 856 888 887
4 856 857 889 888
4 857 858 890 889
4 858 859 891 890
4 859 860 892 891
4 860 861 893 892
4 861 862 894 893
4 862 863 895 894
4 863 832 864 895
4 864 865 897 896
4 865 866 898 897
4 866 867 899 898
4 867 868 900 899
4 868 869 901 900
4 869 870 902 901
4 870 871 903 902
4 871 872 904 903
4 872 873 905 904
4 873 874 906 905
4 874 875 907 906
4 875 876 908 907
4 876 877 909 908
4 877 878 910 909
4 878 879 911 910
4 879 880 912 911
4 880 881 913 912
4 881 882 914 913
4 882 883 915 914
4 883 884 916 915
4 884 885 917 916
4 885 886 918 917
4 886 887 919 918
4 887 888 920 919
4 888 889 921 920
4 889 890 922 921
4 890 891 923 922
4 891 892 924 923
4 892 893 925 924
4 893 894 926 925
4 894 895 927 926
4 895 864 896 927
4 896 897 929 928
4 897 898 930 929
4 898 899 931 930
4 899 900 932 931
4 900 901 933 932
4 901 902 934 933
4 902 903 935 934
4 903 904 936 935
4 904 905 937 936
4 905 906 938 937
4 906 907 939 938
4 907 908 940 939
4 908 909 941 940
4 909 910 942 941
4 910 911 943 942
4 911 912 944 943
4 912 913 945 944
4 913 914 946 945
4 914 915 947 946
4 915 916 948 947
4 916 917 949 948
4 917 918 950 949
4 918 919 951 950
4 919 920 952 951
4 920 921 953 952
4 921 922 954 953
4 922 923 955 954
4 923 924 956 955
4 924 925 957 956
4 925 926 958 957
4 926 927 959 958
4 927 896 928 959
4 928 929 961 960
4 929 930 962 961
4 930 931 963 962
4 931 932 964 963
4 932 933 965 964
4 933 934 966 965
4 934 935 967 966
4 935 936 968 967
4 936 937 969 968
4 937 938 970 969
4 938 939 971 970
4 939 940 972 971
4 940 941 973 972
4 941 942 974 973
4 942 943 975 974
4 943 944 976 975
4 944 945 977 976
4 945 946 978 977
4 946 947 979 978
4 947 948 980 979
4 948 949 981 980
4 949 950 982 981
4 950 951 983 982
4 951 952 984 983
4 952 953 985 984
4 953 954 986 985
4 954 955 987 986
4 955 956 988 987
4 956 957 989 988
4 957 958 990 989
4 958 959 991 990
4 959 928 960 991
4 960 961 993 992
4 961 962 994 993
4 962 963 995 994
4 963 964 996 995
4 964 965 997 996
4 965 966 998 997
4 966 967 999 998
4 967 968 1000 999
4 968 969 1001 1000
4 969 970 1002 1001
4 970 971 1003 1002
4 971 972 1004 1003
4 972 973 1005 1004
4 973 974 1006 1005
4 974 975 1007 1006
4 975 976 1008 1007
4 976 977 1009 1008
4 977 978 1010 1009
4 978 979 1011 1010
4 979 980 1012 1011
4 980 981 1013 1012
4 981 982 1014 1013
4 982 983 1015 1014
4 983 984 1016 1015
4 984 985 1017 1016
4 985 986 1018 1017
4 986 987 1019 1018
4 987 988 1020 1019
4 988 989 1021 1020
4 989 990 1022 1021
4 990 991 1023 1022
4 991 960 992 1023
4 992 993 1025 1024
4 993 994 1026 1025
4 994 995 1027 1026
4 995 996 1028 1027
4 996 997 1029 1028
4 997 998 1030 1029
4 998 999 1031 1030
4 999 1000 1032 1031
4 1000 1001 1033 1032
4 1001 1002 1034 1033
4 1002 1003 1035 1034
4 1003 1004 1036 1035
4 1004 1005 1037 1036
4 1005 1006 1038 1037
4 1006 1007 1039 1038
4 1007 1008 1040 1039
4 1008 1009 1041 1040
4 1009 1010 1042 1041
4 1010 1011 1043 1042
4 1011 1012 1044 1043
4 1012 1013 1045 1044
4 1013 1014 1046 1045
4 1014 1015 1047 1046
4 1015 1016 1048 1047
4 1016 1017 1049 1048
4 1017 1018 1050 1049
4 1018 1019 1051 1050
4 1019 1020 1052 1051
4 1020 1021 1053 1052
4 1021 1022 1054 1053
4 1022 1023 1055 1054
4 1023 992 1024 1055
4 23 1056 25 24
4 1056 1057 26 25
4 1057 1058 27 26
4 1058 1059 28 27
4 1059 1060 29 28
4 1060 1061 30 29
4 1061 1062 31 30
4 1062 1 0 31
4 22 1063 1056 23
4 1063 1064 1057 1056
4 1064 1065 1058 1057
4 1065 1066 1059 1058
4 1066 1067 1060 1059
4 1067 1068 1061 1060
4 1068 1069 1062 1061
4 1069 2 1 1062
4 21 1070 1063 22
4 1070 1071 1064 1063
4 1071 1072 1065 1064
4 1072 1073 1066 1065
4 1073 1074 1067 1066
4 1074 1075 1068 1067
4 1075 1076 1069 1068
4 1076 3 2 1069
4 20 1077 1070 21
4 1077 1078 1071 1070
4 1078 1079 1072 1071
4 1079 1080 1073 1072
4 1080 1081 1074 1073
4 1081 1082 1075 1074
4 1082 1083 1076 1075
4 1083 4 3 1076
4 19 1084 1077 20
4 1084 1085 1078 1077
4 1085 1086 1079 1078
4 1086 1087 1080 1079
4 1087 1088 1081 1080
4 1088 1089 1082 1081
4 1089 1090 1083 1082
4 1090 5 4 1083
4 18 1091 1084 19
4 1091 1092 1085 1084
4 1092 1093 1086 1085
4 1093 1094 1087 1086
4 1094 1095 1088 1087
4 1095 1096 1089 1088
4 1096 1097 1090 1089
4 1097 6 5 1090
4 17 1098 1091 18
4 1098 1099 1092 1091
4 1099 1100 1093 1092
4 1100 1101 1094 1093
4 1101 1102 1095 1094
4 1102 1103 1096 1095
4 1103 1104 1097 1096
4 1104 7 6 1097
4 16 15 1098 17
4 15 14 1099 1098
4 14 13 1100 1099
4 13 12 1101 1100
4 12 11 1102 1101
4 11 10 1103 1102
4 10 9 1104 1103
4 9 8 7 1104
4 1048 1049 1105 1047
4 1049 1050 1106 1105
4 1050 1051 1107 1106
4 1051 1052 1108 1107
4 1052 1053 1109 1108
4 1053 1054 1110 1109
4 1054 1055 1111 1110
4 1055 1024 1025 1111
4 1047 1105 1112 1046
4 1105 1106 1113 1112
4 1106 1107 1114 1113
4 1107 1108 1115 1114
4 1108 1109 1116 1115
4 1109 1110 1117 1116
4 1110 1111 1118 1117
4 1111 1025 1026 1118
4 1046 1112 1119 1045
4 1112 1113 1120 1119
4 1113 1114 1121 1120
4 1114 1115 1122 1121
4 1115 1116 1123 1122
4 1116 1117 1124 1123
4 1117 1118 1125 1124
4 1118 1026 1027 1125
4 1045 1119 1126 1044
4 1119 1120 1127 1126
4 1120 1121 1128 1127
4 1121 1122 1129 1128
4 1122 1123 1130 1129
4 1123 1124 1131 1130
4 1124 1125 1132 1131
4 1125 1027 1028 1132
4 1044 1126 1133 1043
4 1126 1127 1134 1133
4 1127 1128 1135 1134
4 1128 1129 1136 1135
4 1129 1130 1137 1136
4 1130 1131 1138 1137
4 1131 1132 1139 1138
4 1132 1028 1029 1139
4 1043 1133 1140 1042
4 1133 1134 1141 1140
4 1134 1135 1142 1141
4 1135 1136 1143 1142
4 1136 1137 1144 1143
4 1137 1138 1145 1144
4 1138 1139 1146 1145
4 1139 1029 1030 1146
4 1042 1140 1147 1041
4 1140 1141 1148 1147
4 1141 1142 1149 1148
4 1142 1143 1150 1149
4 1143 1144 1151 1150
4 1144 1145 1152 1151
4 1145 1146 1153 1152
4 1146 1030 1031 1153
4 1041 1147 1039 1040
4 1147 1148 1038 1039
4 1148 1149 1037 1038
4 1149 1150 1036 1037
4 1150 1151 1035 1036
4 1151 1152 1034 1035
4 1152 1153 1033 1034
4 1153 1031 1032 1033
4 1154 1155 1156 1157
4 1158 1159 1160 1161
4 1162 1163 1164 1165
4 1166 1167 1168 1169
4 1170 1171 1172 1173
4 1174 1175 1176 1177
4 1178 1179 1180 1181
4 1182 1183 1184 1185
4 1186 1187 1188 1189
4 1190 1191 1192 1193
4 1194 1195 1196 1197
4 1198 1199 1200 1201
4 1202 1203 1204 1205
4 1206 1207 1208 1209
4 1210 1211 1212 1213
4 1214 1215 1216 1217
4 1218 1219 1220 1221
4 1222 1223 1224 1225
4 1226 1227 1228 1229
4 1230 1231 1232 1233
4 1234 1235 1236 1237
4 1238 1239 1240 1241
4 1242 1243 1244 1245
4 1246 1247 1248 1249
4 1250 1251 1252 1253
4 1254 1255 1256 1257
4 1258 1259 1260 1261
4 1262 1263 1264 1265
4 1266 1267 1268 1269
4 1270 1271 1272 1273
4 1274 1275 1276 1277
4 1278 1279 1280 1281
4 1282 1283 1284 1285
4 1286 1287 1288 1289
4 1290 1291 1292 1293
4 1294 1295 1296 1297
4 1298 1299 1300 1301
4 1302 1303 1304 1305
4 1306 1307 1308 1309
4 1310 1311 1312 1313
4 1314 1315 1316 1317
4 1318 1319 1320 1321
4 1322 1323 1324 1325
4 1326 1327 1328 1329
4 1330 1331 1332 1333
4 1334 1335 1336 1337
4 1338 1339 1340 1341
4 1342 1343 1344 1345
CELL_TYPES 1200
9
9
9
9
9
9
9
9
9
9
9
9
9
9
9
9
9
9
9
9
9
9
9
9
9
9
9
9
9
9
9
9
9
9
9
9
9
9
9
9
9
9
9
9
9
9
9
9
9
9
9
9
9
9
9
9
9
9
9
9
9
9
9
9
9
9
9
9
9
9
9
9
9
9
9
9
9
9
9
9
9
9
9
9
9
9
9
9
9
9
9
9
9
9
9
9
9
9
9
9
9
9
9
9
9
9
9
9
9
9
9
9
9
9
9
9
9
9
9
9
9
9
9
9
9
9
9
9
9
9
9
9
9
9
9
9
9
9
9
9
9
9
9
9
9
9
9
9
9
9
9
9
9
9
9
9
9
9
9
9
9
9
9
9
9
9
9
9
9
9
9
9
9
9
9
9
9
9
9
9
9
9
9
9
9
9
9
9
9
9
9
9
9
9
9
9
9
9
9
9
9
9
9
9
9
9
9
9
9
9
9
9
9
9
9
9
9
9
9
9
9
9
9
9
9
9
9
9
9
9
9
9
9
9
9
9
9
9
9
9
9
9
9
9
9
9
9
9
9
9
9
9
9
9
9
9
9
9
9
9
9
9
9
9
9
9
9
9
9
9
9
9
9
9
9
9
9
9
9
9
9
9
9
9
9
9
9
9
9
9
9
9
9
9
9
9
9
9
9
9
9
9
9
9
9
9
9
9
9
9
9
9
9
9
9
9
9
9
9
9
9
9
9
9
9
9
9
9
9
9
9
9
9
9
9
9
9
9
9
9
9
9
9
9
9
9
9
9
9
9
9
9
9
9
9
9
9
9
9
9
9
9
9
9
9
9
9
9
9
9
9
9
9
9
9
9
9
9
9
9
9
9
9
9
9
9
9
9
9
9
9
9
9
9
9
9
9
9
9
9
9
9
9
9
9
9
9
9
9
9
9
9
9
9
9
9
9
9
9
9
9
9
9
9
9
9
9
9
9
9
9
9
9
9
9
9
9
9
9
9
9
9
9
9
9
9
9
9
9
9
9
9
9
9
9
9
9
9
9
9
9
9
9
9
9
9
9
9
9
9
9
9
9
9
9
9
9
9
9
9
9
9
9
9
9
9
9
9
9
9
9
9
9
9
9
9
9
9
9
9
9
9
9
9
9
9
9
9
9
9
9
9
9
9
9
9
9
9
9
9
9
9
9
9
9
9
9
9
9
9
9
9
9
9
9
9
9
9
9
9
9
9
9
9
9
9
9
9
9
9
9
9
9
9
9
9
9
9
9
9
9
9
9
9
9
9
9
9
9
9
9
9
9
9
9
9
9
9
9
9
9
9
9
9
9
9
9
9
9
9
9
9
9
9
9
9
9
9
9
9
9
9
9
9
9
9
9
9
9
9
9
9
9
9
9
9
9
9
9
9
9
9
9
9
9
9
9
9
9
9
9
9
9
9
9
9
9
9
9
9
9
9
9
9
9
9
9
9
9
9
9
9
9
9
9
9
9
9
9
9
9
9
9
9
9
9
9
9
9
9
9
9
9
9
9
9
9
9
9
9
9
9
9
9
9
9
9
9
9
9
9
9
9
9
9
9
9
9
9
9
9
9
9
9
9
9
9
9
9
9
9
9
9
9
9
9
9
9
9
9
9
9
9
9
9
9
9
9
9
9
9
9
9
9
9
9
9
9
9
9
9
9
9
9
9
9
9
9
9
9
9
9
9
9
9
9
9
9
9
9
9
9
9
9
9
9
9
9
9
9
9
9
9
9
9
9
9
9
9
9
9
9
9
9
9
9
9
9
9
9
9
9
9
9
9
9
9
9
9
9
9
9
9
9
9
9
9
9
9
9
9
9
9
9
9
9
9
9
9
9
9
9
9
9
9
9
9
9
9
9
9
9
9
9
9
9
9
9
9
9
9
9
9
9
9
9
9
9
9
9
9
9
9
9
9
9
9
9
9
9
9
9
9
9
9
9
9
9
9
9
9
9
9
9
9
9
9
9
9
9
9
9
9
9
9
9
9
9
9
9
9
9
9
9
9
9
9
9
9
9
9
9
9
9
9
9
9
9
9
9
9
9
9
9
9
9
9
9
9
9
9
9
9
9
9
9
9
9
9
9
9
9
9
9
9
9
9
9
9
9
9
9
9
9
9
9
9
9
9
9
9
9
9
9
9
9
9
9
9
9
9
9
9
9
9
9
9
9
9
9
9
9
9
9
9
9
9
9
9
9
9
9
9
9
9
9
9
9
9
9
9
9
9
9
9
9
9
9
9
9
9
9
9
9
9
9
9
9
9
9
9
9
9
9
9
9
9
9
9
9
9
9
9
9
9
9
9
9
9
9
9
9
9
9
9
9
9
9
9
9
9
9
9
9
9
9
9
9
9
9
9
9
9
9
9
9
9
9
9
9
9
9
9
9
9
9
9
9
9
9
9
9
9
9
9
9
9
9
9
9
9
9
9
9
9
9
9
9
9
9
9
9
9
9
9
9
9
9
9
9
9
9
9
9
9
9
9
9
9
9
9
9
9
9
9
9
9
9
9
9
9
9
9
9
9
9
9
9
9
9
9
9
9
9
9
9
9
9
9
9
9
9
9
9
9
9
9
9
9
9
9
9
9
9
9
9
9
9
9
9
9
9
9
9
9
9
9
9
9
9
9
9
9
9
9
9
9
9
9
9
9
9
9
9
9
9
9
9
9
9
9
9
9
9
9
9
9
9
9
9
POINT_DATA 1346
VECTORS displacement_m double
1.4940382434990836e-07 3.574849505629258e-08 0.0017876806794192514
1.5104982510728905e-07 -8.913807970562433e-09 0.0017877080695331074
1.1591765348396044e-07 -1.6222933661444913e-07 0.0017877568096007664
7.284561106425639e-08 1.7729900695276025e-08 0.001787681921033522
-1.667550324246894e-07 2.4999705837656905e-07 0.001787635251974901
-2.0884001948593703e-07 3.8946602603943986e-07 0.0017876397158748368
8.711084136008393e-08 8.528432498584053e-08 0.0017875493433355608
-1.129748320210303e-07 4.0740631765363706e-07 0.0017877327191038726
1.2860835421497513e-07 2.6014755048576224e-07 0.0017876119131822728
4.811172870822206e-07 2.572775819616389e-08 0.0017873199848360117
5.376621070332592e-07 4.32459293698281e-08 0.001787364102120748
5.762132994931329e-07 3.1624388858997066e-08 0.0017872991747207257
9.197525985144912e-07 4.679485809068577e-11 0.001786864775484562
5.797851629327932e-07 -3.123720443853823e-08 0.0017872985650763458
5.350603932151945e-07 -4.278982636622032e-08 0.0017873623297785784
4.807465653672707e-07 -2.8473075520349817e-08 0.001787323537568468
1.2968252640076042e-07 -2.587916309594146e-07 0.0017876100537503466
-1.123570022308077e-07 -4.0311976382376205e-07 0.0017877293727705287
8.9006383932802e-08 -8.652451624547839e-08 0.001787549663114864
-2.109237555399872e-07 -3.87178901452161e-07 0.0017876396497169367
-1.6557500781938627e-07 -2.4810023617412087e-07 0.001787634964856469
7.507353773195536e-08 -2.045274442892565e-08 0.0017876814794131985
1.119111081118324e-07 1.6155154180453134e-07 0.0017877563560030538
1.5271121095854975e-07 7.176182544355991e-09 0.0017877066627393107
1.508417742346012e-07 -3.432286341732125e-08 0.001787681317005394
3.81250000385351e-07 1.5996587717987133e-07 0.0017879493858001074
1.8248669316512112e-07 -4.308728265508283e-08 0.0017876846354595273
6.095833241272217e-07 6.924827848328251e-08 0.001788236603408934
4.2844656570057363e-07 2.0803754727969329e-10 0.0017880665562556954
6.093395395569645e-07 -6.86612641259815e-08 0.0017882308534277196
1.814726948348409e-07 4.1002155282869126e-08 0.0017876878134632987
3.8514347449315907e-07 -1.6084707093068804e-07 0.0017879509098901569
3.1751241821450376e-07 -2.636360957583759e-07 0.0017880773054736207
2.0224933573600633e-08 1.3109719045638463e-07 0.001787773305818057
-5.66018906294289e-08 2.822698555148332e-07 0.0017877278551017668
-4.6889293210783196e-07 9.250148628913259e-07 0.0017875616626596466
-6.850839246409565e-07 1.6850958701837437e-06 0.0017875131543221032
-6.302310786662495e-07 1.474244058796972e-06 0.0017875297544743217
-6.780041834739887e-07 1.6016692621225523e-06 0.0017876125737817585
-7.760086976911117e-08 9.010554268894713e-07 0.0017872854927196069
1.9488597644052448e-07 6.819755640506495e-07 0.001787160403770318
5.542941437640246e-07 3.365349099101666e-07 0.0017867992551720646
8.487083926575128e-07 1.248232114708544e-07 0.0017864645005632963
1.1430559498236814e-06 2.940475562240915e-08 0.0017862559103991506
1.1026762310372285e-06 9.139707062627172e-11 0.0017862205812050906
1.1404268669591424e-06 -2.9340352523375156e-08 0.0017862551955821688
8.511643175369911e-07 -1.2547650330384327e-07 0.001786466093193989
5.530651999330715e-07 -3.3546472457188324e-07 0.0017867978744413975
1.9521705200812678e-07 -6.817676397573532e-07 0.001787160184499431
-7.642608495680619e-08 -9.030178739129799e-07 0.0017872867808150733
-6.799140464975831e-07 -1.601548802574382e-06 0.0017876125663523921
-6.277457012853884e-07 -1.4744570344421453e-06 0.0017875297355198004
-6.856775307014587e-07 -1.6853053338456336e-06 0.0017875133065289284
-4.71831145639433e-07 -9.24987902856418e-07 0.0017875615962419144
-5.314288142674628e-08 -2.817397063437233e-07 0.0017877281193559669
1.801252933911967e-08 -1.3116646153951004e-07 0.0017877734431893534
3.17194652459473e-07 2.6392612015330626e-07 0.0017880778088972507
2.1258087743802987e-07 4.709728683005e-08 0.0017877835017558281
3.4884262988960625e-07 9.212178334959537e-08 0.001787798923345706
3.9833141902487875e-08 -4.032161130116295e-08 0.0017872765315477318
2.8622625326905086e-07 3.0903486216399407e-12 0.00178749508183905
3.7511260667958404e-08 4.048902088926864e-08 0.0017872761681149063
3.516613320623531e-07 -9.224571215378755e-08 0.001787799395768262
2.0974662878418033e-07 -4.701825563932844e-08 0.0017877834883985135
-6.503312009638473e-10 1.3513251171344256e-07 0.0017878518988634772
1.7215719744491236e-07 -5.127762106917431e-07 0.0017884447524062364
-1.6945046087775187e-07 7.610315806395137e-08 0.001788163319081972
-4.748858574090657e-07 1.4453074176937901e-06 0.0017877707299705477
-1.0205841522882209e-06 3.0727124505308507e-06 0.001787633341118438
-1.396745507550654e-06 4.665130463449297e-06 0.0017877955565719105
-8.193631469040615e-07 3.24649994595015e-06 0.0017873478518280095
-4.0346126137480574e-07 2.010105789866186e-06 0.001786643843071803
5.49670671000196e-07 2.5897751789904045e-07 0.0017851524969067487
9.030553163181265e-07 2.8820028566851676e-07 0.0017851171066595101
1.2809500333298977e-06 3.0471482176041356e-07 0.0017850001117654228
1.6247224326087509e-06 -2.4805774241360607e-08 0.001783622774826598
1.8440626789308468e-06 -7.36612230985982e-11 0.001783155943388753
1.6267841857131017e-06 2.485882966960795e-08 0.001783622833814975
1.278184431763216e-06 -3.0446203964914535e-07 0.0017849998205004855
9.047035432835247e-07 -2.8861640221962667e-07 0.0017851179574157636
5.495104973865631e-07 -2.585639600027591e-07 0.001785152270380441
-4.04692391952519e-07 -2.009910650911782e-06 0.001786643670845461
-8.173577462431396e-07 -3.2465862702595177e-06 0.0017873477742751237
-1.3984169527978876e-06 -4.664256509159328e-06 0.001787795093810913
-1.020509146149551e-06 -3.0733053973938736e-06 0.0017876329433179003
-4.727915254417901e-07 -1.4452277024307356e-06 0.0017877707834118844
-1.721613984158568e-07 -7.574537631500284e-08 0.0017881634928814966
1.740211210506654e-07 5.124053400724515e-07 0.001788444414262077
-5.177573533079512e-10 -1.3530463420447884e-07 0.0017878518708587142
3.6656228120689975e-07 4.832435523334803e-07 0.001788543187318087
2.493072303929344e-07 2.0726580601888268e-07 0.001787972421258843
2.7731603823443386e-07 3.4517171390903965e-09 0.0017872008387375597
-1.1915749018775016e-08 9.25917565024588e-12 0.0017867566697841591
2.7913824742700243e-07 -3.369735494971369e-09 0.0017871993084638172
2.4697477507636744e-07 -2.0807326080238608e-07 0.001787973973565246
3.684871232391436e-07 -4.827779768219671e-07 0.0017885424048068438
2.2085119276244655e-07 -4.8169395348133436e-08 0.0017884036702473835
1.1950675948004322e-08 -5.99425299385952e-07 0.0017888454847472363
9.212051053451583e-08 -1.3537708302299016e-06 0.0017892553514054401
-5.317810812118882e-07 3.3370470065954753e-07 0.0017887511789743931
-1.3009361421465277e-06 4.921807196184292e-06 0.0017882938754821543
-1.6879332938114058e-06 8.155827001309823e-06 0.0017885793907468982
-1.6467146483453843e-06 7.80760268830248e-06 0.0017884349954814358
-4.245002293493282e-07 3.7479456467240666e-06 0.0017862627694604652
2.6750678411272317e-07 1.68606617822728e-06 0.0017845937901993763
1.1880929311714162e-06 4.5838932358033086e-07 0.0017831249762088103
1.7088924261423946e-06 -1.3280336168982654e-08 0.0017822879601726445
1.9787204455652435e-06 2.075553305835017e-08 0.001782419101290425
2.004475638135536e-06 6.911914744949894e-11 0.0017820854934710592
1.9770349611320054e-06 -2.0820578905838057e-08 0.001782419126167722
1.711236644380594e-06 1.328566655332529e-08 0.0017822878573478744
1.1866023294589988e-06 -4.5840622472771004e-07 0.0017831249938559247
2.67570544865623e-07 -1.6858056960499264e-06 0.0017845932877532916
-4.2329399607779983e-07 -3.748797169692582e-06 0.0017862633161438394
-1.6487510766367754e-06 -7.807528782640479e-06 0.0017884349987213823
-1.6866894467338513e-06 -8.155916559133841e-06 0.0017885794868069348
-1.3011680233651687e-06 -4.922032453902755e-06 0.0017882941269125202
-5.330595415082038e-07 -3.334887476282474e-07 0.0017887512231638861
9.421459693343317e-08 1.3537334331284651e-06 0.0017892553514339674
1.0668341524790745e-08 5.993945735818761e-07 0.0017888456131536802
2.208431058624899e-07 4.811172959433565e-08 0.0017884035451392725
1.864162666834666e-07 -2.2502612684308347e-07 0.0017881128229793569
6.37125317771881e-07 4.793546023522107e-07 0.0017895386736488635
5.060105370775402e-07 1.4823400692762172e-07 0.0017886518926012493
5.764775108874589e-07 5.011337048745276e-11 0.0017876722891479182
5.043692773149668e-07 -1.4803622958081774e-07 0.0017886519418950384
6.396744638253568e-07 -4.79231001421402e-07 0.0017895388120078167
1.846665384650081e-07 2.2527385919815716e-07 0.0017881125680815472
5.6718002540631517e-08 6.728286036043031e-07 0.0017883552219384227
2.6980295761597996e-07 -1.4019854140333533e-06 0.0017900887738227726
-9.102098727589916e-08 -2.7925690325893097e-06 0.0017908607528479812
-8.490194452287897e-07 2.1424754335509733e-06 0.0017893873055125828
-1.6887660269722096e-06 7.911687354701749e-06 0.0017888125260410335
-2.0296510831505833e-06 1.1184598628481356e-05 0.0017891214605651714
-1.6769229908558924e-06 1.120992407739318e-05 0.0017891074581562543
-1.0421429019400321e-06 6.978302820851199e-06 0.0017868047925769237
2.355503850849396e-07 2.8038650639288453e-06 0.0017833224339319608
1.2154459778151238e-06 6.646256566614936e-07 0.0017806474517506963
2.0298306194863107e-06 -1.5966530364270926e-07 0.001779044392066042
2.4249943714786317e-06 -8.811571842018001e-08 0.0017791991786332575
2.5944041940404728e-06 -1.2708987192777916e-11 0.0017795760150877235
2.426339106485517e-06 8.830406406588859e-08 0.0017791988515078376
2.0283004929692007e-06 1.5944882385496147e-07 0.0017790448460823505
1.2161744037619336e-06 -6.646715743946568e-07 0.001780647246649885
2.359200054260802e-07 -2.8038603340702625e-06 0.001783322474411762
-1.043341202734229e-06 -6.978140318457419e-06 0.0017868046418829252
-1.6752027441722834e-06 -1.1209289337629928e-05 0.001789107304107297
-2.0307883276590236e-06 -1.1184628723113775e-05 0.0017891216039783255
-1.6886664483041353e-06 -7.911832167544872e-06 0.0017888124484812245
-8.482945563824381e-07 -2.1420690660248304e-06 0.0017893873652444143
-9.236129573804089e-08 2.7920003370023285e-06 0.001790860447416903
2.709410697541827e-07 1.4025163748508658e-06 0.0017900889945747763
5.671179405376542e-08 -6.732538614179347e-07 0.0017883549690268618
5.013409596703858e-07 -3.5419139411203366e-07 0.0017886895834072283
5.20206055808095e-07 -2.9520799267619194e-07 0.00178870566063992
9.640145449027578e-07 6.534862707239645e-09 0.0017896319732429568
9.435898172931287e-07 3.4280656316563404e-11 0.0017898006522791966
9.653858093009385e-07 -6.617612770093486e-09 0.001789631738242582
5.181573085635982e-07 2.949872615224596e-07 0.0017887059731526295
5.029441285281958e-07 3.542119671541133e-07 0.001788689455391608
4.6648521969226606e-07 -5.118573845384413e-07 0.0017908404573412696
1.053379629876378e-07 -2.2143600262650798e-06 0.001792255645430446
-4.013210972444314e-07 -9.253841161561899e-07 0.001791625164009124
-1.2828671591259365e-06 4.756099648997978e-06 0.0017899587562210644
-1.986359214402305e-06 1.1864520223182883e-05 0.001789311814944972
-2.172593400104842e-06 1.4775137922424768e-05 0.0017896568424984318
-1.9370902450010716e-06 1.2906006300000536e-05 0.0017891706684676869
-1.3055943838883498e-06 1.1504925937237168e-05 0.0017884911889353896
-3.490579398653531e-07 6.600873127429242e-06 0.0017845241517756285
1.1519923671984792e-06 1.7822216386797691e-06 0.0017787292664602028
1.9834905934909753e-06 1.0035648271381083e-06 0.0017773092967348011
2.8896809322851108e-06 1.4612221313799238e-07 0.0017744723740452464
3.2448931761411914e-06 1.4838370343404848e-10 0.0017730779272950128
2.8888425030684774e-06 -1.4618624173672934e-07 0.0017744726245201793
1.9844417968453156e-06 -1.003570255770076e-06 0.0017773091563562918
1.1516444260268123e-06 -1.7820553733247726e-06 0.0017787290703334749
-3.49315138072168e-07 -6.6012320018319294e-06 0.0017845243598003063
-1.3048109387004453e-06 -1.1504669394995631e-05 0.0017884911134570826
-1.9380016797486058e-06 -1.2907015183368455e-05 0.0017891711322363154
-2.171996360528338e-06 -1.4774570337741396e-05 0.001789656650075778
-1.986283643708e-06 -1.1865017565886506e-05 0.0017893118523504908
-1.283455835293859e-06 -4.755799312201489e-06 0.001789958728198206
-4.0031287557548627e-07 9.252666036232151e-07 0.001791625046885261
1.0441231056686658e-07 2.214563813461386e-06 0.0017922558335423744
4.6671968260198425e-07 5.117247806372619e-07 0.0017908402437492546
3.3680514724702163e-07 -9.910570721120157e-07 0.0017890066535756499
9.13155878617526e-07 -3.679076050468126e-07 0.0017901624200861992
1.197305400740372e-06 4.317527434785536e-08 0.0017916156057652378
1.446596638873848e-06 1.538340222070636e-11 0.0017918326635560158
1.1964649837759061e-06 -4.3034161845524416e-08 0.0017916155636299273
9.142878645718989e-07 3.6776057267228816e-07 0.0017901625915879976
3.36007085125985e-07 9.912507049876267e-07 0.001789006021514667
3.308723824902019e-07 -1.2289554134213544e-06 0.0017929045741780212
1.3361902910693187e-07 -4.1177366617131275e-06 0.001795276424754015
-6.983141472755767e-07 1.4919800247307021e-06 0.0017923361377051692
-1.413124743129647e-06 7.635261986677651e-06 0.0017905435488106344
-1.928823622957807e-06 1.3817737647416219e-05 0.001789935063469572
-2.4066855047564653e-06 1.7910469328509063e-05 0.001790322782604616
-2.157686002807345e-06 1.757507358005273e-05 0.001790194811315218
-1.4706084012590646e-06 1.4430611430862157e-05 0.0017884683615991357
-2.0143094534979661e-07 9.34806249377587e-06 0.0017842670427741698
8.003500566387489e-07 4.507849072053511e-06 0.0017783393138857176
2.2091556733868014e-06 1.8741684310645136e-06 0.0017733416711046602
3.0720967036921756e-06 3.855736313577786e-07 0.0017682984176905245
3.5920533162796563e-06 -6.456329556991403e-11 0.0017637306755745985
3.072120392200837e-06 -3.8541348653383214e-07 0.0017682981387359858
2.208847760893024e-06 -1.8742928342024606e-06 0.001773341922863459
8.005444485184474e-07 -4.5080894397303935e-06 0.001778339432387037
-2.0107408198866572e-07 -9.347697589622218e-06 0.0017842667956156505
-1.471251366188751e-06 -1.4430925712274758e-05 0.0017884685596286528
-2.157267730006663e-06 -1.7573958476580523e-05 0.001790194301794912
-2.406990788273091e-06 -1.7911165707731857e-05 0.001790322964916318
-1.9285416950998694e-06 -1.3817184153593511e-05 0.0017899349786933583
-1.4127947093613923e-06 -7.63560516739268e-06 0.001790543488979285
-6.988632983053116e-07 -1.4918273993804864e-06 0.0017923361615384255
1.3408962590285744e-07 4.11744286659463e-06 0.0017952761047411703
3.3080792046808757e-07 1.2291653028317708e-06 0.0017929049149687083
4.1096321589210435e-07 -2.0774442466372233e-06 0.001788921804659223
7.496228104130488e-07 -1.760492485845761e-06 0.0017894916491168055
1.4666210709341692e-06 -3.5714919295127435e-07 0.0017939515717731724
1.8528486363960848e-06 5.305238664893656e-11 0.0017975460793597728
1.467163854415628e-06 3.570613141521165e-07 0.001793951803265323
7.491588740478516e-07 1.760632212510203e-06 0.001789491205226226
4.1105453439463244e-07 2.077038399335482e-06 0.0017889225244427625
2.890626110478842e-07 -2.6053532988940245e-06 0.0017954621507386996
-9.801004892458709e-08 -5.088355248137058e-06 0.001797551659131322
-7.381342277998301e-07 2.383860526704517e-06 0.0017936191187895674
-1.2723189960596112e-06 7.78425633425911e-06 0.0017920026879310973
-1.958133894172535e-06 1.598079549128123e-05 0.0017911943494667427
-2.455862762717537e-06 2.5698306779091934e-05 0.0017921096361950132
-2.2601629943886376e-06 2.6205771125842584e-05 0.001792225617808687
-1.349735871282158e-06 1.918871415743568e-05 0.00178845862946362
-2.4530419555995864e-07 1.1311597283420896e-05 0.0017820110258638363
1.0347639615351796e-06 7.79716095481616e-06 0.0017777698848940426
2.171301039223945e-06 3.128746225328071e-06 0.0017690775845304028
3.0913898521675717e-06 1.2527460227899214e-07 0.0017593291521775327
3.19917579073689e-06 4.051504645587622e-11 0.0017587403649567271
3.091600466180077e-06 -1.2535959108110992e-07 0.0017593292327359425
2.170737562238998e-06 -3.128723759707704e-06 0.0017690775871634639
1.0354092317158612e-06 -7.796860455218173e-06 0.0017777696020671399
-2.456878304849928e-07 -1.1311948240026915e-05 0.0017820112007717712
-1.349317417787521e-06 -1.918876925066635e-05 0.0017884587131274312
-2.2608249298272337e-06 -2.6206231192921882e-05 0.001792225958393156
-2.4553038154655378e-06 -2.5698468606736646e-05 0.0017921097508242659
-1.958543772048639e-06 -1.5980544080874178e-05 0.0017911944704236248
-1.271831795210318e-06 -7.784675842555048e-06 0.0017920025841386819
-7.386694994513073e-07 -2.3835303554703953e-06 0.0017936192746209792
-9.778174759740648e-08 5.088409554615903e-06 0.0017975517593650221
2.889391701371472e-07 2.605286277711177e-06 0.0017954619700960527
3.4301707085506877e-07 -5.48902747532813e-06 0.0017855284903678073
6.627824643076753e-07 -4.793512299569811e-06 0.0017867019664573993
1.4409215168792883e-06 -7.398227426111579e-07 0.0017998887487615017
1.8051283954776405e-06 1.0043951095491182e-12 0.0018068508076177453
1.4409972352957198e-06 7.399986564612539e-07 0.0017998885778886015
6.628690274581961e-07 4.793484502386602e-06 0.001786702388681014
3.42811426767087e-07 5.489328083778312e-06 0.0017855280428098017
1.863425179945648e-07 -3.680634891435086e-06 0.0017977818075282682
-1.8443978327423026e-07 -6.193367673638185e-06 0.0017999403830552322
-5.866103901527805e-07 2.47966997575554e-06 0.0017953589051662277
-1.3259416522680571e-06 7.723275587904345e-06 0.0017937920832700413
-1.9371624168171216e-06 1.9545970175924654e-05 0.0017925843426931025
-2.3028842179015978e-06 3.5915331307256e-05 0.0017941116315345616
-2.0956137092272644e-06 3.376725954757276e-05 0.0017933597215012665
-1.2803130219380002e-06 2.4207655294800197e-05 0.001788140221144926
-2.1261340762800507e-07 1.5406627560475724e-05 0.0017808589736534846
1.1162821472888208e-06 9.109631375317778e-06 0.0017731890700884271
2.2139054059910333e-06 2.7124389924991367e-06 0.0017611832466485344
2.7875739584663217e-06 4.545454951358856e-08 0.0017524457292328308
3.032509491166819e-06 1.3489287364328578e-11 0.0017521405717860073
2.78726247902582e-06 -4.528483326948852e-08 0.0017524453845355393
2.2142680174894843e-06 -2.7125139083569523e-06 0.001761183692537851
1.116059303006152e-06 -9.109619631341647e-06 0.0017731890492424533
-2.1267529650329502e-07 -1.5406599929568044e-05 0.0017808590961715955
-1.280141045121868e-06 -2.4207311430821196e-05 0.0017881399556451886
-2.0957952593042565e-06 -3.376694163640427e-05 0.0017933595163827235
-2.3029436935249817e-06 -3.591511667305786e-05 0.0017941115474142022
-1.937076444878587e-06 -1.954639188039634e-05 0.001792584225830782
-1.3261651104093727e-06 -7.722657411583955e-06 0.001793792144376942
-5.863976987157215e-07 -2.480247887198913e-06 0.0017953585954920816
-1.847541449749528e-07 6.193540326757329e-06 0.0017999404808759047
1.8631371548536426e-07 3.680425813974047e-06 0.0017977816864339403
3.8354300741234454e-07 -7.142188057882687e-06 0.0017845077601903216
7.118686959912362e-07 -7.6081049811195225e-06 0.0017835775539594364
1.0738549389814946e-06 -1.2508158646583467e-06 0.0018042652930310937
1.3257287598132991e-06 -1.7635912455655183e-11 0.0018162143896966057
1.0734769886390376e-06 1.2506972896061041e-06 0.0018042653581676865
7.124565974512554e-07 7.60807970969888e-06 0.0017835774101939055
3.8321537288441056e-07 7.14210037155327e-06 0.0017845079018244457
6.760199300870641e-08 -3.1615211839858947e-06 0.0017983522563887972
-1.4015385313974856e-08 -8.619640654737792e-06 0.0018028496878561976
-6.511392626266689e-07 -1.1074179515968989e-07 0.00179829698227586
-1.2105547490598467e-06 9.221754987701389e-06 0.0017954161384711852
-1.8177606524491233e-06 2.6131684037805488e-05 0.001793722984219526
-2.0681053341836654e-06 4.229614182507725e-05 0.0017952850156892773
-1.8974932518632507e-06 4.289151638816544e-05 0.0017954342643308628
-1.2354928082316108e-06 3.117654262541537e-05 0.0017891908183069554
-8.458436597951716e-08 1.8733110467297702e-05 0.0017790721381202783
9.98133062948733e-07 1.0594350818102125e-05 0.0017693451392867805
2.00500883534106e-06 2.5070112843164877e-06 0.0017544881466497013
2.614276553903291e-06 -1.2538847402204632e-07 0.0017462624833396762
2.7870245778050475e-06 -1.098207724560865e-11 0.001749029089641217
2.6146888784980624e-06 1.2522409690841826e-07 0.0017462629242733603
2.004536176648859e-06 -2.5068840026062057e-06 0.0017544876046293385
9.982393013103192e-07 -1.059444196463595e-05 0.0017693452005784233
-8.42908266280018e-08 -1.8733086841771826e-05 0.001779071986861418
-1.2360914492262661e-06 -3.1176912480369585e-05 0.0017891910813976509
-1.896883538649467e-06 -4.2891984447266266e-05 0.0017954345221446067
-2.068629260969873e-06 -4.229606830709274e-05 0.0017952850330859194
-1.817514007901071e-06 -2.613160667147306e-05 0.0017937230748283444
-1.2105477495521988e-06 -9.222070877543673e-06 0.0017954161313706142
-6.514216288138598e-07 1.1108868223332778e-07 0.001798297175266478
-1.3672074645995304e-08 8.619587418075963e-06 0.001802849673906217
6.741519194013599e-08 3.161753036767358e-06 0.001798352435105291
4.616084116469576e-07 -8.014156139248842e-06 0.0017847065879580697
6.812792229241058e-07 -7.1681901315229845e-06 0.001786233509463527
7.222457907597561e-07 -1.2046746766555704e-06 0.0018057842129074184
6.184885014424071e-07 3.664731072296097e-11 0.0018174081610445128
7.228148344677834e-07 1.2047268302067559e-06 0.0018057842490359266
6.80584728091994e-07 7.168270709161979e-06 0.0017862334496935588
4.619237493926633e-07 8.014127430454574e-06 0.0017847066265410036
2.5093146920133615e-07 -3.609624550917009e-06 0.0017999264863559907
-2.0074010721784946e-07 -9.645364544725327e-06 0.0018048659852896369
-5.062515340123944e-07 -2.8309488206353965e-07 0.0017998215758460996
-1.044756419119543e-06 1.0972798836440326e-05 0.001796359927268685
-1.5247792601632867e-06 2.888676321676108e-05 0.0017945242952069433
-1.7120751606737135e-06 4.860617182104775e-05 0.0017964185752544514
-1.6311994212116012e-06 5.05427303383531e-05 0.0017969950598276999
-1.0022662650724804e-06 3.617475491392154e-05 0.0017892923785100265
-2.2550785262844194e-07 2.082763014200574e-05 0.0017767556102883744
8.917871039775269e-07 1.1491833054420004e-05 0.0017655580360170992
1.6281753534141741e-06 3.023326238243449e-06 0.0017499383264593736
2.303206155197339e-06 1.5418083746500435e-07 0.0017409097223890701
2.568583743667777e-06 -1.3187457234411894e-11 0.001740438848539127
2.3027342630560273e-06 -1.541239544722783e-07 0.001740909357659112
1.6286494369181887e-06 -3.023481124295504e-06 0.0017499386409057496
8.916811591902704e-07 -1.1491893164148553e-05 0.001765558139174778
-2.2573889119418086e-07 -2.082755435757149e-05 0.0017767556153239338
-1.001699518594534e-06 -3.617437376062476e-05 0.001789292114028594
-1.6317967544646504e-06 -5.0542280564744416e-05 0.0017969948124028638
-1.7117150799019391e-06 -4.8606167038927864e-05 0.0017964185192323582
-1.5247466054761555e-06 -2.8886909497368447e-05 0.0017945242452182106
-1.045024419833607e-06 -1.097244258215731e-05 0.001796359995544423
-5.057438454855071e-07 2.8279778184276715e-07 0.0017998214352624592
-2.013838018194492e-07 9.645264294881878e-06 0.0018048659025458257
2.5141252538295916e-07 3.6095244703895762e-06 0.0017999264351759566
4.007250181080684e-07 -8.292526723609556e-06 0.001785360797246457
5.031453061790102e-07 -5.993243573601324e-06 0.0017895086326481496
4.03945612994996e-07 -6.49993223933355e-07 0.0018069091251596543
2.42188885856045e-07 -4.9913026381661995e-11 0.00181337954270074
4.0353234742579145e-07 6.499573673774704e-07 0.001806909170833766
5.036486214479201e-07 5.993224074030913e-06 0.001789508581910758
4.006286481129632e-07 8.292445947017645e-06 0.0017853608359267065
1.7084254217739625e-07 -4.624665207555261e-06 0.0018021233990206601
-8.079069543269258e-08 -8.008894558254815e-06 0.0018049355966984295
-4.1442661808309483e-07 6.510883476203861e-07 0.0018003018265915019
-7.528799012735199e-07 1.0856211347768482e-05 0.0017971465945701946
-1.0697164185940402e-06 3.214725200807459e-05 0.0017949797522769713
-1.3584406121128965e-06 5.2626233295010745e-05 0.0017969132493298897
-1.1556268778741198e-06 5.2956931717357664e-05 0.0017969294084663205
-9.91792292658255e-07 4.210062536714298e-05 0.0017910975202524006
-1.8542925284634817e-07 2.413168881393351e-05 0.001776406247553213
6.243244687614131e-07 1.1777342047213562e-05 0.0017615347669129235
1.4491413071210874e-06 4.187102763965702e-06 0.001747608157269536
1.9837620465035142e-06 2.2657431481379228e-07 0.0017349115725098737
2.252550354272669e-06 -1.043269267336537e-12 0.001733397341143438
1.9841042743453017e-06 -2.266261888880528e-07 0.0017349119433798222
1.448698040606968e-06 -4.1869251906620145e-06 0.001747607866821931
6.244708046043252e-07 -1.1777270705609595e-05 0.0017615346114278321
-1.8493888970968955e-07 -2.4131758448479212e-05 0.001776406239322507
-9.926072861274918e-07 -4.210106063682998e-05 0.001791097817872948
-1.1548340452311878e-06 -5.295732852085849e-05 0.0017969296035394542
-1.3590351343084113e-06 -5.2626266344492015e-05 0.0017969133499587666
-1.0693143449830192e-06 -3.2147001780617716e-05 0.0017949798022957964
-7.527651732932975e-07 -1.0856661065914092e-05 0.0017971465076356762
-4.14851926325959e-07 -6.507075758361141e-07 0.001800302012131233
-8.03118589150423e-08 8.008965148159127e-06 0.001804935690934602
1.7061168021504025e-07 4.624798759020905e-06 0.0018021235374703758
2.893277608258985e-07 -6.136614772919076e-06 0.0017889498389318979
2.1481631790001316e-07 -5.74197964559124e-06 0.0017895960906563226
1.1012547218316621e-07 -5.926053488053265e-07 0.0018063992332981815
1.695658413369445e-07 3.763487509391439e-11 0.00181197068834793
1.1040475327622924e-07 5.926091418454663e-07 0.0018063991921106867
2.1452128281100166e-07 5.74200141874537e-06 0.0017895960756255983
2.8936471368253363e-07 6.136633938787691e-06 0.0017889498749376473
8.222762321231567e-08 -5.64433798051908e-06 0.0018032788269000011
3.1332505048040464e-08 -9.253627617182188e-06 0.0018063363669856252
-1.523143942880005e-07 1.3244823032045666e-06 0.0018007369013263112
-3.977701159142659e-07 1.1862210021751962e-05 0.0017975592787171125
-7.482271756743514e-07 3.34544265344583e-05 0.0017954079742989212
-8.971466968344451e-07 5.526312381403215e-05 0.0017975052694980827
-1.0535388241317962e-06 5.608883692926971e-05 0.00179772751772438
-7.399992511427134e-07 4.601209055736154e-05 0.0017923152984504606
-2.478610857246272e-07 2.747944815024131e-05 0.0017771664927731317
4.682969607684904e-07 1.3483396630787551e-05 0.001760318870721341
1.2347522074266278e-06 4.418095470131881e-06 0.001743585307942606
1.8423328179717256e-06 3.8831726960504915e-07 0.0017307753812092102
1.9970656522499868e-06 2.1316863141706488e-11 0.001728290227035144
1.8419473584228996e-06 -3.8825358923716266e-07 0.001730775062541588
1.2353072138547834e-06 -4.4181694703181895e-06 0.0017435854791019946
4.6788942409679217e-07 -1.3483529316217404e-05 0.0017603192703744383
-2.479123202389665e-07 -2.747925208730917e-05 0.0017771663237572187
-7.39601352403114e-07 -4.601184451905747e-05 0.0017923150882442887
-1.054058831963871e-06 -5.6088191104882504e-05 0.0017977272143198367
-8.966421957678313e-07 -5.526338995480606e-05 0.0017975052323878486
-7.485129428167369e-07 -3.3454384754796486e-05 0.0017954079123442847
-3.9795927614802114e-07 -1.1862026982809129e-05 0.0017975592349079791
-1.5179922200077022e-07 -1.3245283081728186e-06 0.0018007368267588723
3.081589740824173e-08 9.253299781007655e-06 0.0018063360985162747
8.263531920258859e-08 5.644382455221927e-06 0.00180327887935263
8.462949541016902e-09 -6.2174637482887065e-06 0.0017886800368263611
-2.3461905679411855e-08 -5.528000111458044e-06 0.001789763827109427
-9.288671847812092e-08 -8.591470012975278e-07 0.0018046575329235316
-1.2436002599209837e-07 -5.1330937521466727e-11 0.0018113611582839491
-9.291886465921354e-08 8.590884816514811e-07 0.0018046576320875868
-2.3549735408571263e-08 5.528040242142096e-06 0.0017897637080026944
8.709089410683068e-09 6.217393591397021e-06 0.0017886801389998537
-8.771237349415477e-08 -5.0312473193783235e-06 0.0018023389342654039
-5.956267350732184e-09 -1.1408296479056395e-05 0.001807707336782392
-3.6454348649325096e-08 -1.1571241521483996e-06 0.0018022711224931962
-2.2456419134195872e-07 1.152063010525392e-05 0.0017983773415181342
-3.463395533319071e-07 3.366713012215891e-05 0.0017961313720547768
-5.977741592606078e-07 5.617974981186495e-05 0.0017982826171848735
-7.146821549638053e-07 5.985076876326824e-05 0.0017993230636705977
-6.090450769157123e-07 4.949019761062847e-05 0.0017937672990158738
-2.3518064777356095e-07 3.0664739367360525e-05 0.0017784368959807765
3.496948363889896e-07 1.6174699268480652e-05 0.001761079575117891
1.1270894887445822e-06 5.416544631188137e-06 0.0017414087498102578
1.6566368149877987e-06 4.476227954616528e-07 0.0017257051113662757
1.9213231657381073e-06 -5.694812974135493e-11 0.0017232125356512742
1.6569423329237976e-06 -4.476867204900725e-07 0.001725705388871448
1.1267848673614046e-06 -5.4164943651468166e-06 0.0017414086607741872
3.499690246546986e-07 -1.6174478180237405e-05 0.0017610790577427854
-2.355262503420478e-07 -3.066505051657003e-05 0.001778437149319111
-6.090572029988086e-07 -4.949036892025294e-05 0.001793767404248536
-7.143382694235943e-07 -5.985153136798293e-05 0.0017993234163538945
-5.980450872578716e-07 -5.617928885603262e-05 0.0017982826195519783
-3.465198803520739e-07 -3.36673536700704e-05 0.001796131406977253
-2.2427865567385694e-07 -1.1520603398218826e-05 0.001798377388515644
-3.6768499985743015e-08 1.1569754144284348e-06 0.001802271098529411
-5.575723641485211e-09 1.1408834451338058e-05 0.0018077077583621283
-8.804613797804611e-08 5.031078886637748e-06 0.0018023387365724525
-1.3516584810203866e-07 -5.811733956940181e-06 0.0017889292818042393
-2.7510022113414644e-07 -5.667020570774089e-06 0.0017889419008343928
-3.1693922466992373e-07 -8.306834331031467e-07 0.001804436091223184
-4.218909926880935e-07 2.9604932390430926e-11 0.001811669476806869
-3.1704224042324803e-07 8.30803125077268e-07 0.0018044359239218464
-2.751152143076496e-07 5.666966070378095e-06 0.001788942116462241
-1.351913124130042e-07 5.811888962888397e-06 0.0017889290982199886
-2.846883918573238e-07 -5.821358938693631e-06 0.001802779031501087
-2.2294025854728354e-07 -1.2530497080449688e-05 0.0018083401042090854
-1.503592353174321e-07 -2.356555527971222e-06 0.0018029213125842836
-7.684842643643098e-08 1.163930418615836e-05 0.0017986575733020633
-5.197618085163319e-08 3.1304326973694475e-05 0.0017966880132809292
-1.6999434483495083e-07 5.809985216333328e-05 0.0017993155744370892
-2.443180808651257e-07 6.215122391211766e-05 0.0018005620133094754
-3.486930690331342e-07 5.29961976340109e-05 0.0017957240882883866
-1.8229485318455395e-07 3.5144851440106775e-05 0.0017812423974867932
3.222290478858714e-07 1.8483305539438472e-05 0.0017612474465756162
9.239099996516133e-07 5.973896193895117e-06 0.001738198296713046
1.5571661128255115e-06 4.794298713354803e-07 0.0017206824422093764
1.6444640425783982e-06 3.3044444913443533e-11 0.0017173121018516527
1.5572557791001715e-06 -4.793881429833237e-07 0.0017206820684055588
9.239984514394053e-07 -5.974018534103834e-06 0.001738198470754388
3.220727436000201e-07 -1.8483480828509047e-05 0.0017612477948773348
-1.8237790440001958e-07 -3.514467704281565e-05 0.0017812422839621326
-3.4832448341293824e-07 -5.299576227238216e-05 0.0017957238255796057
-2.4471582474152803e-07 -6.215071791812522e-05 0.00180056178001693
-1.6949770993007503e-07 -5.81000363309341e-05 0.0017993155369212517
-5.2391912783337494e-08 -3.1304370458420874e-05 0.001796688018568015
-7.671455523233467e-08 -1.163906305505213e-05 0.0017986576458745354
-1.50398238146514e-07 2.3564773342097613e-06 0.0018029212803714414
-2.2258520379302051e-07 1.2530117751662352e-05 0.0018083398223778936
-2.8521229108592635e-07 5.821346385649945e-06 0.001802779101680524
-3.469973144260749e-07 -4.831576109778802e-06 0.0017896860134068598
-4.1708056079140315e-07 -5.4039013049287425e-06 0.001788462536100205
-5.455935578865489e-07 -9.584708586122686e-07 0.001802764636399639
-4.208672909098315e-07 -1.2348286744593125e-11 0.0018107639913227881
-5.4579777042559e-07 9.5833774530891e-07 0.0018027647497079688
-4.167756824932262e-07 5.4038752827056724e-06 0.0017884624513742832
-3.4740559502410255e-07 4.831530661145995e-06 0.0017896860084819686
-5.115423246826859e-07 -6.0645544343011355e-06 0.0018027805929957186
-4.632628812116285e-07 -1.0669111538207743e-05 0.0018067110120335954
-2.644098795677435e-07 -1.9102960353578984e-06 0.0018021588120708228
1.751936441123338e-08 9.920755436195166e-06 0.0017986302659340715
7.9450942044203e-08 3.1576473857984566e-05 0.0017965463459818996
2.5171684160708377e-07 5.5513450433813656e-05 0.001798947735546791
1.571897586755927e-07 6.153298575381962e-05 0.001800792510743078
8.736571767856194e-08 5.565085638517697e-05 0.0017976828591305047
1.2437538717211442e-07 3.851123433071239e-05 0.0017837844730324841
2.667767140535354e-07 2.1539297361452348e-05 0.0017634659248557012
7.313367343080212e-07 7.482500242528014e-06 0.001737729696389346
1.076560002569996e-06 6.782548829946036e-07 0.001716204498094263
1.4554313602726899e-06 -8.319485581549868e-12 0.0017119131012947532
1.0765381636615855e-06 -6.783317486786719e-07 0.0017162049538870206
7.313820860591345e-07 -7.48236445973161e-06 0.001737729412012844
2.6685246306083854e-07 -2.153919786956425e-05 0.0017634656832206574
1.2431764424236915e-07 -3.8511244068663044e-05 0.00178378442666486
8.731797220926622e-08 -5.565149739621537e-05 0.0017976832976061385
1.5742595481727966e-07 -6.15332113699087e-05 0.0018007926310453864
2.5149823337142325e-07 -5.551351531994266e-05 0.0017989477920071432
7.957414823677035e-08 -3.157612986172079e-05 0.0017965463482701627
1.75809231832583e-08 -9.921261670746437e-06 0.0017986301640073477
-2.6433998467300663e-07 1.9105627334235023e-06 0.0018021589550866975
-4.635962966291447e-07 1.0669326563877223e-05 0.0018067111530857063
-5.109027498241031e-07 6.064722095635319e-06 0.0018027806823559419
-5.637629699774335e-07 -4.689145897134759e-06 0.001789505661522297
-6.448891635852732e-07 -5.743932362348713e-06 0.001787286385238727
-5.210389574799594e-07 -9.23900671423573e-07 0.0018026237053574135
-7.539702052544728e-07 5.82570293644566e-12 0.0018096672222056758
-5.207809991943729e-07 9.239829032182021e-07 0.0018026236490919802
-6.454592004994601e-07 5.743983896017116e-06 0.001787286325861733
-5.630595637052902e-07 4.6890151357378215e-06 0.001789505805242215
-6.853292740954514e-07 -4.769861452594787e-06 0.0018010282211032762
-5.800132316151285e-07 -9.841105479182468e-06 0.0018054479015698595
-3.657268162355086e-07 -7.001592608464347e-07 0.0018007205017772352
-1.3753759472929204e-07 9.096626675985882e-06 0.0017978292516285731
1.9287146136092634e-07 2.8953446745185654e-05 0.0017959027441153091
4.2171594743611244e-07 5.384937551091115e-05 0.0017983870460826085
5.69506856705202e-07 6.021158485125876e-05 0.001800313969714365
5.944520841455448e-07 5.519852687839166e-05 0.0017975744076167799
4.785630749712741e-07 3.8653167410100794e-05 0.0017839868649646743
4.885729537110865e-07 2.319527090289618e-05 0.0017652965178202717
3.9150014591426346e-07 8.867001420234386e-06 0.001738811344355438
6.350475886817152e-07 1.0693347630926204e-06 0.0017138020473219271
4.768662702252642e-07 1.4092043927339963e-11 0.001705455866732247
6.348838623577528e-07 -1.0692031714014473e-06 0.0017138015871385806
3.9172031821187974e-07 -8.867138442754885e-06 0.0017388116465898247
4.882467762739527e-07 -2.3195399528511875e-05 0.001765296726964798
4.788984393857702e-07 -3.8653167615522947e-05 0.0017839869675396647
5.943379091300858e-07 -5.5197827245331976e-05 0.0017975739239499918
5.694187657094086e-07 -6.021147982768137e-05 0.0018003138621831706
4.217582264925396e-07 -5.3849253484249296e-05 0.0017983869479325507
1.9306782658003564e-07 -2.8953868830543143e-05 0.0017959027137374806
-1.3785234753552123e-07 -9.096049737441381e-06 0.0017978293696421137
-3.655360828714699e-07 6.998697328134452e-07 0.0018007202892538151
-5.799834169808213e-07 9.840935918345566e-06 0.0018054477766559771
-6.856219673704368e-07 4.769675697345469e-06 0.0018010280441900796
-7.878741783596581e-07 -5.749797045327646e-06 0.0017878725602286669
-6.929455966665858e-07 -5.429299888435203e-06 0.0017880818197384867
-9.310341257649976e-07 -8.381022924636724e-07 0.0018024974782319427
-8.682000526563818e-07 -8.522505064045803e-12 0.0018086684314973641
-9.313250050898604e-07 8.380602703611031e-07 0.0018024975200112445
-6.9239926057666e-07 5.4292185423159375e-06 0.0017880819608540963
-7.88425982680045e-07 5.749994627359757e-06 0.001787872334944472
-8.278306030646788e-07 -4.292743001406689e-06 0.0018002830842983348
-5.91100507798643e-07 -9.585577938396993e-06 0.0018046768618090673
-2.8532820880522005e-07 -2.3517586870047195e-06 0.0018008304781708259
-7.246294331072309e-08 1.0133645645132878e-05 0.0017969822035231102
2.3270421616678138e-07 2.8347029338844225e-05 0.0017951081745723638
5.791673552490086e-07 5.226642689746422e-05 0.001797422673666286
8.76836782422132e-07 5.8406868835208466e-05 0.0017992690647088874
9.233432732527244e-07 5.3720114767891616e-05 0.0017967818189381258
9.783495797820212e-07 3.920146495671063e-05 0.0017849683238358252
6.472001607923873e-07 2.255243105932782e-05 0.0017648997593825268
3.8364711619134495e-07 8.498052026901598e-06 0.0017389333142900014
-2.157193046279559e-07 8.25973265054161e-07 0.0017142620620886936
-2.4024162871751813e-07 -8.776043061788632e-12 0.001707875780311365
-2.1533191174257598e-07 -8.260864143985578e-07 0.0017142625199787994
3.8302873009786127e-07 -8.49795203419403e-06 0.0017389330578663153
6.477324229943594e-07 -2.2552259944253063e-05 0.0017648995280448415
9.781376295124357e-07 -3.9201480461825584e-05 0.0017849682543898996
9.232241296510532e-07 -5.3720822193669004e-05 0.0017967823134348577
8.76994716381241e-07 -5.84069495098496e-05 0.0017992691711448613
5.790048353495346e-07 -5.2266554443919735e-05 0.0017974227500129243
2.3273896283410878e-07 -2.8346604644743317e-05 0.0017951081922598909
-7.228719843404889e-08 -1.013423630194116e-05 0.00179698208562491
-2.8563280942337134e-07 2.3520219871940048e-06 0.0018008306789538448
-5.909702855560699e-07 9.585741890507654e-06 0.001804676967405986
-8.277974010748712e-07 4.292948091654443e-06 0.001800283276406211
-8.25720774501036e-07 -4.5913900273687475e-06 0.001789381559726324
-1.0402470067493316e-06 -4.778072597937105e-06 0.0017889413503692595
-1.0044289267573294e-06 -4.7273058519311777e-07 0.0018029935219152286
-1.1421069300953276e-06 2.3875767319353867e-11 0.0018067901978697204
-1.0042812928046283e-06 4.7277713865736657e-07 0.0018029935051031558
-1.0404427511631752e-06 4.778172773276048e-06 0.0017889411534443343
-8.255524481749906e-07 4.5911643633506045e-06 0.0017893818512103774
-7.655574890985902e-07 -4.344734171759705e-06 0.001799433571642745
-5.398464073341607e-07 -1.0094033156426433e-05 0.001804175854015312
-2.0409628053976096e-07 -2.940644741064635e-06 0.001800362293243699
1.8505686930833091e-07 1.0056590481820976e-05 0.0017963952036903267
5.268926219717451e-07 2.9963620105784478e-05 0.0017943806628888362
7.992813197715714e-07 5.2147128670142806e-05 0.0017965197411669363
1.0060546745355538e-06 5.693326912555155e-05 0.001797922000617573
1.2915067389531638e-06 5.145255886598352e-05 0.0017949515194357298
1.2869978864935427e-06 3.539979286861895e-05 0.0017818423512745583
9.408555883058452e-07 1.9136064557524102e-05 0.0017622087780657
9.951088634887389e-08 6.5033468449240165e-06 0.0017388119432586644
-5.546386888297401e-07 6.130354058527175e-07 0.0017196577560548453
-9.415060063954512e-07 3.3954538604355525e-11 0.00171407652981726
-5.55162822264374e-07 -6.129592899672682e-07 0.001719657348045386
1.0013951428085768e-07 -6.503398343006588e-06 0.001738812093433671
9.404697479901463e-07 -1.9136289306150984e-05 0.0017622091305304988
1.287007680462526e-06 -3.53997090187635e-05 0.0017818423415520335
1.2918020805660092e-06 -5.145194569283482e-05 0.0017949511153118245
1.0056579332455846e-06 -5.6933120027156554e-05 0.001797921891030942
7.99455106947788e-07 -5.214714679187185e-05 0.0017965197134182018
5.269533862114341e-07 -2.99639364713605e-05 0.0017943806575858457
1.8479639243183402e-07 -1.005613164086264e-05 0.0017963952968985382
-2.0374200530517124e-07 2.940497392460308e-06 0.0018003621758390014
-5.401965939332651e-07 1.009378030839166e-05 0.0018041756856641902
-7.653282497972494e-07 4.344571767291216e-06 0.0017994334374964696
-1.1946234843503356e-06 -4.609258763419979e-06 0.0017884525984416442
-1.1460337320334829e-06 -4.914270265065608e-06 0.0017877449920521815
-1.2550245846138182e-06 -8.0849401757518e-07 0.0018007801899216278
-1.127423689979496e-06 -1.591445199384502e-11 0.0018069409357000144
-1.255098620758059e-06 8.084241226138558e-07 0.0018007802174723672
-1.1458851831434792e-06 4.9141643208406375e-06 0.001787745187154242
-1.1946385055446583e-06 4.6094568922289475e-06 0.0017884523237995564
-9.226459814231939e-07 -4.8097254309728106e-06 0.001798497942657865
-5.750868284389846e-07 -1.0800597870929164e-05 0.0018034912899343408
-1.888970472217648e-07 -1.1312479206846544e-06 0.001798325864077463
4.326309758783483e-07 7.465113937722895e-06 0.0017956443957284798
8.360036778590884e-07 2.732557346769309e-05 0.0017935665485816791
1.1898539239262236e-06 5.179897385914873e-05 0.0017958754322235492
1.4709320321619956e-06 5.7534320852557354e-05 0.0017975313132915537
1.5270935913997349e-06 4.8807593011200145e-05 0.0017927943957656656
1.4100229786171962e-06 2.887147395009719e-05 0.001776420181239173
8.149376210032154e-07 1.4052867167677965e-05 0.0017585318353610618
-3.01717436876793e-08 4.6769999679589665e-06 0.0017413196137832038
-8.534546820251452e-07 2.4752942348403885e-07 0.0017271987757609265
-1.2582546098764426e-06 -4.7915449960369284e-11 0.0017256049047745207
-8.532562353885188e-07 -2.4758311986446863e-07 0.0017271991181353565
-3.045908190284525e-08 -4.676982902370409e-06 0.0017413196041114241
8.149876548094691e-07 -1.405257728634623e-05 0.0017585313486914713
1.4103834785814408e-06 -2.8871673331353393e-05 0.0017764203294372994
1.5264533015233408e-06 -4.880806835465228e-05 0.0017927946766541794
1.4715473973429364e-06 -5.7534643569354636e-05 0.0017975314891108627
1.1894059799704014e-06 -5.179873232310439e-05 0.0017958754435401477
8.362397054570932e-07 -2.7325521884488414e-05 0.0017935665606784704
4.3271822506331105e-07 -7.465335575391931e-06 0.0017956443554527325
-1.8916825933011754e-07 1.1311367044820003e-06 0.001798325860699326
-5.748850766640648e-07 1.080101848937197e-05 0.0018034915862824947
-9.227405543349982e-07 4.8097617521389475e-06 0.0017984979214381374
-1.148995283240345e-06 -6.390503382571907e-06 0.0017846992225069096
-1.4425559799970516e-06 -5.196230008423547e-06 0.0017868041209466348
-1.3862551185267844e-06 -6.218809143315991e-07 0.0018018076897196808
-1.3773589170184106e-06 2.4321183865794674e-11 0.0018072335552198318
-1.3859357067092123e-06 6.219777609856634e-07 0.0018018076254394347
-1.4429050407940109e-06 5.196322100282514e-06 0.0017868039934621533
-1.148914400613717e-06 6.390412278059574e-06 0.0017846994142215575
-1.0770384803747306e-06 -5.915113758542577e-06 0.0017986104366695232
-6.153021267423135e-07 -8.701016800684369e-06 0.001800905828024458
-2.2686182233875925e-08 -1.4967977209532327e-06 0.001797043187890113
5.350703128155611e-07 6.081092718851464e-06 0.0017946960373804175
1.1106707201935384e-06 2.747002856422068e-05 0.001792525087669017
1.6223305143478193e-06 5.0754493479499494e-05 0.0017947397271042174
1.98486591475696e-06 5.345222855404127e-05 0.0017954749779353814
1.9422576400420638e-06 4.460619360669549e-05 0.001790663124581369
1.3425303667740717e-06 2.5133942274427506e-05 0.001774705573325543
4.881606481113897e-07 9.751087330987745e-06 0.0017560771885553811
-3.657004451556249e-07 2.236619988504119e-06 0.0017421199453973722
-1.1220552020747946e-06 4.066891380793058e-08 0.0017350785266427992
-1.1756284927427592e-06 3.573441202801184e-11 0.0017356328322038833
-1.1221293302565435e-06 -4.0610381309614375e-08 0.0017350782164549168
-3.6573073598984985e-07 -2.236623386380473e-06 0.0017421199033226273
4.883700636561705e-07 -9.75137876166115e-06 0.0017560777294152769
1.3422483482382065e-06 -2.5133715761993168e-05 0.0017747054057879114
1.942619752342542e-06 -4.460577591159734e-05 0.0017906628947336432
1.9845009257735385e-06 -5.345188646111508e-05 0.0017954747962338322
1.6226068592919315e-06 -5.075483188701104e-05 0.0017947397450548328
1.1105667985068944e-06 -2.746999335792622e-05 0.0017925250912225865
5.349088027797897e-07 -6.081018415348829e-06 0.0017946960106391284
-2.2335571213841575e-08 1.4970514294933424e-06 0.0017970432664887732
-6.156474596093692e-07 8.700489987000025e-06 0.001800905453302288
-1.0769785334174494e-06 5.915173821931475e-06 0.0017986105186178487
-1.302304988090084e-06 -4.811203920929907e-06 0.0017855434030738132
-1.450563372862694e-06 -5.768588385421026e-06 0.0017837833728557217
-1.499963971097533e-06 -8.877127257506604e-07 0.0017997721563594972
-1.596635057397453e-06 -1.939363151511918e-11 0.0018082266146947192
-1.5002707359915307e-06 8.87681933223561e-07 0.001799772242769124
-1.4500363044279777e-06 5.768547329082701e-06 0.0017837835010387278
-1.3026271559787245e-06 4.811254762407229e-06 0.0017855432732972291
-1.1828174699506264e-06 -4.056166655518466e-06 0.0017951267468481172
-5.505744580258249e-07 -1.078523725269684e-05 0.0018005204232907537
1.1707918106587928e-08 -2.9634982064993663e-06 0.0017962656354879936
5.336976682332814e-07 7.2557318048236205e-06 0.001793102828720797
1.3668248641243203e-06 2.706952215693778e-05 0.0017910832170433299
2.106028762306862e-06 4.7402571427545565e-05 0.00179302554066885
2.3999957718222097e-06 4.893277254616355e-05 0.0017934107491967208
2.3342437286159186e-06 3.5544843951097406e-05 0.0017862207372322811
1.241743573176476e-06 1.9484957249046677e-05 0.0017731133722363572
7.219781440809316e-08 1.0560507247752652e-05 0.0017624710687203853
-8.712892121976738e-07 3.4351919063047762e-06 0.0017494511064152487
-1.0446929263457365e-06 1.8796596263516375e-07 0.001739130360845821
-1.4174099502133175e-06 -7.678364118992781e-12 0.0017382201943332276
-1.0446766400215277e-06 -1.8799640588079782e-07 0.0017391306415538974
-8.712673748183985e-07 -3.435173744579733e-06 0.0017494512166361437
7.225127122840117e-08 -1.0560172892843744e-05 0.001762470547260743
1.2415833302768036e-06 -1.9485199055021273e-05 0.0017731135353915765
2.3343861139615187e-06 -3.5545226414697334e-05 0.0017862209585789116
2.3998487461887802e-06 -4.893306269623532e-05 0.0017934109143375645
2.10625275033431e-06 -4.740223440602666e-05 0.001793025513343732
1.3664848068639477e-06 -2.7069601887725222e-05 0.001791083194982062
5.340852262398214e-07 -7.255734710669354e-06 0.0017931028763515638
1.1276796912599237e-08 2.9631374568772025e-06 0.0017962654742210912
-5.50197871035602e-07 1.078584084135384e-05 0.0018005208335605109
-1.1830129238434616e-06 4.056015944658024e-06 0.001795126645893131
-1.5209933074069929e-06 -6.620643574884286e-06 0.0017822709536411512
-1.4950522638893503e-06 -4.9377276652588415e-06 0.0017856056349769233
-1.6534477436153847e-06 -5.408031668038369e-07 0.0018003777106213596
-1.5291853356725818e-06 2.0386790003611382e-11 0.0018062423366365275
-1.6532528189808157e-06 5.407807210615478e-07 0.0018003776162655227
-1.495386370159594e-06 4.937770395962682e-06 0.001785605477036459
-1.5208208415017082e-06 6.620636160842282e-06 0.0017822710729959326
-1.161907899786937e-06 -1.8023447943253578e-06 0.0017912250959128211
-7.316360255554905e-07 -1.042635396872552e-05 0.0017983756111649466
-2.175101370228288e-07 -2.583880404820327e-06 0.0017942175300517313
6.74691479420197e-07 9.56949862736736e-06 0.0017904905126194626
1.7091935820961576e-06 2.545827994884176e-05 0.0017888074992070614
2.5730270801092594e-06 4.15453670407586e-05 0.0017902216781208794
3.001097298068124e-06 3.918501739641424e-05 0.0017893206583280156
2.286038209242311e-06 2.5103404541035934e-05 0.0017816303988312026
1.1938851290429876e-06 1.5820145650017604e-05 0.0017739382356231227
-1.7649033095559575e-07 1.1780380078518513e-05 0.0017690077969791794
-8.303073055317402e-07 3.7207724402965733e-06 0.0017539324187395271
-1.6404800056772028e-06 4.213766889346929e-08 0.0017418454286978488
-1.5032489918153198e-06 -1.0579319670553766e-11 0.0017416851471501508
-1.640392947841378e-06 -4.2110740014647895e-08 0.0017418451500893762
-8.30309807111099e-07 -3.7207431570027575e-06 0.0017539322865093392
-1.7667198810357296e-07 -1.1780712184226732e-05 0.001769008282314855
1.194000893654613e-06 -1.581993719605917e-05 0.0017739380589622542
2.2859059758601524e-06 -2.5103028772578114e-05 0.0017816301565526929
3.0013166544424926e-06 -3.918478236280457e-05 0.0017893205196516063
2.5727627711313874e-06 -4.1545652620059186e-05 0.0017902217040343686
1.70934658218659e-06 -2.545819291491052e-05 0.0017888075130545965
6.74522866620268e-07 -9.569503684135359e-06 0.0017904904523411021
-2.17495637331281e-07 2.5843001763376855e-06 0.0017942176952141118
-7.314579446305439e-07 1.0425747373723412e-05 0.0017983752241760762
-1.1620490557683925e-06 1.8024900890743998e-06 0.0017912252268457243
-1.475998695783876e-06 -8.42330426413078e-06 0.0017786383213523446
-1.91140049789405e-06 -6.456009355289645e-06 0.0017821143781226545
-1.798116427853907e-06 -9.94078985547722e-07 0.0017997811363470043
-1.8447989533526376e-06 -5.3185280014746344e-11 0.0018087010675944702
-1.7981807549670042e-06 9.940905430735075e-07 0.0017997811958089375
-1.9113991893644897e-06 6.455970217729433e-06 0.0017821145709456501
-1.475961377905301e-06 8.423288779012193e-06 0.0017786381940922674
-1.2028989099355768e-06 -3.6808706052816903e-06 0.0017921179765796413
-9.89989655960679e-07 -7.02189174940902e-06 0.0017949078040627908
-2.2926306387035004e-07 2.3828804237757398e-06 0.00178990994979334
8.413112177851364e-07 1.1734750513377394e-05 0.0017870391414353622
2.1712628108226734e-06 2.3589186688389734e-05 0.0017858293408814945
3.070907063242572e-06 3.198428930524782e-05 0.001786596925587529
3.0025765286964638e-06 2.7547824408719865e-05 0.0017851754481781885
2.3817986789744617e-06 1.8883464498487788e-05 0.0017805050206127363
1.1490145937076114e-06 1.4259802747939184e-05 0.0017767434646855447
7.031996226663164e-08 1.1227049858811608e-05 0.0017731194124806986
-1.2913989365389486e-06 3.4605996150334963e-06 0.001758657442491905
-1.7698192542648777e-06 1.295382321300234e-07 0.001747751903786507
-2.2448677833705206e-06 -1.560820808785946e-11 0.001746638777263394
-1.7698053698487857e-06 -1.2960444176146566e-07 0.0017477521971899555
-1.2912711937389139e-06 -3.460615843560906e-06 0.001758657448446231
7.025081198798566e-08 -1.122682400696102e-05 0.0017731190365336202
1.1488135967347976e-06 -1.4259876749485253e-05 0.0017767434876628041
2.3821682594913723e-06 -1.8883974459053043e-05 0.0017805053405619794
3.0022015234020094e-06 -2.754781789141298e-05 0.001785175470040005
3.0712145524009098e-06 -3.198426730548802e-05 0.0017865969471158687
2.171096002636949e-06 -2.3588960474888498e-05 0.001785829330826238
8.413226324506085e-07 -1.173499801539883e-05 0.0017870391479232082
-2.2909669297333453e-07 -2.383030095403269e-06 0.0017899099296429604
-9.902028746189216e-07 7.0222855983659734e-06 0.001794908039941902
-1.2026738863249005e-06 3.6808525335484605e-06 0.0017921179700601322
-1.5904170644483516e-06 -7.064724521489034e-06 0.0017790458130701842
-1.8743579550112084e-06 -7.163080390839271e-06 0.0017789818175696587
-2.372392719908137e-06 -1.1178723052311667e-06 0.001798995808439965
-2.4069890396469605e-06 4.008317458107516e-11 0.0018103522896734529
-2.3727258752161176e-06 1.1178520499125774e-06 0.0017989957879030252
-1.8741481252361873e-06 7.16313617654278e-06 0.0017789815923601516
-1.590354462634513e-06 7.064654027576503e-06 0.001779046017690944
-1.5558480145940165e-06 -1.1166859939487126e-06 0.0017886482001648353
-9.848824916393907e-07 -2.9798390278952135e-06 0.0017902854861302122
6.132868241644322e-10 6.8092127605746615e-06 0.0017850873789486239
1.299148364640879e-06 1.3333904537174636e-05 0.001783091020926315
2.4019247976632064e-06 1.5385375235809197e-05 0.001782789781731973
3.17745491044671e-06 1.9219959577747997e-05 0.0017830383061871813
3.032546367336014e-06 1.84848930615722e-05 0.0017826782200007479
2.1724171160810606e-06 1.4196930715003952e-05 0.001780266386851484
1.3041365737480139e-06 8.961751194665455e-06 0.0017759581141005938
1.3683941111582588e-08 7.690199025475556e-06 0.0017745310217249144
-1.2979874559166877e-06 3.869050853992108e-06 0.0017674966229720493
-2.389948617071527e-06 2.664265387788933e-07 0.0017557498830050003
-2.504459745032858e-06 2.4004244965587182e-11 0.001753434910002045
-2.389784708078881e-06 -2.663777837252809e-07 0.0017557496104904963
-1.2981970687866641e-06 -3.869107393242834e-06 0.0017674966878736846
1.3706784571337453e-08 -7.690390011982063e-06 0.0017745312778449892
1.3043983825554692e-06 -8.961769895807022e-06 0.001775958225654959
2.1720107974516767e-06 -1.4196276629206162e-05 0.0017802659725757164
3.0329925819207452e-06 -1.8485080026769072e-05 0.0017826782730547134
3.1772084647714916e-06 -1.9219769063387325e-05 0.0017830382558012366
2.4019344337887318e-06 -1.5385702079705e-05 0.0017827897995589031
1.2993462347357574e-06 -1.3333605749416392e-05 0.0017830910568603531
3.0188840830546554e-10 -6.809120755232536e-06 0.001785087392770751
-9.845735697049237e-07 2.9795485945534796e-06 0.0017902853299514776
-1.5559294213672952e-06 1.1165863585769975e-06 0.001788648074483488
-1.4953453900547334e-06 -5.049459945389489e-06 0.0017810286872650906
-1.9675481485452736e-06 -4.133021881396742e-06 0.0017826863315786162
-2.7867040783860303e-06 -6.144984882190083e-07 0.001794088779395415
-3.3317520523008476e-06 -5.16325215293587e-12 0.0017992631852013874
-2.7863643969876185e-06 6.14525108428326e-07 0.0017940886466637274
-1.967975513420346e-06 4.132824400351926e-06 0.0017826867306453594
-1.4951270592317644e-06 5.049687303646309e-06 0.0017810282773429436
-1.5245089461443637e-06 1.107121153603008e-06 0.001784940236840002
-9.638936739522347e-07 1.2891139648434063e-06 0.0017847395445757105
4.3034294859434484e-07 6.13273808582054e-06 0.0017821262500917821
1.6131812126451728e-06 9.45716842847564e-06 0.001781085952919889
2.4527359664433418e-06 1.108720223384892e-05 0.0017809354249147104
2.8262382752168622e-06 1.1344832444861798e-05 0.001780967197991238
2.803780202719844e-06 1.1421227831591778e-05 0.0017809829999309746
2.192586785244406e-06 1.0246561848244648e-05 0.0017803388995570168
9.574700821640818e-07 6.6491318663260405e-06 0.0017774187334580558
9.404955865480661e-09 3.99341150830649e-06 0.0017742770713319931
-1.14121144194108e-06 2.195277296281237e-06 0.0017710221589584342
-2.4325034736746382e-06 5.896589056929561e-07 0.0017657898549412346
-3.049447611448755e-06 -1.0612924457731687e-11 0.0017602387769319128
-2.432768164417609e-06 -5.897175421298361e-07 0.0017657901233961285
-1.140862070648894e-06 -2.195246386085653e-06 0.0017710220982879263
9.252102784349656e-09 -3.99319533328782e-06 0.0017742768065854859
9.57448661895264e-07 -6.649187589816045e-06 0.0017774187585301708
2.192714939703886e-06 -1.024703320492901e-05 0.001780339195624519
2.8037180554446723e-06 -1.142111476995483e-05 0.0017809829889427742
2.8262201547356525e-06 -1.1344921169635032e-05 0.0017809672174198662
2.4530000357552848e-06 -1.1086936480254866e-05 0.001780935406770564
1.6126405098104802e-06 -9.457318361114644e-06 0.0017810859215289412
4.310759205070546e-07 -6.1329693180822565e-06 0.0017821261832540165
-9.644281012075887e-07 -1.2887748175163884e-06 0.0017847397702281302
-1.5244739255391171e-06 -1.1070638910224266e-06 0.0017849402922357406
-1.5953571715453213e-06 -2.0926003595544045e-06 0.0017838333335958396
-2.192668546740408e-06 -1.1974963355289807e-06 0.0017855710124585471
-3.1058623446780414e-06 -1.69220267930208e-07 0.0017889985214253768
-3.50469482045309e-06 1.054742726361026e-11 0.0017908565443112954
-3.106048925512474e-06 1.6920223544882438e-07 0.001788998742506136
-2.1922695744413958e-06 1.1977172784836156e-06 0.0017855705214458318
-1.5957077716439724e-06 2.092380647949523e-06 0.0017838336695614695
-8.390107562420094e-07 3.135842191774694e-06 0.0017811973007075986
-3.1973809715600426e-07 3.555447559778342e-06 0.0017807980505939152
5.80286926468956e-07 4.4102014678805e-06 0.001780304898935482
1.442176034441497e-06 6.042252930559834e-06 0.0017797809973596232
1.678953232360833e-06 5.227963541131775e-06 0.0017798115849585769
2.120583043440023e-06 6.26129399900514e-06 0.001779863014555378
2.116609278715518e-06 7.0188185785898186e-06 0.001780040381164929
1.9349223156567915e-06 6.947349834430942e-06 0.0017799489493984452
1.1412750351941767e-06 5.53000531039382e-06 0.001778724796304331
-2.5513807024542995e-07 2.157091561297706e-06 0.0017745800263979565
-1.3487139262099257e-06 6.871993065701914e-07 0.0017718366820540623
-1.9461786731856227e-06 1.123549452765854e-07 0.0017699421412235774
-2.5796164899158754e-06 7.440616726783051e-12 0.0017690002241884332
-1.946109071527407e-06 -1.1228347666783441e-07 0.0017699418310116806
-1.3489515707234553e-06 -6.872464388998091e-07 0.0017718367949952575
-2.5484115496899476e-07 -2.1572146960903134e-06 0.001774580163195857
1.1412012103800998e-06 -5.529834513721625e-06 0.0017787245804398574
1.934694295785719e-06 -6.9473408831749976e-06 0.001779948971767301
2.1169280390509996e-06 -7.018506914056924e-06 0.0017800402190847786
2.1203874650615177e-06 -6.2616391991969435e-06 0.0017798630691697598
1.678939658732843e-06 -5.228012692720001e-06 0.0017798115911191483
1.442462091831031e-06 -6.042123177307783e-06 0.0017797810136404488
5.79896069164081e-07 -4.409960246997986e-06 0.0017803049563652246
-3.195457156394817e-07 -3.5556576364223414e-06 0.0017807978788700349
-8.388776371385438e-07 -3.135726009934657e-06 0.0017811974215097505
-1.8754914082945517e-06 -5.407443907045695e-07 0.0017844276835386576
-2.46216084172754e-06 1.3610677130529768e-07 0.0017857785678531933
-2.7563466552430228e-06 9.203359966943386e-08 0.001785748283899333
-2.8687503324863746e-06 -2.1071013486281495e-11 0.0017852956202449397
-2.7560607272849505e-06 -9.206095014180336e-08 0.0017857483835124828
-2.462678571026018e-06 -1.3613436414840575e-07 0.0017857786816402397
-1.8751243640363552e-06 5.406889913418358e-07 0.0017844277940870046
-4.816927527854065e-07 2.2788693030191832e-06 0.0017803157709234707
4.821533554125852e-07 3.9916812556438125e-06 0.0017788069207876657
4.27597369801175e-07 2.7677200824306874e-06 0.0017793585180361185
7.162412083116704e-07 2.3212798598078005e-06 0.0017793881392154935
1.1362815435328135e-06 3.223735233448058e-06 0.0017792213340937439
1.1998530602287886e-06 3.2865440668234776e-06 0.0017791787182909857
1.722314229032535e-06 4.587281858312055e-06 0.0017795363301222307
1.692970630709385e-06 5.0755421157601404e-06 0.0017797773275371011
9.77419363198471e-07 3.337347399465446e-06 0.0017783405487146425
-1.6625101301242064e-07 1.723058908648318e-06 0.0017763684267372716
-1.0270908139037315e-06 4.881435091064937e-07 0.0017741029818484093
-1.760742523862285e-06 4.2120098538523134e-08 0.0017727766676733639
-1.6636053659363466e-06 -8.198963587375262e-12 0.0017725826458035486
-1.760829820432828e-06 -4.2173196250625356e-08 0.001772777024180958
-1.026816086380214e-06 -4.880569616271637e-07 0.001774102843549662
-1.6667308044180413e-07 -1.7229511259460262e-06 0.001776368262456083
9.775808670429737e-07 -3.33760862819338e-06 0.0017783408187881297
1.6932123296372408e-06 -5.0753920069674765e-06 0.00177977722828725
1.7218996269484557e-06 -4.587650976580543e-06 0.0017795365297773563
1.200252588241087e-06 -3.286328817279838e-06 0.0017791787147812062
1.1360658881721554e-06 -3.2236254257741235e-06 0.0017792213486268417
7.162202857307464e-07 -2.321417772638963e-06 0.0017793881040446657
4.2782150720202783e-07 -2.768212636599039e-06 0.0017793583471737997
4.820449535660811e-07 -3.9911712557298845e-06 0.0017788072757726054
-4.818800863713036e-07 -2.2791917669676984e-06 0.0017803154171292762
-1.4852264482140744e-06 -8.83587588916564e-07 0.0017821014997760017
-2.425399566292862e-06 3.6083463317619657e-07 0.0017844994076522927
-2.376339313772127e-06 2.358646967005666e-07 0.0017842339833558294
-1.8227801819641951e-06 -5.293832224499628e-12 0.001782385297501724
-2.3767352789286995e-06 -2.358681362116896e-07 0.0017842340568949141
-2.424954662069676e-06 -3.607187251424957e-07 0.0017844990921494054
-1.4855517818849996e-06 8.836223508544724e-07 0.0017821013880504305
1.717043634052438e-08 2.0857652769682894e-06 0.0017788400951035993
2.5750651440972274e-07 2.1080423405047133e-06 0.0017788416945413255
6.058454843544945e-07 2.547562204721226e-06 0.0017786288250369034
6.97651254360323e-07 2.5603558393626966e-06 0.0017786731117010305
9.016947739092033e-07 2.4953759873254535e-06 0.0017787252046083469
1.2457054934318567e-06 3.1333512859801494e-06 0.001778819126952398
1.1104417927592951e-06 2.9446966184767853e-06 0.0017787797612475445
7.399521553064523e-07 1.8744291680492566e-06 0.0017782039082243648
3.8069607453495733e-07 1.691698912290514e-06 0.0017780442269527213
-2.022541041066262e-07 7.026605172857029e-07 0.001776843071310632
-7.266534198562135e-07 2.9762128737412074e-07 0.0017761009557986202
-8.82669936893644e-07 1.039942529242503e-07 0.0017754905089344927
-1.28708022230278e-06 1.3202445120747615e-12 0.0017746716178065791
-8.823900387231107e-07 -1.0398268395038623e-07 0.0017754903141992775
-7.270042073135002e-07 -2.9771852868250066e-07 0.0017761011161190094
-2.0176596238078605e-07 -7.027366694771482e-07 0.0017768431965983931
3.8035986989322086e-07 -1.6915217020790095e-06 0.0017780440795734142
7.39907634927722e-07 -1.8744633355088863e-06 0.001778203947998688
1.1106479123447356e-06 -2.944397716827342e-06 0.0017787796326177226
1.2454040426153519e-06 -3.13335098445124e-06 0.001778819116931828
9.018900988433449e-07 -2.4954659622097402e-06 0.001778725192803801
6.97798218097973e-07 -2.5603227996384444e-06 0.0017786731175204692
6.05641631038865e-07 -2.5473304077433587e-06 0.00177862890008974
2.57586866032642e-07 -2.108256170189596e-06 0.0017788415301376714
1.7231812460188545e-08 -2.0857305799243762e-06 0.0017788401495944647
-6.22704427211033e-07 -1.2893174054665957e-06 0.0017797694087503763
-1.2376791237916868e-06 -6.056096013441958e-07 0.0017809602583136782
-1.8201165893404334e-06 -1.4480114617427703e-07 0.0017822599712559457
-2.0842187022211897e-06 1.4889406772757385e-11 0.0017830572434739257
-1.820009348017284e-06 1.447921515227165e-07 0.0017822600612878623
-1.2379281227344921e-06 6.055962113220357e-07 0.001780960313868469
-6.225407619563848e-07 1.2892872562730563e-06 0.0017797694391568706
-1.4471559706752102e-07 1.1945026463217982e-06 0.001778811638997108
5.469199387655312e-07 2.369725734629016e-06 0.0017778579144129758
5.065966144023779e-07 1.9123886586840675e-06 0.0017781100592151725
6.113801838611205e-07 1.6997781917899395e-06 0.001778165838646697
3.303786796956015e-07 8.280281982808122e-07 0.0017782389313119832
1.4439999188104364e-07 2.3093233684523056e-07 0.0017781701983339844
4.50810942381069e-07 9.662384028572979e-07 0.001778382427985167
4.6773348581135423e-07 1.3653572588943334e-06 0.0017785916273767043
4.701359811946569e-07 1.2645890469724696e-06 0.0017785050033892588
2.567797086635289e-07 1.1381807223161128e-06 0.0017783344127154186
-2.573121609441073e-07 3.728632464050425e-07 0.0017768723781173897
-7.866635481198318e-07 2.5239841072156558e-08 0.0017756715722793625
-8.986973647214408e-07 4.048954837287153e-11 0.0017752146974914916
-7.869583800733103e-07 -2.5177520593754877e-08 0.001775671675286955
-2.5695119849232555e-07 -3.7268561950001856e-07 0.0017768720201924468
2.5639773235879566e-07 -1.138276044202552e-06 0.0017783345187595122
4.7053145981549946e-07 -1.2646755818268447e-06 0.001778505066890543
4.674949840520467e-07 -1.365145985301762e-06 0.001778591441372867
4.5088771031187106e-07 -9.66917186505698e-07 0.0017783827118937083
1.444467057895391e-07 -2.3077078826993457e-07 0.0017781702097889407
3.303747428744275e-07 -8.282914399840159e-07 0.0017782389780100784
6.110450192983466e-07 -1.699332014537589e-06 0.0017781659339308226
5.068968810005584e-07 -1.9124438494963772e-06 0.0017781099795352207
5.469595298338348e-07 -2.3699971911363645e-06 0.0017778577129905816
-1.4472977368336114e-07 -1.1943923022374883e-06 0.0017788117484854942
-6.38897545104102e-07 -5.874591693684351e-07 0.0017795447188277776
-1.2394847772666876e-06 -1.0716983201476577e-07 0.0017804463087397547
-1.5429320423473647e-06 4.7675399977634807e-08 0.0017809809980362608
-1.4736642696329723e-06 -1.5147201018809903e-11 0.0017805347800112878
-1.542965302497613e-06 -4.77165259369581e-08 0.0017809812121062296
-1.239409685257761e-06 1.0705774831214606e-07 0.0017804467558790726
-6.386396236990253e-07 5.878370033544894e-07 0.0017795442771681496
-3.79818286034702e-07 -1.9599577439612462e-07 0.0017778698702709292
-5.146606906470612e-07 -9.64417253445717e-07 0.0017785014147762162
-2.4450415676497514e-07 -7.055996692630787e-07 0.0017783610573092658
-2.1810495868946408e-07 -7.50251403222359e-07 0.001778379667502239
6.873062699286578e-08 -1.6358617087431887e-07 0.001778328365656109
3.799967861725052e-07 6.846403892274352e-07 0.0017784187186694212
5.007522717612945e-07 1.0932952811753605e-06 0.0017785501772735806
6.968541324557497e-07 1.3537020600877961e-06 0.0017786931809927057
5.778417832735168e-07 1.2111222572313811e-06 0.001778577142869231
2.984981702302903e-07 5.029965884806719e-07 0.0017777132630668144
-4.099640717226886e-09 1.845962842386681e-07 0.0017771111977456049
-1.857074025198822e-07 3.209018761978871e-09 0.001776500278923183
-2.6285846034552643e-07 -1.213636226161796e-11 0.0017764175007377516
-1.8561550037045423e-07 -3.203818048351864e-09 0.0017765000839956074
-4.6204332085510285e-09 -1.8470623895598434e-07 0.001777111436858097
2.9889840922856137e-07 -5.03088557904359e-07 0.0017777134867272167
5.774704433782159e-07 -1.2109884936255762e-06 0.0017785770885897535
6.971668893036626e-07 -1.3537466386414759e-06 0.0017786932503467202
5.006675144454187e-07 -1.0927086239665666e-06 0.0017785498867456911
3.8008417867503953e-07 -6.851506438641058e-07 0.0017784187506801475
6.862123555632713e-08 1.6365729690769979e-07 0.0017783283283661906
-2.1792334507839729e-07 7.498719502872951e-07 0.0017783795836768385
-2.4482948452029135e-07 7.055710425259813e-07 0.0017783610788041353
-5.14552760523428e-07 9.645046025952232e-07 0.001778501485534697
-3.7998897364308386e-07 1.9630270562057077e-07 0.001777870102094136
-5.759379142844513e-07 1.758333803383031e-07 0.0017778395538045717
-5.169826512486801e-07 -6.0175944613566996e-09 0.0017774906089091595
-5.637067606812963e-07 -5.580104116865637e-08 0.0017773038154899827
-7.332124016495022e-07 -2.7055493240988133e-12 0.0017778194715506333
-5.637164598935102e-07 5.5789138267871677e-08 0.001777303863551981
-5.170823734077584e-07 5.995111911535471e-09 0.0017774906975249211
-5.761815094580021e-07 -1.760601784627637e-07 0.0017778399974074227
-5.074673790523195e-07 -5.921573980873035e-07 0.0017764771608840388
-3.738628973424666e-07 -3.998623228978611e-07 0.0017763227726105676
-5.130967963515507e-07 -9.510393152118022e-07 0.0017766272327769778
-3.1812503874129455e-07 -8.661872847030749e-07 0.0017766033791688782
-2.5824540251943726e-07 -9.655029982617802e-07 0.001776613944467111
-1.5771054617577016e-07 -9.99799301140951e-07 0.001776609350942838
5.2756673168447343e-08 -7.475405688781807e-07 0.001776683029181133
6.601889494870654e-08 -6.961956260939575e-07 0.0017767054357031133
1.8266976804053732e-07 -6.741039269747994e-07 0.0017767164333339532
3.0779906533880485e-07 -2.960563279775306e-07 0.0017771681862902926
4.4018904998212376e-07 -1.571177551132344e-07 0.0017774190795355313
5.381179887331911e-07 -1.0218961633754053e-08 0.0017778847170830051
5.809592612518021e-07 7.90745977308115e-11 0.0017779420547797305
5.380898278637568e-07 1.035907250097177e-08 0.0017778848401134304
4.4068653827495965e-07 1.5742482835556456e-07 0.001777418629310904
3.0735398033572775e-07 2.9650827489298955e-07 0.001777167468909387
1.8281836437645544e-07 6.744027057023908e-07 0.0017767159044787297
6.56299534333786e-08 6.959534137045623e-07 0.0017767053601503967
5.306902840001716e-08 7.45523656727608e-07 0.0017766839254772738
-1.5771796663127954e-07 9.993878009480149e-07 0.001776609766963705
-2.58282804921311e-07 9.658367563156664e-07 0.0017766142948649102
-3.184989346972106e-07 8.672962274069851e-07 0.0017766038063693266
-5.129117057048951e-07 9.514584425913327e-07 0.0017766274467539652
-3.7412852892187517e-07 4.0018478678845085e-07 0.0017763229433520656
-5.075443895642022e-07 5.924527478874741e-07 0.0017764773128804544
-3.03127170315353e-07 1.422884776408162e-07 0.001775926253620795
-3.5429565587622393e-07 7.241545279196239e-08 0.0017757808316013922
-3.196936322927487e-07 4.661621864549791e-08 0.001775677061330534
-1.773030811864747e-07 -2.0538453415393075e-10 0.0017751417807354427
-3.199732469858623e-07 -4.716454515210892e-08 0.0017756784721752635
-3.5450330498864783e-07 -7.296684628540499e-08 0.0017757822597137423
-3.027999323598327e-07 -1.41950895914336e-07 0.00177592604414334
-2.8912839708947734e-07 4.2321490085826315e-07 0.001774477553930592
-3.4580856685491955e-07 1.4367425974522976e-07 0.0017747176498501222
-1.1585071549058141e-07 5.479105140227511e-07 0.0017744877329367132
-1.7514705700273763e-07 3.499993374581615e-07 0.0017745474949125662
-8.322874402331815e-08 3.531064711016544e-07 0.0017745452348428509
-1.50524011301911e-08 3.1559026384862054e-07 0.0017745407310723886
-3.458912293173297e-08 9.016893767578175e-08 0.0017744720456317226
1.3452336264861316e-07 1.4207661184057427e-07 0.0017745056753691168
2.0271371598896634e-07 2.9384034716322656e-07 0.0017746378680753695
2.501822514329429e-07 1.0555054473836479e-07 0.0017744178475433113
2.639766481486938e-07 9.073132008567379e-08 0.0017743940331536809
2.574425994584423e-07 1.432117852440643e-09 0.0017741138734924844
2.495578696605614e-07 1.0783680911883595e-10 0.0017741227371089123
2.57346631465401e-07 -1.1117884876709624e-09 0.0017741128626890567
2.6332136670732517e-07 -9.04146036492032e-08 0.0017743930325075294
2.5043260164201737e-07 -1.0554782575234254e-07 0.0017744173796060748
2.0256735262184717e-07 -2.944666009224617e-07 0.0017746381557089525
1.3505117599532537e-07 -1.4304302864448168e-07 0.0017745062481876288
-3.472719477943518e-08 -8.94097843067111e-08 0.0017744716573444644
-1.496964271961173e-08 -3.1559116624885577e-07 0.001774540571921756
-8.327286859552108e-08 -3.528712816282732e-07 0.001774545042667617
-1.7495650041111743e-07 -3.499853566709885e-07 0.0017745472814858505
-1.1620057016793716e-07 -5.472770419993483e-07 0.0017744877229958448
-3.456731142286651e-07 -1.434098330438991e-07 0.0017747174255641964
-2.8906569408535935e-07 -4.23537289787385e-07 0.001774476855485559
-5.283586996900738e-07 -5.4539878994440865e-08 0.001774908859109829
-4.998411372857326e-07 -4.692252972859099e-08 0.001774929387531081
-5.41201233796118e-07 -4.722920569841976e-08 0.001774927813176742
-6.787153621849107e-07 4.0725995323776825e-11 0.0017753853210643127
-5.410381245535494e-07 4.736589910729873e-08 0.0017749272320218773
-4.997707274795107e-07 4.694984760580066e-08 0.0017749291522196067
-5.287719830564306e-07 5.375194571957278e-08 0.0017749101084738278
-2.529029349058144e-08 -8.525502214906989e-08 0.0017875411025062755
-2.924477878848225e-07 -1.7459203212366873e-07 0.0017873632366413599
-1.2454493439128206e-07 -8.210954726778003e-08 0.0017874486494042058
3.219649742015304e-07 1.4000525238876982e-09 0.0017878356464857902
-1.556802854452288e-07 8.81890995029667e-08 0.0017874240456889979
-2.5902619893208976e-07 1.6000912893886236e-07 0.001787387696656538
-2.5582439463713413e-08 8.61798944716978e-08 0.0017875418174720472
1.4782556253620176e-07 8.0028223637074e-09 0.0017876573646077795
3.8699986269375803e-07 7.020647253120563e-08 0.0017876964238814385
2.370047656181725e-07 2.6035344423621246e-08 0.0017876780614982984
-1.630712498420519e-07 4.4947565941717504e-10 0.00178746280886641
2.3105426989548733e-07 -2.5763626604083448e-08 0.0017876764976968663
3.814455084950834e-07 -6.901923494260839e-08 0.0017876930344720926
1.0622445999177396e-07 2.1994197869559237e-08 0.0017876388268389279
-5.029007588544359e-07 -4.760691623565574e-07 0.0017875052239273508
2.840683808089758e-07 7.573663851988263e-08 0.0017876485248735537
3.306724831843047e-07 6.321445171923159e-08 0.0017876605597439154
-1.4235895434250934e-07 -3.6098507870959087e-10 0.0017875788111669782
3.377977915097777e-07 -6.424430533291777e-08 0.0017876614742157258
2.944623943800558e-07 -7.829335472684723e-08 0.001787648829032575
-4.733716180269213e-07 4.521351676365861e-07 0.0017875103063443247
-6.252837318139696e-08 -1.3286228266650956e-07 0.0017875752092698922
2.2761509880710924e-07 6.403144916943594e-08 0.0017876001809647892
6.744712961555018e-08 -1.5991543387507795e-08 0.0017876404454267587
1.8822405922008876e-09 -1.9730799327535927e-11 0.0017876382337269406
6.838492209559586e-08 1.5936443079058922e-08 0.0017876404712945128
2.3528542701061342e-07 -6.775654940697234e-08 0.0017876014141869022
-6.349359022654077e-08 1.33476490370242e-07 0.0017875775402636667
5.564495410680465e-07 3.727032658839735e-07 0.0017874775603301987
-1.690229471956423e-07 -1.5790716859628085e-07 0.0017876626162513167
-4.236440678771574e-08 -4.886515683846397e-08 0.0017876431008815063
3.521040196099874e-07 7.178191489181363e-12 0.0017875672021815446
-4.692634535630992e-08 4.923800926407407e-08 0.001787644021381611
-1.8385868195299993e-07 1.6292592446311426e-07 0.0017876645961065662
5.299831451378732e-07 -3.505841356395926e-07 0.0017874825975128425
-5.0929280412280815e-08 -2.0289811888460002e-07 0.0017876519832634268
-1.2277679007001685e-07 -9.854323048513317e-08 0.00178766310507591
1.0705226805682575e-07 -3.896297805888599e-08 0.001787606873933425
4.5508624530321113e-07 -4.126107408281814e-10 0.001787427939179627
1.2045268400626597e-07 3.7626723839690195e-08 0.0017876020461928314
-1.2366273516589456e-07 9.973431633878412e-08 0.0017876623187566116
-1.3193684001137581e-08 1.7535063912512983e-07 0.0017876353605650176
5.433283783025528e-07 1.4014458092855058e-07 0.0017873429112760357
6.767197844507863e-07 1.1916780937707761e-07 0.0017872338210997755
6.941115589702834e-07 5.5456374433264463e-08 0.001787215641425981
4.735082861127291e-07 -1.0290815250691554e-09 0.0017874192697643898
7.182881904875372e-07 -5.988889693762187e-08 0.001787196392752932
6.427819720116375e-07 -1.0457468943930808e-07 0.001787259211262205
5.476368197013508e-07 -1.4309190231415074e-07 0.0017873412550318145
-2.349678642189971e-07 -2.277194952446246e-07 0.0017741330252824036
-4.372257101242472e-07 -4.8770676528320704e-08 0.0017743383308525733
-5.022526590601301e-07 1.578058125870033e-08 0.001774463915825368
-4.2462032939703185e-07 -1.7965776754433252e-11 0.0017741676674520217
-5.022491324062833e-07 -1.582584750570259e-08 0.0017744640140131577
-4.3732438675299617e-07 4.8660090468475516e-08 0.0017743385213494607
-2.350212759900463e-07 2.2764947684841703e-07 0.0017741331260076613
-2.5564327845786097e-07 -5.9037640633550244e-08 0.0017742596372476757
-2.4959785044196273e-07 -2.6396192605447648e-08 0.001774005882535714
-3.277314460350035e-07 -2.5251867959436318e-08 0.001773982933312963
-4.2502245286552974e-07 2.590284482816652e-12 0.0017741715739921823
-3.2789555759302317e-07 2.5216031013787105e-08 0.0017739831424377864
-2.4956770554089456e-07 2.6510091290167756e-08 0.001774005925783506
-2.5620414508754385e-07 5.820733848718431e-08 0.0017742603181599243
-6.234131971102384e-08 -2.8599247318271025e-07 0.0017741688688206908
-1.855842505815922e-07 5.941832581598301e-09 0.00177400102755562
-1.6960689382191048e-07 -4.337074999207513e-09 0.0017738747236646043
-1.8814354503366277e-07 1.8452580054112603e-11 0.001773824219913314
-1.695842875443667e-07 4.399201528446539e-09 0.0017738747123547545
-1.8566806434407234e-07 -5.9183880463352095e-09 0.0017740011481418602
-6.24027465867161e-08 2.858001666927697e-07 0.001774169263621537
-5.524698522271788e-09 -2.792703693263204e-07 0.0017741659009481777
-6.465392507880401e-08 -5.327949376838111e-08 0.0017739763695986698
-8.573208973002719e-08 -5.9967371137135e-09 0.0017738658287317077
-1.0135670564085827e-07 1.5022930899453123e-11 0.0017738233968175288
-8.581525222086248e-08 5.943423538442507e-09 0.0017738658390084544
-6.455527892730582e-08 5.3439930582663587e-08 0.0017739764760848374
-5.5927688422939465e-09 2.7930730904230253e-07 0.0017741662523427556
4.3982193618802694e-08 -2.2637807990660132e-07 0.0017741515966302355
1.9125933486841977e-08 -7.367630004451928e-08 0.0017739709356826181
-4.0696268503720106e-08 -4.674199557209103e-09 0.0017738580456279588
-2.8547275989206507e-08 2.991247280331511e-11 0.0017738366980382984
-4.061303196892814e-08 4.738469477271218e-09 0.0017738581042230422
1.898722038111626e-08 7.343113477371576e-08 0.0017739709318181918
4.427332897274443e-08 2.27132111478359e-07 0.001774152054985876
1.296968500070681e-07 -2.45381703746319e-07 0.0017741428743490585
5.383680555417091e-08 -5.263216146540395e-08 0.001773963861604535
6.951600899437945e-08 -1.373731674135331e-08 0.001773918376716403
8.114274361341237e-08 -1.190631193574899e-11 0.001773953289261682
6.946204218009232e-08 1.3768169964167842e-08 0.001773918504396319
5.3972525387302097e-08 5.273687481527191e-08 0.0017739640095577273
1.2977376382611705e-07 2.4558005469622544e-07 0.0017741431218958636
5.5406502321747524e-08 -3.856720615455126e-08 0.0017739820415978616
7.049410503663861e-08 2.1583888710094825e-08 0.0017738749753288144
8.558840467967514e-08 -4.810315497944107e-09 0.0017739344933400227
8.654461870952759e-08 -6.243696201566556e-11 0.0017738645746307024
8.552156861337437e-08 4.594818837989694e-09 0.0017739339308198952
7.000707550935696e-08 -2.1827552766595927e-08 0.0017738744001129898
5.576401851586765e-08 3.9196038419394435e-08 0.0017739825951975643
0.0 0.0 0.0
0.0 0.0 0.0
-1.0016951866159163e-07 5.673511406625717e-08 -2.4602647190088257e-05
0.0 0.0 0.0
0.0 0.0 0.0
0.0 0.0 0.0
-7.042339143588387e-07 1.1145870515461667e-07 6.765460716219459e-05
-1.2188668430438984e-07 4.6798271493963605e-08 -2.4644134914887496e-05
0.0 0.0 0.0
0.0 0.0 0.0
-1.6354072511740202e-06 -1.9871932408929496e-06 0.00016758206531244216
-7.754462918017225e-07 8.017216015278531e-08 6.765067607598544e-05
0.0 0.0 0.0
0.0 0.0 0.0
-8.48091488630378e-07 -5.272854382499257e-06 0.00018168861836103398
-1.7841512450474657e-06 -2.056958223134761e-06 0.0001675994177928197
0.0 0.0 0.0
0.0 0.0 0.0
2.626376256178294e-07 -4.4884665852444974e-06 0.00014204119303962048
-1.052747204714408e-06 -5.314569314734892e-06 0.00018169447052271772
0.0 0.0 0.0
0.0 0.0 0.0
4.894290141875567e-07 -3.7991647750806284e-06 0.00017660682256381564
4.4939192113643206e-08 -4.5031060158456544e-06 0.00014205195318964982
0.0 0.0 0.0
0.0 0.0 0.0
-1.547003060404715e-07 -4.51429090134181e-06 0.00013510799306359108
2.626621980960272e-07 -3.757168134262007e-06 0.00017660419919482962
0.0 0.0 0.0
0.0 0.0 0.0
2.4442597014659903e-07 -6.121503496138525e-06 0.00022033978889466713
-4.143045053952761e-07 -4.511617095435092e-06 0.00013509557119910397
0.0 0.0 0.0
0.0 0.0 0.0
2.2278056255282606e-06 -1.4193384842420824e-06 0.00023579115931313154
-1.1503595141458023e-07 -6.253399327426815e-06 0.0002203344108909746
0.0 0.0 0.0
0.0 0.0 0.0
1.7166880332251978e-06 1.970644073249901e-08 9.901720951882505e-05
2.1508698789674567e-06 -1.215825033003081e-06 0.0002357946301034212
0.0 0.0 0.0
0.0 0.0 0.0
5.703743821520193e-07 -1.8922775263072864e-07 -3.3453253151557456e-05
1.6262075602230268e-06 9.044340643090173e-08 9.89916604766284e-05
0.0 0.0 0.0
0.0 0.0 0.0
0.0 0.0 0.0
4.846937990899731e-07 -1.5301247699497826e-07 -3.339774145797964e-05
0.0 0.0 0.0
-1.006642530423398e-07 5.6682900850227036e-08 -2.4606136012043636e-05
-2.016833138193504e-07 5.421117131649464e-08 -9.179141559484163e-06
0.0 0.0 0.0
-1.272065150563231e-07 5.750344084004274e-08 -2.465178491942001e-05
-7.375995389852985e-07 7.267193264553302e-08 6.765921768273518e-05
-1.827109468774004e-07 1.9228977843572166e-07 -1.688173054499648e-05
-2.459674422874028e-07 5.4889761449694904e-08 -9.172464078752165e-06
-8.916909491886147e-07 -2.4911059646942132e-08 6.766372522320899e-05
-1.7775837432447634e-06 -2.3638541535901604e-06 0.00016758043696905
-8.159996980696822e-07 -4.0665300473437025e-06 0.0005292507253334712
-1.7163175822346818e-07 2.7298219387365833e-07 -1.689244128544185e-05
-1.9491674356911162e-06 -2.6547507981246604e-06 0.00016760511997248402
-1.008231999470585e-06 -6.178231017609925e-06 0.0001817132153748304
-8.50383626261611e-08 -1.088317633475856e-05 0.0004995814653564306
-7.5245840795185e-07 -5.349296080227491e-06 0.0005260005824698132
-1.0967398862818274e-06 -6.3067595102534e-06 0.0001817119509523467
2.745956116223471e-07 -5.514930449077009e-06 0.0001420493541993836
-5.377594160602593e-07 -1.0742277247752091e-05 0.000504486677945809
-3.8426424155921587e-07 -1.0687245864409542e-05 0.000499432889239641
8.71034458402255e-08 -5.480462321421231e-06 0.00014206296192997015
5.163565899198487e-07 -4.676214145279044e-06 0.00017662420112986893
2.8547049173067964e-07 -8.307455390370048e-06 0.0005932007392284455
-7.848421233540032e-07 -1.0703519572528499e-05 0.0005042030551914889
2.874704743981947e-07 -4.6236936035401276e-06 0.00017662100158394873
-1.9418915348524894e-07 -5.503105092532482e-06 0.00013511867815177753
2.1732758995006765e-06 -1.0470335098774288e-05 0.0005565904019967096
2.0817499993843232e-07 -8.142626888468507e-06 0.0005926502740014398
-4.551780309390813e-07 -5.5881999044381504e-06 0.00013510818809987912
2.335627728987366e-07 -7.3361115738070025e-06 0.0002203535396140352
5.740174076783301e-07 -1.2609893535160094e-05 0.000522562006261533
1.8960800976431467e-06 -1.0724977484544466e-05 0.0005572416732664361
-1.9018582795078068e-07 -7.467363111061927e-06 0.0002203528495518196
2.4509060445043226e-06 -2.0137919258132896e-06 0.00023580066579100407
-7.80895604727172e-06 -7.179901997439384e-06 0.0009233063675313551
-9.087738556731494e-08 -1.246494668712651e-05 0.0005228382805960575
2.327948455701254e-06 -1.3915379973376733e-06 0.00023580225827966842
1.8617350867184645e-06 1.8537386880390562e-10 9.903956658050648e-05
2.210431119479945e-06 2.6502813301368074e-07 -4.511559146487277e-05
5.084658630554605e-06 -6.803010218560763e-07 0.0009227441982879035
1.6545474531414535e-06 7.625025018178122e-08 9.899762627149755e-05
6.270199115936242e-07 -2.4181354173973245e-07 -3.3466058891454296e-05
1.266641940995613e-06 -4.45183290260345e-07 -3.5488384013472976e-06
2.135201025929608e-06 2.8536696229017365e-07 -4.5063347315993266e-05
5.110097983607143e-07 -2.1126599722980464e-07 -3.339779850288437e-05
0.0 0.0 0.0
0.0 0.0 0.0
1.0995389458496182e-06 -4.276271767824415e-07 -3.584090713123379e-06
0.0 0.0 0.0
-1.9699906606219152e-07 3.804655415641664e-08 -9.174289328649259e-06
1.1394007066670122e-08 7.023499489483993e-08 -1.8884986481325806e-05
0.0 0.0 0.0
-2.3618473864399496e-07 2.5818407816748056e-08 -9.174851099284664e-06
-1.817126457573674e-07 1.7077094044917896e-07 -1.68848022911868e-05
-6.095385414475603e-08 -5.491248396265316e-07 5.304063984932271e-05
-5.653526941953603e-10 1.001773106414228e-07 -1.891961691942628e-05
-1.841555510490833e-07 3.1735020318197986e-07 -1.6889914065526537e-05
-1.0143594992967871e-06 -3.472864263789494e-06 0.0005298421882491789
-1.0776491300319552e-06 1.8968254779523856e-06 0.0002929993487026148
-4.788790900583392e-08 -7.134524511787333e-07 5.30261161493032e-05
1.9270709689319775e-06 1.2268013901114257e-05 0.0016087315570253577
3.0380983102981973e-07 1.034861182839293e-05 0.002333795585972676
7.218554489481897e-08 7.046854422580921e-06 0.0004611111604196796
-1.2333994051061834e-06 2.931371370777015e-06 0.0002930712705917914
-1.1519575246830531e-07 1.0326398238574857e-05 0.00233208752281885
-1.4571212267743756e-06 1.0484338046404381e-05 0.002028911690428204
-4.063128509402157e-07 5.446411446966411e-06 0.00046943697419854507
-3.2615717912712264e-07 6.872413936883783e-06 0.0004611146792923058
-1.826657472910133e-06 1.0470432859542534e-05 0.0020248489135492862
-1.6076711148296458e-06 8.507072890690672e-06 0.0016969871080972864
-1.2100385601696638e-06 5.238270737188094e-06 0.00035285398004490713
-7.32431617153658e-07 5.448605825656949e-06 0.00046944730990341343
-1.7209194027510757e-06 8.42597763794268e-06 0.0016931417300855016
-7.016223282523577e-07 1.0317482881140511e-05 0.0018270715222467628
-4.7318138241864544e-07 5.244425649136496e-06 0.00045363061065365146
-1.4522256947846588e-06 5.244067462703289e-06 0.00035284877896805543
-1.0641942247280548e-06 1.0691566297267053e-05 0.0018313048485999372
-7.889692537550237e-06 1.1953512250130433e-05 0.00286184325128721
1.3331433137934623e-07 6.610193857671288e-06 0.00047040361078449084
-9.499289438716936e-07 5.591709672146173e-06 0.00045366933886262505
9.551404722364045e-06 5.921064321596675e-06 0.0028590345659213496
4.810143659563582e-06 1.1587757998920026e-05 0.0009243500027898053
1.4125755696500864e-06 3.3594642938913948e-06 0.00035892171612857365
8.715502294961928e-08 6.2819260983100805e-06 0.0004703904333357629
5.045694818014082e-06 -3.483466701076878e-07 0.0009216491537347704
2.163157501165276e-06 3.958870458235477e-07 -4.5109475301947375e-05
1.69044753000665e-06 -5.105291369067087e-07 5.655204662846979e-05
1.1358531395090208e-06 2.4277896356204835e-06 0.0003588680337597291
2.1288878861984306e-06 2.8952083423135077e-07 -4.506870363310733e-05
1.261676538398033e-06 -4.801687795585537e-07 -3.5567258285994273e-06
1.1371739908923354e-06 3.5504787494657976e-07 -1.6800732951920018e-05
1.5757921530100492e-06 -5.638747373148784e-07 5.652869014284766e-05
1.1157264790772295e-06 -4.668804504369316e-07 -3.5794869641265064e-06
0.0 0.0 0.0
0.0 0.0 0.0
1.0207506367168956e-06 3.088886575152428e-07 -1.6770992624053974e-05
0.0 0.0 0.0
1.571257950477848e-08 6.415664297574984e-08 -1.8874373687238836e-05
0.0 0.0 0.0
0.0 0.0 0.0
4.586823013492352e-09 8.72146542017009e-08 -1.89139748257091e-05
-7.331756943122439e-08 -5.346160476153213e-07 5.303334809267916e-05
0.0 0.0 0.0
0.0 0.0 0.0
-5.514077683405691e-08 -6.237626210272875e-07 5.301253401287717e-05
-9.81076546768673e-07 1.7968503442857294e-06 0.00029298745030777895
0.0 0.0 0.0
0.0 0.0 0.0
-1.1170518519773903e-06 2.103910538696219e-06 0.00029305369394242093
4.0331203111631466e-08 5.908288158164296e-06 0.00046111727606251306
0.0 0.0 0.0
0.0 0.0 0.0
-3.3149323065361316e-07 5.80189729713462e-06 0.0004611207905416968
-4.080193185925114e-07 4.419033345505302e-06 0.00046942264468580565
0.0 0.0 0.0
0.0 0.0 0.0
-7.12031972200564e-07 4.473836114470814e-06 0.0004694351216589496
-1.1645777617618862e-06 4.317839401111246e-06 0.00035283764927796505
0.0 0.0 0.0
0.0 0.0 0.0
-1.4074367676707363e-06 4.369972453280947e-06 0.00035284694989400967
-3.3244680941956867e-07 4.245792846946698e-06 0.0004536192156738497
0.0 0.0 0.0
0.0 0.0 0.0
-6.629330588012925e-07 4.386736042014826e-06 0.00045364259160085807
1.5249535479590197e-07 5.602898002843129e-06 0.0004704163252429884
0.0 0.0 0.0
0.0 0.0 0.0
-6.165126403931484e-08 5.51552592139477e-06 0.00047040706966753704
1.0916975718077315e-06 2.5688849008659908e-06 0.000358891947764947
0.0 0.0 0.0
0.0 0.0 0.0
9.112717967967502e-07 2.260525400160393e-06 0.0003588549355717757
1.5473613323385014e-06 -5.374809923287168e-07 5.653652694518015e-05
0.0 0.0 0.0
0.0 0.0 0.0
1.5480874842944153e-06 -5.732324008425008e-07 5.652201509438163e-05
1.071016137657848e-06 3.5626752035047603e-07 -1.679373011528878e-05
0.0 0.0 0.0
0.0 0.0 0.0
9.871279894220715e-07 2.896159814083776e-07 -1.6770527304798964e-05
0.0 0.0 0.0
0.0 0.0 0.0
0.0 0.0 0.0
CELL_DATA 1200
SCALARS von_mises_gauss_max_Pa double 1
LOOKUP_TABLE default
644232.9187544396
569587.4204674351
928504.2541691273
1232456.3609864798
1243835.4011570162
740128.2816891406
920120.4510384374
697639.0027354853
702150.0050163354
642864.0680058328
806432.9878710225
1104465.2317620583
1125196.241439953
791578.0485299486
655625.3907848285
715232.7680211548
690997.8209569085
924553.7156736066
734798.3783936726
1240775.241297861
1242801.7156140886
937801.808365892
599686.3865066885
652321.986681956
696987.8750369754
1012116.8140077866
1270286.9044768128
1194568.811623215
1197881.6792511868
1240950.537597193
1018224.6600951047
695892.8805896404
936215.539852697
850050.7053347456
957736.0731420503
873420.4418617272
1032518.5633552013
662693.2093949522
1009343.2474577271
811239.5161275342
976741.6193195318
1225872.9724175187
770092.3751139074
1010464.4991458417
986738.3957532708
764410.0685349888
1218925.243885288
977268.0186977503
809033.606566833
1014129.8321315997
668133.9374564514
1036307.2242197442
862039.1537596708
975875.2568436852
858656.615065001
943131.7622050635
740377.6101627098
1063831.5963521397
1078841.8186845798
1319678.2231923477
1314053.0745703366
1098208.5980882747
1078210.767527747
747657.7573359717
578694.8124268083
804514.9981815083
798782.3385013832
507940.6683580148
825803.5191579715
1212985.4341683576
767311.0958345181
738904.658753186
844131.0762493965
953105.1966068055
747688.4794861877
641597.4930297801
636118.7238253815
750987.4194187381
946627.8742367504
844682.5590657715
739015.4110039801
772769.6029568565
1213215.0351713046
829006.9052106133
514650.85749172023
805045.0423081347
815549.5873319495
580495.9738223476
583713.5796662327
711224.2260023068
617568.0318713421
896374.9545430087
898076.463307898
621975.0484447215
721784.4974514338
586587.5432640943
710542.2615457238
1210792.0415173583
1435260.661833577
900392.7881860618
496946.3064270366
1314549.0167198945
1019738.0545269629
924648.298251139
663096.6021584525
825205.2512869134
663076.7749957624
632735.3301618192
629704.5338816259
666515.6087954418
822181.6180790525
660297.4306087196
925790.0844487464
1026172.3731810292
1314744.4022607973
497275.27204848063
898954.0635415422
1436596.3484543182
1215893.8023099848
709425.6600049633
583528.7976691521
640583.9919075641
805453.1488007372
735832.8810722645
738856.2144632719
809635.644212972
643673.2138663239
587294.3857623175
1180354.1280830402
1330420.2690026239
1220319.5295001895
777539.8232390354
1103241.193045521
904659.6497875385
842763.6614985425
1465955.9105417083
1283631.9771236756
535493.4527583653
570940.9194345361
496521.99818588013
496480.7249380692
564001.2786175752
529820.9075912391
1283489.2113537155
1465541.2512086406
844646.1414278038
909429.0512426831
1103356.6508107975
778627.3568157037
1221336.3277725875
1332781.9301513913
1179118.4420389195
532071.113452126
636629.4943230238
712746.9432017559
672784.0960241106
675891.0489825215
719120.9084541055
642177.4997838896
531615.7234433112
1633189.3187615287
1338117.5191970349
582058.4380947175
386496.73016587284
1230481.4686580258
556451.0929329423
571698.6626755885
1495977.7739565975
1385043.6728959535
866787.144284453
758944.2072423606
1153243.6999389224
1152119.1230128198
759794.2634088378
866050.9261326334
1384309.1658637438
1495939.782145695
570002.8067254496
556179.6615679057
1230515.5657535028
384770.3690103519
584439.641481082
1341132.120707907
1632891.7560228982
1261734.8663614441
595139.8235550334
634749.3726723918
877034.0691745583
879285.1808402506
637668.7372082502
595918.3358064437
1263050.0805784913
2653379.388838334
860491.6001599091
1151370.6746819345
1430625.9754188368
1269503.2460240873
1203575.7022543163
996270.3011882169
579887.4834240108
735563.142750248
1480236.940045467
1544398.1641341723
1261091.11309878
1259962.8709778218
1544060.6110414942
1480446.8942215345
737876.8945081674
580398.6160390133
995963.8877113936
1203955.4431739266
1269592.503234646
1432212.6872709102
1152160.755902162
863833.2053584792
2653542.520055749
1188234.8829096276
2789952.887300295
721978.2941232508
1833769.7148966782
1834155.6773513425
722733.1006877889
2789152.414371159
1190491.0438249053
3040783.5610158266
647982.9393710351
1492314.8171314648
2956804.1345659257
2275384.440493959
2509319.015871561
920191.7079289715
744900.9188399076
983039.3562443577
1804393.305882452
2435525.5528922924
641590.5770638735
641223.5628316794
2434135.749201107
1803368.7441294545
983437.8309145886
746051.5482423552
920484.345487865
2509858.2616481315
2275389.868076478
2956025.3546900945
1492466.9627539292
647839.3391802299
3040891.8297758773
770184.428929444
4716314.729950478
1001374.423867502
3080522.1663625888
3079738.5700899526
1003765.2436473748
4717485.385251662
769882.4520718498
3602979.842181552
614616.761912771
1236841.4540916975
3063674.1190274092
2529815.9989640363
2574194.7319401866
1445843.2553972492
1193131.9987700817
869572.4894743776
1470081.4792647616
3421249.170763801
967590.4117980725
967146.9501043187
3422362.019463659
1469346.9055037838
869702.0938155917
1191094.8535801468
1448569.5013764896
2573807.818423422
2529489.105362226
3062799.893756859
1237061.8031778757
614868.8952792875
3603422.709484535
808586.0408507121
4811387.909106962
1098629.0415419538
3350506.4933961616
3349658.0183360423
1097029.1724503026
4812943.804518674
807945.7211339441
3796731.6713055046
949081.7602922297
746812.4544182727
2418393.7830397966
2246282.342108583
2476916.6638302435
2249243.8525769026
1678814.3284506144
687286.9725316068
1477936.6964692883
3540672.0890029245
1087285.5747129305
1086968.5793133518
3541996.5263661575
1476667.5966504079
687196.4621556575
1680344.2920631252
2247977.5042651813
2476690.098841337
2246595.4171894654
2417438.0795716816
746391.9357774728
949875.5730360864
3796922.41772373
1265225.5624751858
4877480.992907967
1261617.8082747767
2945757.5063795857
2946360.3133474346
1261126.755495073
4878016.875611068
1265301.741391223
3563670.6162125836
942695.5131778227
1010444.6548699744
3292242.346351318
3368798.6583890663
2508911.916046624
2137924.1564015253
1027515.543216456
2313517.9207418445
1734229.2911574873
2984740.515975713
875566.9662413086
875450.3646753277
2983745.118677619
1733715.688481259
2314849.2597850966
1029110.2679458617
2137668.515549298
2509353.359219808
3368358.5497059687
3292982.898091865
1011972.284081063
943064.354366266
3563712.3517032773
921647.6407993372
5275659.033478539
1623625.6002596314
1732856.5578308199
1733183.6545893482
1623313.4109305055
5274759.772660837
922080.6839562929
3888003.670993208
885281.2679797712
943934.0080782169
3510234.2045012335
3704377.6462270548
2162726.223956247
1683820.7987031834
1675322.6235064226
2620738.207831482
1847187.2638714954
2900182.3445834205
1098538.0327050579
1097644.4804935385
2899170.4992449745
1846575.8213381476
2621936.327113094
1675344.5900999026
1683070.4890203527
2163460.9321674397
3704711.4040249293
3510753.010816754
943338.577527942
886133.4735681643
3887568.3078385107
732821.2712482257
5229560.648849546
1435412.6668020147
2296041.5443013436
2296433.1118845385
1434758.0806609762
5228537.979965999
732869.9740325619
4063845.2874203324
1768083.9487064036
1401964.018539678
3687779.333810045
3680909.718920752
1931713.4223937886
2220014.701722191
1558369.5755351787
2365606.558924736
1852909.2419368979
3306772.0008077226
1497180.965835951
1498271.4746244326
3306849.1391079156
1851449.8184570337
2365078.589036714
1557231.3477686273
2221371.8105222536
1932375.104088923
3681348.4942813376
3688487.9888815586
1401976.8439572884
1767186.0364198135
4063928.8880271325
1121724.5635701339
4780345.5990517605
1227456.1955560734
2484159.217537484
2483563.5864304616
1227117.2955434013
4780804.0180723425
1120291.7822484344
3147780.2439587046
2995474.7069624956
2329119.61753882
3988582.1357736704
3286009.1661588056
2832295.2625067593
2124842.2706903275
2463506.576335532
2151507.7199866087
2001657.7682200302
3781795.4724891647
1570108.8677427343
1571131.3552024013
3780546.835903483
2002751.5867991108
2151120.929423013
2462974.896333002
2126462.948184056
2832282.4864890776
3285743.6580942026
3987642.81802887
2328822.8099515643
2995776.2939862874
3148273.5787035953
1005283.9296555544
4355973.53634624
653192.8020920306
2619008.555349623
2618597.3775927317
653647.2803365329
4356698.451945302
1004071.8140597092
2398441.270127517
3078385.7088275156
2244729.623593923
3913106.470161905
3106951.284124195
2870799.4058592287
1922683.3813464076
2803358.401200355
2129570.232503025
2457315.3665001686
4249411.186920515
2134383.0497369114
2134759.947768485
4250370.594799063
2456519.4933369844
2128762.159718867
2802054.6570114554
1923967.0730225586
2870586.3854085854
3106296.937801332
3912466.6569812605
2245641.382077567
3078611.755861982
2398128.236443218
1086615.4953415745
4841539.168648196
763024.8190287215
2870132.595574865
2870930.577600289
762231.0386231374
4840481.928127048
1087309.7516955095
3052911.76437978
2484696.9900761405
2018446.7451337376
4329326.483970905
3381620.7310181507
1621433.2393327267
2320177.897366218
2535589.8300573598
1730281.1808725132
2712007.5399278174
4172193.949628679
3161691.4557040315
3161416.450910759
4173558.749254221
2713102.1832437622
1731674.2645005619
2536995.8114245306
2319652.6886471855
1621944.1780666572
3381926.2601021077
4328267.940104229
2018731.94149702
2484900.880709846
3053286.1826144005
1234146.6040929703
5261397.164460459
1607025.1509739482
2837172.597070664
2838231.014703324
1608197.395759734
5262423.304938708
1234160.10612935
2654194.4221841986
3206665.457411937
2215787.415711682
4190004.7753637373
3093271.5326147135
2258564.371366166
2039713.4031326452
2928030.769732261
1729469.9869312858
2604567.0239886288
3788162.3352105813
3005694.685913973
3004951.3759991718
3787952.277325977
2605264.732854693
1728907.409777099
2928397.3122082683
2039008.349254833
2259417.021809591
3093594.3091677935
4189192.8679621792
2216479.9860778865
3207041.1938093253
2654384.228730842
1473151.4927738784
5275616.1231145775
1648987.9111527402
2292197.350057314
2292198.0765230586
1649353.8463180072
5276472.288774231
1473538.6709939803
1185584.6832435313
3268579.5915632644
2176430.809596072
3642171.238101131
2629445.8044566163
2395681.5903216354
1372181.238220144
3108334.821107533
1515456.3958092846
2435125.360401739
3481079.2111333823
2563595.154391551
2563333.9176125657
3482583.129779832
2434524.7971963966
1516228.173421164
3109866.417162139
1371794.5161300448
2396015.7595123406
2629784.473499454
3643039.013865789
2176551.1304149334
3269083.939717142
1186350.6123161544
1436238.5884401726
4840757.713938696
1365357.1078589223
2169281.9736926435
2168793.543855699
1365879.6319931697
4839647.86713378
1437010.8473861236
3168245.1235368983
2372572.5926981834
1817781.262059281
4413416.447221946
3302016.3180000195
2105037.4124379526
2379947.8857664033
2206016.6390863024
2435298.6894638725
1969237.4218747865
3198400.8313753773
1423260.339316201
1423000.0976099852
3199786.454867274
1968490.155159728
2435542.9798170724
2204573.740687891
2381974.9770803
2106694.8546387344
3301576.7146588224
4414246.917795825
1817458.2644603823
2373194.2104306906
3168445.124672851
1015992.0791844324
4346834.891783226
1080288.0419118125
2258071.6720060967
2257656.54580784
1081028.7610347664
4346482.5910359565
1015160.3783617726
3518946.9197068107
1154595.2525810995
1677787.309076876
4578501.255595103
3677908.6761070625
2135304.454036334
2461321.3168247975
2080913.814581521
2661875.0347873457
1742681.553269659
3138603.683203343
998412.1476715973
997503.3197712711
3139805.9335545097
1741834.6990458646
2662322.488418925
2080796.7074158008
2461302.711931291
2136022.4301633006
3678235.712241061
4579298.4233420035
1678073.0687796997
1155985.7389771687
3519317.6966983886
942386.5192475484
4558200.893150665
865111.95688392
2269385.4187262217
2269319.8801357453
866160.381360952
4559257.157169291
941932.5938332257
3533795.124616173
1182836.4753645405
896320.9990782259
3778136.6703697606
3517202.900330733
2546254.9193732277
2125412.6424063314
1728999.8706122192
2625306.9756164113
1842819.3942390697
2677857.286366194
934292.6490601669
933748.5941784284
2678671.3181367405
1841525.299531473
2624844.8716860707
1727149.1166067466
2125109.507005677
2546786.503116409
3517619.9884285275
3777052.539583842
898006.7482360755
1182800.8286353415
3534168.016532508
1293703.867252509
4573647.509187398
842653.2515788863
2135878.0229321946
2135929.147644665
844004.8636029653
4573141.926100398
1292835.6812441936
3505454.6112438473
1983316.5804694148
1270337.9475780341
2942537.848261838
2924742.648938477
2986201.2397058876
2012937.33505021
2013189.2782597244
1232135.2632387804
1982639.9924681548
3136591.073443211
990645.5782567395
991546.1945961295
3136561.649852038
1981057.2604721845
1232993.2773255312
2013867.5934315212
2013443.9270250257
2986146.423216443
2924735.7603944927
2943697.555365286
1269865.5432251801
1984191.638752262
3506144.164647165
1655769.7153008413
4080924.1243322496
1329582.5614916743
2496254.5767200226
2496586.632342847
1330392.2072542047
4081044.856687548
1654880.0325198658
3084615.3134047524
2025869.9003132598
1438303.6963346435
2472948.990768382
2921554.920215404
2673768.764450313
1542382.6977394836
2220405.135412388
1322210.5339375627
1982272.7911445017
3033444.082476088
1153325.2334430704
1151997.831552443
3032633.6754609607
1981125.6696126494
1321108.2342969559
2221687.882661773
1541698.411426898
2673718.3519026674
2921548.660778397
2471896.3900499237
1438250.983208631
2026445.539825238
3084482.4854675275
1320886.1865484752
4494761.531712903
1621972.2595092945
2977465.6273672907
2977794.3669773214
1620572.050195516
4493775.987321421
1322084.2389552575
2790824.0574050024
1320721.0120596753
2032118.292298254
1886317.7575754577
2387636.4317625077
1205789.1086184015
1211999.984313391
1382199.0469142604
1270438.5031817814
2481884.659652981
2601310.5164740193
1086866.3212125865
1087155.2930002941
2602310.5420066603
2481834.370790593
1268970.686269623
1381004.8352601323
1211969.371558474
1205946.5065895093
2387521.1286474597
1887534.8365604582
2032409.0577214803
1320736.2008928924
2790839.4958744207
754658.0568605026
4322028.829107011
870739.6070646428
3067740.6817723797
3068927.317293867
868156.3372880574
4321582.867159218
753110.8169004051
2235256.40927675
1452023.789864868
1996330.9682991249
1320772.6094129242
1233774.1495580778
718353.9322432945
1229658.7453579924
871619.8327574339
1168175.7389227576
2135523.1556712445
1366900.9668904277
1591072.9073930178
1591318.011248546
1365733.7452226342
2135817.4411394335
1167683.4728299314
875051.9489159206
1229007.235866078
717430.0045799423
1234354.626536632
1319566.9205079929
1997119.2927485374
1452047.3682060875
2236174.432325877
598123.0098360938
2442047.2226501713
1073349.485286115
1778576.3270621265
1777745.8359575795
1074111.445151916
2443275.6774619212
597712.0929185303
905338.7419045981
1056361.3246502003
1302472.1449126785
806417.9213723709
733779.3542056845
548621.5364900917
881847.4844234895
649954.2936990713
645972.5193638
1017104.9425468034
979808.5106985014
1843939.779151737
1843298.4234978203
979031.850594649
1020021.568929429
645307.1957552476
648892.9413845133
882690.8021558685
549476.7220495525
732178.27229997
808386.2121323918
1303203.0339441777
1052935.5110786445
906591.6259529989
684038.3944662348
575504.8371015146
619512.4653153671
760903.8015123719
762119.842540524
620534.5631784896
574991.4520658994
684937.7695309987
1191113.869124845
1092283.944158366
884916.6494853811
735480.1371809961
758431.2354243931
799196.7444913108
714375.3134737925
983539.7553799374
909678.2855958624
863414.5633067115
872833.6214161139
970978.0141716041
972852.4030719962
873266.9702120285
863389.6000190426
910506.8585959685
986375.6019906623
717821.3848152569
796763.1825352793
757922.7738158628
736361.5064288173
884189.1932435406
1093072.5806424515
1190633.6913833744
980575.6644865377
545500.9399435183
1202241.7178193799
941403.4042164788
941711.193319456
1201091.2175928378
541318.7162272925
981991.072855424
1093394.2083640336
1024648.2230553755
1270839.9184721645
616712.5855542265
489105.11735632905
673111.2318809361
766968.232022447
978556.6973444063
861042.1674247568
983823.5677574332
913984.0697212301
792451.946263559
794190.830999461
917662.6430736217
986363.6711049447
858685.2194844029
977846.9159542603
766192.2681553303
671239.9218143462
486816.8714439252
617065.5893211428
1269912.3105557568
1024444.5909734904
1094126.1171426366
500557.11237620434
562637.2418007351
1164974.7979006355
732816.2654006896
734295.5766591642
1164160.9816568338
563957.9959191596
499577.6725693245
995724.8721941113
431174.59854813427
734471.4990653067
799419.6252189254
1035284.2649578
623532.4545380728
799676.7078123257
732168.3080229391
970056.210048005
939705.6337866797
571250.5492984918
800839.5377699606
801219.3090384909
571554.0193546313
941767.9985042696
972868.1306326793
734799.4241353172
797426.4158512306
620660.8600875838
1035422.0024322792
799955.98283688
735426.246420714
432352.7950202913
993245.4466304912
509938.7784479201
790899.8529169229
990199.6000219117
691875.0297663572
692539.2769710455
991498.9412755885
784652.3363570464
508524.14687845577
961161.8525021216
466957.8870035895
788863.1292066576
681770.4805480442
1191964.5437461413
641816.6130198081
1302973.177501811
1087580.9157739677
1206372.2799553156
831527.3084125393
1282241.8565032312
989476.867182698
989502.687089812
1286966.9390265888
831406.413870766
1212129.0037090406
1092869.2947557913
1306949.0424814592
638908.6531721007
1191629.5343608009
679239.4461718751
793898.9150112259
461336.0238375464
962759.3703435762
794743.5792807402
747473.70963896
825600.9081305636
647568.6918454631
645382.1172817951
825531.4918603249
749740.7774706976
797471.8415607539
727694.1832662912
1642196.9636284322
1359165.4045664454
1173065.5237962825
629012.2159894241
1085164.342250055
1146662.9673106861
1340306.908990851
775202.8940872395
1338096.1901287665
1087728.818854228
932468.7783928835
932754.9121427768
1089694.234212523
1346756.2279257162
776132.9307855956
1342146.025427749
1150717.9188695296
1085161.6103711755
625922.1420824527
1174096.7017327365
1356493.5133762239
1638767.2064335148
726730.4643798249
1190360.8187975704
794445.6185526537
1059481.5204796079
700802.3645782986
703015.5298630552
1056656.5253673552
792105.7621680577
1194737.8638533587
1247016.3820531662
2937885.155542774
1682141.465432009
824350.7046289406
741103.3790718156
1456241.8400169094
1782740.0863214887
1187359.4629717434
1000785.8365603494
979632.3947664404
944512.6955861871
831180.8775939187
834175.0760674414
948099.9952150985
993646.2607218459
1004040.0509146457
1189922.8517940273
1791489.3621508356
1459143.8684870023
737957.2959289139
821101.6777155396
1675992.6197576504
2931235.980237433
1244469.3656408982
2917732.457809142
958134.972607661
1104223.8019014143
2188659.949005479
2193339.787887201
1101381.836538242
961932.1532255111
2920751.063100261
1256407.6192802645
1726245.217258901
1399326.3215731152
738365.1100278888
764976.5634355327
1312023.727591686
1671061.4364868463
1180511.7067996978
1701143.296916056
1416748.640936457
593322.0713440018
1069245.9593658212
1053137.9815943353
507615.7345080168
1342491.4830879157
1564228.7505447685
1127251.6024445347
968136.6469097235
1975059.728216516
1112865.3732844987
1133109.2481263946
1953288.5275300376
893599.7932153145
1101621.7344190613
1122973.4329185672
1372285.8821053016
823540.5601320147
1003812.6539681043
1007369.2832763678
794649.2512749286
1345386.7060930564
1087591.126908902
1295736.7474970054
1760511.083115262
907152.5968308898
1522136.4123773247
1510131.764865664
875443.6851484865
1684777.9674232074
1219637.0689189218
756154.3021675459
1224298.471598542
1591011.4663278097
1590992.7721840998
1613418.7330581339
1531252.6885159826
1232172.8521201592
749792.163669492
1728323.5943143715
1796339.9657069088
1162998.0919443015
1034660.5795278241
1018898.0583607791
1005830.074692093
1766092.5346223789
1632299.9446785322
1754129.6730061425
1168854.9073522275
840094.221220133
890178.3336413938
918854.243475699
864624.877367171
1178198.5148187059
1748642.562827668
2653879.6714003566
2728758.1992648635
2955302.7035788028
3426671.1357287085
3428234.5789869945
2950856.768245681
2727937.26890197
2670831.403499877
2863563.6998356334
2906324.6363442033
3282701.879427389
3631402.867638871
3629201.962133619
3272846.0240392066
2904543.884788088
2857505.907811761
2650806.074647922
1942926.3859423406
1707905.1734571904
3784748.316305179
3779408.59337312
1714354.2984089807
1933050.6418226177
2647098.3690185975
1963512.1507581004
1933429.0029702052
1140962.5066300395
2513475.187770556
2513952.0137158902
1146225.5657456021
1935420.0676951422
1964697.8096548356
2341278.788775745
2204829.491458904
1251788.4542691805
1865911.0001629048
1866440.809025559
1248580.0320353669
2198834.1728009405
2345888.4294182407
2305474.2746490934
3137359.1786026172
2553539.6924180286
1556688.9964705927
1566174.6410068455
2558054.1405963358
3142807.5205336185
2308264.475998924
2236664.624099703
3591672.463085723
2218919.490757024
2147974.3331541424
2150479.1729566287
2216886.6912024533
3613761.060877017
2233910.69339762
3037730.2257883106
2703122.333095267
2691346.787401205
2707450.910379305
2704858.774526765
2687687.7904637516
2705459.5924001294
3042686.0720309336
16039.157775593729
53551.27978301832
123458.86629469192
169511.22747223993
172348.34652508725
158685.39763173298
158975.04335337586
197075.50125651542
200858.33169083638
154250.95252897163
82840.99199010775
28130.197180436247
10033.47349145266
43147.16626201914
98853.00598054641
127752.90971835282
101888.72505965615
89793.98409081741
100953.01921161031
130136.82123602233
191285.1569949893
236889.67281543018
57003.0818080027
19626.952194396505
10216.964636158476
43537.21469001908
243166.90999908373
430046.21920990874
286026.92729766277
271883.5380983331
272148.3099639853
451524.1288289905
372731.92226000136
297820.7178331372
47098.96251841267
22971.724057152882
12713.163415960142
32340.212029798804
199118.5050648602
335537.22753838135
350434.96345752344
319144.04187576653
311831.89053708455
339700.03433985705
327220.6735366461
238438.49110471312
50432.001601680255
24704.87213300743
