# vtk DataFile Version 3.0
SUBOFF ice impact; physical displacement scale 1
ASCII
DATASET UNSTRUCTURED_GRID
POINTS 1346 double
0.06597873027235057 0.08347776885593623 -0.08257930213777277
0.06602033026968347 0.09818731148009939 -0.06468443948078818
0.06602078298385175 0.10909355015651243 -0.044273962285573905
0.06602107801652625 0.11580876532865172 -0.02212989218997747
0.06602122859843668 0.11807621898677217 0.0008986042922080552
0.06602103554252746 0.11580889070486454 0.02392710117227531
0.06602096098386415 0.10909362306650368 0.04607112149719701
0.06602040206964861 0.0981878123790799 0.0664817909836614
0.0659793967602511 0.0834778965568361 0.08437629769790811
0.0660210293605237 0.06558313995397234 0.09908592086244052
0.06602173790751445 0.045172576636534276 0.10999196001497542
0.06602207170546714 0.023028465045813244 0.1167069545909597
0.06602207961627932 4.827533541252975e-11 0.11897457725952713
0.06602207152866142 -0.023028464929518485 0.11670695447639412
0.06602173908673763 -0.04517257619528699 0.10999195886892904
0.0660210270592031 -0.0655831416696875 0.09908592345939608
0.06597939674160702 -0.08347789635914707 0.08437629788679646
0.06602040401182897 -0.09818780998843246 0.06648178935740805
0.06602096034401163 -0.10909362362118166 0.046071121524510324
0.06602103590921007 -0.1158088900592416 0.023927100946486368
0.06602122880292906 -0.11807621821275664 0.0008986041411038355
0.06602107677657841 -0.11580876706106762 -0.02212989250366764
0.06602078374410526 -0.10909354921575982 -0.044273961735189785
0.06602033022923802 -0.09818731152432549 -0.06468443946277219
0.06597873023404668 -0.08347776890264193 -0.08257930213961044
0.06602012832978828 -0.06558301798329351 -0.09728901687834642
0.06602025962152122 -0.04517261571246485 -0.10819543295288235
0.06602053899465195 -0.02302851665371093 -0.11491059920865082
0.06602061577487835 7.261502231424946e-11 -0.11717805054919007
0.06602053733847606 0.02302851697653393 -0.11491060120514417
0.06602026102669219 0.045172614995567566 -0.10819543172970462
0.06602012875005926 0.06558301738667695 -0.09728901602833268
0.19848806591245532 0.12343285036109036 -0.1225346585700196
0.19848807304290794 0.1451418509186257 -0.0960823258189217
0.1984881688119967 0.16127291655644135 -0.06590293946603225
0.19848814342365487 0.1712067737052029 -0.03315658248655331
0.1984878840159436 0.17456174325546728 0.0008985030119147335
0.19848771823757486 0.1712085744098814 0.03495375369772406
0.1984875362510979 0.16127572676070875 0.06770038056536946
0.19848803871438475 0.14514417188484255 0.09787943817789145
0.19848854334945595 0.1234346246379124 0.12433126067132036
0.19848948997390325 0.096981296656945 0.14603899213178068
0.1984900878586959 0.06680147993584187 0.1621691816705983
0.19849020474184523 0.034055139533086295 0.1721030275842015
0.19849024658620007 -2.040464018915843e-11 0.1754571925914985
0.19849020496440375 -0.03405513959192458 0.17210302778870676
0.19849008724920433 -0.0668014799476748 0.16216918159063584
0.19848949063530089 -0.09698129657243396 0.14603899202187437
0.19848854350448525 -0.12343462447462683 0.12433126057256776
0.198488037872371 -0.1451441723358619 0.09787943854136946
0.19848753679026518 -0.1612757267025039 0.06770038059267885
0.19848771795949258 -0.1712085744840898 0.03495375371375465
0.1984878839881482 -0.17456174341054959 0.0008985029839180869
0.19848814370774034 -0.17120677355387043 -0.03315658249450828
0.1984881686340336 -0.161272916314943 -0.0659029394613962
0.1984880728737524 -0.1451418511809187 -0.09608232609917897
0.1984880660712506 -0.12343285013803965 -0.12253465842434312
0.19848783802628822 -0.09698075007100171 -0.1442438913798783
0.19848784420439883 -0.0668015642458238 -0.16037522931997608
0.19848774922945317 -0.03405516942065925 -0.1703088584115633
0.19848780619828013 1.7298156672959143e-11 -0.17366285657484073
0.19848774973192446 0.034055169480460584 -0.170308858998412
0.1984878437319702 0.06680156393210937 -0.16037522862235487
0.1984878380541111 0.09698075043718271 -0.14424389179752786
0.33102591826433964 0.14169742666058885 -0.14079913021332358
0.3310260658674788 0.16661800604453875 -0.11043220416514331
0.3310260744755188 0.18513607547321564 -0.075787345537398
0.3310260060998989 0.19653991809782811 -0.0381956034946414
0.331025857306454 0.20039200259731743 0.0008984919982872507
0.3310256538484221 0.19654339598193354 0.039992926737515866
0.3310256292695406 0.18514166887233519 0.07758529753874917
0.3310257374691938 0.16662409998737318 0.11223043688637387
0.3310265582146528 0.14170131527688226 0.14259558000556388
0.33102750643887646 0.11133268180329256 0.16751415687623888
0.3310284117281923 0.07668657119961746 0.1860300653826057
0.3310290839530878 0.03909424609011798 0.19743219379861385
0.3310290934956582 -1.1866666536693541e-11 0.20128327085277758
0.3310290836487767 -0.03909424612395139 0.1974321939156097
0.3310284121692104 -0.07668657103462803 0.1860300650676325
0.33102750607751574 -0.11133268202854457 0.1675141572803232
0.3310265580917629 -0.14170131503183028 0.14259557971504994
0.3310257378882948 -0.16662410009027956 0.11223043693596625
0.3310256287194481 -0.18514166890188405 0.07758529756902814
0.3310256542423358 -0.19654339554869368 0.03999292662099932
0.33102585718431515 -0.20039200309540514 0.0008984920118566783
0.33102600617676436 -0.1965399177992152 -0.038195603421606446
0.33102607450360366 -0.18513607555930744 -0.07578734557616981
0.3310260658412773 -0.16661800627901813 -0.11043220425007702
0.3310259181841912 -0.14169742653480635 -0.140799130034716
0.33102597007083 -0.11133102932387569 -0.16572041056793993
0.3310258838366347 -0.07668612763735545 -0.18423853600329493
0.33102587972111036 -0.03909431672567093 -0.1956422862819695
0.331025902347739 -6.736433159535436e-12 -0.19949237595463754
0.33102587928317245 0.03909431677969349 -0.19564228630984412
0.3310258843242195 0.07668612770136032 -0.18423853605418844
0.33102596985468963 0.11133102920812107 -0.1657204104002102
0.4636893343958315 0.15445717496133596 -0.15355831159485026
0.46368924793258826 0.18162256656929038 -0.12045758911612986
0.4636892185196178 0.20180824981820564 -0.08269313942972284
0.4636891643249006 0.21423971198333058 -0.041716660492480295
0.46368924423785596 0.2184372923784846 0.0008977975112183592
0.4636892590970058 0.21424211143569014 0.04351246948071733
0.4636893479442211 0.20181337494196464 0.08448973051927139
0.46368964891485975 0.18162840672812727 0.12225448192927102
0.46369005713451744 0.15446253947435157 0.15535470167466714
0.46369088755399474 0.12135960300999067 0.18251725745285693
0.4636920201221392 0.08359294162046774 0.20269864675818466
0.4636930382692001 0.04261480713550323 0.21512458501290177
0.46369375792846673 1.0725349924187406e-11 0.21931870386611174
0.463693038458322 -0.042614807118838985 0.21512458524914418
0.46369201992516557 -0.08359294149614016 0.20269864647710334
0.4636908876385589 -0.12135960317917739 0.18251725763994509
0.4636900571561946 -0.15446253937872903 0.155354701605384
0.4636896487670477 -0.1816284066918013 0.12225448183295773
0.4636893481698817 -0.20181337522109913 0.08448973062995409
0.46368925897180985 -0.21424211112494027 0.04351246945535332
0.4636892441594743 -0.21843729271731954 0.0008977975206041803
0.463689164300314 -0.2142397116728725 -0.04171666038584449
0.4636892184873364 -0.20180824993953073 -0.0826931394617449
0.46368924803235717 -0.18162256651639333 -0.12045758906658285
0.46368933439790855 -0.15445717476484871 -0.15355831140460421
0.46368940041919265 -0.12135595254165225 -0.18072308017278724
0.4636894014042992 -0.08359153860741787 -0.20090879238363588
0.4636895113724852 -0.04261444768044715 -0.21333825953865085
0.46368939143559645 1.3064757898810656e-11 -0.21753626978220994
0.46368951158239796 0.04261444760257451 -0.21333825929633954
0.46368940102048406 0.08359153872984357 -0.20090879273587214
0.4636894005779862 0.12135595234145251 -0.18072307983510402
0.5963740707853595 0.16500254126088865 -0.16410346874918624
0.5963738623275825 0.19402361129864729 -0.12874362615763602
0.5963738659686136 0.2155881886280264 -0.08840122013359177
0.5963739237991971 0.22886756401061903 -0.044626812367293066
0.5963739130011186 0.2333532953444241 0.0008969909745746388
0.596374068297468 0.2288701193988094 0.04642102592596554
0.596374218466248 0.2155925333676282 0.09019593249914731
0.5963744787150561 0.19402899522348782 0.13053883999895358
0.5963748804853853 0.1650094990257219 0.16589991194644702
0.596375538258967 0.1296475648498344 0.19491834848790165
0.5963767818873174 0.08930146719890775 0.21647590924442428
0.5963781216051167 0.04552437900682833 0.2297463074195622
0.5963785760081797 -7.353752185123325e-12 0.2342261641335915
0.5963781215552281 -0.04552437904587967 0.22974630724125186
0.5963767819961275 -0.0893014673228367 0.21647590946895687
0.596375538182511 -0.1296475646987995 0.19491834828546212
0.5963748804297906 -0.16500949915831642 0.16589991203274657
0.5963744787038384 -0.19402899512545843 0.13053883999320973
0.5963742186060862 -0.21559253329213426 0.0901959324967085
0.5963740681554275 -0.22887011937534282 0.04642102590073256
0.5963739130810423 -0.23335329535533103 0.0008969909727862095
0.5963739237284077 -0.22886756395049995 -0.04462681240828578
0.596373866044175 -0.21558818871269875 -0.08840122018978021
0.5963738622802984 -0.19402361136556384 -0.1287436261620873
0.5963740708063086 -0.1650025413320075 -0.1641034687759286
0.5963739722614274 -0.12964182825457593 -0.19312345390499353
0.5963741308430394 -0.08929853299686469 -0.2146863065481043
0.596374041769039 -0.045524008474823296 -0.22796526132951767
0.5963741225875971 4.702016392371715e-13 -0.2324491032779521
0.5963740417708987 0.04552400854081472 -0.22796526130453962
0.5963741308008162 0.08929853299304893 -0.2146863065219489
0.5963739723762258 0.12964182821552073 -0.19312345397102249
0.7290480222904554 0.17302229911684813 -0.17212353459295185
0.7290481354968125 0.2034535174514134 -0.13504495258432278
0.7290481371594528 0.22606599913103553 -0.09274179774630269
0.72904823823435 0.2399906909063497 -0.04683991335128869
0.7290482625233667 0.244694558036231 0.0008963861006462976
0.7290483759876839 0.23999334622494192 0.04863298238315692
0.7290482740171802 0.22607123385188374 0.0945356976555084
0.7290482024557036 0.20346250469926666 0.13684089260135984
0.7290487174609361 0.17303163480194877 0.17391979637905117
0.7290498078437421 0.13594953393840437 0.20434672777038176
0.729051209297305 0.09364121621327623 0.22694948703926707
0.729052145610542 0.0477367599079799 0.2408656896750331
0.7290524093106121 1.5226680700811812e-11 0.24556512345617476
0.7290521455722264 -0.04773675984029223 0.2408656896773888
0.7290512094730781 -0.09364121623161176 0.22694948709367807
0.7290498077215198 -0.13594953395513007 0.2043467276847128
0.7290487174196095 -0.17303163483782008 0.17391979639121405
0.7290482026688129 -0.2034625047412493 0.13684089259312238
0.7290482737796989 -0.2260712338706596 0.09453569765713948
0.7290483761912508 -0.2399933463415022 0.04863298244938432
0.7290482624381549 -0.24469455793215455 0.000896386098808995
0.7290482381561497 -0.23999069100511491 -0.046839913354873634
0.729048137277727 -0.22606599903517974 -0.09274179772983977
0.7290481355224847 -0.20345351736825645 -0.1350449525994911
0.729048022165462 -0.17302229900191157 -0.17212353449437415
0.7290481901948919 -0.13594217851038326 -0.20255290015331212
0.7290479662092535 -0.09363887859034088 -0.22516520837515414
0.7290480223533083 -0.04773674052281156 -0.2390892843254422
0.7290481669741853 2.8371457339469005e-12 -0.24378942494349748
0.7290480221853608 0.04773674046180737 -0.23908928426034604
0.7290479664333055 0.09363887863404725 -0.22516520852298436
0.7290481900144214 0.1359421784482399 -0.20255290001941262
0.8617153507528194 0.1775266236605537 -0.176628217074095
0.8617153990524287 0.2087493954554668 -0.13858391437318443
0.8617153657393701 0.23195124706059478 -0.09517995952309186
0.8617154281093464 0.2462391531504412 -0.04808343745694417
0.8617157545387854 0.2510607426438494 0.0008959194239107559
0.861715709061578 0.24623833980571094 0.04987520880285844
0.8617152930008052 0.2319578839341615 0.09697400673477873
0.861715130815319 0.20876309630442988 0.14038172385051223
0.8617156446809772 0.17754075580823386 0.17842634680333017
0.8617169761658834 0.13948944081009854 0.20964052252380042
0.8617182390111138 0.09607883867056571 0.23282994974691487
0.8617191318804778 0.04897937617869088 0.24710830206347806
0.8617194406434918 2.3212868241441346e-11 0.2519300452302711
0.8617191320983796 -0.04897937618165983 0.24710830203103776
0.8617182387115275 -0.09607883869235163 0.23282994978590518
0.8617169763187047 -0.13948944078578654 0.2096405225294404
0.8617156447393248 -0.17754075580081258 0.1784263468095725
0.8617151305553686 -0.2087630962703211 0.14038172387006173
0.8617152933502679 -0.231957883832848 0.09697400670147142
0.8617157088561593 -0.24623833983957358 0.049875208774797494
0.8617157545661778 -0.2510607425804724 0.0008959194093092295
0.8617154282934746 -0.24623915319961112 -0.048083437502587076
0.861715365497669 -0.23195124702221517 -0.09517995952312451
0.8617153991535563 -0.20874939559037534 -0.13858391444429252
0.861715350934701 -0.1775266237412233 -0.17662821712328866
0.8617152140579748 -0.13948086373560267 -0.20784923471047817
0.861715176587043 -0.09607652011576893 -0.23105047966043538
0.8617151224896654 -0.04897951969517808 -0.24533713188411274
0.8617151537101423 1.0783092087877247e-11 -0.25015803408951515
0.8617151227199045 0.04897951974467283 -0.24533713194488557
0.8617151761504998 0.09607652004259067 -0.23105047952148564
0.8617152144327959 0.13948086376452154 -0.2078492348554147
0.9944015776562599 0.17864103148073296 -0.17774315367616453
0.9944016794966251 0.21005873660996016 -0.13945872526191516
0.9944015063074798 0.23341218957977156 -0.09578513792403189
0.9944016022349856 0.24778808139235317 -0.04839211349110077
0.9944019650172761 0.25263401058197826 0.0008956448189927458
0.9944018065531247 0.2477823552716428 0.050182881222217396
0.9944014381189241 0.23341854112699428 0.09757962574229277
0.9944013005210613 0.21008246444392495 0.1412625477189764
0.9944018655421341 0.17866184560359705 0.17954457145364705
0.9944028741899741 0.1403684808111858 0.21095135697237433
0.9944040541327793 0.09668330215410637 0.2342831848806876
0.9944049398578384 0.04928743845104836 0.24864990025490707
0.9944053050330401 -3.2604975459426216e-12 0.2534995935772499
0.9944049395237227 -0.049287438443176165 0.24864990027795575
0.9944040545788141 -0.096683302161715 0.2342831848728465
0.9944028739048387 -0.14036848079270187 0.2109513569013804
0.9944018655728327 -0.17866184566490537 0.17954457150420144
0.9944013007517325 -0.2100824644081627 0.14126254768394148
0.9944014377546767 -0.23341854129578243 0.09757962583018095
0.9944018067665105 -0.2477823551728856 0.05018288123606972
0.9944019651323627 -0.25263401069721714 0.0008956448397078908
0.9944016019310898 -0.24778808130740806 -0.04839211344418528
0.9944015066791946 -0.23341218965481905 -0.09578513794858293
0.9944016793011563 -0.21005873642428033 -0.13945872514500948
0.9944015776154849 -0.17864103146401558 -0.17774315368856855
0.9944012884221738 -0.14035864252082506 -0.20916338224899791
0.9944013602960521 -0.09667998494016691 -0.2325075397551608
0.9944012259184595 -0.049287041797657895 -0.2468840771387997
0.9944011797725293 5.9080479868326835e-12 -0.2517380986218171
0.9944012256367813 0.04928704179104463 -0.24688407712160224
0.9944013607493639 0.09667998495734703 -0.23250753980282715
0.9944012880595373 0.14035864252920913 -0.20916338221173084
1.1271144922671734 0.1786436119041507 -0.17774637696847392
1.1271146665177536 0.21006081445730163 -0.13946013719039296
1.1271146037711957 0.233419284458908 -0.09578802496667872
1.1271147583506727 0.2477947418774924 -0.04839378800755641
1.1271148007065777 0.2526348343895624 0.0008955993364200144
1.1271147244436697 0.2477851997320188 0.05018408991706112
1.1271145373376696 0.23342651325296992 0.09758349475945219
1.1271145862822072 0.21009257217247487 0.14126874129944236
1.1271149437062868 0.1786716694016267 0.17955192928813715
1.1271157976283912 0.14037474521352933 0.21095611482108467
1.1271167327467098 0.09668689048021953 0.23428524758049854
1.1271175492261256 0.04928858434767964 0.24864764423461067
1.1271178502828085 -7.352638059191709e-12 0.2534966092398591
1.1271175495461856 -0.04928858434205841 0.24864764420505403
1.1271167322288214 -0.09668689048779704 0.2342852476000224
1.1271157980675524 -0.14037474523885995 0.210956114870004
1.1271149435872798 -0.17867166935500578 0.17955192926106284
1.1271145861497516 -0.2100925721615369 0.14126874129589412
1.1271145375414982 -0.23342651313539053 0.09758349471126364
1.1271147243196549 -0.24778519975798877 0.050184089914955335
1.1271148006203326 -0.25263483436368767 0.0008955993175271784
1.1271147587422743 -0.24779474189016684 -0.04839378802915582
1.1271146032426202 -0.2334192844483057 -0.09578802496721557
1.1271146668868526 -0.21006081461770604 -0.13946013730612505
1.1271144921719043 -0.17864361192830688 -0.1777463769578858
1.1271144376020887 -0.14036253974691054 -0.2091698782157246
1.1271142449938372 -0.09668170307978395 -0.23251217251608006
1.1271143319415338 -0.04928787153634611 -0.24688941625900113
1.1271142108760372 1.0364134286802916e-11 -0.25174567813093424
1.1271143322669062 0.04928787154220544 -0.24688941624416708
1.127114244622864 0.0966817030752232 -0.23251217249864203
1.1271144377714355 0.14036253974097326 -0.20916987821212218
1.2598363292680816 0.1786436033470609 -0.1777466854512783
1.2598363361793843 0.21006128211565978 -0.13946081661712734
1.259836541475041 0.23341870645261342 -0.095788131825282
1.259836595944253 0.2477933278704434 -0.04839360983885898
1.2598365624997323 0.2526340768298503 0.000895738981686543
1.2598365395839093 0.24778582125333806 0.05018438220390161
1.2598365526795443 0.23342785715031308 0.09758399560468341
1.2598367521989504 0.21009562528071501 0.1412701502389898
1.2598369600713921 0.17867604562911504 0.17955438176190347
1.2598376540008653 0.1403777443428148 0.21095679937855888
1.2598384009420756 0.09668782508143192 0.23428196460458314
1.2598390503800072 0.04928879683422107 0.2486418112784459
1.2598392837075019 1.6940563442513937e-11 0.2534882490346488
1.2598390501329821 -0.049288796847095875 0.24864181131851373
1.2598384012511383 -0.09668782505741641 0.2342819645781385
1.2598376537917435 -0.14037774431700578 0.21095679933295564
1.2598369600729447 -0.17867604568585707 0.17955438178954086
1.2598367524209697 -0.2100956252897808 0.14127015024120507
1.2598365523525552 -0.23342785728955057 0.09758399565904392
1.2598365398262543 -0.24778582120408382 0.05018438220471899
1.2598365624621743 -0.2526340768801368 0.0008957390023723043
1.2598365957663382 -0.24779332784891334 -0.04839360983638178
1.2598365417765975 -0.2334187064719228 -0.09578813181967187
1.2598363358865738 -0.21006128195494692 -0.13946081649473535
1.259836329317202 -0.17864360332318407 -0.17774668548611938
1.2598363359755254 -0.14036196063371548 -0.20916957900177272
1.259836230346338 -0.09668207599258984 -0.23251381677977245
1.2598361767712871 -0.04928813517240346 -0.24689089733070366
1.2598363389140106 -1.7440301922496967e-11 -0.2517447890296538
1.2598361765546346 0.049288135180901735 -0.2468908973649242
1.2598362306938284 0.0966820759984723 -0.23251381676399022
1.2598363357346125 0.14036196064147063 -0.2091695790325734
1.3925581742472064 0.17864444529637627 -0.17774761142719225
1.3925582302859583 0.2100623269316213 -0.13946193008159777
1.3925583010509832 0.2334176742209737 -0.0957881664445189
1.3925583378543223 0.24779207307847098 -0.04839357372533683
1.3925583713195224 0.252634636849172 0.000895602447820706
1.392558375509671 0.24778716616365906 0.050184328684571365
1.3925586430685646 0.23342881496412304 0.09758384741503073
1.392558785048517 0.21009709620785363 0.14127031612269444
1.3925591972946427 0.1786793889900142 0.17955614686551938
1.392559545210401 0.14038058253622593 0.21095802190117352
1.3925601287117824 0.09668899532482965 0.23428011528352663
1.3925605916815114 0.04928875406306791 0.24863595283964468
1.3925608226480584 -1.5788501375916215e-11 0.2534826100590697
1.392560591792828 -0.049288754047280434 0.24863595278652104
1.3925601285754547 -0.09668899534807944 0.23428011533040122
1.3925595452546655 -0.1403805825559467 0.2109580219464587
1.3925591974518106 -0.1786793889359306 0.17955614685364107
1.3925587846806387 -0.21009709619324782 0.14127031610826457
1.3925586435056465 -0.2334288148293164 0.09758384736330068
1.392558375156415 -0.24778716621110577 0.05018432868617347
1.3925583714906387 -0.252634636824233 0.0008956024187009411
1.3925583378395245 -0.2477920730721679 -0.0483935737240201
1.392558300996912 -0.23341767423244597 -0.09578816648106406
1.3925582303240331 -0.2100623270673569 -0.1394619301770733
1.392558174300744 -0.17864444535366505 -0.17774761140489048
1.3925582175633628 -0.14036100978927307 -0.20916833446678487
1.3925582253961695 -0.09668218728476978 -0.23251456061780304
1.392558177715384 -0.04928844372802476 -0.24689210605071274
1.392558298426045 1.7587108101526344e-11 -0.2517423881583461
1.3925581778434466 0.04928844370802937 -0.24689210601663455
1.3925582251970579 0.09668218728747065 -0.23251456062935738
1.3925582177332618 0.14036100978824348 -0.20916833443720725
1.5252801311625055 0.17864422272115255 -0.1777474377811826
1.5252801609312083 0.21006247352420018 -0.13946214023453715
1.525280128085923 0.23341810931991067 -0.09578856374065264
1.5252801819095168 0.24779200673057575 -0.04839387823166494
1.5252801930571203 0.2526365095311323 0.000895056378769852
1.5252803522951905 0.24778788915595756 0.05018361433987495
1.525280528237168 0.23342929331390205 0.09758298709961144
1.525280915228042 0.21009836727903586 0.14126979744768092
1.5252813279505861 0.17867853366414493 0.1795537872212862
1.5252816070950537 0.14038210144103463 0.21095838818826224
1.5252819030382432 0.09669006349687125 0.23427938641113846
1.5252821696475356 0.04928883776982126 0.2486316613395473
1.525282279112371 9.280659861244752e-12 0.25347655943514186
1.5252821696176209 -0.04928883778630216 0.24863166142233908
1.5252819030625617 -0.09669006345601035 0.23427938631510725
1.5252816071323685 -0.14038210144634972 0.21095838819870802
1.5252813278247928 -0.17867853367604628 0.17955378717455067
1.5252809154230589 -0.21009836737060314 0.141269797516632
1.5252805280367967 -0.23342929336912233 0.0975829871188566
1.5252803524538407 -0.2477878892042747 0.050183614352425215
1.52528019300063 -0.25263650945105903 0.0008950564160366141
1.5252801818808424 -0.24779200685065073 -0.04839387825669178
1.5252801281229444 -0.2334181092076535 -0.09578856366855239
1.5252801609611404 -0.2100624734660646 -0.13946214019263958
1.5252801311251538 -0.1786442226171042 -0.17774743774419308
1.5252801615563252 -0.14036086073882445 -0.2091680720364141
1.5252801772648608 -0.09668202640782175 -0.23251403434076973
1.5252802807994619 -0.049288268922031836 -0.24689126159348154
1.5252801554711344 -2.2744006308331647e-11 -0.2517425854923327
1.5252802807780275 0.0492882689381925 -0.24689126161594746
1.5252801772739857 0.09668202642255128 -0.23251403435834847
1.5252801615382077 0.14036086072048454 -0.20916807201153972
1.6580021646079601 0.17864472932387312 -0.17774783296319813
1.6580020109021691 0.2100625476222824 -0.1394621840062929
1.6580020892987282 0.23341893444171738 -0.09578900001949084
1.6580020241000304 0.24779304676933608 -0.0483943515121304
1.6580021329643453 0.2526377285923417 0.0008945872267956878
1.658002250195117 0.24779051434163818 0.05018334126316708
1.6580025730923242 0.23343210855434282 0.09758284609451923
1.658002933954771 0.2100994599745966 0.14126879096168668
1.658003320123207 0.17867842805639242 0.17955186578564528
1.658003649634252 0.14038169825672436 0.2109562044019053
1.65800375691218 0.09668995710117184 0.234277885254355
1.6580036786804409 0.04928880092723236 0.24863061267529474
1.6580035955025587 -8.003338350769032e-12 0.2534768970305563
1.6580036786540595 -0.0492888009186507 0.24863061258310473
1.658003756947448 -0.09668995714566701 0.2342778853596483
1.6580036496196044 -0.14038169825154026 0.21095620439338636
1.6580033200928361 -0.17867842805291864 0.1795518658280402
1.6580029340162272 -0.21009945987072395 0.14126879088947839
1.6580025730271073 -0.23343210849963505 0.09758284607334082
1.6580022502586729 -0.2477905142962617 0.05018334125225084
1.6580021329213865 -0.25263772867726847 0.000894587191070473
1.6580020241172106 -0.24779304664251245 -0.04839435148502112
1.658002089288906 -0.23341893456615886 -0.09578900008715109
1.6580020109267426 -0.21006254768046595 -0.13946218404660649
1.6580021645584695 -0.17864472942093726 -0.17774783300899236
1.6580021213090808 -0.1403611350280177 -0.2091681689290685
1.658002305752579 -0.09668194656661568 -0.23251342348426698
1.658002191893678 -0.04928820649088399 -0.24689064571665378
1.6580023219965114 1.9383059891224865e-11 -0.25174230218008214
1.6580021918033747 0.04928820648009983 -0.24689064568833113
1.6580023058616264 0.09668194655357813 -0.2325134234695848
1.658002121226256 0.14036113503481037 -0.20916816895599882
1.790724052061466 0.1786447235386863 -0.17774754363743417
1.7907240255612924 0.21006381114680853 -0.13946288530445317
1.7907238981858982 0.23341915352658538 -0.0957891317624004
1.7907239246879674 0.24779374023379894 -0.04839462128157981
1.7907239514671984 0.2526403698603722 0.0008941388420459956
1.790724202079392 0.247792207399006 0.05018278302358191
1.7907245413076334 0.23343328712690148 0.09758209119703262
1.790724917271662 0.21010004090188122 0.14126772289442793
1.7907252614430873 0.17867867445586075 0.17955057562985602
1.7907254393116394 0.14037956763508325 0.21095205481584833
1.7907254172945473 0.09668817874046623 0.234274346097292
1.7907251747599944 0.049288681604766627 0.24863238327064036
1.7907251391715973 4.144531833983236e-12 0.25347946443889846
1.7907251748147206 -0.04928868161147438 0.24863238335465856
1.7907254172495597 -0.09668817869888101 0.23427434601019168
1.7907254392752638 -0.1403795676316418 0.21095205478429666
1.7907252615774945 -0.17867867447899635 0.17955057562140617
1.7907249170549475 -0.21010004097644633 0.1412677229428093
1.7907245415331297 -0.23343328722951137 0.09758209124018832
1.7907242018999276 -0.2477922073848512 0.05018278302878294
1.7907239515282554 -0.25264036983098476 0.0008941388672236005
1.7907239247115259 -0.24779374030699564 -0.0483946212927301
1.790723898145686 -0.23341915344994585 -0.09578913170541815
1.7907240255378014 -0.21006381105102945 -0.13946288524698103
1.7907240521578451 -0.17864472347078114 -0.17774754361197784
1.7907242135220522 -0.14036170777719195 -0.2091686795152291
1.7907241994592342 -0.09668211837632873 -0.23251337142261394
1.7907243156053283 -0.049288343747713285 -0.24689072084341154
1.7907242583861995 -1.100371049194221e-11 -0.2517417191505916
1.7907243157279005 0.04928834375296243 -0.2468907208827385
1.7907241992860992 0.0966821183741105 -0.2325133714188822
1.7907242136848023 0.14036170778621365 -0.2091686795162903
1.9234460157882625 0.17864483811499812 -0.17774711170343435
1.9234459285425642 0.21006383519806607 -0.13946241323944564
1.923445824789881 0.23341989304093658 -0.09578907091841571
1.9234457687959063 0.24779606648180397 -0.048395066679716804
1.9234458782152388 0.25264244238769507 0.0008937106831008517
1.9234461578492201 0.2477946721065924 0.05018242281966858
1.9234463837384175 0.23343551913604674 0.09758174118352897
1.9234468344625113 0.21009871538568364 0.14126556207438648
1.9234469461231023 0.17867676347685923 0.17954802266950262
1.923447034615023 0.1403782605243162 0.21095036176272736
1.9234468752290983 0.09668795431070829 0.23427487231179692
1.9234468928009776 0.0492887296956832 0.2486340040377114
1.92344677891538 -2.3514393543618336e-12 0.25348078376151956
1.9234468927430262 -0.04928872968801819 0.24863400395478835
1.9234468753044067 -0.09668795435534555 0.23427487239320502
1.92344703458382 -0.14037826053096408 0.2109503618111059
1.9234469460317138 -0.17867676345042713 0.1795480226651442
1.9234468346551938 -0.21009871531222984 0.14126556203071106
1.923446383502493 -0.2334355190197843 0.09758174113606902
1.9234461580178235 -0.24779467214111145 0.05018242280857691
1.9234458781401085 -0.25264244240076333 0.0008937106677080832
1.9234457687599864 -0.2477960664222699 -0.04839506667529961
1.9234458248636717 -0.23341989310671077 -0.09578907097167072
1.9234459284769478 -0.21006383530184358 -0.13946241329606357
1.9234460157526254 -0.1786448381729732 -0.17774711173164
1.9234460863358378 -0.1403618307252611 -0.2091682380184021
1.9234461756506163 -0.09668203658241055 -0.2325125196751274
1.9234462427625614 -0.0492883458608751 -0.24689019667100717
1.923446187082714 5.773403476986955e-12 -0.25174121598819926
1.923446242684039 0.0492883458607457 -0.24689019662835682
1.923446175784898 0.0966820365802715 -0.23251251968485026
1.9234460862209015 0.14036183071258584 -0.2091682380157158
2.0561679256535577 0.1786450083086009 -0.17774652048439032
2.056167868583531 0.21006458033430042 -0.1394623080305271
2.05616779110711 0.2334218603763548 -0.09578959698416463
2.0561678085406667 0.2477985109673317 -0.04839570798784833
2.0561678509925736 0.25264395404809453 0.0008931772081520818
2.0561680518984553 0.24779560256160155 0.05018184267967241
2.0561683368324024 0.23343479171297704 0.09758062794854587
2.056168395562328 0.21009785215855992 0.14126432810072098
2.0561685325088845 0.17867505271572076 0.17954603199931468
2.056168502347461 0.14037752221702005 0.21094945569539586
2.056168504181288 0.09668793308210533 0.23427513068806358
2.0561685507257574 0.04928855803198169 0.24863359674765892
2.0561685065246667 1.926928140349043e-12 0.2534816419791486
2.056168550815601 -0.04928855803734366 0.24863359683845887
2.056168504047815 -0.09668793303604027 0.23427513059672112
2.056168502446867 -0.14037752221309396 0.21094945565080575
2.056168532497433 -0.17867505272663084 0.1795460319968933
2.056168395482072 -0.21009785225726937 0.14126432815703746
2.0561683369490127 -0.23343479180784488 0.09758062798644088
2.05616805181166 -0.24779560254626093 0.050181842698255416
2.0561678509848456 -0.2526439540089902 0.0008931772183201204
2.056167808636605 -0.2477985110525421 -0.048395707993498335
2.056167790965939 -0.2334218602845356 -0.09578959692561397
2.056167868707445 -0.21006458025059033 -0.13946230798986636
2.05616792558563 -0.17864500824049642 -0.17774652043572384
2.056168003819642 -0.14036192753221144 -0.20916752083999168
2.0561680388502075 -0.09668197485720223 -0.23251147878466302
2.0561680313175144 -0.049288221777130804 -0.2468888756439048
2.05616805924938 -4.4497511302112225e-12 -0.25174115204495684
2.05616803134428 0.049288221776004296 -0.24688887568199921
2.056168038824561 0.09668197486536213 -0.2325114787841331
2.0561680038148973 0.14036192753927937 -0.20916752082612927
2.188889928828861 0.17864552957766108 -0.1777465589648429
2.1888898777183963 0.21006587065442836 -0.13946291959207377
2.1888899707643117 0.23342241047900897 -0.09578976661083846
2.1888899103841357 0.24779903280544185 -0.04839585194246764
2.1888899210334727 0.2526451109294727 0.0008929494609478925
2.1888898599811593 0.2477957515836649 0.05018142530562697
2.1888900017716453 0.23343261256719042 0.0975794162926625
2.188890034141142 0.21009732669898987 0.14126392555439302
2.1888901102451133 0.1786749648143157 0.1795459612965529
2.1888900632674706 0.14037771605972826 0.2109497432082296
2.1888901892057135 0.09668805558650333 0.23427527660734354
2.1888901236834384 0.04928849402336406 0.24863307741907498
2.188890276101113 1.2865479742540758e-12 0.25348171481153636
2.1888901235921256 -0.04928849402183346 0.24863307732657805
2.1888901893390895 -0.09668805562946964 0.23427527669961773
2.1888900631599713 -0.14037771606583707 0.2109497432590356
2.188890110296883 -0.17867496480498013 0.1795459612991237
2.188890034163331 -0.21009732659137478 0.14126392549557892
2.1888900017037 -0.23343261247921446 0.09757941625205598
2.1888898600518583 -0.24779575159541822 0.05018142528958222
2.1888899210418096 -0.2526451109749829 0.0008929494547232342
2.1888899103003006 -0.2477990327145174 -0.04839585193920467
2.1888899708931886 -0.23342241057586358 -0.09578976667109573
2.1888898775959382 -0.21006587072959887 -0.1394629196271376
2.1888899289305543 -0.17864552964929117 -0.17774655901553704
2.188889873255742 -0.14036166577508538 -0.20916666952834706
2.188889837880151 -0.0966820262269386 -0.23251122770436525
2.188889822612987 -0.04928822221458615 -0.24688841061450834
2.188889811555133 5.184738168121355e-12 -0.2517403369158475
2.1888898226188975 0.049288222210336456 -0.2468884105792098
2.188889837846676 0.09668202622706637 -0.23251122770167304
2.1888898733196887 0.14036166576988976 -0.2091666695437181
2.3216118712924865 0.1786449903450939 -0.1777462812542493
2.3216119783217577 0.21006486643077213 -0.1394623494495009
2.321612107290689 0.23342035548901252 -0.09578871836009846
2.3216120992340072 0.24779729438324305 -0.04839496083520977
2.321611955783418 0.25264633682225757 0.0008935401975773209
2.321611780678904 0.2477975075650453 0.0501821286848753
2.3216115793048044 0.23343494760940367 0.09758034291163842
2.321611636033102 0.21009674233805617 0.14126335154597777
2.321611623968352 0.17867498146754476 0.17954593057661442
2.3216116915814986 0.14037813415034717 0.21095020467395625
2.321611720109774 0.09668814606987754 0.2342751307286351
2.321611814813644 0.049288633591421056 0.24863312244690206
2.3216118163558748 -3.4619456089509154e-12 0.25348084631071516
2.321611814841751 -0.04928863358878026 0.24863312253341502
2.321611720059667 -0.09668814603619409 0.23427513064853098
2.3216116916344207 -0.14037813412802053 0.21095020460131714
2.3216116239466538 -0.17867498149465558 0.17954593059163737
2.321611636026951 -0.21009674242680915 0.14126335158762618
2.321611579334791 -0.23343494772082843 0.09758034296757698
2.321611780661388 -0.2477975075183298 0.050182128692764706
2.3216119557710035 -0.25264633680806137 0.000893540199796502
2.3216120992913476 -0.24779729443978968 -0.04839496082797135
2.3216121072153317 -0.23342035541891532 -0.09578871831560425
2.321611978403872 -0.21006486633589871 -0.13946234939825822
2.3216118712397122 -0.17864499029022224 -0.1777462812203945
2.3216117510231804 -0.14036121656912226 -0.20916641604534306
2.3216117293225924 -0.09668204148070729 -0.23251178918221643
2.321611610360298 -0.0492883990440808 -0.24688952495186828
2.321611762176411 -5.823416130737424e-12 -0.2517401478554185
2.3216116103535875 0.04928839905360435 -0.24688952499261965
2.321611729336777 0.09668204147073645 -0.23251178917379478
2.321611750993676 0.1403612165847976 -0.20916641604748015
2.4543338187604054 0.1786451092366244 -0.17774685237191926
2.454333963886905 0.21006403624121187 -0.13946212861585872
2.4543340406852585 0.2334184509848163 -0.09578793349198404
2.454334173632305 0.2477950096124302 -0.04839406022764937
2.4543340594848106 0.2526446820913563 0.0008943806178940832
2.4543338550855553 0.24779717474853696 0.050183076263263134
2.4543335461749347 0.23343667943145072 0.09758192484331558
2.454333159681149 0.21009840536937976 0.1412649126376931
2.454333098610176 0.1786760578889605 0.17954701315727095
2.4543331543454032 0.1403788674535942 0.21095092177730632
2.4543333128864635 0.09668842184868258 0.23427515951490527
2.4543333919186696 0.04928885953854954 0.24863326807469452
2.454333393845243 6.823382346689441e-14 0.253478736761267
2.4543333919562538 -0.04928885954107185 0.24863326799081348
2.454333312835844 -0.09668842187841774 0.23427515958570364
2.4543331543974674 -0.1403788674917233 0.2109509218608972
2.4543330985632825 -0.1786760578473976 0.17954701313034785
2.454333159702372 -0.21009840529545035 0.14126491260419288
2.4543335461835376 -0.23343667929905168 0.09758192477854916
2.4543338550602396 -0.24779717482386987 0.05018307625907294
2.454334059509325 -0.25264468207578844 0.0008943806153855725
2.454334173618352 -0.24779500958344228 -0.04839406023915717
2.4543340406854366 -0.23341845103056494 -0.09578793351938827
2.4543339638966124 -0.21006403635003018 -0.13946212867811203
2.4543338187268002 -0.1786451092742351 -0.17774685239335544
2.454333745156695 -0.14036129944820055 -0.20916696564460838
2.4543336051580633 -0.09668208816702725 -0.23251234074654986
2.45433364007382 -0.04928847420988381 -0.24689025285300126
2.45433349036064 4.481347261636939e-12 -0.2517401709347834
2.454333640046815 0.04928847420018722 -0.24689025280936594
2.4543336052006 0.09668208817679866 -0.23251234076576985
2.454333745110009 0.14036129942496792 -0.20916696563413517
2.587055802263888 0.17864480527768944 -0.1777470213984974
2.58705589257155 0.2100641771180011 -0.139462565716713
2.587056021236979 0.23341864957442335 -0.0957883341683018
2.587056077054794 0.247793179245319 -0.04839383607525447
2.5870561895297253 0.25264050734095195 0.0008947782380820105
2.5870559990887276 0.24779363199158724 0.0501834574362962
2.587055594827616 0.2334341132691676 0.09758250525703024
2.587055132235422 0.21010131607475213 0.1412682900457141
2.587054778358099 0.1786788584881784 0.17955015477386377
2.5870546758227735 0.14037962405296492 0.21095136056028407
2.5870547580963454 0.09668824281867802 0.23427350441002043
2.5870549677077084 0.04928843149060228 0.2486303513146212
2.5870550767070166 3.1282403670309996e-12 0.2534797984796486
2.5870549676615893 -0.049288431497856715 0.2486303513997639
2.5870547581782803 -0.09668824278369441 0.23427350433619581
2.5870546757208612 -0.1403796240159655 0.21095136048053165
2.5870547784398212 -0.17867885852716217 0.1795501547887975
2.5870551321998603 -0.21010131615337044 0.14126829008804342
2.5870555948242724 -0.23343411339229495 0.09758250531458282
2.5870559990920627 -0.24779363191753645 0.050183457439731904
2.5870561895448962 -0.2526405073517897 0.0008947782452240167
2.587056076991476 -0.24779317927441713 -0.04839383606937478
2.587056021335225 -0.2334186495251337 -0.09578833413917599
2.587055892464787 -0.2100641770178952 -0.13946256565810497
2.5870558023591492 -0.178644805238648 -0.17774702137106285
2.5870556094006534 -0.14036189857812895 -0.20916837539307986
2.5870555560388286 -0.09668217259276972 -0.23251288591440847
2.5870555107891122 -0.04928822286761945 -0.24688978679887777
2.587055456458217 -2.4878211102667525e-12 -0.25174209669446
2.5870555108170445 0.04928822287090667 -0.24688978683893065
2.58705555599211 0.0966821725880147 -0.23251288589907673
2.587055609475924 0.14036189859559126 -0.20916837539848032
2.719777629313296 0.17864463220952587 -0.17774753964814802
2.71977788331862 0.21006257130237962 -0.13946197978027308
2.7197778898946257 0.23341826347722913 -0.0957884168267822
2.719778061063829 0.2477928594700521 -0.048393927297221875
2.719778130220145 0.25263767993775443 0.000894988049425369
2.7197780872566444 0.2477904316170875 0.05018370448545119
2.719777736884617 0.2334335162240022 0.09758359543733322
2.7197773706593176 0.21010089786368902 0.14126950280892808
2.7197767813466354 0.17867951752221117 0.17955225434008196
2.7197764281859302 0.14038231532026071 0.2109560209211266
2.719776269824658 0.09669035017027561 0.23427736226174953
2.719776419807427 0.04928908910737825 0.24862997337376297
2.71977646223964 -3.1308164925472725e-12 0.25347378643276397
2.7197764198229266 -0.04928908909379845 0.24862997328664824
2.719776269795894 -0.09669035021041274 0.23427736233948218
2.7197764282121004 -0.14038231535019893 0.21095602099191377
2.719776781341479 -0.17867951749272148 0.1795522543395859
2.71977737062415 -0.21010089777317928 0.14126950275197003
2.7197777369360687 -0.23343351612101002 0.09758359538982282
2.7197780872126587 -0.24779043167615167 0.05018370448102169
2.719778130236947 -0.25263767994215547 0.0008949880394970335
2.719778061093041 -0.24779285942938598 -0.0483939272962654
2.719777889819854 -0.23341826353778908 -0.0957884168645431
2.719777883392851 -0.21006257138408047 -0.13946197982891326
2.7197776292575933 -0.17864463225967722 -0.17774753968254847
2.7197776160450724 -0.14036137113788488 -0.20916831601374802
2.719777462582068 -0.0966820125276361 -0.23251339271729357
2.7197774122808744 -0.04928823424471954 -0.2468907392954577
2.7197775101216775 -5.711730874249605e-14 -0.2517428585900373
2.719777412283251 0.04928823424478842 -0.24689073926201474
2.7197774625773996 0.09668201252740745 -0.23251339272498592
2.719777616024192 0.1403613711325195 -0.20916831601676564
2.8524996365272033 0.17864420699000644 -0.17774787489927676
2.8524996452602984 0.21006209455915364 -0.13946226551798963
2.852499768457019 0.23341811022756853 -0.09578886248521891
2.8524998837167623 0.24779215935266646 -0.048394177562471684
2.8524999994143734 0.2526360759328966 0.0008948569536537612
2.85250005897096 0.24778797092966803 0.05018351251414225
2.852500026175915 0.23343009852555188 0.09758316468833979
2.852499526841586 0.21009822900433364 0.1412695433294823
2.8524989073934313 0.17868067639676852 0.1795554879465637
2.8524983613144412 0.14038375382725737 0.21095962465328177
2.852497977829595 0.09669065982440761 0.23427888620437154
2.852497549182573 0.04928915484506941 0.24863066394667543
2.8524975097318466 3.282979621033833e-12 0.25347417074294776
2.8524975491793514 -0.04928915485556264 0.24863066403342118
2.852497977808755 -0.09669065978721114 0.23427888612772507
2.852498361372279 -0.140383753793124 0.21095962458561557
2.8524989073212716 -0.17868067642039218 0.17955548794462334
2.8524995269286078 -0.21009822909631537 0.14126954339247436
2.8525000260960254 -0.23343009861753608 0.09758316473184758
2.8525000590256124 -0.2477879708746192 0.050183512515892446
2.852499999391598 -0.25263607592677206 0.0008948569623526198
2.852499883724596 -0.2477921593919842 -0.048394177564579074
2.852499768461161 -0.23341811016854982 -0.0957888624490744
2.8524996452740257 -0.21006209448565774 -0.13946226547381135
2.8524996365045223 -0.17864420693634472 -0.17774787486751067
2.8524995616898225 -0.14036103190234994 -0.20916879602929084
2.852499467484524 -0.09668212469024996 -0.23251478924058736
2.852499477364463 -0.049288497513368924 -0.2468927941480101
2.8524993883765797 2.588428893304701e-12 -0.2517432518218335
2.8524994773486925 0.049288497514459115 -0.2468927941747711
2.852499467525933 0.09668212469034691 -0.23251478923575045
2.852499561648884 0.14036103189962487 -0.20916879602212268
2.9852215746311312 0.1786441812978545 -0.1777482909170677
2.985221578321869 0.2100628078634106 -0.13946316809416223
2.985221615896562 0.23341834078927878 -0.09578947427369527
2.9852216210155302 0.2477927798153783 -0.04839489454145803
2.985221844536657 0.2526350182658355 0.000894288047422151
2.9852220363382393 0.247784537514087 0.05018267739659072
2.985221993403148 0.23342418688525304 0.09758154516209558
2.985221737325569 0.21009577155166564 0.1412697330135977
2.9852212703553516 0.17868041101266166 0.1795574640476667
2.985220539617921 0.1403818859440985 0.21095967214985692
2.985219501866859 0.0966899755976198 0.23428116716832703
2.9852188154557693 0.0492889417075579 0.24863451917385265
2.9852183555444847 -1.7649115327507981e-12 0.25347986226216396
2.98521881544474 -0.04928894169897213 0.24863451908881654
2.985219501898045 -0.09668997562925191 0.2342811672421851
2.985220539570349 -0.14038188598125972 0.21095967221692746
2.985221270416674 -0.1786804109933495 0.17955746404958564
2.9852217372645953 -0.2100957714579325 0.1412697329533519
2.9852219934476825 -0.23342418680243848 0.09758154511859271
2.9852220363237705 -0.24778453756808502 0.05018267739876169
2.9852218445376946 -0.2526350182669593 0.000894288040103599
2.9852216210195923 -0.2477927797843414 -0.0483948945408644
2.9852216159087965 -0.23341834084295457 -0.09578947430176388
2.9852215782802363 -0.2100628079363451 -0.1394631681419296
2.9852215746847763 -0.1786441813467278 -0.17774829094844902
2.9852214355876607 -0.1403615621711304 -0.2091700700327702
2.9852215344698756 -0.09668226702090797 -0.23251546585049343
2.98522142733475 -0.0492883253981076 -0.24689252602063805
2.9852213964686225 -1.5083513007696086e-12 -0.2517445978710419
2.9852214273706816 0.049288325395551696 -0.24689252599882222
2.985221534412596 0.0966822670224783 -0.23251546585342292
2.9852214356441236 0.14036156217686002 -0.2091700700420332
3.1179434290564307 0.17864394750174925 -0.17774849787313213
3.117943562636082 0.2100607659471316 -0.1394618752958294
3.117943473722494 0.2334198125317222 -0.09579004079935481
3.117943572909945 0.24779500695588996 -0.04839569228162667
3.1179436666541704 0.25263422014739556 0.0008938157493209779
3.117943731531549 0.24778363555163122 0.05018225806731904
3.1179439315084276 0.23342351241482676 0.09758126956525509
3.1179440543846346 0.21009273110165835 0.14126826866151895
3.117943690586843 0.17867324086590997 0.17955266270651493
3.1179425815541517 0.14037713167329877 0.2109579137475656
3.1179412212268787 0.09668809310501623 0.23428500696313206
3.1179398566045484 0.04928867352468428 0.24864403815663233
3.1179394288508226 -1.141506085765678e-12 0.25349272831125047
3.117939856609617 -0.04928867353218292 0.24864403823931924
3.1179412212114603 -0.09668809307507231 0.23428500689929763
3.117942581569611 -0.14037713163505672 0.2109579136785474
3.11794369055886 -0.17867324088734599 0.17955266270605094
3.117944054429186 -0.21009273119379768 0.1412682687157617
3.1179439314681936 -0.23342351248986326 0.09758126961015061
3.1179437315682113 -0.247783635496077 0.05018225806679926
3.1179436666114597 -0.2526342201489807 0.0008938157558263335
3.1179435729525755 -0.24779500698106238 -0.04839569228482318
3.1179434736694223 -0.2334198124808763 -0.09579004077917433
3.1179435626931995 -0.2100607658751095 -0.13946187524505693
3.117943429003079 -0.17864394746309842 -0.17774849784407204
3.1179434002440205 -0.1403626308901516 -0.20917179552146326
3.1179434327502733 -0.09668179692248258 -0.23251420529461364
3.1179434607647254 -0.04928786148094758 -0.2468911953113483
3.1179433057323678 -2.9185247155412926e-12 -0.25174750948795904
3.117943460738784 0.0492878614866658 -0.2468911953323239
3.1179434327911237 0.09668179692001064 -0.23251420528527084
3.117943400195627 0.14036263088552534 -0.20917179551149617
3.2506450207098103 0.17864432688264575 -0.17774883912357647
3.2506450080662956 0.21006238719011558 -0.13946328108077566
3.2506454056612366 0.23341868977444255 -0.09578998734806635
3.250645380883097 0.24779239328466887 -0.048395207050021295
3.25064507116362 0.25263679890477697 0.0008937798245176855
3.2506452513835646 0.24778706468971243 0.05018226091132934
3.250645816622651 0.2334223827724497 0.09757980819253274
3.250646108106094 0.2100840944196967 0.14126269503503897
3.2506455988321017 0.17866358221663378 0.17954613346913445
3.250644210708567 0.14036982311937404 0.21095402973205582
3.2506424570976304 0.09668416170511894 0.2342870189246482
3.250641100393485 0.04928800547502876 0.24865608163994224
3.2506405342183693 3.073696589709592e-13 0.2535100788002639
3.2506411004298204 -0.0492880054674519 0.24865608155800398
3.2506424570685115 -0.09668416173018454 0.2342870189781317
3.2506442107356044 -0.14036982317073615 0.21095402981665495
3.250645598798126 -0.17866358219085407 0.17954613346625842
3.250646108120748 -0.21008409432850464 0.14126269497922364
3.250645816623511 -0.23342238269970078 0.09757980815401561
3.2506452513787165 -0.24778706475254936 0.050182260913287
3.2506450711756183 -0.2526367989018156 0.0008937798195007508
3.250645380857585 -0.2477923932616001 -0.048395207048358986
3.2506454056916145 -0.233418689818449 -0.09578998736601178
3.250645008062354 -0.21006238726099297 -0.13946328112815343
3.250645020703066 -0.17864432691606008 -0.1777488391468177
3.250645235551141 -0.14036242743813318 -0.20917139146472274
3.2506450774811655 -0.09668174728356996 -0.23251401677988953
3.2506450422187396 -0.04928795723044876 -0.24689127279641576
3.250645245129346 3.56754545875613e-12 -0.25174632962240584
3.2506450421901696 0.04928795722539815 -0.2468912727770082
3.2506450774954523 0.09668174729024459 -0.2325140167937702
3.250645235552587 0.14036242744040203 -0.2091713914732997
3.3832731872029926 0.17610710382593667 -0.17521130344191513
3.3832730584966635 0.207079439272705 -0.13747056814197817
3.383273533655391 0.23009702254094394 -0.09441436692512904
3.383273406666334 0.24426891567877673 -0.04769385727324881
3.3832729343414214 0.24905162717129156 0.0008939666891107487
3.383273286745699 0.24426856330554944 0.049481760131544386
3.3832738508419267 0.23010125531022296 0.0962036512378464
3.3832742108668805 0.2070913510845522 0.13926393292547085
3.3832735555696725 0.17611518979890883 0.1770014728321371
3.383272017743428 0.13837059923303954 0.20796909489200605
3.3832703108000235 0.09530941627984596 0.2309774447914097
3.3832692026300233 0.04858741624416113 0.24514456017634695
3.3832688483246924 3.1457947648076986e-12 0.24993128146594928
3.3832692026160083 -0.04858741625636372 0.24514456026786086
3.3832703108473092 -0.09530941625834546 0.2309774447465856
3.3832720176596895 -0.13837059917182926 0.20796909478748096
3.3832735556537004 -0.17611518981605845 0.1770014728188703
3.3832742108000553 -0.2070913512153038 0.13926393300838
3.3832738509364444 -0.23010125535551318 0.0962036512683331
3.38327328665301 -0.24426856322836016 0.04948176013023379
3.383272934401488 -0.2490516271945874 0.0008939666968813895
3.3832734066155634 -0.24426891568821368 -0.047693857269253306
3.383273533708602 -0.23009702251229092 -0.09441436691096017
3.383273058431648 -0.207079439212159 -0.13747056810282618
3.3832731872725046 -0.17610710377569794 -0.17521130340344446
3.383273147016011 -0.13836549775354684 -0.2061826265309791
3.3832732025841428 -0.09530819206294974 -0.2291983304811205
3.383273186862921 -0.04858790065303027 -0.24337108480237174
3.3832729796924585 -5.410095244753508e-13 -0.24815304034154304
3.383273186906441 0.048587900652578335 -0.2433710847997069
3.383273202516171 0.09530819206950376 -0.22919833049831567
3.3832731470936497 0.13836549773334397 -0.20618262649259284
3.5158441390987916 0.16414661365744032 -0.16325077959095669
3.5158442259858753 0.1930168338410368 -0.12807415463930596
3.515844151209278 0.2144687384116296 -0.08794062958567406
3.515844077241912 0.22767911436540897 -0.04439329718347692
3.5158440629146583 0.23214018690794588 0.0008944976434318152
3.515844058809848 0.22768018097775616 0.04618241598886891
3.5158447948496554 0.21447431478360646 0.08973115316597789
3.515845176078819 0.19302453287343121 0.12986583027789456
3.515844024148249 0.16415208136401865 0.16504065316484404
3.5158428229470786 0.12897192985844727 0.19390667017767463
3.515841672492236 0.08883629668844546 0.21535482339814765
3.515840489528921 0.045287869986088684 0.2285619064880834
3.5158407631652704 1.9404139664847153e-12 0.23302285449017116
3.5158404895084363 -0.04528786996997171 0.22856190644357635
3.5158416724866366 -0.08883629669023858 0.21535482337403358
3.515842823001271 -0.1289719299534765 0.1939066703211882
3.515844024095527 -0.16415208133901255 0.16504065316511515
3.5158451760997815 -0.193024532703986 0.1298658301687016
3.5158447947944613 -0.21447431482041307 0.08973115317018678
3.5158440588685638 -0.22768018098726578 0.046182415976223926
3.5158440628838274 -0.23214018696339417 0.0008944976324711264
3.5158440772561232 -0.22767911430833246 -0.04439329717877337
3.515844151195931 -0.21446873846081285 -0.08794062961702633
3.515844226034953 -0.19301683388745283 -0.128074154670657
3.515844139056902 -0.16414661369129432 -0.163250779615901
3.515844099086866 -0.12896903576084173 -0.19211987098025932
3.5158441605560666 -0.08883547558273046 -0.21357175565435674
3.515844200592279 -0.04528785119676352 -0.22678113024780264
3.5158438796112828 1.835811001776025e-12 -0.2312412925098824
3.5158442005571655 0.0452878511975315 -0.22678113022446228
3.5158441605968203 0.08883547557936093 -0.21357175566521597
3.5158440990432616 0.12896903576003688 -0.19211987099861233
3.648435850024725 0.14191032119340846 -0.14101408562387654
3.6484358929762837 0.16686920141200898 -0.1106023110542074
3.6484357544212997 0.18541527213525627 -0.07590556219337712
3.6484360919602787 0.19683753264999007 -0.0382578206537047
3.6484360526929134 0.20069415725634768 0.0008950429030551339
3.648436241401296 0.19683891988374594 0.04004805279130049
3.6484368699218126 0.18542082277888092 0.07769705752491737
3.6484368967458747 0.1668752846584337 0.1123940793034985
3.6484361730659716 0.14191561913499645 0.14280519267381397
3.648434375315774 0.11149967379897047 0.1677589607067218
3.6484331245103374 0.07680114082184253 0.1863016655697906
3.6484334014103346 0.03915301426001684 0.19772264378929388
3.6484328930078447 4.668695926931374e-12 0.2015778385318295
3.648433401436852 -0.03915301426680431 0.19772264383907395
3.648433124456108 -0.07680114082552854 0.18630166559842368
3.6484343753231205 -0.11149967371166784 0.1677589605536101
3.648436173067184 -0.14191561916428447 0.14280519267333439
3.6484368967853578 -0.1668752847684751 0.11239407937502739
3.6484368699102925 -0.1854208227812331 0.0776970575439833
3.648436241369454 -0.19683891980104062 0.040048052789996035
3.648436052722955 -0.20069415730275403 0.000895042912695779
3.6484360919881462 -0.1968375326161722 -0.03825782064477798
3.648435754373202 -0.18541527215381556 -0.07590556219766811
3.6484358929726945 -0.16686920133617636 -0.11060231100099774
3.6484358499812233 -0.14191032114586105 -0.1410140855773041
3.6484359502794503 -0.11149810274859884 -0.16597243653220958
3.64843617836771 -0.07680135636564074 -0.18451856206924283
3.648436048605921 -0.03915292854464036 -0.19593879720079413
3.6484363813379597 3.4077609244205464e-12 -0.19979560125829118
3.6484360486181893 0.03915292854443392 -0.19593879718127835
3.648436178397496 0.07680135638856497 -0.18451856212284393
3.648435950221996 0.11149810270617873 -0.16597243647413842
3.781082519384052 0.11228136487299796 -0.11138397019094737
3.7810824781615024 0.13202903729129956 -0.0873218846028442
3.781082844895252 0.14670386257857113 -0.05987002461257862
3.7810831190875707 0.15574092728784103 -0.030082668202508264
3.781083472588289 0.15879336824752405 0.0008953466619239344
3.781083299673588 0.15574226297727725 0.03187348061142075
3.781083225883863 0.1467060538597098 0.06166106842011635
3.781083381779309 0.13203347779686628 0.0891140841718535
3.781082903264859 0.11228482464864051 0.11317530864207712
3.7810820063668458 0.08822143123781061 0.1329213436119114
3.7810808562152203 0.06076707998613763 0.14759146417944283
3.7810793993150953 0.030978151432830118 0.156623269214236
3.7810795080542094 1.2948145268773667e-11 0.1596740198602497
3.781079399232408 -0.03097815139743006 0.1566232691125799
3.781080856292008 -0.06076708000003969 0.14759146419997865
3.7810820063507857 -0.08822143133315569 0.13292134375205142
3.781082903297373 -0.11228482462713295 0.11317530861630631
3.7810833816984757 -0.13203347768374368 0.08911408407183677
3.781083225912456 -0.14670605390634012 0.061661068417927026
3.781083299687195 -0.15574226302625394 0.03187348062000253
3.781083472590907 -0.15879336818575251 0.00089534666116315
3.781083119040768 -0.15574092730060746 -0.03008266821237132
3.7810828449815546 -0.1467038626151997 -0.05987002463396541
3.7810824781395342 -0.13202903738584595 -0.0873218846586832
3.781082519461218 -0.11228136492368626 -0.11138397022109738
3.781082239646225 -0.0882183692180244 -0.13113051940725795
3.7810821991380497 -0.06076569749679564 -0.14580377911165612
3.7810824587824685 -0.03097817492256721 -0.15484014492894788
3.7810822212681447 -2.9164501632362895e-12 -0.15789051342422877
3.781082458774735 0.030978174914875634 -0.1548401448912906
3.781082199100424 0.06076569750162813 -0.14580377912540876
3.7810822397391166 0.08821836924141482 -0.13113051946095236
3.91379027326048 0.07957114962291754 -0.07867323986876873
3.91379059184035 0.09356637044385144 -0.06162157699942619
3.9137906787149013 0.10396563005477776 -0.042167000824269246
3.9137908610681804 0.11036979192992297 -0.02105748388464126
3.913790978542979 0.11253263010833561 0.0008958091261694499
3.9137912111715414 0.11037116598719753 0.02284923990944626
3.9137914179408373 0.10396877481491137 0.04395930293377096
3.9137918359693162 0.09357075961301663 0.06341455418173296
3.9137914492693824 0.07957592448012869 0.08046653853444438
3.9137903839436383 0.0625213075545571 0.09445815352059857
3.9137887499374475 0.04306456396935184 0.10485334579790362
3.9137873561870284 0.02195365171206372 0.11125292356636443
3.9137862128730374 -4.874804283345871e-12 0.11341228092835082
3.9137873562110483 -0.0219536517230837 0.11125292358138335
3.913788749821444 -0.04306456396091738 0.10485334575847687
3.9137903839506323 -0.06252130751359615 0.09445815343316982
3.9137914492325447 -0.07957592451310024 0.08046653855003723
3.9137918360394135 -0.09357075967820584 0.06341455422577548
3.9137914179540907 -0.10396877483386262 0.04395930295074696
3.9137912111629083 -0.11037116595329903 0.022849239907560753
3.9137909785147356 -0.11253263016158928 0.000895809132103282
3.91379086112808 -0.11036979200935071 -0.021057483880967495
3.9137906786299976 -0.10396562999704521 -0.04216700077801435
3.913790591836941 -0.0935663702495552 -0.061621576878989184
3.913790273200849 -0.07957114959548071 -0.07867323988167826
3.9137901753877697 -0.06251858899016975 -0.09266737411716292
3.913789999219571 -0.043063489233315676 -0.10306568171361762
3.9137896261082403 -0.021953420832821608 -0.10946810316221885
3.9137894875682226 1.1281301626428478e-11 -0.11162991190967522
3.9137896261129255 0.021953420852523765 -0.10946810316181757
3.9137899992648477 0.04306348922447524 -0.10306568164031034
3.9137901752950106 0.06251858897735486 -0.09266737405066004
4.0465658080879106 0.04863674980960485 -0.04773905185014599
4.046565931553822 0.057191053326259615 -0.037316281876748424
4.046566296620874 0.06354817917538454 -0.025425225778140822
4.046566631333171 0.06746352555921323 -0.012522498358292354
4.046567113210823 0.0687867343446231 0.0008961244149328687
4.046567371450496 0.06746623553011047 0.014315012142341942
4.046567515137706 0.06355223940814178 0.027218141625653242
4.046567056779495 0.05719521716921332 0.039109243324607815
4.046566440661043 0.04863946688786975 0.049530812014561845
4.046565503919586 0.038215154502760446 0.05808322324264099
4.046564726276831 0.026322409739683836 0.06443718316458354
4.046563917140126 0.01341876573789853 0.06834948809030038
4.046564022927169 -4.189911111019702e-12 0.06967118513932566
4.046563917171446 -0.01341876577513219 0.06834948841058411
4.046564726255143 -0.026322409625102117 0.06443718300056862
4.046565503802424 -0.038215154358658965 0.058083223025403447
4.046566440773996 -0.04863946699429104 0.049530812099380796
4.046567056881803 -0.05719521741547176 0.039109243524377474
4.046567515159529 -0.06355223934745294 0.02721814166397459
4.04656737132559 -0.06746623507858654 0.014315012067214613
4.046567113193524 -0.06878673420666363 0.0008961243767348134
4.046566631434946 -0.06746352604372814 -0.012522498451328502
4.046566296716884 -0.0635481792869956 -0.025425225754031975
4.046565931431033 -0.057191053072854936 -0.03731628165920105
4.046565808177865 -0.048636749817904765 -0.047739051852710046
4.046565613256359 -0.038213389507740315 -0.05629263663054209
4.046565556885547 -0.02632178470047392 -0.0626487376284869
4.046565597996474 -0.01341877640518526 -0.06656316112232083
4.046565602501073 -2.7823675482495232e-12 -0.06788483390596399
4.046565598097265 0.013418776426131498 -0.0665631613652733
4.046565556903361 0.026321784696662003 -0.06264873776811244
4.046565613239491 0.03821338931409046 -0.056292636403813406
4.1794369858234575 0.025375359235669793 -0.024478475972834694
4.1794372058819285 0.02983872179845893 -0.01904095831808775
4.179437302447023 0.033155277054824524 -0.01283703351653165
4.179437493157395 0.03519780237197229 -0.006105295994451546
4.179437517445607 0.03588745099160686 0.0008956031476416291
4.179437563012216 0.03519785133175179 0.007896507589778478
4.179437324179724 0.03315542318992385 0.01462827682829196
4.1794372097425185 0.029838685431793986 0.02083210630468447
4.17943693420154 0.025375687413712725 0.026269931509942692
4.179436818585444 0.019937181082042316 0.03073209789662221
4.179436585357486 0.013732896326253402 0.034047975634258494
4.179436642839798 0.007000979239260863 0.03608990294028952
4.17943630120399 -2.7353362268175483e-11 0.03677870507246223
4.179436642908349 -0.007000979299592444 0.036089902997585854
4.1794365853791415 -0.013732896410960137 0.03404797577136367
4.179436818568267 -0.019937180969319256 0.030732097669190484
4.179436934064245 -0.02537568726454841 0.026269931241621615
4.179437209759751 -0.029838685569684595 0.020832106274574807
4.179437324238428 -0.033155423447668544 0.014628276862567752
4.179437563076098 -0.03519785140815425 0.007896507564946306
4.179437517442731 -0.03588745085748014 0.0008956030965370378
4.179437493174968 -0.0351978022224008 -0.006105296048455275
4.179437302469046 -0.03315527736527323 -0.012837033712114258
4.179437205974171 -0.029838722060958285 -0.019040958486287136
4.179436985676172 -0.025375359077558387 -0.02447847579179778
4.179436928844876 -0.019937208988657168 -0.028941067546935623
4.1794368380900915 -0.013732906009034561 -0.032256914387356644
4.179436759941677 -0.007000913901405908 -0.034298600660544645
4.1794367469072755 4.292951854885942e-11 -0.03498808305321385
4.179436759869346 0.007000913976992134 -0.03429860056498188
4.179436838082664 0.013732906111389673 -0.03225691438812504
4.179436928880187 0.019937209264276085 -0.02894106787303221
4.312284124354412 0.01668099975770831 -0.015785255632418282
4.312268261704192 0.019624918933811974 -0.012198154685385544
4.312268107519629 0.021800628830799494 -0.008121884747933758
4.312267883506308 0.02313966194533662 -0.003701063608595592
4.312267828682014 0.023591767187709094 0.0008958977963235907
4.312267756456834 0.023139505861350038 0.005492844518345364
4.312267969575041 0.02180034513486465 0.009913628997891891
4.312268090231404 0.019624821548212174 0.013990002758442774
4.312283955609259 0.01668058562978487 0.01757683246756681
4.312268144595155 0.013093883384377166 0.020521217254417353
4.3122680819120776 0.00901764285143627 0.022696976828978168
4.312267850083418 0.004596880753735322 0.024036179478746162
4.312268115800511 1.7293935996941736e-12 0.02448898533082351
4.312267850025973 -0.0045968807464153855 0.024036179424559722
4.312268081908893 -0.009017642849181337 0.022696976782377837
4.312268144646361 -0.01309388363535639 0.020521217665114215
4.312283955770487 -0.016680585958203178 0.017576832967523742
4.312268090236996 -0.01962482155990249 0.013990002993033447
4.312267969527896 -0.021800344891066845 0.00991362909240012
4.312267756390367 -0.02313950558519749 0.005492844605317201
4.312267828666445 -0.023591766970181137 0.0008958978917120431
4.312267883481221 -0.023139661831198914 -0.00370106352189055
4.312268107515243 -0.02180062853964907 -0.008121884605645537
4.312268261651948 -0.01962491885572908 -0.012198154658399366
4.312284124508531 -0.01668100000753532 -0.015785255878449863
4.312268302572005 -0.013093917541332219 -0.018729195551210616
4.312268145718617 -0.00901766180591873 -0.020904926430389468
4.312268061443154 -0.004596950750785195 -0.02224429372136952
4.312268020308136 -2.5012953116120853e-11 -0.022696432128456772
4.312268061520607 0.004596950716667708 -0.022244293881302765
4.3122681457451835 0.009017661758552337 -0.020904926544281794
4.312268302551333 0.013093917306013777 -0.01872919531928283
0.03402816210555411 -0.06259178326899634 -0.06169318651867094
0.03408745261794689 -0.04429016216126992 -0.07581748299057307
0.03408834453426915 -0.022923835806621617 -0.08466853594732622
0.034088604490364306 3.2810466736203235e-11 -0.087686199636707
0.03408834519952199 0.02292383568289465 -0.08466853529782876
0.0340874513393867 0.04429016251267192 -0.07581748385150462
0.03402816127517318 0.06259178357333811 -0.06169318701078894
0.03408750555106646 -0.07671608310950387 -0.04339153749763809
0.01468378374563651 -0.04169852789287902 -0.04079982778689995
0.014727041987056926 -0.022595158527849622 -0.053660584501840476
0.014728882362492486 7.07955953719206e-11 -0.058158959502841195
0.014727039407921638 0.02259515904039089 -0.05366058573147194
0.014683782427569167 0.041698528189322556 -0.04079982827848932
0.034087506178889025 0.07671608241534437 -0.043391537408243745
0.03408865350110363 -0.08556700550499051 -0.022025150138572685
0.014726966937001939 -0.05455933389489785 -0.02169645574902787
0.004488347226950789 -0.020839117461359285 -0.01994034601793341
0.004507739180700152 1.8241188513018938e-10 -0.028654952629877748
0.004488345143360843 0.02083911792321223 -0.01994034638824261
0.014726969197755773 0.05455933268237754 -0.021696455298808644
0.03408865466656881 0.08556700451042962 -0.02202514989709227
0.03408881547692129 -0.08858478215313698 0.0008986754706688514
0.014729089855054747 -0.05905758772151323 0.0008987616324693833
0.004507651257622692 -0.02955376228555501 0.0008988100107472759
0.0015001973900907514 5.927309280601484e-11 0.0008988155988433426
0.004507650167636266 0.029553762385594744 0.0008988099805526058
0.014729087288814014 0.05905758882006634 0.0008987615636278905
0.03408881574774166 0.08858478206223391 0.0008986755441277531
0.03408893405482783 -0.08556687523984509 0.02382248049595864
0.014726903702913107 -0.05455943290748309 0.023494021664235764
0.004488422165662022 -0.02083912313743363 0.021737957054565903
0.004507756881181736 -1.5661121245491234e-10 0.030452606530013793
0.004488422552202242 0.02083912302672111 0.021737956883428756
0.014726904457765089 0.054559432605614244 0.023494021340610335
0.03408893471398122 0.08556687468128354 0.023822480344751634
0.03408765634657157 -0.07671619843802827 0.045188971041668476
0.014684122987123878 -0.04169850067797568 0.04259732449071056
0.014727178539869086 -0.02259521297934939 0.05545820803448891
0.014729391895845581 -1.9287093914323597e-10 0.05995643194951219
0.01472718146373574 0.022595212173911344 0.05545820668145205
0.014684123537686748 0.041698500466568665 0.04259732432081674
0.03408765784620014 0.07671619761154426 0.04518897061606135
0.03402846840085877 -0.06259188939199627 0.0634906103509429
0.03408785011938261 -0.044290283240628774 0.07761493716769508
0.03408909829349013 -0.02292386644250562 0.08646582549586222
0.03408925659400112 -1.0144127680684496e-10 0.08948353340201828
0.03408909841942211 0.02292386626096267 0.08646582541174651
0.034087850599162556 0.04429028301900134 0.0776149368086995
0.034028466395311145 0.06259189060282411 0.06349061161458107
4.334265987517837 -0.012291793838123491 -0.011395885618449043
4.334207999250683 -0.008703501414602225 -0.014174663820599528
4.334206955524386 -0.004501638724143799 -0.01591543210645338
4.334206768064091 -6.887590006066148e-11 -0.01650785087592667
4.334206955454671 0.004501638569882874 -0.01591543196550854
4.334207999160601 0.008703501229398544 -0.014174663614090628
4.334265987455983 0.012291793817004858 -0.011395885651701666
4.334207869370813 -0.015070404772036586 -0.007807476381636789
4.346435698350799 -0.007952240237088909 -0.007056195756346378
4.346350765525357 -0.004316909074118362 -0.009546623521032315
4.346345849182511 -4.145443340433597e-11 -0.010407029154926356
4.346350765482935 0.004316908985869705 -0.009546623502858325
4.346435698307066 0.007952240176573745 -0.00705619576572637
4.334207869395992 0.01507040475693628 -0.007807476421914874
4.334206813850052 -0.016811238499708458 -0.00360562767183468
4.346350679343101 -0.01044260222545647 -0.003420831898116959
4.352714291440481 -0.0037630180639581655 -0.0028669243359409156
4.352609973989772 -1.3315817185978902e-11 -0.004570083963236901
4.352714291460203 0.003763018053007447 -0.0028669243614157496
4.346350679344373 0.010442602166059581 -0.0034208319358214707
4.334206813880497 0.016811238653655223 -0.0036056277789295287
4.334206540911193 -0.017403554472523022 0.0008960344350688805
4.346345770684165 -0.011303059220930922 0.0008960732253027849
4.352609911927365 -0.005466153402037127 0.0008961017047523221
4.354499792107263 -1.1900909044322504e-12 0.0008961024115251989
4.3526099119393455 0.0054661533925318955 0.0008961016869977499
4.346345770674609 0.011303059210383094 0.0008960731668286787
4.334206540936396 0.017403554524427524 0.0008960343349242591
4.334206796881372 -0.01681123592282171 0.005397696167490381
4.346350624527197 -0.010442603686527302 0.005212974393681757
4.352714300783064 -0.0037630345503434294 0.004659149131021598
4.352609875541375 3.0345180041543954e-12 0.006362207294692649
4.352714300804293 0.0037630345653649738 0.004659149128896024
4.346350624495734 0.010442603666260942 0.005212974327296042
4.334206796834317 0.01681123585246632 0.005397696045381983
4.334207786977667 -0.015070443357663086 0.009599555108514273
4.346435653221413 -0.007952243040467422 0.008848359405377674
4.346350614316879 -0.004316858709165158 0.011338658604828111
4.34634587719696 3.3029000025061117e-12 0.012199358768791609
4.346350614278467 0.0043168586949007895 0.01133865853776839
4.346435653147967 0.00795224299968727 0.0088483593194961
4.334207786887843 0.015070443194142165 0.00959955494582084
4.334265892117655 -0.012291722350454925 0.013187898470691007
4.334207869532513 -0.00870348233984192 0.015966739224152083
4.334206965567608 -0.004501701655731937 0.01770773180467691
4.334206535554372 8.859819580749534e-12 0.018299672263749494
4.334206965555875 0.0045017016793827734 0.017707731809959708
4.334207869524852 0.008703482338706235 0.01596673914748573
4.334265892078771 0.01229172242023334 0.013187898480841271
-0.3 -0.6 0.25919235705950994
0.11299999999999999 -0.6 0.25919235705950994
0.11299991169608993 -0.29999990744924343 0.2591889132656816
-0.3 -0.3 0.25919235705950994
0.11299999999999999 -0.6 0.25919235705950994
0.526 -0.6 0.25919235705950994
0.5259994158961493 -0.30000009966079605 0.2592071530361541
0.11299990130632098 -0.29999990556186273 0.25918890026197333
0.526 -0.6 0.25919235705950994
0.9390000000000001 -0.6 0.25919235705950994
0.938998865126871 -0.3000015909395671 0.2592208241154493
0.5259993541463663 -0.3000001095111934 0.25920716670834804
0.9389999999999998 -0.6 0.25919235705950994
1.3519999999999999 -0.6 0.25919235705950994
1.3519992798292721 -0.3000037336248042 0.2592199763548911
0.9389987575590875 -0.3000016689974431 0.2592208181056198
1.3519999999999999 -0.6 0.25919235705950994
1.765 -0.6 0.25919235705950994
1.7650000798710181 -0.3000038854808447 0.2592138591365729
1.3519991338849364 -0.3000037521674634 0.25921997169506783
1.765 -0.6 0.25919235705950994
2.178 -0.6 0.25919235705950994
2.178000079208213 -0.3000034643928741 0.2592187599569519
1.7649998776326608 -0.30000388426399827 0.2592138626935817
2.178 -0.6 0.25919235705950994
2.5909999999999997 -0.6 0.25919235705950994
2.590999715898819 -0.30000375332071927 0.2592131890882065
2.1779998660099804 -0.3000034558631503 0.2592187652034892
2.591 -0.6 0.25919235705950994
3.004 -0.6 0.25919235705950994
3.004000732551014 -0.30000418242741644 0.25922380902047126
2.590999494313381 -0.3000038013822395 0.25921318183196745
3.004 -0.6 0.25919235705950994
3.417 -0.6 0.25919235705950994
3.4170011853430857 -0.30000088027659627 0.2592267367178461
3.0040005928077296 -0.30000417927922074 0.2592238243582589
3.417 -0.6 0.25919235705950994
3.8299999999999996 -0.6 0.25919235705950994
3.8300001553007306 -0.2999998661796072 0.2592087706237507
3.4170010763631553 -0.30000081990288213 0.25922673485017445
3.83 -0.6 0.25919235705950994
4.243 -0.6 0.25919235705950994
4.243000017624797 -0.29999998477223905 0.25918859002807243
3.830000128207674 -0.2999998857662518 0.2592087395077012
4.243 -0.6 0.25919235705950994
4.656000000000001 -0.6 0.25919235705950994
4.656000000000001 -0.3 0.25919235705950994
4.243000016811411 -0.2999999786468462 0.2591885994501824
-0.3 -0.3 0.25919235705950994
0.11299991404544764 -0.2999999092570873 0.2591889149066147
0.11299980646519829 1.9190021553274118e-08 0.2591912542006975
-0.3 0.0 0.25919235705950994
0.11299989721836694 -0.29999989797258625 0.2591888973309552
0.5259993849087462 -0.30000012861167485 0.25920715880031614
0.5259998781764501 1.5799469383009015e-07 0.2591839083656158
0.11299978536524868 1.1676182195393918e-08 0.25919126492823563
0.5259992746906558 -0.3000001802998775 0.2592071805130366
0.9389987572111579 -0.3000018629066635 0.2592208202337745
0.9389993257554049 -2.8765681722820703e-06 0.2595293772995939
0.5259998806149498 2.042736041452448e-07 0.25918388333506864
0.9389986344648542 -0.30000212425516737 0.2592208134220775
1.3519991587456528 -0.3000044505304811 0.2592199813742117
1.3520002243585632 -8.854950330412043e-06 0.25947086243549383
0.9389993547645757 -3.7693254036163507e-06 0.25952581180749346
1.3519990923178338 -0.3000045436557767 0.2592199754485792
1.7650000863345083 -0.3000047076854455 0.2592138552727488
1.7649996857464982 -8.22946034103975e-06 0.2594899418109072
1.35199994324217 -8.840040260623611e-06 0.25947067367048493
1.764999895640433 -0.300004670115189 0.2592138586588358
2.1780000787187865 -0.3000041995837501 0.2592187602271342
2.177999837796692 -7.384732562465167e-06 0.2595233678900324
1.7649994986858535 -8.184389059235849e-06 0.2594890412768524
2.1779998723093357 -0.30000417518966543 0.2592187659102741
2.590999678666194 -0.30000451220868374 0.2592131822371393
2.5910002480216905 -7.4253695152320495e-06 0.2595211673987301
2.177999698439517 -7.374773976904038e-06 0.25952241056063846
2.590999430408252 -0.3000046220644486 0.2592131707059297
3.004000734991133 -0.30000502099505755 0.2592238144612608
3.003999376778523 -1.0406330445867238e-05 0.25947156124952164
2.5910001308127355 -7.3865079546858165e-06 0.2595223123808599
3.0040007276485543 -0.30000492452515753 0.25922383985974606
3.4170013501518577 -0.3000012109026227 0.25922672885479026
3.416998709388674 -7.093902920364974e-07 0.25961084554938363
3.0039989094998796 -1.0792483256891407e-05 0.2594720408122638
3.417001156970766 -0.3000009534753322 0.2592267320011555
3.8300001575597413 -0.2999998548009739 0.2592087845134038
3.830000110479829 -6.176714989682625e-09 0.2591810017164735
3.4169994596269815 -2.781410549753332e-07 0.25961102206515557
3.8300001301599864 -0.29999988452597265 0.2592087430772016
4.2430000190477974 -0.299999989786426 0.25918858714595694
4.243000150002725 -6.438727535417523e-09 0.2591926183906093
3.830000094285972 -3.702823924995059e-10 0.25918103919242574
4.243000015814246 -0.2999999837858888 0.25918860335082694
4.656000000000001 -0.3 0.25919235705950994
4.656000000000001 0.0 0.25919235705950994
4.243000141183004 -6.382648918871431e-09 0.25919260082203266
-0.3 0.0 0.25919235705950994
0.11299980920315525 3.1433502206072846e-09 0.259191254936298
0.11299994193209903 0.30000003199930575 0.2591900318840132
-0.3 0.3 0.25919235705950994
0.11299979372342185 -6.333085618583686e-09 0.25919126644058227
0.5259998790299223 1.587030341851033e-07 0.2591839088256947
0.5259999925297077 0.2999996413665285 0.2592054681344337
0.11299993751885279 0.3000000502278718 0.25919003190953976
0.5259998700578922 2.591018108127287e-07 0.2591838823126157
0.9389991051752682 -2.4198207706295194e-06 0.2595285193034981
0.9389993440600506 0.3000013803849643 0.25923769770067334
0.5259999999963685 0.29999952366365606 0.2592055027915682
0.9390012854796858 8.187923658633136e-06 0.2599301662137043
1.3520007872728261 8.62175146872829e-06 0.26046077009533536
1.3520002755612113 0.30000530821994725 0.2592575818971381
0.9389992361977209 0.3000021184808605 0.2592377220520023
1.352000470419401 8.725482528986708e-06 0.26046052351721644
1.7650000813183377 8.226921715290997e-06 0.2602773926575307
1.7650004369880885 0.3000046093796289 0.259260825052235
1.3520000654305375 0.3000052010854102 0.25925758992328585
1.7649998688399677 8.152347542620844e-06 0.26028068888070977
2.178000056052079 7.339994226893807e-06 0.2601317448766554
2.1780001978555794 0.300004189233096 0.2592446520284501
1.7650002159815683 0.30000458750148096 0.2592608139491941
2.177999891426787 7.333552742227276e-06 0.26013415422442154
2.591000228257513 7.475124268698009e-06 0.26014180410170235
2.5909996834737736 0.30000459940113017 0.2592569666861947
2.177999965362994 0.30000415829376126 0.25924465181852546
2.591000086119835 7.445221446572814e-06 0.26013883329412074
3.0039987976699916 1.015023816038149e-05 0.2606123238693217
3.004000652062982 0.3000050215524852 0.2592560802122805
2.5909994177254703 0.30000470722892736 0.2592569849875307
3.0039992493812178 1.074462941087996e-05 0.2606190106430766
3.416998401826385 9.322243544153891e-07 0.25961115050556743
3.4170013742032768 0.3000012297394118 0.2592433001129734
3.004000621779413 0.3000049499732924 0.2592560859628429
3.416999626576691 7.822587162289642e-09 0.259609888802407
3.8300001135374306 -6.8238065697306556e-09 0.25918100070715144
3.8300001639542973 0.29999979417460526 0.25920306118525427
3.4170011779635017 0.30000094737659894 0.25924326729945935
3.8300000957950644 -1.4464628551828952e-08 0.2591810359437314
4.243000151240849 -2.3713412417541372e-08 0.259192618040036
4.2430000355326625 0.29999996565797304 0.2591913604825415
3.8300001428206705 0.2999998355963901 0.2592030298732175
4.243000142064087 -2.2571905071163713e-08 0.25919260326044463
4.656000000000001 0.0 0.25919235705950994
4.656000000000001 0.3 0.25919235705950994
4.243000030872854 0.29999996057259987 0.2591913639860209
-0.3 0.29999999999999993 0.25919235705950994
0.11299994397939679 0.30000002650279944 0.25919002852347806
0.11299999999999999 0.5999999999999999 0.25919235705950994
-0.3 0.5999999999999999 0.25919235705950994
0.11299994137853801 0.30000004271113234 0.25919003280101205
0.5259999851074028 0.2999996522778252 0.25920546311657644
0.526 0.5999999999999999 0.25919235705950994
0.11299999999999999 0.5999999999999999 0.25919235705950994
0.5259999978135377 0.2999995805469518 0.25920549251111863
0.9389994149310829 0.3000013085854973 0.2592376983801024
0.9390000000000001 0.5999999999999999 0.25919235705950994
0.526 0.5999999999999999 0.25919235705950994
0.9389993276836519 0.30000152014370896 0.25923772495601244
1.3520002745839246 0.3000044504380153 0.2592576061833858
1.3519999999999999 0.5999999999999999 0.25919235705950994
0.9389999999999998 0.5999999999999999 0.25919235705950994
1.3520000411806234 0.30000435176108436 0.25925761333191144
1.765000410030167 0.3000037965638018 0.25926083375424347
1.765 0.5999999999999999 0.25919235705950994
1.3519999999999999 0.5999999999999999 0.25919235705950994
1.7650001888738887 0.3000037996020681 0.2592608262158155
2.1780001887381095 0.3000034544191742 0.25924467205750096
2.178 0.5999999999999999 0.25919235705950994
1.765 0.5999999999999999 0.25919235705950994
2.177999959288726 0.3000034360365255 0.25924467685545355
2.5909997206873334 0.30000383514685586 0.25925697282799076
2.5909999999999997 0.5999999999999999 0.25919235705950994
2.178 0.5999999999999999 0.25919235705950994
2.5909994902165723 0.3000038801807528 0.2592569838793381
3.0040006515334494 0.30000419178110654 0.25925612348463545
3.004 0.5999999999999999 0.25919235705950994
2.591 0.5999999999999999 0.25919235705950994
3.0040004966314244 0.30000420198104377 0.25925612848229024
3.4170012009482464 0.30000089061019247 0.25924327954373466
3.417 0.5999999999999999 0.25919235705950994
3.004 0.5999999999999999 0.25919235705950994
3.4170010969743663 0.30000082492562513 0.25924326047660995
3.830000159345946 0.29999981252294056 0.25920305311806013
3.8299999999999996 0.5999999999999999 0.25919235705950994
3.417 0.5999999999999999 0.25919235705950994
3.8300001396552976 0.299999839571446 0.25920302687907115
4.243000033214583 0.2999999632090648 0.2591913624311678
4.243 0.5999999999999999 0.25919235705950994
3.83 0.5999999999999999 0.25919235705950994
4.243000032562859 0.29999995669405466 0.2591913618536755
4.656000000000001 0.29999999999999993 0.25919235705950994
4.656000000000001 0.5999999999999999 0.25919235705950994
4.243 0.5999999999999999 0.25919235705950994
CELLS 1200 6000
4 0 1 33 32
4 1 2 34 33
4 2 3 35 34
4 3 4 36 35
4 4 5 37 36
4 5 6 38 37
4 6 7 39 38
4 7 8 40 39
4 8 9 41 40
4 9 10 42 41
4 10 11 43 42
4 11 12 44 43
4 12 13 45 44
4 13 14 46 45
4 14 15 47 46
4 15 16 48 47
4 16 17 49 48
4 17 18 50 49
4 18 19 51 50
4 19 20 52 51
4 20 21 53 52
4 21 22 54 53
4 22 23 55 54
4 23 24 56 55
4 24 25 57 56
4 25 26 58 57
4 26 27 59 58
4 27 28 60 59
4 28 29 61 60
4 29 30 62 61
4 30 31 63 62
4 31 0 32 63
4 32 33 65 64
4 33 34 66 65
4 34 35 67 66
4 35 36 68 67
4 36 37 69 68
4 37 38 70 69
4 38 39 71 70
4 39 40 72 71
4 40 41 73 72
4 41 42 74 73
4 42 43 75 74
4 43 44 76 75
4 44 45 77 76
4 45 46 78 77
4 46 47 79 78
4 47 48 80 79
4 48 49 81 80
4 49 50 82 81
4 50 51 83 82
4 51 52 84 83
4 52 53 85 84
4 53 54 86 85
4 54 55 87 86
4 55 56 88 87
4 56 57 89 88
4 57 58 90 89
4 58 59 91 90
4 59 60 92 91
4 60 61 93 92
4 61 62 94 93
4 62 63 95 94
4 63 32 64 95
4 64 65 97 96
4 65 66 98 97
4 66 67 99 98
4 67 68 100 99
4 68 69 101 100
4 69 70 102 101
4 70 71 103 102
4 71 72 104 103
4 72 73 105 104
4 73 74 106 105
4 74 75 107 106
4 75 76 108 107
4 76 77 109 108
4 77 78 110 109
4 78 79 111 110
4 79 80 112 111
4 80 81 113 112
4 81 82 114 113
4 82 83 115 114
4 83 84 116 115
4 84 85 117 116
4 85 86 118 117
4 86 87 119 118
4 87 88 120 119
4 88 89 121 120
4 89 90 122 121
4 90 91 123 122
4 91 92 124 123
4 92 93 125 124
4 93 94 126 125
4 94 95 127 126
4 95 64 96 127
4 96 97 129 128
4 97 98 130 129
4 98 99 131 130
4 99 100 132 131
4 100 101 133 132
4 101 102 134 133
4 102 103 135 134
4 103 104 136 135
4 104 105 137 136
4 105 106 138 137
4 106 107 139 138
4 107 108 140 139
4 108 109 141 140
4 109 110 142 141
4 110 111 143 142
4 111 112 144 143
4 112 113 145 144
4 113 114 146 145
4 114 115 147 146
4 115 116 148 147
4 116 117 149 148
4 117 118 150 149
4 118 119 151 150
4 119 120 152 151
4 120 121 153 152
4 121 122 154 153
4 122 123 155 154
4 123 124 156 155
4 124 125 157 156
4 125 126 158 157
4 126 127 159 158
4 127 96 128 159
4 128 129 161 160
4 129 130 162 161
4 130 131 163 162
4 131 132 164 163
4 132 133 165 164
4 133 134 166 165
4 134 135 167 166
4 135 136 168 167
4 136 137 169 168
4 137 138 170 169
4 138 139 171 170
4 139 140 172 171
4 140 141 173 172
4 141 142 174 173
4 142 143 175 174
4 143 144 176 175
4 144 145 177 176
4 145 146 178 177
4 146 147 179 178
4 147 148 180 179
4 148 149 181 180
4 149 150 182 181
4 150 151 183 182
4 151 152 184 183
4 152 153 185 184
4 153 154 186 185
4 154 155 187 186
4 155 156 188 187
4 156 157 189 188
4 157 158 190 189
4 158 159 191 190
4 159 128 160 191
4 160 161 193 192
4 161 162 194 193
4 162 163 195 194
4 163 164 196 195
4 164 165 197 196
4 165 166 198 197
4 166 167 199 198
4 167 168 200 199
4 168 169 201 200
4 169 170 202 201
4 170 171 203 202
4 171 172 204 203
4 172 173 205 204
4 173 174 206 205
4 174 175 207 206
4 175 176 208 207
4 176 177 209 208
4 177 178 210 209
4 178 179 211 210
4 179 180 212 211
4 180 181 213 212
4 181 182 214 213
4 182 183 215 214
4 183 184 216 215
4 184 185 217 216
4 185 186 218 217
4 186 187 219 218
4 187 188 220 219
4 188 189 221 220
4 189 190 222 221
4 190 191 223 222
4 191 160 192 223
4 192 193 225 224
4 193 194 226 225
4 194 195 227 226
4 195 196 228 227
4 196 197 229 228
4 197 198 230 229
4 198 199 231 230
4 199 200 232 231
4 200 201 233 232
4 201 202 234 233
4 202 203 235 234
4 203 204 236 235
4 204 205 237 236
4 205 206 238 237
4 206 207 239 238
4 207 208 240 239
4 208 209 241 240
4 209 210 242 241
4 210 211 243 242
4 211 212 244 243
4 212 213 245 244
4 213 214 246 245
4 214 215 247 246
4 215 216 248 247
4 216 217 249 248
4 217 218 250 249
4 218 219 251 250
4 219 220 252 251
4 220 221 253 252
4 221 222 254 253
4 222 223 255 254
4 223 192 224 255
4 224 225 257 256
4 225 226 258 257
4 226 227 259 258
4 227 228 260 259
4 228 229 261 260
4 229 230 262 261
4 230 231 263 262
4 231 232 264 263
4 232 233 265 264
4 233 234 266 265
4 234 235 267 266
4 235 236 268 267
4 236 237 269 268
4 237 238 270 269
4 238 239 271 270
4 239 240 272 271
4 240 241 273 272
4 241 242 274 273
4 242 243 275 274
4 243 244 276 275
4 244 245 277 276
4 245 246 278 277
4 246 247 279 278
4 247 248 280 279
4 248 249 281 280
4 249 250 282 281
4 250 251 283 282
4 251 252 284 283
4 252 253 285 284
4 253 254 286 285
4 254 255 287 286
4 255 224 256 287
4 256 257 289 288
4 257 258 290 289
4 258 259 291 290
4 259 260 292 291
4 260 261 293 292
4 261 262 294 293
4 262 263 295 294
4 263 264 296 295
4 264 265 297 296
4 265 266 298 297
4 266 267 299 298
4 267 268 300 299
4 268 269 301 300
4 269 270 302 301
4 270 271 303 302
4 271 272 304 303
4 272 273 305 304
4 273 274 306 305
4 274 275 307 306
4 275 276 308 307
4 276 277 309 308
4 277 278 310 309
4 278 279 311 310
4 279 280 312 311
4 280 281 313 312
4 281 282 314 313
4 282 283 315 314
4 283 284 316 315
4 284 285 317 316
4 285 286 318 317
4 286 287 319 318
4 287 256 288 319
4 288 289 321 320
4 289 290 322 321
4 290 291 323 322
4 291 292 324 323
4 292 293 325 324
4 293 294 326 325
4 294 295 327 326
4 295 296 328 327
4 296 297 329 328
4 297 298 330 329
4 298 299 331 330
4 299 300 332 331
4 300 301 333 332
4 301 302 334 333
4 302 303 335 334
4 303 304 336 335
4 304 305 337 336
4 305 306 338 337
4 306 307 339 338
4 307 308 340 339
4 308 309 341 340
4 309 310 342 341
4 310 311 343 342
4 311 312 344 343
4 312 313 345 344
4 313 314 346 345
4 314 315 347 346
4 315 316 348 347
4 316 317 349 348
4 317 318 350 349
4 318 319 351 350
4 319 288 320 351
4 320 321 353 352
4 321 322 354 353
4 322 323 355 354
4 323 324 356 355
4 324 325 357 356
4 325 326 358 357
4 326 327 359 358
4 327 328 360 359
4 328 329 361 360
4 329 330 362 361
4 330 331 363 362
4 331 332 364 363
4 332 333 365 364
4 333 334 366 365
4 334 335 367 366
4 335 336 368 367
4 336 337 369 368
4 337 338 370 369
4 338 339 371 370
4 339 340 372 371
4 340 341 373 372
4 341 342 374 373
4 342 343 375 374
4 343 344 376 375
4 344 345 377 376
4 345 346 378 377
4 346 347 379 378
4 347 348 380 379
4 348 349 381 380
4 349 350 382 381
4 350 351 383 382
4 351 320 352 383
4 352 353 385 384
4 353 354 386 385
4 354 355 387 386
4 355 356 388 387
4 356 357 389 388
4 357 358 390 389
4 358 359 391 390
4 359 360 392 391
4 360 361 393 392
4 361 362 394 393
4 362 363 395 394
4 363 364 396 395
4 364 365 397 396
4 365 366 398 397
4 366 367 399 398
4 367 368 400 399
4 368 369 401 400
4 369 370 402 401
4 370 371 403 402
4 371 372 404 403
4 372 373 405 404
4 373 374 406 405
4 374 375 407 406
4 375 376 408 407
4 376 377 409 408
4 377 378 410 409
4 378 379 411 410
4 379 380 412 411
4 380 381 413 412
4 381 382 414 413
4 382 383 415 414
4 383 352 384 415
4 384 385 417 416
4 385 386 418 417
4 386 387 419 418
4 387 388 420 419
4 388 389 421 420
4 389 390 422 421
4 390 391 423 422
4 391 392 424 423
4 392 393 425 424
4 393 394 426 425
4 394 395 427 426
4 395 396 428 427
4 396 397 429 428
4 397 398 430 429
4 398 399 431 430
4 399 400 432 431
4 400 401 433 432
4 401 402 434 433
4 402 403 435 434
4 403 404 436 435
4 404 405 437 436
4 405 406 438 437
4 406 407 439 438
4 407 408 440 439
4 408 409 441 440
4 409 410 442 441
4 410 411 443 442
4 411 412 444 443
4 412 413 445 444
4 413 414 446 445
4 414 415 447 446
4 415 384 416 447
4 416 417 449 448
4 417 418 450 449
4 418 419 451 450
4 419 420 452 451
4 420 421 453 452
4 421 422 454 453
4 422 423 455 454
4 423 424 456 455
4 424 425 457 456
4 425 426 458 457
4 426 427 459 458
4 427 428 460 459
4 428 429 461 460
4 429 430 462 461
4 430 431 463 462
4 431 432 464 463
4 432 433 465 464
4 433 434 466 465
4 434 435 467 466
4 435 436 468 467
4 436 437 469 468
4 437 438 470 469
4 438 439 471 470
4 439 440 472 471
4 440 441 473 472
4 441 442 474 473
4 442 443 475 474
4 443 444 476 475
4 444 445 477 476
4 445 446 478 477
4 446 447 479 478
4 447 416 448 479
4 448 449 481 480
4 449 450 482 481
4 450 451 483 482
4 451 452 484 483
4 452 453 485 484
4 453 454 486 485
4 454 455 487 486
4 455 456 488 487
4 456 457 489 488
4 457 458 490 489
4 458 459 491 490
4 459 460 492 491
4 460 461 493 492
4 461 462 494 493
4 462 463 495 494
4 463 464 496 495
4 464 465 497 496
4 465 466 498 497
4 466 467 499 498
4 467 468 500 499
4 468 469 501 500
4 469 470 502 501
4 470 471 503 502
4 471 472 504 503
4 472 473 505 504
4 473 474 506 505
4 474 475 507 506
4 475 476 508 507
4 476 477 509 508
4 477 478 510 509
4 478 479 511 510
4 479 448 480 511
4 480 481 513 512
4 481 482 514 513
4 482 483 515 514
4 483 484 516 515
4 484 485 517 516
4 485 486 518 517
4 486 487 519 518
4 487 488 520 519
4 488 489 521 520
4 489 490 522 521
4 490 491 523 522
4 491 492 524 523
4 492 493 525 524
4 493 494 526 525
4 494 495 527 526
4 495 496 528 527
4 496 497 529 528
4 497 498 530 529
4 498 499 531 530
4 499 500 532 531
4 500 501 533 532
4 501 502 534 533
4 502 503 535 534
4 503 504 536 535
4 504 505 537 536
4 505 506 538 537
4 506 507 539 538
4 507 508 540 539
4 508 509 541 540
4 509 510 542 541
4 510 511 543 542
4 511 480 512 543
4 512 513 545 544
4 513 514 546 545
4 514 515 547 546
4 515 516 548 547
4 516 517 549 548
4 517 518 550 549
4 518 519 551 550
4 519 520 552 551
4 520 521 553 552
4 521 522 554 553
4 522 523 555 554
4 523 524 556 555
4 524 525 557 556
4 525 526 558 557
4 526 527 559 558
4 527 528 560 559
4 528 529 561 560
4 529 530 562 561
4 530 531 563 562
4 531 532 564 563
4 532 533 565 564
4 533 534 566 565
4 534 535 567 566
4 535 536 568 567
4 536 537 569 568
4 537 538 570 569
4 538 539 571 570
4 539 540 572 571
4 540 541 573 572
4 541 542 574 573
4 542 543 575 574
4 543 512 544 575
4 544 545 577 576
4 545 546 578 577
4 546 547 579 578
4 547 548 580 579
4 548 549 581 580
4 549 550 582 581
4 550 551 583 582
4 551 552 584 583
4 552 553 585 584
4 553 554 586 585
4 554 555 587 586
4 555 556 588 587
4 556 557 589 588
4 557 558 590 589
4 558 559 591 590
4 559 560 592 591
4 560 561 593 592
4 561 562 594 593
4 562 563 595 594
4 563 564 596 595
4 564 565 597 596
4 565 566 598 597
4 566 567 599 598
4 567 568 600 599
4 568 569 601 600
4 569 570 602 601
4 570 571 603 602
4 571 572 604 603
4 572 573 605 604
4 573 574 606 605
4 574 575 607 606
4 575 544 576 607
4 576 577 609 608
4 577 578 610 609
4 578 579 611 610
4 579 580 612 611
4 580 581 613 612
4 581 582 614 613
4 582 583 615 614
4 583 584 616 615
4 584 585 617 616
4 585 586 618 617
4 586 587 619 618
4 587 588 620 619
4 588 589 621 620
4 589 590 622 621
4 590 591 623 622
4 591 592 624 623
4 592 593 625 624
4 593 594 626 625
4 594 595 627 626
4 595 596 628 627
4 596 597 629 628
4 597 598 630 629
4 598 599 631 630
4 599 600 632 631
4 600 601 633 632
4 601 602 634 633
4 602 603 635 634
4 603 604 636 635
4 604 605 637 636
4 605 606 638 637
4 606 607 639 638
4 607 576 608 639
4 608 609 641 640
4 609 610 642 641
4 610 611 643 642
4 611 612 644 643
4 612 613 645 644
4 613 614 646 645
4 614 615 647 646
4 615 616 648 647
4 616 617 649 648
4 617 618 650 649
4 618 619 651 650
4 619 620 652 651
4 620 621 653 652
4 621 622 654 653
4 622 623 655 654
4 623 624 656 655
4 624 625 657 656
4 625 626 658 657
4 626 627 659 658
4 627 628 660 659
4 628 629 661 660
4 629 630 662 661
4 630 631 663 662
4 631 632 664 663
4 632 633 665 664
4 633 634 666 665
4 634 635 667 666
4 635 636 668 667
4 636 637 669 668
4 637 638 670 669
4 638 639 671 670
4 639 608 640 671
4 640 641 673 672
4 641 642 674 673
4 642 643 675 674
4 643 644 676 675
4 644 645 677 676
4 645 646 678 677
4 646 647 679 678
4 647 648 680 679
4 648 649 681 680
4 649 650 682 681
4 650 651 683 682
4 651 652 684 683
4 652 653 685 684
4 653 654 686 685
4 654 655 687 686
4 655 656 688 687
4 656 657 689 688
4 657 658 690 689
4 658 659 691 690
4 659 660 692 691
4 660 661 693 692
4 661 662 694 693
4 662 663 695 694
4 663 664 696 695
4 664 665 697 696
4 665 666 698 697
4 666 667 699 698
4 667 668 700 699
4 668 669 701 700
4 669 670 702 701
4 670 671 703 702
4 671 640 672 703
4 672 673 705 704
4 673 674 706 705
4 674 675 707 706
4 675 676 708 707
4 676 677 709 708
4 677 678 710 709
4 678 679 711 710
4 679 680 712 711
4 680 681 713 712
4 681 682 714 713
4 682 683 715 714
4 683 684 716 715
4 684 685 717 716
4 685 686 718 717
4 686 687 719 718
4 687 688 720 719
4 688 689 721 720
4 689 690 722 721
4 690 691 723 722
4 691 692 724 723
4 692 693 725 724
4 693 694 726 725
4 694 695 727 726
4 695 696 728 727
4 696 697 729 728
4 697 698 730 729
4 698 699 731 730
4 699 700 732 731
4 700 701 733 732
4 701 702 734 733
4 702 703 735 734
4 703 672 704 735
4 704 705 737 736
4 705 706 738 737
4 706 707 739 738
4 707 708 740 739
4 708 709 741 740
4 709 710 742 741
4 710 711 743 742
4 711 712 744 743
4 712 713 745 744
4 713 714 746 745
4 714 715 747 746
4 715 716 748 747
4 716 717 749 748
4 717 718 750 749
4 718 719 751 750
4 719 720 752 751
4 720 721 753 752
4 721 722 754 753
4 722 723 755 754
4 723 724 756 755
4 724 725 757 756
4 725 726 758 757
4 726 727 759 758
4 727 728 760 759
4 728 729 761 760
4 729 730 762 761
4 730 731 763 762
4 731 732 764 763
4 732 733 765 764
4 733 734 766 765
4 734 735 767 766
4 735 704 736 767
4 736 737 769 768
4 737 738 770 769
4 738 739 771 770
4 739 740 772 771
4 740 741 773 772
4 741 742 774 773
4 742 743 775 774
4 743 744 776 775
4 744 745 777 776
4 745 746 778 777
4 746 747 779 778
4 747 748 780 779
4 748 749 781 780
4 749 750 782 781
4 750 751 783 782
4 751 752 784 783
4 752 753 785 784
4 753 754 786 785
4 754 755 787 786
4 755 756 788 787
4 756 757 789 788
4 757 758 790 789
4 758 759 791 790
4 759 760 792 791
4 760 761 793 792
4 761 762 794 793
4 762 763 795 794
4 763 764 796 795
4 764 765 797 796
4 765 766 798 797
4 766 767 799 798
4 767 736 768 799
4 768 769 801 800
4 769 770 802 801
4 770 771 803 802
4 771 772 804 803
4 772 773 805 804
4 773 774 806 805
4 774 775 807 806
4 775 776 808 807
4 776 777 809 808
4 777 778 810 809
4 778 779 811 810
4 779 780 812 811
4 780 781 813 812
4 781 782 814 813
4 782 783 815 814
4 783 784 816 815
4 784 785 817 816
4 785 786 818 817
4 786 787 819 818
4 787 788 820 819
4 788 789 821 820
4 789 790 822 821
4 790 791 823 822
4 791 792 824 823
4 792 793 825 824
4 793 794 826 825
4 794 795 827 826
4 795 796 828 827
4 796 797 829 828
4 797 798 830 829
4 798 799 831 830
4 799 768 800 831
4 800 801 833 832
4 801 802 834 833
4 802 803 835 834
4 803 804 836 835
4 804 805 837 836
4 805 806 838 837
4 806 807 839 838
4 807 808 840 839
4 808 809 841 840
4 809 810 842 841
4 810 811 843 842
4 811 812 844 843
4 812 813 845 844
4 813 814 846 845
4 814 815 847 846
4 815 816 848 847
4 816 817 849 848
4 817 818 850 849
4 818 819 851 850
4 819 820 852 851
4 820 821 853 852
4 821 822 854 853
4 822 823 855 854
4 823 824 856 855
4 824 825 857 856
4 825 826 858 857
4 826 827 859 858
4 827 828 860 859
4 828 829 861 860
4 829 830 862 861
4 830 831 863 862
4 831 800 832 863
4 832 833 865 864
4 833 834 866 865
4 834 835 867 866
4 835 836 868 867
4 836 837 869 868
4 837 838 870 869
4 838 839 871 870
4 839 840 872 871
4 840 841 873 872
4 841 842 874 873
4 842 843 875 874
4 843 844 876 875
4 844 845 877 876
4 845 846 878 877
4 846 847 879 878
4 847 848 880 879
4 848 849 881 880
4 849 850 882 881
4 850 851 883 882
4 851 852 884 883
4 852 853 885 884
4 853 854 886 885
4 854 855 887 886
4 855 856 888 887
4 856 857 889 888
4 857 858 890 889
4 858 859 891 890
4 859 860 892 891
4 860 861 893 892
4 861 862 894 893
4 862 863 895 894
4 863 832 864 895
4 864 865 897 896
4 865 866 898 897
4 866 867 899 898
4 867 868 900 899
4 868 869 901 900
4 869 870 902 901
4 870 871 903 902
4 871 872 904 903
4 872 873 905 904
4 873 874 906 905
4 874 875 907 906
4 875 876 908 907
4 876 877 909 908
4 877 878 910 909
4 878 879 911 910
4 879 880 912 911
4 880 881 913 912
4 881 882 914 913
4 882 883 915 914
4 883 884 916 915
4 884 885 917 916
4 885 886 918 917
4 886 887 919 918
4 887 888 920 919
4 888 889 921 920
4 889 890 922 921
4 890 891 923 922
4 891 892 924 923
4 892 893 925 924
4 893 894 926 925
4 894 895 927 926
4 895 864 896 927
4 896 897 929 928
4 897 898 930 929
4 898 899 931 930
4 899 900 932 931
4 900 901 933 932
4 901 902 934 933
4 902 903 935 934
4 903 904 936 935
4 904 905 937 936
4 905 906 938 937
4 906 907 939 938
4 907 908 940 939
4 908 909 941 940
4 909 910 942 941
4 910 911 943 942
4 911 912 944 943
4 912 913 945 944
4 913 914 946 945
4 914 915 947 946
4 915 916 948 947
4 916 917 949 948
4 917 918 950 949
4 918 919 951 950
4 919 920 952 951
4 920 921 953 952
4 921 922 954 953
4 922 923 955 954
4 923 924 956 955
4 924 925 957 956
4 925 926 958 957
4 926 927 959 958
4 927 896 928 959
4 928 929 961 960
4 929 930 962 961
4 930 931 963 962
4 931 932 964 963
4 932 933 965 964
4 933 934 966 965
4 934 935 967 966
4 935 936 968 967
4 936 937 969 968
4 937 938 970 969
4 938 939 971 970
4 939 940 972 971
4 940 941 973 972
4 941 942 974 973
4 942 943 975 974
4 943 944 976 975
4 944 945 977 976
4 945 946 978 977
4 946 947 979 978
4 947 948 980 979
4 948 949 981 980
4 949 950 982 981
4 950 951 983 982
4 951 952 984 983
4 952 953 985 984
4 953 954 986 985
4 954 955 987 986
4 955 956 988 987
4 956 957 989 988
4 957 958 990 989
4 958 959 991 990
4 959 928 960 991
4 960 961 993 992
4 961 962 994 993
4 962 963 995 994
4 963 964 996 995
4 964 965 997 996
4 965 966 998 997
4 966 967 999 998
4 967 968 1000 999
4 968 969 1001 1000
4 969 970 1002 1001
4 970 971 1003 1002
4 971 972 1004 1003
4 972 973 1005 1004
4 973 974 1006 1005
4 974 975 1007 1006
4 975 976 1008 1007
4 976 977 1009 1008
4 977 978 1010 1009
4 978 979 1011 1010
4 979 980 1012 1011
4 980 981 1013 1012
4 981 982 1014 1013
4 982 983 1015 1014
4 983 984 1016 1015
4 984 985 1017 1016
4 985 986 1018 1017
4 986 987 1019 1018
4 987 988 1020 1019
4 988 989 1021 1020
4 989 990 1022 1021
4 990 991 1023 1022
4 991 960 992 1023
4 992 993 1025 1024
4 993 994 1026 1025
4 994 995 1027 1026
4 995 996 1028 1027
4 996 997 1029 1028
4 997 998 1030 1029
4 998 999 1031 1030
4 999 1000 1032 1031
4 1000 1001 1033 1032
4 1001 1002 1034 1033
4 1002 1003 1035 1034
4 1003 1004 1036 1035
4 1004 1005 1037 1036
4 1005 1006 1038 1037
4 1006 1007 1039 1038
4 1007 1008 1040 1039
4 1008 1009 1041 1040
4 1009 1010 1042 1041
4 1010 1011 1043 1042
4 1011 1012 1044 1043
4 1012 1013 1045 1044
4 1013 1014 1046 1045
4 1014 1015 1047 1046
4 1015 1016 1048 1047
4 1016 1017 1049 1048
4 1017 1018 1050 1049
4 1018 1019 1051 1050
4 1019 1020 1052 1051
4 1020 1021 1053 1052
4 1021 1022 1054 1053
4 1022 1023 1055 1054
4 1023 992 1024 1055
4 23 1056 25 24
4 1056 1057 26 25
4 1057 1058 27 26
4 1058 1059 28 27
4 1059 1060 29 28
4 1060 1061 30 29
4 1061 1062 31 30
4 1062 1 0 31
4 22 1063 1056 23
4 1063 1064 1057 1056
4 1064 1065 1058 1057
4 1065 1066 1059 1058
4 1066 1067 1060 1059
4 1067 1068 1061 1060
4 1068 1069 1062 1061
4 1069 2 1 1062
4 21 1070 1063 22
4 1070 1071 1064 1063
4 1071 1072 1065 1064
4 1072 1073 1066 1065
4 1073 1074 1067 1066
4 1074 1075 1068 1067
4 1075 1076 1069 1068
4 1076 3 2 1069
4 20 1077 1070 21
4 1077 1078 1071 1070
4 1078 1079 1072 1071
4 1079 1080 1073 1072
4 1080 1081 1074 1073
4 1081 1082 1075 1074
4 1082 1083 1076 1075
4 1083 4 3 1076
4 19 1084 1077 20
4 1084 1085 1078 1077
4 1085 1086 1079 1078
4 1086 1087 1080 1079
4 1087 1088 1081 1080
4 1088 1089 1082 1081
4 1089 1090 1083 1082
4 1090 5 4 1083
4 18 1091 1084 19
4 1091 1092 1085 1084
4 1092 1093 1086 1085
4 1093 1094 1087 1086
4 1094 1095 1088 1087
4 1095 1096 1089 1088
4 1096 1097 1090 1089
4 1097 6 5 1090
4 17 1098 1091 18
4 1098 1099 1092 1091
4 1099 1100 1093 1092
4 1100 1101 1094 1093
4 1101 1102 1095 1094
4 1102 1103 1096 1095
4 1103 1104 1097 1096
4 1104 7 6 1097
4 16 15 1098 17
4 15 14 1099 1098
4 14 13 1100 1099
4 13 12 1101 1100
4 12 11 1102 1101
4 11 10 1103 1102
4 10 9 1104 1103
4 9 8 7 1104
4 1048 1049 1105 1047
4 1049 1050 1106 1105
4 1050 1051 1107 1106
4 1051 1052 1108 1107
4 1052 1053 1109 1108
4 1053 1054 1110 1109
4 1054 1055 1111 1110
4 1055 1024 1025 1111
4 1047 1105 1112 1046
4 1105 1106 1113 1112
4 1106 1107 1114 1113
4 1107 1108 1115 1114
4 1108 1109 1116 1115
4 1109 1110 1117 1116
4 1110 1111 1118 1117
4 1111 1025 1026 1118
4 1046 1112 1119 1045
4 1112 1113 1120 1119
4 1113 1114 1121 1120
4 1114 1115 1122 1121
4 1115 1116 1123 1122
4 1116 1117 1124 1123
4 1117 1118 1125 1124
4 1118 1026 1027 1125
4 1045 1119 1126 1044
4 1119 1120 1127 1126
4 1120 1121 1128 1127
4 1121 1122 1129 1128
4 1122 1123 1130 1129
4 1123 1124 1131 1130
4 1124 1125 1132 1131
4 1125 1027 1028 1132
4 1044 1126 1133 1043
4 1126 1127 1134 1133
4 1127 1128 1135 1134
4 1128 1129 1136 1135
4 1129 1130 1137 1136
4 1130 1131 1138 1137
4 1131 1132 1139 1138
4 1132 1028 1029 1139
4 1043 1133 1140 1042
4 1133 1134 1141 1140
4 1134 1135 1142 1141
4 1135 1136 1143 1142
4 1136 1137 1144 1143
4 1137 1138 1145 1144
4 1138 1139 1146 1145
4 1139 1029 1030 1146
4 1042 1140 1147 1041
4 1140 1141 1148 1147
4 1141 1142 1149 1148
4 1142 1143 1150 1149
4 1143 1144 1151 1150
4 1144 1145 1152 1151
4 1145 1146 1153 1152
4 1146 1030 1031 1153
4 1041 1147 1039 1040
4 1147 1148 1038 1039
4 1148 1149 1037 1038
4 1149 1150 1036 1037
4 1150 1151 1035 1036
4 1151 1152 1034 1035
4 1152 1153 1033 1034
4 1153 1031 1032 1033
4 1154 1155 1156 1157
4 1158 1159 1160 1161
4 1162 1163 1164 1165
4 1166 1167 1168 1169
4 1170 1171 1172 1173
4 1174 1175 1176 1177
4 1178 1179 1180 1181
4 1182 1183 1184 1185
4 1186 1187 1188 1189
4 1190 1191 1192 1193
4 1194 1195 1196 1197
4 1198 1199 1200 1201
4 1202 1203 1204 1205
4 1206 1207 1208 1209
4 1210 1211 1212 1213
4 1214 1215 1216 1217
4 1218 1219 1220 1221
4 1222 1223 1224 1225
4 1226 1227 1228 1229
4 1230 1231 1232 1233
4 1234 1235 1236 1237
4 1238 1239 1240 1241
4 1242 1243 1244 1245
4 1246 1247 1248 1249
4 1250 1251 1252 1253
4 1254 1255 1256 1257
4 1258 1259 1260 1261
4 1262 1263 1264 1265
4 1266 1267 1268 1269
4 1270 1271 1272 1273
4 1274 1275 1276 1277
4 1278 1279 1280 1281
4 1282 1283 1284 1285
4 1286 1287 1288 1289
4 1290 1291 1292 1293
4 1294 1295 1296 1297
4 1298 1299 1300 1301
4 1302 1303 1304 1305
4 1306 1307 1308 1309
4 1310 1311 1312 1313
4 1314 1315 1316 1317
4 1318 1319 1320 1321
4 1322 1323 1324 1325
4 1326 1327 1328 1329
4 1330 1331 1332 1333
4 1334 1335 1336 1337
4 1338 1339 1340 1341
4 1342 1343 1344 1345
CELL_TYPES 1200
9
9
9
9
9
9
9
9
9
9
9
9
9
9
9
9
9
9
9
9
9
9
9
9
9
9
9
9
9
9
9
9
9
9
9
9
9
9
9
9
9
9
9
9
9
9
9
9
9
9
9
9
9
9
9
9
9
9
9
9
9
9
9
9
9
9
9
9
9
9
9
9
9
9
9
9
9
9
9
9
9
9
9
9
9
9
9
9
9
9
9
9
9
9
9
9
9
9
9
9
9
9
9
9
9
9
9
9
9
9
9
9
9
9
9
9
9
9
9
9
9
9
9
9
9
9
9
9
9
9
9
9
9
9
9
9
9
9
9
9
9
9
9
9
9
9
9
9
9
9
9
9
9
9
9
9
9
9
9
9
9
9
9
9
9
9
9
9
9
9
9
9
9
9
9
9
9
9
9
9
9
9
9
9
9
9
9
9
9
9
9
9
9
9
9
9
9
9
9
9
9
9
9
9
9
9
9
9
9
9
9
9
9
9
9
9
9
9
9
9
9
9
9
9
9
9
9
9
9
9
9
9
9
9
9
9
9
9
9
9
9
9
9
9
9
9
9
9
9
9
9
9
9
9
9
9
9
9
9
9
9
9
9
9
9
9
9
9
9
9
9
9
9
9
9
9
9
9
9
9
9
9
9
9
9
9
9
9
9
9
9
9
9
9
9
9
9
9
9
9
9
9
9
9
9
9
9
9
9
9
9
9
9
9
9
9
9
9
9
9
9
9
9
9
9
9
9
9
9
9
9
9
9
9
9
9
9
9
9
9
9
9
9
9
9
9
9
9
9
9
9
9
9
9
9
9
9
9
9
9
9
9
9
9
9
9
9
9
9
9
9
9
9
9
9
9
9
9
9
9
9
9
9
9
9
9
9
9
9
9
9
9
9
9
9
9
9
9
9
9
9
9
9
9
9
9
9
9
9
9
9
9
9
9
9
9
9
9
9
9
9
9
9
9
9
9
9
9
9
9
9
9
9
9
9
9
9
9
9
9
9
9
9
9
9
9
9
9
9
9
9
9
9
9
9
9
9
9
9
9
9
9
9
9
9
9
9
9
9
9
9
9
9
9
9
9
9
9
9
9
9
9
9
9
9
9
9
9
9
9
9
9
9
9
9
9
9
9
9
9
9
9
9
9
9
9
9
9
9
9
9
9
9
9
9
9
9
9
9
9
9
9
9
9
9
9
9
9
9
9
9
9
9
9
9
9
9
9
9
9
9
9
9
9
9
9
9
9
9
9
9
9
9
9
9
9
9
9
9
9
9
9
9
9
9
9
9
9
9
9
9
9
9
9
9
9
9
9
9
9
9
9
9
9
9
9
9
9
9
9
9
9
9
9
9
9
9
9
9
9
9
9
9
9
9
9
9
9
9
9
9
9
9
9
9
9
9
9
9
9
9
9
9
9
9
9
9
9
9
9
9
9
9
9
9
9
9
9
9
9
9
9
9
9
9
9
9
9
9
9
9
9
9
9
9
9
9
9
9
9
9
9
9
9
9
9
9
9
9
9
9
9
9
9
9
9
9
9
9
9
9
9
9
9
9
9
9
9
9
9
9
9
9
9
9
9
9
9
9
9
9
9
9
9
9
9
9
9
9
9
9
9
9
9
9
9
9
9
9
9
9
9
9
9
9
9
9
9
9
9
9
9
9
9
9
9
9
9
9
9
9
9
9
9
9
9
9
9
9
9
9
9
9
9
9
9
9
9
9
9
9
9
9
9
9
9
9
9
9
9
9
9
9
9
9
9
9
9
9
9
9
9
9
9
9
9
9
9
9
9
9
9
9
9
9
9
9
9
9
9
9
9
9
9
9
9
9
9
9
9
9
9
9
9
9
9
9
9
9
9
9
9
9
9
9
9
9
9
9
9
9
9
9
9
9
9
9
9
9
9
9
9
9
9
9
9
9
9
9
9
9
9
9
9
9
9
9
9
9
9
9
9
9
9
9
9
9
9
9
9
9
9
9
9
9
9
9
9
9
9
9
9
9
9
9
9
9
9
9
9
9
9
9
9
9
9
9
9
9
9
9
9
9
9
9
9
9
9
9
9
9
9
9
9
9
9
9
9
9
9
9
9
9
9
9
9
9
9
9
9
9
9
9
9
9
9
9
9
9
9
9
9
9
9
9
9
9
9
9
9
9
9
9
9
9
9
9
9
9
9
9
9
9
9
9
9
9
9
9
9
9
9
9
9
9
9
9
9
9
9
9
9
9
9
9
9
9
9
9
9
9
9
9
9
9
9
9
9
9
9
9
9
9
9
9
9
9
9
9
9
9
9
9
9
9
9
9
9
9
9
9
9
9
9
9
9
9
9
9
9
9
9
9
9
9
9
9
9
9
9
9
9
9
9
9
9
9
9
9
9
9
9
9
9
9
9
9
9
9
9
9
9
9
9
9
9
9
9
9
9
9
9
9
9
9
9
9
9
9
9
9
9
9
9
9
9
9
9
9
9
9
9
9
9
9
9
9
9
9
9
9
9
9
9
9
9
9
9
9
9
9
9
9
9
9
9
9
9
9
9
9
9
9
9
9
9
9
9
9
9
9
9
9
9
9
9
9
9
9
9
9
9
9
9
9
9
9
9
9
9
9
9
9
9
9
9
9
9
9
9
9
9
9
9
9
9
9
9
9
9
9
9
9
9
9
9
9
9
9
9
9
9
9
9
9
9
9
9
9
9
9
9
9
9
9
9
9
9
9
9
POINT_DATA 1346
VECTORS displacement_m double
-2.3238433025770615e-07 -6.767692870479947e-08 0.0008985343950921477
-8.905095448862337e-08 -1.91482004088555e-07 0.0008986510893367545
-1.0521168220218774e-07 -2.8521483511940823e-08 0.0008985802882458879
-6.906401430909945e-08 -1.5299688087243028e-08 0.0008985960623578833
-4.855815604852048e-09 1.1623927973625922e-08 0.0008986042922080552
-1.1153801310765741e-07 1.1007652472717607e-07 0.0008986129199399581
7.278833020210809e-08 4.438850774603949e-08 0.0008985789233772156
-1.7250989347146024e-08 3.0941697642292505e-07 0.0008987004135364594
4.3410357026926736e-07 6.002397117379565e-08 0.0008984611650431855
6.10039885744457e-07 4.9383847392872914e-08 0.0008984179003370353
8.497119805004781e-07 3.4062714472604786e-08 0.0008983813369794846
9.246249265817847e-07 -2.320652214383388e-08 0.0008981739626198821
8.461620270265858e-07 4.827532807094103e-11 0.0008983698966829344
9.24448120861981e-07 2.3322816889822485e-08 0.0008981738480543035
8.508912036766043e-07 -3.362146719738195e-08 0.0008983801909331126
6.077385651394525e-07 -5.109956256076837e-08 0.0008984204972925729
4.3408492620293534e-07 -5.982628215058028e-08 0.0008984613539315322
-1.5308808980484163e-08 -3.0702632896998776e-07 0.0008986987872831067
7.214847767408106e-08 -4.4943185727704915e-08 0.0008985789506905133
-1.1117133049016705e-07 -1.09430901786828e-07 0.0008986126941509707
-4.6513232245692794e-09 -1.0849912444333643e-08 0.000898604141103821
-7.030396214533858e-08 1.3567272188605469e-08 0.0008985957486677282
-1.0445142868596755e-07 2.9462236135410265e-08 0.0008985808386299497
-8.909139993932268e-08 1.914377780166917e-07 0.0008986511073527319
-2.3242263413595793e-07 6.763022302471618e-08 0.0008985343932544719
-2.9099084968371176e-07 7.258683143438505e-08 0.0008984860837570656
-6.285740127315153e-07 -7.313864509003199e-08 0.0008981457251135992
-6.080858886174329e-07 -2.840137552556385e-08 0.0008981814196889782
-6.176793739375688e-07 7.261504410951843e-11 0.0008981568136541264
-6.097420645012456e-07 2.8724198567001913e-08 0.0008981794231956407
-6.271688417661742e-07 7.242174784413549e-08 0.0008981469482913432
-2.9057057869436735e-07 -7.318344796262002e-08 0.0008984869337708257
-1.7380737009795627e-07 -4.853295303541955e-07 0.000898677120601095
-1.6667691748046755e-07 -3.9704521384953447e-07 0.000898623730101727
-7.090782870611298e-08 -5.084880771255814e-07 0.0008987004377680677
-9.629617055346648e-08 -1.8113871234385899e-07 0.0008985982133120785
-3.5570388182680663e-07 6.458728404699674e-07 0.0008985030119147335
-5.214822505694535e-07 1.6195659661652618e-06 0.0008985729978586777
-7.03468727516129e-07 2.3017161902967825e-06 0.0008987406615691361
-2.0100544068939686e-07 1.9239210030003875e-06 0.0008984886288680119
3.036296305211854e-07 1.2889472916708257e-06 0.0008979249806996513
1.2502540778119004e-06 3.471079215376481e-07 0.0008967441679411503
1.848138870480115e-06 -1.5996795845780127e-07 0.0008957566260798211
1.965022019804148e-06 -4.116677914060176e-08 0.0008960727402862806
2.0068663746341333e-06 -2.040465097941888e-11 0.0008960952088716699
1.9652445783102673e-06 4.110794083463319e-08 0.0008960729447915146
1.8475293789059216e-06 1.5995612551100027e-07 0.0008957565461173741
1.2509154754464434e-06 -3.4702341054737474e-07 0.0008967440580347736
3.037846598098168e-07 -1.2887840061201136e-06 0.0008979248819470371
-2.0184745444740024e-07 -1.9243720223429616e-06 0.0008984889923460343
-7.029295602460729e-07 -2.3016579854194887e-06 0.0008987406888785135
-5.217603328578288e-07 -1.619640174568676e-06 0.0008985730138892025
-3.557316772358629e-07 -6.460279227577564e-07 0.0008985029839180653
-9.601208509646934e-08 1.812900447966383e-07 0.0008985982053571244
-7.10857918331387e-08 5.08729575501691e-07 0.0008987004424040154
-1.668460730400581e-07 3.9678292088192614e-07 0.0008986234498444378
-1.7364857481151846e-07 4.855525810993547e-07 0.0008986772662775821
-4.01693537202141e-07 1.994780217229114e-07 0.0008983565839612276
-3.955154265936789e-07 7.565797646977598e-08 0.0008981957245423967
-4.904903722655281e-07 1.127920621294254e-08 0.000898096432351934
-4.3352154530192937e-07 1.729818894088428e-11 0.0008982408077860931
-4.899879009629774e-07 -1.1219404810916765e-08 0.0008980958455032413
-3.959878552168857e-07 -7.597169084282865e-08 0.0008981964221636261
-4.016657143290831e-07 -1.9911184067158126e-07 0.0008983561663117213
-3.814679050541564e-07 -1.8414584090157156e-07 0.0008984805931061821
-2.338647658883176e-07 -7.574238556500758e-07 0.0008988942609663045
-2.252567258780472e-07 -7.750179320844692e-07 0.0008988488310754168
-2.936323457480605e-07 -3.1407764003942995e-07 0.0008986793727286064
-4.4242579064723794e-07 1.3196390000394834e-06 0.0008984919982872507
-6.458838225830386e-07 3.1638064654024594e-06 0.000898643870145863
-6.704627040839261e-07 4.818381187468435e-06 0.000899103170275767
-5.622630508769534e-07 5.336518978778144e-06 0.0008993384602642553
2.5848240811797027e-07 3.7044704524950923e-06 0.0008979691991341141
1.2067066317961536e-06 1.5833771829297133e-06 0.0008953934078444869
2.111995947631991e-06 3.768311440329103e-07 0.0008932148914579764
2.784220843099563e-06 -3.6777252079927326e-08 0.0008919616231456906
2.793763413526273e-06 -1.1866678893848207e-11 0.0008925878944602027
2.783916532048332e-06 3.6743418646703184e-08 0.0008919617401415631
2.1124369657223235e-06 -3.766661546416918e-07 0.0008932145764847865
1.206345271079475e-06 -1.5836024350000023e-06 0.0008953938119287474
2.5835951824312486e-07 -3.7042254005115874e-06 0.0008979689086201643
-5.618439498720783e-07 -5.3366218851143236e-06 0.0008993385098566429
-6.710127965904882e-07 -4.818410736310809e-06 0.0008991032005547185
-6.454899088450267e-07 -3.1633732255459172e-06 0.0008986437536292367
-4.42547929536309e-07 -1.3201370877470386e-06 0.0008984920118566535
-2.9355548032174446e-07 3.143762529481062e-07 0.0008986794457635803
-2.2522864099586903e-07 7.749318403368388e-07 0.0008988487923034813
-2.3389096738957507e-07 7.571893763458747e-07 0.0008988941760325538
-3.8154805349435135e-07 1.8427162342493433e-07 0.0008984807717137652
-3.29661414693021e-07 6.910223392623609e-08 0.0008983529004544824
-4.1589560992694534e-07 6.673111789912303e-08 0.0008983144878528303
-4.2001113429471087e-07 -3.385830084473584e-08 0.0008979458934986441
-3.973845056964015e-07 -6.73639621208873e-12 0.0008983070036798384
-4.204490722138336e-07 3.391232346697284e-08 0.0008979458656240372
-4.154080252248814e-07 -6.666711295328786e-08 0.0008983144369593367
-3.298775550232685e-07 -6.92179884624963e-08 0.0008983530681842463
-5.302378625126979e-07 5.304095390848962e-07 0.000898332956946566
-6.167011057149868e-07 7.666092735048633e-07 0.0008982177976055844
-6.46114076192412e-07 9.18367753331542e-07 0.000898194243376962
-7.003087934170696e-07 2.1916152284028214e-06 0.0008978318654866071
-6.203958380127639e-07 2.6108546931058e-06 0.0008977975112183592
-6.055366881919603e-07 4.591067587964441e-06 0.0008979771227504281
-5.166894728727209e-07 6.04349151234953e-06 0.0008983968461715895
-2.1571883422747671e-07 6.6067681103876384e-06 0.0008986750155355748
1.9250082343202532e-07 5.89492255471934e-06 0.0008980571228703022
1.0229203007392018e-06 3.7960962551951408e-06 0.0008954574928400741
2.155488445236166e-06 1.6079473679276733e-06 0.0008913153077323699
3.1736355061154674e-06 3.1477753626747413e-07 0.0008870646447995844
3.8932947727308935e-06 1.0725336450656504e-11 0.0008840223423202501
3.173824627989306e-06 -3.147608720489047e-07 0.000887064881042019
2.155291471586906e-06 -1.6078230403667223e-06 0.0008913150266510422
1.0230048649330767e-06 -3.796265441992012e-06 0.000895457679928173
1.9252250058394808e-07 -5.894826932197873e-06 0.0008980570535871382
-2.1586664627039597e-07 -6.606731784423291e-06 0.0008986749192222793
-5.164638122781481e-07 -6.043770646822557e-06 0.0008983969568542627
-6.056618841394857e-07 -4.5907568380916766e-06 0.0008979770973863399
-6.204742196841025e-07 -2.6111935280391515e-06 0.0008977975206041534
-7.003333800277772e-07 -2.1913047703332666e-06 0.0008978319721224314
-6.461463575637774e-07 -9.184890783839684e-07 0.0008981942113547673
-6.166013368208564e-07 -7.665563764346505e-07 0.000898217847152543
-5.302357854453259e-07 -5.302130518174949e-07 0.0008983331471926313
-4.6421450134757136e-07 -1.456279168128322e-07 0.0008987197872296228
-4.6322939479531145e-07 -2.0493431814323914e-07 0.000898539066816451
-3.532612087719909e-07 4.467751984328369e-08 0.0008992608294512933
-4.7319809756682816e-07 1.3064798063401052e-11 0.0008984117415815597
-3.530512960303356e-07 -4.4755392405560816e-08 0.0008992610717626434
-4.636132099487096e-07 2.0505674390885643e-07 0.0008985387145802104
-4.640557077842176e-07 1.454277171367885e-07 0.0008987201249128684
-5.5934862004995e-07 3.5021026652050124e-07 0.000898722301435864
-7.678063971427911e-07 1.5604964828714007e-06 0.0008977634736632167
-7.641653660380874e-07 2.4366778272089004e-06 0.0008973221785826598
-7.063347825053055e-07 2.950457948674173e-06 0.000897189723899155
-7.171328609557429e-07 4.958939357717719e-06 0.0008969909745746388
-5.618365116583764e-07 5.50584613907673e-06 0.0008970238347733154
-4.116677316123329e-07 6.781417429031357e-06 0.0008973901869728992
-1.5141892354186005e-07 6.944421323393507e-06 0.0008974503676543521
2.503514057341071e-07 7.3079750997634805e-06 0.0008977208958249113
9.0812498744786e-07 6.175218535134612e-06 0.0008962976857372248
2.151753337721343e-06 2.924886733309132e-06 0.0008901572942250779
3.491471137057464e-06 3.769156360514913e-07 0.0008816938668918501
3.945874200002063e-06 -7.353766571673105e-12 0.0008778277285251434
3.4914212484079206e-06 -3.769546874141049e-07 0.0008816936885815039
2.1518621479425436e-06 -2.9250106622569e-06 0.0008901575187576758
9.080485313571039e-07 -6.175067500326408e-06 0.0008962974832976458
2.50295811014242e-07 -7.308107694304092e-06 0.000897720982124422
-1.5143014124227412e-07 -6.944323293975666e-06 0.0008974503619104872
-4.1152789340431033e-07 -6.78134193508854e-06 0.0008973901845340516
-5.619785521717098e-07 -5.5058226724642375e-06 0.0008970238095402584
-7.170529373555753e-07 -4.9589502646726385e-06 0.0008969909727861808
-7.064055719486369e-07 -2.95039782960106e-06 0.0008971896829064619
-7.640898046069517e-07 -2.436762499510036e-06 0.0008973221223940814
-7.678536811764239e-07 -1.5605633993652946e-06 0.0008977634692118945
-5.593276710787949e-07 -3.502813853474207e-07 0.0008987222746935172
-6.578725522588628e-07 -4.386232767049824e-07 0.0008985968971708878
-4.992909403006585e-07 9.315309674707191e-09 0.0008994454020949006
-5.883649406425639e-07 -6.383630979708918e-09 0.0008993522231526865
-5.075463824674728e-07 4.70244558424058e-13 0.0008992331271142677
-5.883630809103542e-07 6.449622487375764e-09 0.0008993522481307235
-4.993331634207481e-07 -9.31912536490973e-09 0.0008994454282503554
-6.57757753835045e-07 4.3858422159097183e-07 0.0008985968311419985
-7.445526325541537e-07 6.506626226578324e-07 0.0008981138612735851
-6.313462755217897e-07 1.582343710564331e-06 0.0008972842979876785
-6.296836351121804e-07 2.3211388846021796e-06 0.000896843637990403
-5.286087378548039e-07 2.770397017853174e-06 0.0008966520597436846
-5.043197211536892e-07 4.9962081155035895e-06 0.0008963861006462976
-3.9085540408111584e-07 5.425715610078331e-06 0.0008964169721245442
-4.928259076971432e-07 7.555859732808368e-06 0.000897056271215313
-5.643873844192496e-07 1.0569591563825906e-05 0.0008986557190493624
-4.9382151802200384e-08 9.986347723319728e-06 0.0008981479248257355
1.0410006540940968e-06 7.297056093872788e-06 0.0008947926626789193
2.4424542171161915e-06 2.5748289831206786e-06 0.0008858090471161227
3.378767454040918e-06 1.9449694746145597e-07 0.0008777691657012457
3.6424675241779872e-06 1.5226665626250722e-11 0.0008755616280592773
3.3787291384359627e-06 -1.944292598151014e-07 0.0008777691680569601
2.4426299901728242e-06 -2.5748473186829447e-06 0.000885809101527126
1.0408784318930572e-06 -7.297072819659845e-06 0.0008947925770099008
-4.9423478397574116e-08 -9.986383594651593e-06 0.000898147936988587
-5.641742751099719e-07 -1.0569633546437583e-05 0.0008986557108118984
-4.930633889680599e-07 -7.55587850867859e-06 0.0008970562728463614
-3.906518370868025e-07 -5.425832170373649e-06 0.0008964170383518579
-5.044049329954389e-07 -4.996104039066084e-06 0.0008963860988089649
-5.28686938222768e-07 -2.7704957830661863e-06 0.0008966520561587709
-6.295653609465669e-07 -2.3210430287571857e-06 0.000896843654453181
-6.313206031866882e-07 -1.5822605535487683e-06 0.0008972842828193249
-7.446776259399326e-07 -6.505476860761376e-07 0.0008981139598512986
-5.766481960333749e-07 5.8371927204061005e-08 0.0008990349543907228
-8.006338344305523e-07 -2.3720604785421756e-07 0.0008984696169968404
-7.444897796372742e-07 -1.751117790844258e-07 0.0008986361838896277
-5.998689026189312e-07 2.8371906314083975e-12 0.0009001368846180183
-7.446577271902943e-07 1.7505077497659272e-07 0.0008986362489858042
-8.004097824508209e-07 2.3724975430854318e-07 0.0008984694691666425
-5.768286665276531e-07 -5.843407050711772e-08 0.0008990350882902957
-5.933030951026575e-07 1.056039818439591e-06 0.0008973505466402009
-5.450034857866174e-07 1.4116845961717702e-06 0.0008970290912358206
-5.78316544273561e-07 2.915088685288652e-06 0.0008961853494900225
-5.159465679809793e-07 4.11729705020077e-06 0.0008957564564687975
-1.8951712911482686e-07 1.67724662372315e-06 0.0008959194239107559
-2.3499433646224292e-07 3.3039523199138587e-06 0.0008960148894454705
-6.510551093142739e-07 9.551962252012057e-06 0.0008978618621968381
-8.132405953777414e-07 1.5112533559224476e-05 0.0009007803860919892
-2.9937493729761834e-07 1.5188187498615994e-05 0.0009007791825949595
1.0321099688832353e-06 8.497345678249988e-06 0.0008925387529297754
2.2949551993287287e-06 2.6937979838117637e-06 0.0008816177750054052
3.1878245633323457e-06 1.8226527783985985e-07 0.000873266210087052
3.4965875773592015e-06 2.321285277045541e-11 0.0008709798330453797
3.1880424651503877e-06 -1.822682468192061e-07 0.0008732661776467405
2.294655613094871e-06 -2.693819769758557e-06 0.0008816178139956974
1.032262790239137e-06 -8.497321366334243e-06 0.0008925387585697057
-2.9931658957335864e-07 -1.5188180077375833e-05 0.0009007791888372705
-8.135005458552542e-07 -1.5112499450429611e-05 0.0009007804056414816
-6.507056465915519e-07 -9.551860938521643e-06 0.0008978618288895103
-2.3519975509305636e-07 -3.3039861825709956e-06 0.0008960148613844358
-1.8948973669718012e-07 -1.6771832466777886e-06 0.0008959194093091986
-5.157624398456199e-07 -4.117346220093809e-06 0.00089575641082592
-5.78558245396505e-07 -2.9150503056498914e-06 0.0008961853494572298
-5.449023581162429e-07 -1.4118195046289427e-06 0.0008970290201276686
-5.931212134918936e-07 -1.0561204880295163e-06 0.0008973504974465581
-7.299979397065665e-07 7.972881758897593e-08 0.0008987490603924614
-7.674688714083873e-07 -3.752431871137197e-07 0.0008978523114741338
-8.215662490169554e-07 -3.2578176501220574e-07 0.0008979039692782429
-7.903457722151418e-07 1.078313806374357e-11 0.0009010313077105589
-8.21336009971986e-07 3.2583125984826397e-07 0.0008979039085054313
-7.679054147304768e-07 3.751700089296541e-07 0.0008978524504238962
-7.296231185634648e-07 -7.96998986131175e-08 0.0008987489154559876
-4.841233133919374e-07 -2.219342328649922e-07 0.0008980997388012428
-3.822829483378085e-07 -1.1548663120437526e-06 0.0008988069061761734
-5.554720935185125e-07 6.143868681734893e-06 0.0008948117493760977
-4.5954458771010315e-07 5.544887504490496e-06 0.00089489744041521
-9.6762297299847e-08 -2.872796795321962e-06 0.0008956448189927458
-2.552264486504786e-07 -1.8123320587344541e-07 0.0008958702907014149
-6.236606492870676e-07 1.249541590443931e-05 0.0008996760688847834
-7.612585120464286e-07 2.257296765273528e-05 0.0009050155508850766
-1.9623743925577075e-07 2.059218863124919e-05 0.0009033180386812578
8.124104007637904e-07 1.0948643094443697e-05 0.000891465496102105
1.9923532059465764e-06 3.352480698372186e-06 0.00087713916959777
2.8780782650350306e-06 4.275195323123156e-07 0.0008673637500583798
3.243253466815367e-06 -3.2605131135251752e-12 0.0008627101984762923
2.8777441493372063e-06 -4.2751166014152145e-07 0.000867363773107074
1.9927992407603815e-06 -3.3524883070375245e-06 0.0008771391617566667
8.121252653355655e-07 -1.0948624610602063e-05 0.000891465425108115
-1.9620674062500355e-07 -2.0592249939592615e-05 0.0009033180892356211
-7.61027840804509e-07 -2.257293189045426e-05 0.000905015515850149
-6.240248966796102e-07 -1.2495584692609e-05 0.0008996761567729495
-2.5501306284974504e-07 1.8133196308961052e-07 0.0008958703045536447
-9.664721070163536e-08 2.872681556474726e-06 0.0008956448397078597
-4.5984848352720594e-07 -5.544802559377998e-06 0.0008948974873307318
-5.551003787492629e-07 -6.1439437291617565e-06 0.0008948117248248998
-3.824784170301204e-07 1.1550519919378291e-06 0.0008988070230817808
-4.841640885016304e-07 2.219509502675748e-07 0.0008980997263972214
-7.733573995768074e-07 -1.1103527337429819e-06 0.0008965092272743077
-7.014835213123378e-07 -3.5266759017399135e-08 0.0008985059559290548
-8.35861113911726e-07 -3.0866141808309276e-08 0.0008984593660489562
-8.820070440225306e-07 5.9080942564102036e-12 0.0008987847569564773
-8.361427920388544e-07 3.0859528631541513e-08 0.000898459383246454
-7.010302094653242e-07 3.5283939211353445e-08 0.000898505908262744
-7.737200360530423e-07 1.1103611178969656e-06 0.0008965092645414252
-5.388144015354973e-07 -1.5119878095115929e-06 0.0008987469234862757
-3.645638214270374e-07 -3.6282184380477125e-06 0.0009004359919594035
-4.2731037933271727e-07 8.181725920861394e-06 0.0008940193937843511
-2.7273090222187623e-07 6.836866832028958e-06 0.000894290786159856
-2.3037499730122817e-07 -7.52267026953591e-06 0.0008955993364200144
-3.0663790522732387e-07 -2.7052786415754357e-06 0.0008960111233448547
-4.937439053908831e-07 1.5410519982793937e-05 0.0009014503989891121
-4.4479936782054267e-07 2.8129496735204007e-05 0.0009081681170899931
-8.737528813616412e-08 2.6545509666503555e-05 0.0009068053961769704
7.665468161883204e-07 1.4172031176919239e-05 0.0008916721453450007
1.7016651346982053e-06 4.846119756442891e-06 0.0008741448475114116
2.5181445507447225e-06 5.055539633059338e-07 0.0008597392239503075
2.819201233630555e-06 -7.352653620922914e-12 0.0008542521800271833
2.5184646106019807e-06 -5.055483421076746e-07 0.0008597391943936704
1.7011472464248999e-06 -4.846127333982863e-06 0.0008741448670352758
7.669859774287113e-07 -1.417205650762651e-05 0.0008916721942642694
-8.749429509950157e-08 -2.6545463045597238e-05 0.0009068053691026247
-4.4493182327416164e-07 -2.8129485797209654e-05 0.0009081681135417512
-4.935400767794866e-07 -1.541040240340327e-05 0.0009014503508005372
-3.0676192014549554e-07 2.705252671594855e-06 0.000896011121238977
-2.304612423156727e-07 7.522696144275492e-06 0.0008955993175271473
-2.723393007765643e-07 -6.836879506468015e-06 0.0008942907645604767
-4.278389547845885e-07 -8.181715318523886e-06 0.0008940193932473444
-3.641947223488622e-07 3.6280580336871705e-06 0.0009004358762272722
-5.389096706840058e-07 1.5119636533482486e-06 0.0008987469340743772
-5.934794861111478e-07 -1.966564558164935e-06 0.0008945644600150602
-7.860877378237173e-07 3.412806790538357e-07 0.0008989302169071078
-6.99140041139859e-07 2.0725737025650358e-07 0.0008984887516592172
-8.202055377087641e-07 1.0364180551853159e-11 0.000896678928897733
-6.988146688579318e-07 -2.0725151084351665e-07 0.0008984887664932784
-7.864587110889495e-07 -3.4128523970321575e-07 0.000898930234345159
-5.933101395585466e-07 1.9665586209681466e-06 0.0008945644636175551
-5.457319184030682e-07 -1.5205446716083522e-06 0.0008984384404541816
-5.388206156965154e-07 -3.1605598121515047e-06 0.000899756565046135
-3.335249589535783e-07 7.6037199238158495e-06 0.0008939125350578416
-2.790557468534486e-07 5.422860098857346e-06 0.0008944689547944671
-3.12500267593717e-07 -8.280229659631834e-06 0.000895738981686543
-3.35416090739419e-07 -2.0837570064820185e-06 0.0008963034102481633
-3.2232045555922513e-07 1.6754417623473153e-05 0.0009019512443435651
-1.2280104952453514e-07 3.11826052430996e-05 0.0009095770568163576
8.507139214264675e-08 3.092173738253302e-05 0.0009092578701709766
7.790008653458739e-07 1.7171160641308942e-05 0.0008923567030869708
1.5259420755507814e-06 5.780721092071616e-06 0.0008708618718935253
2.1753800072932127e-06 7.180405675496082e-07 0.0008539062681013706
2.408707501928093e-06 1.694054788078273e-11 0.00084589197513884
2.175132982194792e-06 -7.180534423868222e-07 0.0008539063081691939
1.5262511383018462e-06 -5.780697076591623e-06 0.0008708618454488715
7.787917434307812e-07 -1.7171134832385114e-05 0.0008923566574836676
8.507294474761707e-08 -3.0921794124585376e-05 0.0009092578978083499
-1.2257903014899223e-07 -3.118261430883861e-05 0.0009095770590316144
-3.226474448326503e-07 -1.6754556860961798e-05 0.0009019512987040652
-3.3517374569130206e-07 2.0838062607171406e-06 0.0008963034110654526
-3.125378255168057e-07 8.280179373130893e-06 0.0008957390023722732
-2.792336616914105e-07 -5.422838568808975e-06 0.000894468957271692
-3.332234023257075e-07 -7.60373923315192e-06 0.0008939125406678091
-5.391134261212734e-07 3.1607205250704214e-06 0.0008997566874380491
-5.45682798073753e-07 1.5205685484656427e-06 0.0008984384056131093
-5.390244746326127e-07 -1.3874515420094038e-06 0.0008948636736991911
-6.446536619922916e-07 -3.16322500748028e-08 0.0008972859529171921
-6.982287128942728e-07 -5.637874991324899e-08 0.0008970076796408368
-5.360859893806721e-07 -1.7440255657444448e-11 0.0008975680298561287
-6.984453653450299e-07 5.638724827251754e-08 0.0008970076454203297
-6.44306171540084e-07 3.163813262821334e-08 0.0008972859686994551
-5.392653874474923e-07 1.3874592972478021e-06 0.0008948636428985683
-5.757527937072895e-07 -6.785953562367273e-07 0.0008975124645402342
-5.197140417327014e-07 -2.115743850629103e-06 0.0008986431005756852
-4.489490167593935e-07 6.571488284100911e-06 0.0008938779158209406
-4.1214567772559636e-07 4.168068126444949e-06 0.0008945050683166208
-3.7868047762681066e-07 -7.72021033795235e-06 0.000895602447820706
-3.7449032903315614e-07 -7.388466854595289e-07 0.0008962498909179176
-1.06931435476142e-07 1.7712231433424097e-05 0.0009018030546908937
3.504851706420775e-08 3.265353238171669e-05 0.0009097429405209866
4.472946427269911e-07 3.4265098281698404e-05 0.0009110229737868898
7.952104008318405e-07 2.0009354052440958e-05 0.000893579225701606
1.378711782342587e-06 6.950964489805812e-06 0.0008690125508370056
1.8416815112889416e-06 6.752694143914955e-07 0.0008480478293001359
2.0726480582674277e-06 -1.578851693764742e-11 0.0008402529995597417
1.8417928281083013e-06 -6.752536269418352e-07 0.0008480477761764938
1.3785754547015304e-06 -6.950987739613841e-06 0.0008690125977116129
7.952546655280207e-07 -2.0009373773297003e-05 0.0008935792709867445
4.4745181053069637e-07 -3.426504419812635e-05 0.0009110229619085575
3.4680638582572905e-08 -3.2653517775865905e-05 0.0009097429260911233
-1.0649435359062427e-07 -1.7712096626785138e-05 0.0009018030029608127
-3.7484358501871214e-07 7.387992387715581e-07 0.0008962498925199344
-3.785093613011702e-07 7.720235276944886e-06 0.00089560241870091
-4.1216047557665075e-07 -4.168061823387521e-06 0.0008945050696333741
-4.4900308809556246e-07 -6.571499756315499e-06 0.0008938778792756287
-5.196759668296848e-07 2.1156081150874714e-06 0.0008986430051000999
-5.756992561493568e-07 6.785380674798677e-07 0.0008975124868419939
-5.324366371410549e-07 -4.36607099599882e-07 0.0008961082086870378
-5.246038304991646e-07 -1.4292443001418975e-07 0.0008965421148866037
-5.722846162352329e-07 -3.6493437120976564e-07 0.0008957989596317565
-4.51573955148453e-07 1.7587154366578862e-11 0.000899968901163822
-5.72156553499037e-07 3.649143759100455e-07 0.0008957989937099787
-5.248029422430921e-07 1.4292713098061384e-07 0.0008965421033322988
-5.322667383041954e-07 4.3660607010242807e-07 0.0008961082382647167
-4.938374945390097e-07 -9.011705799770614e-07 0.0008976861105498865
-4.640687915718088e-07 -1.9691512717286983e-06 0.0008984329476362945
-4.96914077102092e-07 7.0065872210532065e-06 0.0008934806196871956
-4.430904831198176e-07 4.10172023120048e-06 0.0008942005619885104
-4.3194287959317675e-07 -5.847528377632474e-06 0.000895056378769852
-2.7270480942323534e-07 -1.58543869835573e-08 0.0008955355462215022
-9.676283190412977e-08 1.81905812124354e-05 0.0009009427392716089
2.9022804203694256e-07 3.392460356395168e-05 0.0009092242655074762
7.029505862399606e-07 3.340977241242816e-05 0.0009086633295537188
9.8209505375812e-07 2.1528258861149904e-05 0.0008939455127903057
1.278038243267553e-06 8.01913653139373e-06 0.0008682836784488488
1.5446475355726434e-06 7.589761677395521e-07 0.0008437563292027795
1.6541123709733139e-06 9.280644299513546e-12 0.0008342023756319359
1.5446176208697145e-06 -7.58992648667405e-07 0.0008437564119945441
1.278062561821545e-06 -8.0190956705318e-06 0.000868283582417643
9.82132368578658e-07 -2.152826417631931e-05 0.0008939455232360535
7.028247927316852e-07 -3.340978431380461e-05 0.0009086632828181492
2.904230588315325e-07 -3.392469513118134e-05 0.000909224334458537
-9.696320331958233e-08 -1.8190636432712073e-05 0.0009009427585167386
-2.7254615912631366e-07 1.580606985278883e-08 0.000895535558771676
-4.319993701268198e-07 5.847608450928815e-06 0.000895056416036583
-4.43119157630623e-07 -4.101840306193367e-06 0.0008942005369616922
-4.96877055418464e-07 -7.006474963823361e-06 0.0008934806917873001
-4.6403885961024744e-07 1.969209407381856e-06 0.0008984329895338182
-4.938748460771999e-07 9.012746283470258e-07 0.0008976861475394161
-4.6344367478163783e-07 -2.875566509901086e-07 0.0008963706390578268
-4.477351391777799e-07 1.7952518020715637e-08 0.0008970683919199119
-3.442005380641525e-07 -1.901283782860319e-07 0.0008966434168629513
-4.6952886555986946e-07 -2.274396004327913e-11 0.0008997715671772363
-3.442219724960733e-07 1.901445390363586e-07 0.0008966433943970863
-4.477260141964899e-07 -1.7937788387307278e-08 0.0008970683743411913
-4.634617923740935e-07 2.8753831115506305e-07 0.0008963706639322458
-3.3539203969456185e-07 -3.945678593906415e-07 0.000897290928534368
-4.890978307336172e-07 -1.8950531895140622e-06 0.0008983891758805676
-4.1070127162044856e-07 7.831709027771476e-06 0.0008930443408489936
-4.7589996954082277e-07 5.141758991546988e-06 0.0008937272815230435
-3.670356545053352e-07 -4.628467168271961e-06 0.0008945872267956878
-2.4980488275628406e-07 2.6093312936413535e-06 0.000895262469513631
7.309232442393315e-08 2.100582165320046e-05 0.0009008017341793965
4.3395477130136256e-07 3.501729912467558e-05 0.000908217779513229
8.201232071358282e-07 3.33041646598965e-05 0.0009067418939128052
1.149634252200816e-06 2.1125074550873567e-05 0.0008917617264333814
1.2569121801609294e-06 7.912740831988552e-06 0.0008667825216653753
1.1786804411123658e-06 7.221335788416159e-07 0.0008427076649502079
1.095502558990249e-06 -8.003353912500238e-12 0.0008345399710463861
1.1786540596714989e-06 -7.221249972073769e-07 0.000842707572760201
1.2569474481042714e-06 -7.912785327193903e-06 0.0008667826269586792
1.1496196046127728e-06 -2.1125069366843722e-05 0.0008917617179143733
8.200928363068597e-07 -3.330416118616653e-05 0.0009067419363076744
4.340162272911276e-07 -3.501719525200144e-05 0.0009082177073049362
7.30271073765084e-08 -2.1005766945446153e-05 0.0009008017130009545
-2.497413270002185e-07 -2.6092859171584614e-06 0.0008952624585973019
-3.670786132945211e-07 4.628382241479659e-06 0.0008945871910704419
-4.7588278922457734e-07 -5.14163216791712e-06 0.000893727308632353
-4.107110938100652e-07 -7.83183346920625e-06 0.0008930442731885895
-4.890732571540274e-07 1.8949950060252077e-06 0.0008983891355669177
-3.354415303505442e-07 3.9447079527634083e-07 0.0008972908827401352
-3.786909189887864e-07 -5.618458442242824e-07 0.0008962737464034167
-1.942474208011519e-07 9.779372409721923e-08 0.000897679248422652
-3.081063218313965e-07 -1.2769723043630693e-07 0.0008972592936907208
-1.7800348842496837e-07 1.9383106156277383e-11 0.0009000548794277793
-3.081966251036885e-07 1.2768644636503607e-07 0.0008972593220134068
-1.9413837341726602e-07 -9.780676153438732e-08 0.0008976792631048461
-3.787737439586878e-07 5.618526369964218e-07 0.000896273719473151
-3.2293853401478754e-07 -4.0035304620500293e-07 0.0008975802542983014
-3.49438707599935e-07 -6.315286633853881e-07 0.0008976878777202944
-4.768141018389568e-07 8.050793895759815e-06 0.000892912597939425
-4.50312032615669e-07 5.83522345440705e-06 0.0008934575120736439
-4.235328015676051e-07 -1.9871991377166165e-06 0.0008941388420459956
-1.7292060789376566e-07 4.3023886614625765e-06 0.0008947042299284615
1.6630763342706951e-07 2.218439421185986e-05 0.0009000468366927911
5.422716619722477e-07 3.559822640929373e-05 0.0009071497122544776
8.864430874404436e-07 3.355056412823519e-05 0.0009054517381235312
1.0643116395397094e-06 1.8994452909769833e-05 0.0008876121403764267
1.042294547385148e-06 6.134380126377491e-06 0.0008632433646023905
7.997599945182115e-07 6.028111131062677e-07 0.0008444782602958134
7.641715973034543e-07 4.144516272252031e-12 0.0008371073793885253
7.998147206827813e-07 -6.028178208919022e-07 0.0008444783443140438
1.0422495596969534e-06 -6.134338541184451e-06 0.0008632432775020747
1.0642752639886385e-06 -1.899444946839711e-05 0.0008876121088246819
8.865774944489247e-07 -3.355058726385724e-05 0.000905451729673668
5.420549475317948e-07 -3.5598300974391996e-05 0.0009071497606358226
1.665331297860625e-07 -2.218449682175164e-05 0.000900046879848466
-1.7310007221647929e-07 -4.30237450665632e-06 0.000894704235129405
-4.234717445066399e-07 1.987228525175058e-06 0.0008941388672235694
-4.5028847413885497e-07 -5.8352966510975465e-06 0.0008934575009233697
-4.768543137687286e-07 -8.05071725618202e-06 0.0008929126549215332
-3.4946219849270746e-07 6.316244425349501e-07 0.0008976879351923763
-3.2284215485443234e-07 4.004209513967842e-07 0.0008975802797546353
-1.6147794757397865e-07 -1.1345950184872843e-06 0.0008957631602428103
-1.7554076581039845e-07 -7.401598896683777e-08 0.0008977313100757007
-5.9394671626378675e-08 -2.649540597341566e-07 0.0008971841669329554
-1.1661380034229692e-07 -1.1003664226889693e-11 0.0009006379089183046
-5.927209937530887e-08 2.6495930896235806e-07 0.0008971841276060343
-1.7571390068107967e-07 7.401377083775197e-08 0.0008977313138074644
-1.6131519768149993e-07 1.1346040402694223e-06 0.0008957631591816658
-2.3421173764874304e-07 -2.8577673437470124e-07 0.0008980121882981433
-3.21457435841005e-07 -6.074774058519254e-07 0.0008981599427278308
-4.2521011912927336e-07 8.790308246958297e-06 0.0008929734419241311
-4.812040935819943e-07 8.161471459430617e-06 0.0008930121139366419
-3.7178476122254374e-07 8.532818511333735e-08 0.0008937106831008517
-9.215077980322519e-08 6.7670962478747475e-06 0.000894344026015132
1.3373841751810494e-07 2.441640335712311e-05 0.0008996968231891293
5.844625113378412e-07 3.427271021171438e-05 0.0009049888922130261
6.961231023247123e-07 3.163958512672988e-05 0.0009028987777701497
7.846150230442244e-07 1.7687342142714566e-05 0.0008859190872554328
6.252290982827705e-07 5.909950368440011e-06 0.0008637695791073039
6.428009776562784e-07 6.509020296877068e-07 0.0008460990273668658
5.289153798432558e-07 -2.3514549160930388e-12 0.0008384267020096125
6.427430260458918e-07 -6.508943646980658e-07 0.0008460989444438267
6.2530440660012e-07 -5.9099950057291875e-06 0.0008637696605154105
7.845838198267985e-07 -1.7687348790675807e-05 0.0008859191356339468
6.960317138960547e-07 -3.16395586946431e-05 0.0009028987734116857
5.846551937675322e-07 -3.427263675789167e-05 0.0009049888485375857
1.3350249314945617e-07 -2.4416287094685276e-05 0.0008996967757291516
-9.198217651044844e-08 -6.767130766922126e-06 0.000894344014923374
-3.7185989144000214e-07 -8.534125339601285e-08 0.0008937106677080521
-4.812400135281207e-07 -8.161411925356755e-06 0.0008930121183538666
-4.251363283341524e-07 -8.790374021090573e-06 0.0008929733886689686
-3.215230522573283e-07 6.073736283849781e-07 0.0008981598861098371
-2.3424737452193334e-07 2.8571875934596345e-07 0.0008980121600924665
-1.6366416225352692e-07 -1.2575430876351288e-06 0.0008962046570698133
-7.434938383257685e-08 7.777929217146606e-09 0.0008985830575622341
-7.237438568374919e-09 -2.670672215453656e-07 0.0008977083393373416
-6.291728598595685e-08 5.773449742039472e-12 0.0009011410713106684
-7.315961001000019e-09 2.6706709223684233e-07 0.0008977083819877285
-7.421510197260263e-08 -7.780068171760002e-09 0.0008985830478394016
-1.6377909861602447e-07 1.2575304124769946e-06 0.0008962046597561891
-1.993464425682384e-07 -1.1558313162392563e-07 0.000898603407342165
-2.564164689408099e-07 1.376588284916521e-07 0.0008982651516463835
-3.33892890095441e-07 1.0757643665186638e-05 0.0008924473761752064
-3.164593335128713e-07 1.060595698714529e-05 0.0008923708058051215
-2.7400742637064355e-07 1.5969885845767877e-06 0.0008931772081520818
-7.310154476805562e-08 7.697551257021753e-06 0.0008937638860189678
2.1183240238358863e-07 2.3688980287429868e-05 0.0008985835882060305
2.705623281925872e-07 3.340948308800232e-05 0.0009037549185475189
4.075088845390135e-07 2.992882398825477e-05 0.0009009081075821975
3.7734746084257557e-07 1.694903484654758e-05 0.0008850130199239296
3.791812878659711e-07 5.888721765474007e-06 0.0008640279553739703
4.2572575745002215e-07 4.792383281746774e-07 0.0008456917373143788
3.8152466654497e-07 1.9269125786178378e-12 0.0008392849196386627
4.258156007968323e-07 -4.792436901701688e-07 0.0008456918281143333
3.790478148189632e-07 -5.8886757004455076e-06 0.0008640278640315098
3.774468671577281e-07 -1.69490309205725e-05 0.000885012975333782
4.074974327614387e-07 -2.9928834898350435e-05 0.000900908105160815
2.704820719719819e-07 -3.340958179742498e-05 0.0009037549748639905
2.1194901234787792e-07 -2.3689075155272166e-05 0.0008985836261010084
-7.31883403004223e-08 -7.697535916399123e-06 0.0008937639046018758
-2.740151546074669e-07 -1.5969494802811758e-06 0.0008931772183200893
-3.1636339510816107e-07 -1.0606042197570767e-05 0.0008923708001551433
-3.340340612947429e-07 -1.0757551845922134e-05 0.0008924474347257129
-2.5629255496570303e-07 -1.3757511835227438e-07 0.0008982651923070492
-1.9941436989419278e-07 1.1565123610473778e-07 0.0008986034560086512
-1.2118035835902445e-07 -1.3543500379840446e-06 0.0008969218354802255
-8.614979272050911e-08 6.950313754367072e-08 0.0008996239480266062
-9.368248597531632e-08 -1.4298347724924473e-07 0.0008990293664397066
-6.575061999190429e-08 -4.449704865158705e-12 0.0009012050145531011
-9.36557199574808e-08 1.4298235083674925e-07 0.0008990293283453102
-8.617543928345666e-08 -6.949497753818393e-08 0.000899623948556542
-1.211851028758672e-07 1.3543571059819895e-06 0.0008969218493426949
-7.117113892413521e-08 4.056859285818588e-07 0.0008985649268895726
-1.2228160372450055e-07 1.4279789564544756e-06 0.000897653590099682
-2.9235687908020587e-08 1.1307746319366804e-05 0.0008922777495013743
-8.961586388143018e-08 1.1127795097332644e-05 0.000892226851185805
-7.896652694371718e-08 2.7538699628038064e-06 0.0008929494609478925
-1.4001884032336352e-07 7.846573320363398e-06 0.0008933465119735223
1.7716453287688865e-09 2.150983450079469e-05 0.000897371932322652
3.414114257455894e-08 3.288402351795911e-05 0.0009033523722195649
1.1024511353497308e-07 2.984092258316854e-05 0.000900837404820404
6.326747092811265e-08 1.714287755476526e-05 0.0008853005327576839
1.8920571366667795e-07 6.011226163477993e-06 0.0008641738746539304
1.236834386266309e-07 4.152297105458852e-07 0.0008451724087304538
2.761011131077615e-07 1.2865324125228708e-12 0.0008393577520264357
1.2359212608083973e-07 -4.1522817996955283e-07 0.0008451723162335298
1.8933908983630538e-07 -6.011269129820178e-06 0.0008641739669281107
6.315997128783971e-08 -1.71428836636628e-05 0.0008853005835636078
1.102968831547286e-07 -2.9840913247637505e-05 0.000900837407391191
3.416333131545323e-08 -3.2883915902835633e-05 0.0009033523134054728
1.7037001316991392e-09 -2.1509746524858525e-05 0.0008973718917161121
-1.399481414342276e-07 -7.84658507369984e-06 0.0008933464959286862
-7.895819008250036e-08 -2.7539154729581173e-06 0.0008929494547232031
-8.969969931072461e-08 -1.1127704172872177e-05 0.0008922268544488051
-2.9106811357783706e-08 -1.1307843173914656e-05 0.0008922776892439467
-1.2240406151364536e-07 -1.4280541268936697e-06 0.0008976535550358059
-7.10694453338688e-08 -4.057575586479102e-07 0.0008985648761954277
-1.2674425772926156e-07 -1.092592911924307e-06 0.0008977731471248518
-1.6211984875583543e-07 1.813340116819133e-08 0.0008998750283244047
-1.773870127120598e-07 -1.4342093259572514e-07 0.0008994943958361706
-1.8844486667221123e-07 5.184784433173873e-12 0.0009020201436624169
-1.7738110228705673e-07 1.4341668299293551e-07 0.0008994944311347435
-1.6215332344447389e-07 -1.8133273306164756e-08 0.0008998750310166228
-1.2668031120636638e-07 1.0925877163940635e-06 0.0008977731317538891
-3.7075134984188435e-09 -1.335466386008177e-07 0.0008988426374831784
1.0332175800565028e-07 4.237553002183297e-07 0.000898223732672556
2.3229068911864198e-07 9.252756322898213e-06 0.0008933260002413737
2.2423400729329e-07 9.389372898524953e-06 0.0008931179584436784
8.078341831774348e-08 3.979762747638881e-06 0.0008935401975773209
-9.432109565419399e-08 9.602554700748022e-06 0.0008940498912218526
-2.9569519542493035e-07 2.3844876714059485e-05 0.0008982985512985836
-2.3896689772472186e-07 3.229966258425466e-05 0.0009027783638043163
-2.510316480809685e-07 2.98575758122425e-05 0.0009008066848819297
-1.8341850142782043e-07 1.7560968173681506e-05 0.0008857619984843332
-1.5489022591040703e-07 6.1017095376838145e-06 0.0008640279959454849
-6.018635582020712e-08 5.547977675367401e-07 0.0008452174365575078
-5.864412519607382e-08 -3.4619611706821206e-12 0.0008384892512052187
-6.015824904734667e-08 -5.547951267724967e-07 0.000845217523070487
-1.5494033308952553e-07 -6.101675854267383e-06 0.0008640279158413708
-1.83365579140377e-07 -1.7560945847122597e-05 0.0008857619258451575
-2.510533460382888e-07 -2.9857602923087465e-05 0.00090080669990485
-2.389730489589195e-07 -3.2299751337199376e-05 0.0009027784054527136
-2.956652086330662e-07 -2.384498813881343e-05 0.0008982986072371085
-9.433861214328194e-08 -9.602507985275745e-06 0.0008940498991111715
8.077100363273794e-08 -3.979748551429465e-06 0.0008935401997964709
2.24291347583412e-07 -9.389429445148134e-06 0.0008931179656821247
2.322153316848715e-07 -9.252686225653013e-06 0.0008933260447354373
1.0340387208316129e-07 -4.236604267494167e-07 0.0008982237839151892
-3.760287789978724e-09 1.3360151030902113e-07 0.0008988426713379942
-1.2397681943402035e-07 -6.433869488036219e-07 0.0008980266301288666
-1.4567740755505945e-07 2.8796324782125775e-09 0.0008993135504732099
-2.6463970181822704e-07 -3.202504272492762e-07 0.0008983800584762326
-1.1282358883435122e-07 -5.823369865684907e-12 0.00090220920409143
-2.646464122145627e-07 3.2025995088274345e-07 0.0008983800177248796
-1.4566322281656563e-07 -2.8896032225751893e-09 0.0008993135588948787
-1.2400632409577318e-07 6.434026242209128e-07 0.0008980266279918139
6.876040522316898e-08 -1.46551080958795e-08 0.0008982715198132397
2.138869048788122e-07 -4.064342600402803e-07 0.0008984445663147367
2.9068525839593477e-07 7.348252126710212e-06 0.0008941108683557974
4.236323051043146e-07 7.104602085664933e-06 0.0008940185660040788
3.0948481053945423e-07 2.3250318463940803e-06 0.0008943806178940832
1.0508555526924797e-07 9.2697381924346e-06 0.0008949974696096834
-2.0382506530871414e-07 2.5576698761114885e-05 0.0008998804829757497
-5.903188512439436e-07 3.396269390783824e-05 0.0009043394555196656
-6.513898237062818e-07 3.093399722797571e-05 0.0009018892655384715
-5.956545965669187e-07 1.829427142071703e-05 0.0008864791018344023
-4.3711353641416284e-07 6.377488342730271e-06 0.0008640567822156452
-3.580813302529396e-07 7.807448960250258e-07 0.0008453630643499869
-3.5615475661202817e-07 6.821826173568937e-14 0.0008363797017570232
-3.5804374626643954e-07 -7.807474183600398e-07 0.0008453629804689565
-4.371641557721629e-07 -6.377518077922381e-06 0.0008640568530140121
-5.956025324178187e-07 -1.8294309549895124e-05 0.0008864791854252357
-6.514367172971444e-07 -3.0933955665124696e-05 0.0009018892386153394
-5.902976281447155e-07 -3.396261997841192e-05 0.0009043394220194305
-2.0381646222075504e-07 -2.5576566362060115e-05 0.0008998804182092892
1.050602397986895e-07 -9.26981352534859e-06 0.0008949974654194007
3.095093248919906e-07 -2.3250162785313676e-06 0.0008943806153855414
4.2361835192538797e-07 -7.104573097737181e-06 0.0008940185544963034
2.9068543676859646e-07 -7.348297875272652e-06 0.000894110840951412
2.1389661230998682e-07 4.0632544180002176e-07 0.0008984445040613648
6.872680028074843e-08 1.4617497433869786e-08 0.0008982714983770314
-4.8433049794719526e-09 -7.262660270866729e-07 0.0008974770308635535
-1.4484193686441155e-07 -4.3806687480719314e-08 0.0008987619861397884
-1.0992617998407373e-07 -3.9541623026170095e-07 0.0008976521573432477
-2.5963935964376766e-07 4.481393526689457e-12 0.0009021861247265295
-1.0995318491451962e-07 3.9540653375718503e-07 0.0008976522009786072
-1.44799399827449e-07 4.381645899062546e-08 0.0008987619669198105
-4.889990965268044e-09 7.262427945536494e-07 0.0008974770413368078
1.7726388825794746e-07 -3.186140430699322e-07 0.0008981024932350705
2.6757155028407914e-07 -2.6555747082730633e-07 0.0008980074654604672
3.9623697928772593e-07 7.546841733743645e-06 0.0008937101920380365
4.5205479450672936e-07 5.274234974452225e-06 0.0008942427183989784
5.645297256873715e-07 -1.8497185580141798e-06 0.0008947782380820105
3.740887278533156e-07 5.726981242707644e-06 0.0008953786426427525
-3.017238378608836e-08 2.301053647797767e-05 0.0009004608966904046
-4.927645775263517e-07 3.687339928020105e-05 0.0009077168635406235
-8.466419007239184e-07 3.373459644590664e-05 0.0009050308821312879
-9.491772261999229e-07 1.9050870791439135e-05 0.0008869178848121643
-8.669036543620285e-07 6.1984583381690655e-06 0.0008624016773308128
-6.572922912654952e-07 3.5269694876212723e-07 0.0008424463042766452
-5.482929829862148e-07 3.1282248052997944e-12 0.0008374414201386577
-6.573384102582233e-07 -3.5270420322423056e-07 0.0008424463894193591
-8.668217192959155e-07 -6.198423354592687e-06 0.0008624016035061997
-9.492791385239358e-07 -1.90508337920758e-05 0.0008869178050596672
-8.465601783629352e-07 -3.373463542968517e-05 0.0009050308970649907
-4.928001393540357e-07 -3.687347789849014e-05 0.0009077169058699765
-3.017572707814655e-08 -2.3010659605340266e-05 0.0009004609542429546
3.740920629873487e-07 -5.726907191925055e-06 0.0008953786460783638
5.64544896703359e-07 1.8497077202088397e-06 0.0008947782452239856
4.5199147627964234e-07 -5.274264072607775e-06 0.0008942427242786947
3.963352254690521e-07 -7.5467924440179135e-06 0.0008937102211636846
2.6746478741261854e-07 2.6565757677132817e-07 0.00089800752406842
1.7735914948810684e-07 3.1865308451742614e-07 0.0008981025206696365
-1.5599346208929356e-08 -1.3253959554793974e-06 0.000896067282392066
-6.896117077465436e-08 -1.282324299480427e-07 0.0008982168182811608
-1.1421088729308738e-07 -1.440739658954675e-07 0.0008981182114667354
-1.6854178295885925e-07 -2.4877748452142355e-12 0.0009002603650499406
-1.141829550429076e-07 1.4407725321174097e-07 0.0008981181714138742
-6.900788955469436e-08 1.2822767502752983e-07 0.0008982168336129473
-1.5524075636818654e-08 1.3254134178820367e-06 0.0008960672769916553
1.2931329544585477e-07 -4.916822066524759e-07 0.0008975842435844669
3.833186199605068e-07 -1.871373092280984e-06 0.0008985934019003732
3.898946253557437e-07 7.16074453950774e-06 0.0008936275335576391
5.610638288594448e-07 4.954459707585439e-06 0.0008941514964315703
6.302201450739562e-07 -4.677121755528228e-06 0.000894988049425369
5.872566441406234e-07 2.526606742976172e-06 0.0008956256917977381
2.3688461683957954e-07 2.241349131260511e-05 0.0009015510769933831
-1.2934068276312447e-07 3.645518821709551e-05 0.0009089296267546314
-7.186533647916162e-07 3.4393630478660064e-05 0.0009071304483494745
-1.0718140698611642e-06 2.1742138087225065e-05 0.0008915782456546877
-1.230175342074022e-06 8.305809935752022e-06 0.000866259529059924
-1.0801925730277902e-06 1.0103137247346432e-06 0.0008420683634184429
-1.0377603603139956e-06 -3.1308320542784777e-12 0.0008314293732540516
-1.0801770733812732e-06 -1.0103001449603988e-06 0.0008420682763037145
-1.2302041059970305e-06 -8.305850072919853e-06 0.0008662596067925668
-1.0717878998301303e-06 -2.174216802552408e-05 0.0008915783164417812
-7.186585212673036e-07 -3.439360098900723e-05 0.000907130447853387
-1.2937585004425918e-07 -3.645509770732864e-05 0.0009089295697965789
2.3693606834037755e-07 -2.241338832041048e-05 0.0009015510294829622
5.87212658430566e-07 -2.5266658071412123e-06 0.0008956256873681543
6.30236946608441e-07 4.677117354469452e-06 0.0008949880394970023
5.610930407718546e-07 -4.954419041453329e-06 0.0008941514973880777
3.8981985366014987e-07 -7.160805099422015e-06 0.0008936274957965723
3.8339285082935294e-07 1.871291391495869e-06 0.0008985933532601549
1.2925759325112543e-07 4.916320553244178e-07 0.0008975842091840123
1.1604507225119207e-07 -7.979557114255229e-07 0.000896126661723883
-3.741793226723705e-08 3.183270367040588e-08 0.0008977100153960629
-8.771912561000136e-08 -1.5545106598939815e-07 0.0008971657148867864
1.0121677064717942e-08 -5.707104368997892e-14 0.0008994984694726087
-8.771674876356546e-08 1.5545113495419552e-07 0.0008971657483297934
-3.742260075318054e-08 -3.1832932222852346e-08 0.0008977100077037412
1.16024192170636e-07 7.979503461239874e-07 0.0008961266587063501
2.615272032410474e-07 -9.169017260844046e-07 0.0008972489924557118
2.7026029847165093e-07 -2.3481163182774356e-06 0.0008983076641838417
3.9345701893958793e-07 7.007494878921587e-06 0.0008931818751209233
5.087167624399202e-07 4.254342321921375e-06 0.0008939012311817633
6.24414373750331e-07 -6.281126613345251e-06 0.0008948569536537612
6.839709603386467e-07 6.591932349899258e-08 0.0008954337204888037
6.511759151090959e-07 1.899579286228098e-05 0.0009011203279999495
1.518415857956157e-07 3.378632886172379e-05 0.0009089701473088507
-4.6760656843837325e-07 3.555250503600416e-05 0.0009103640548312273
-1.013685558613583e-06 2.3180645083891383e-05 0.0008951819778098617
-1.3971704045957601e-06 8.615464067764876e-06 0.0008677834716819252
-1.8258174271766853e-06 1.0760514158928676e-06 0.0008427589363309111
-1.8652681531638926e-06 3.2829640593026278e-12 0.0008318136834378259
-1.8258206486111375e-06 -1.0760619091519397e-06 0.0008427590230766375
-1.3971912449540299e-06 -8.615426871325434e-06 0.0008677833950354527
-1.0136277206969947e-06 -2.3180610950596627e-05 0.0008951819101435884
-4.6767872826061e-07 -3.555252865968739e-05 0.0009103640528908246
1.519286077335822e-07 -3.378642084342665e-05 0.0009089702103009026
6.51096025689288e-07 -1.8995884846464468e-05 0.0009011203715077142
6.840256124335915e-07 -6.586427466106002e-08 0.000895433722238906
6.243915980150282e-07 6.281132737893652e-06 0.0008948569623525886
5.087245962215408e-07 -4.254381639677093e-06 0.0008939012290744029
3.9346116102255157e-07 -7.007435860167633e-06 0.0008931819112652744
2.7027402603417295e-07 2.348189814242069e-06 0.0008983077083620569
2.615045224116423e-07 9.169553878085539e-07 0.0008972490242218141
1.8668982270029463e-07 -4.587201764947765e-07 0.0008956466461810884
9.248452383833878e-08 -8.032991019726261e-08 0.000896313492102295
1.0236446305966644e-07 -4.1871971537291044e-07 0.0008951108623343938
1.3376579985363444e-08 2.588475158357218e-12 0.0008991052376764632
1.0234869255637722e-07 4.187208056534454e-07 0.0008951108355734087
9.252593321012881e-08 8.033000724267118e-08 0.0008963134969392229
1.86648884200331e-07 4.587174514883976e-07 0.0008956466533493028
3.246311314644928e-07 -9.425938780012335e-07 0.0008968329746647852
3.2832186922677647e-07 -1.634812061316102e-06 0.0008974050880112331
3.6589656174180274e-07 7.238056589167956e-06 0.0008925700866445657
3.710155302895808e-07 4.874805033781867e-06 0.0008931842521954146
5.945366573791733e-07 -7.338793674444542e-06 0.000894288047422151
7.863382394828823e-07 -3.367496257550025e-06 0.0008945986029372698
7.434031477649675e-07 1.3084152563438815e-05 0.0008995008017557379
4.873255691138858e-07 3.132887619373098e-05 0.0009091598314242281
2.0355351581086425e-08 3.52871209291433e-05 0.0009123401559342293
-7.103820790194591e-07 2.1312761925027663e-05 0.0008952294743849893
-1.7481331409370738e-06 7.931237279954473e-06 0.0008700644356374172
-2.434544230522737e-06 8.62913904377044e-07 0.0008466141635081228
-2.894455515071792e-06 -1.7649270944820031e-12 0.0008375052026540142
-2.4345552602455035e-06 -8.629053186452917e-07 0.000846614078472011
-1.7481019546323062e-06 -7.931268912094407e-06 0.0008700645094954723
-7.104296512756189e-07 -2.131279908632718e-05 0.0008952295414554777
2.0416673942456825e-08 -3.528710161702459e-05 0.0009123401578531303
4.872645952889484e-07 -3.1328782460569586e-05 0.000909159771178447
7.43447682598974e-07 -1.3084069748864184e-05 0.0008995007582528454
7.863237706164516e-07 3.3674422595094452e-06 0.0008945986051081545
5.945376944504825e-07 7.338792550640528e-06 0.0008942880401035678
3.7101959231022354e-07 -4.874773996841673e-06 0.0008931842527890711
3.6590879671816615e-07 -7.238110264893044e-06 0.0008925700585758102
3.282802364141801e-07 1.6347391268820538e-06 0.000897405040243791
3.2468477652458824e-07 9.425450047424021e-07 0.0008968329432834714
1.8558766062296692e-07 -9.88988956953192e-07 0.000894372642701737
2.8446987544842996e-07 -2.2266056820282872e-07 0.0008956368821962048
1.7733474984515725e-07 -2.466044540531179e-07 0.0008953789897064458
1.4646862277522546e-07 -1.5083050357170916e-12 0.0008977591884679933
1.7737068151972318e-07 2.466018982360409e-07 0.000895379011522311
2.8441259594421635e-07 2.2266213863254034e-07 0.0008956368792667386
1.8564412348990743e-07 9.889946866342328e-07 0.0008943726334387684
3.0611191559898125e-07 -1.1763899842708152e-06 0.000896626018601361
4.3969156704535635e-07 -3.6767283414937292e-06 0.0008986978863448707
3.5077797917220465e-07 8.709799031289227e-06 0.0008920035609855618
4.4996543017423996e-07 7.10194554406076e-06 0.0008923865120270504
5.437096554147556e-07 -8.136912115739959e-06 0.0008938157493209779
6.085870340373878e-07 -4.2694587146889685e-06 0.0008941792736653199
8.085639125083189e-07 1.2409682135835943e-05 0.0008992252049147122
9.314401197766688e-07 2.8288426185228778e-05 0.0009076954793446907
5.676423281587718e-07 2.8116974176443862e-05 0.0009075388147814588
-5.413903629984804e-07 1.6558491124477132e-05 0.000893471072092467
-1.9017176361060061e-06 6.048744675837854e-06 0.0008739042304411348
-3.2663399666549054e-06 5.947310304921468e-07 0.0008561331462864328
-3.6940936923964617e-06 -1.141521647496883e-12 0.0008503712517391734
-3.2663348981954322e-06 -5.947385291638456e-07 0.0008561332289733367
-1.901733054422454e-06 -6.048714731944351e-06 0.0008739041666067203
-5.413749041674258e-07 -1.6558452882500805e-05 0.0008934710030742469
5.676143449790093e-07 -2.8116995612505057e-05 0.000907538814317437
9.31484671220995e-07 -2.8288518324543396e-05 0.0009076955335874378
8.085236784602742e-07 -1.2409757172349799e-05 0.000899225249810205
6.086236964442638e-07 4.269514268901418e-06 0.0008941792731454498
5.4366694470901e-07 8.136910530655451e-06 0.0008938157558263024
4.500080607705341e-07 -7.101970716476066e-06 0.0008923865088305656
3.5072490718753047e-07 -8.709748185321958e-06 0.0008920035811658995
4.397486844341149e-07 3.676800363680151e-06 0.0008986979371172711
3.0605856413439343e-07 1.176428635127174e-06 0.000896626047661445
2.7729950560932806e-07 -2.057707977343521e-06 0.0008926471540098542
3.0980575823152064e-07 2.4743785773693106e-07 0.0008968974380772968
3.3782021036704263e-07 2.1731270624306211e-07 0.0008967096989975886
1.8278785290399734e-07 -2.9184784504889258e-12 0.0008948475715522884
3.3779426888167356e-07 -2.1730698792927827e-07 0.0008967096780220074
3.0984660887526436e-07 -2.474403295722312e-07 0.0008968974474201473
2.772511123962208e-07 2.057703351158072e-06 0.0008926471639769884
2.6337725870498745e-07 -6.36390397987885e-07 0.0008961241494672425
2.507337438900488e-07 -1.8666177589314617e-06 0.000897165904103865
6.483286848399268e-07 7.79690018314009e-06 0.0008919700860655236
6.235505454786907e-07 4.711058845551836e-06 0.0008928274290356277
3.1383106824139524e-07 -5.3310056049506326e-06 0.0008937798245176855
4.940510129522835e-07 -6.175361109000563e-07 0.0008942264322724173
1.0592900989732223e-06 1.1489898190272304e-05 0.0008978507584008749
1.3507735425520696e-06 1.9840611822157227e-05 0.000902248050159447
8.414995499353254e-07 1.861894359003164e-05 0.0009011701960907224
-5.466239846334697e-07 9.376134494497136e-06 0.0008897759241812957
-2.3002349210665484e-06 2.204270987047651e-06 0.0008761260503887846
-3.6569390668697226e-06 -2.900402822621095e-08 0.0008683994141189153
-4.223114182233893e-06 3.073541034619415e-13 0.0008679488898819796
-3.656902731253959e-06 2.90116050623319e-08 0.0008683993321806624
-2.300264040015669e-06 -2.204296052687155e-06 0.00087612610387229
-5.465969472837183e-07 -9.376185856729583e-06 0.0008897760087803606
8.414655745045776e-07 -1.8618917810354637e-05 0.000901170193214686
1.3507881964502584e-06 -1.984052063008352e-05 0.0009022479943441325
1.0592909594029953e-06 -1.148982544135079e-05 0.0008978507198836957
4.940461647836618e-07 6.174732739487675e-07 0.0008942264342299929
3.1384306645977e-07 5.331008566306062e-06 0.0008937798195007197
6.23525033494153e-07 -4.711035776775742e-06 0.0008928274306979641
6.483590628844824e-07 -7.796944189521821e-06 0.0008919700681199427
2.5072980219270216e-07 1.8665468816254635e-06 0.0008971658567260136
2.6337051429757376e-07 6.363569836784245e-07 0.0008961241262260156
4.782185890799062e-07 -1.9804532536608874e-06 0.0008928623431517851
3.2014861392683257e-07 2.1015056184470497e-07 0.0008968760943699197
2.848861878358454e-07 7.724860826989854e-08 0.0008964094294075137
4.877967946627529e-07 3.567591722288744e-12 0.000895800287976062
2.848576179082868e-07 -7.725365878212162e-08 0.0008964094488151217
3.201629007422325e-07 -2.101438871224607e-07 0.0008968760804892731
4.782200356143161e-07 1.9804555226237717e-06 0.000892862334574882
4.1622789636064186e-07 1.1515644198126865e-06 0.0008946488196016905
2.8752156696529414e-07 7.465675590756311e-07 0.000894990691855305
7.626802946441441e-07 3.507421758887523e-06 0.0008934876513362233
6.35691237444854e-07 2.9428936529349605e-06 0.0008936656437352738
1.6336632485233576e-07 2.01068425637493e-07 0.0008939666891107487
5.157706028231285e-07 2.590520425634899e-06 0.0008942372145603022
1.0798668303588366e-06 7.74019103792014e-06 0.0008957966613811333
1.4398917840523028e-06 1.265837940627539e-05 0.0008983740916373795
7.845945760822918e-07 9.237537391988676e-06 0.000895520570620272
-7.532316687662024e-07 5.040399206030665e-06 0.0008904021868601246
-2.4601750728183774e-06 1.5617033806887123e-06 0.0008839296722246455
-3.56834507336817e-06 -1.0667282302637136e-07 0.0008785873912231604
-3.922650404207938e-06 3.1457794295570624e-12 0.0008798553630833533
-3.568359088099964e-06 1.0666062040808463e-07 0.0008785874827370604
-2.460127787068816e-06 -1.5616818802151912e-06 0.0008839296274005594
-7.533154070432129e-07 -5.040337995837917e-06 0.0008904020823349983
7.846786037620285e-07 -9.237554541623617e-06 0.0008955205573534414
1.4398249587746725e-06 -1.2658510157848174e-05 0.0008983741745465347
1.0799613479357394e-06 -7.740236328128296e-06 0.0008957966918678222
5.156779138284342e-07 -2.590443236347184e-06 0.0008942372132496121
1.6342639147987933e-07 -2.0109172145971398e-07 0.0008939666968813588
6.356404670904456e-07 -2.9429030898936946e-06 0.0008936656477308108
7.627335055144851e-07 -3.5073931058129834e-06 0.0008934876655049581
2.8745655125077066e-07 -7.465070130070937e-07 0.0008949907310072469
4.162974080658928e-07 -1.1515141810547818e-06 0.0008946488580723608
3.760409143550077e-07 6.10802866473455e-08 0.0008960661741668291
4.3160904636086845e-07 -3.374864845456197e-07 0.0008951846380645669
4.158878246605932e-07 -3.7773604608298964e-07 0.0008948879827520185
2.0871736194977427e-07 -5.409639240569185e-13 0.0008983857613228931
4.159313446413475e-07 3.7773559423444374e-07 0.0008948879854168907
4.315410744224615e-07 3.3749303865115525e-07 0.0008951846208694456
3.761185534113728e-07 -6.110048940506015e-08 0.0008960662125531318
3.8370028106897245e-07 3.3471960278938135e-07 0.0008954993468808137
4.705873647136817e-07 1.2292101110406395e-06 0.0008947491601559108
3.958107672370648e-07 1.2895291839313754e-06 0.0008946964289934499
3.218434013216931e-07 1.685017264783365e-06 0.0008945592870772688
3.0751614777444364e-07 2.293020978952216e-06 0.0008944976434318152
3.0341133727764503e-07 2.751629611976495e-06 0.0008945595183147241
1.0394511446987837e-06 6.86590116077306e-06 0.0008958271513103805
1.4206803084778008e-06 8.928242505440648e-06 0.0008969264784326422
2.687497384991819e-07 5.80242618111961e-06 0.0008943742270065228
-9.324514318500161e-07 3.0260589853483333e-06 0.0008910655467488694
-2.0829062744110766e-06 9.706737779406728e-07 0.0008873745157019709
-3.26586959005768e-06 1.3515534435906956e-08 0.0008844771399391988
-2.992233240511032e-06 1.9403996617344196e-12 0.0008849606032042225
-3.265890074262869e-06 -1.349941748769879e-08 0.0008844770954321633
-2.0829118740833125e-06 -9.706755710885809e-07 0.0008873744915879159
-9.323972398075729e-07 -3.026154014683023e-06 0.00089106569026237
2.6869701602239104e-07 -5.802401175047595e-06 0.0008943742272776232
1.4207012708045858e-06 -8.92807306022922e-06 0.0008969263692397087
1.0393959507715046e-06 -6.865937967399407e-06 0.00089582715551925
3.0347005308588754e-07 -2.7516391215725396e-06 0.0008945595056696553
3.0748531681384616e-07 -2.293076427250328e-06 0.0008944976324710978
3.218576126492942e-07 -1.6849601882519603e-06 0.0008945592917808452
3.9579742019327433e-07 -1.2895783671281899e-06 0.0008946963976410467
4.7063644213184687e-07 -1.2292565270199677e-06 0.0008947491288048563
3.8365839145365043e-07 -3.3475345677143567e-07 0.000895499321936487
3.4368835506023785e-07 -1.3196137982859343e-07 0.0008957336506664533
4.0515755602690064e-07 -1.49568063018262e-07 0.0008956932280889641
4.451937683121769e-07 5.273790763589537e-09 0.0008962991003415248
1.2421277214587003e-07 1.835853472484784e-12 0.0008966013770845336
4.451586546326504e-07 -5.273022698601267e-09 0.0008962991236819047
4.051983097699294e-07 1.4956469357740325e-07 0.0008956932172297735
3.4364475097244644e-07 1.3196057505031844e-07 0.000895733632313489
1.366601909507394e-07 2.0221277079010357e-07 0.0008960333567611217
1.7961174999975058e-07 5.54766248805404e-07 0.0008957539729934085
4.105676596683406e-08 7.663339549903445e-07 0.0008956407702267883
3.785957451871073e-07 2.5431694388678407e-06 0.00089509308702181
3.3932837980779717e-07 2.942355950328261e-06 0.0008950429030551339
5.280367623096972e-07 3.9304031947493845e-06 0.0008951390505739754
1.1565572789937538e-06 6.316977579639423e-06 0.000895854561313472
1.1833813409854767e-06 6.638012673526443e-06 0.0008960142762976898
4.597014376803361e-07 5.50015435875822e-06 0.0008950736931763276
-1.3380487599571041e-06 1.608771769628948e-06 0.0008903140609616316
-2.5888541962910458e-06 -6.214176138317639e-08 0.0008871597684893219
-2.31195419938995e-06 1.0051929026794844e-07 0.00088765430874268
-2.820356689174475e-06 4.668683541938329e-12 0.000886623631432155
-2.311927681845304e-06 -1.0052607775723178e-07 0.0008876543585227599
-2.588908426015656e-06 6.213807534640754e-08 0.0008871597971223968
-1.3380414132372922e-06 -1.608684467080416e-06 0.0008903139078498549
4.597026502905374e-07 -5.5001836468043955e-06 0.0008950736926967014
1.183420824052341e-06 -6.638122714897986e-06 0.0008960143478265811
1.1565457587525602e-06 -6.316979931817472e-06 0.0008958545803793723
5.280049201681838e-07 -3.930320489436763e-06 0.000895139049269446
3.3935842121262245e-07 -2.942402356689303e-06 0.0008950429126957542
3.7862361241483726e-07 -2.5431356210040228e-06 0.0008950930959485588
4.100866805899429e-08 -7.663525142159056e-07 0.0008956407659356819
1.7960816069020596e-07 -5.546904161243575e-07 0.0008957540262030212
1.3661668959742835e-07 -2.0216522335361563e-07 0.0008960334033335605
2.3691491646803977e-07 -3.7721398035014124e-08 0.0008962101135505881
4.650031762824909e-07 -1.534020368964356e-07 0.0008959437320584904
3.3524138706797877e-07 -1.4803913752431591e-08 0.0008961922797570361
6.679734259450211e-07 3.407797684607206e-12 0.0008956136421061655
3.3525365569228136e-07 1.4803707390634551e-08 0.0008961922992728371
4.6503296233215436e-07 1.5342496118731432e-07 0.0008959436784574233
2.3685746199164936e-07 3.767897799500273e-08 0.0008962101716218209
4.538172023745473e-08 8.173364984367088e-07 0.000896577345552124
4.1591709840274486e-09 1.080816842771836e-06 0.0008963755215268201
3.7089292036103976e-07 2.257491339380041e-06 0.0008957698364546033
6.450852392192481e-07 3.3340001287396573e-06 0.0008954651683609205
9.985859575588554e-07 4.695130729422151e-06 0.0008953466619239344
8.256712563043036e-07 4.669689564973654e-06 0.0008953472405515692
7.518815311019041e-07 4.448772478072002e-06 0.000895273971083123
9.077769773130484e-07 5.521322409489095e-06 0.0008958240474824831
4.292625274622965e-07 4.277112140990262e-06 0.0008947611055776266
-4.676354856866884e-07 3.1711134395623957e-06 0.000893387137454626
-1.6177871113934779e-06 1.2855371044019232e-06 0.0008898590922111055
-3.074687236152119e-06 1.8061960886556183e-08 0.0008856759265237166
-2.9659481221010537e-06 1.2948135444492768e-11 0.000885346743455081
-3.074769923352243e-06 -1.8026560846523307e-08 0.0008856758248676261
-1.6177103235531452e-06 -1.2855510064808836e-06 0.0008898591127469233
-4.6765154609230095e-07 -3.1712087846876856e-06 0.0008933872775945877
4.2929504145908124e-07 -4.2770906334614274e-06 0.0008947610798067921
9.076961439942882e-07 -5.5212092868685685e-06 0.0008958239474657544
7.519101244727807e-07 -4.448819108389052e-06 0.0008952739688937877
8.256848633668454e-07 -4.669738541661826e-06 0.000895347249133293
9.985885753708626e-07 -4.6950689579042095e-06 0.0008953466611631304
6.45038436467251e-07 -3.3340128951659906e-06 0.0008954651584978902
3.7097922274069504e-07 -2.2575279679180345e-06 0.0008957698150677284
4.1372027790048386e-09 -1.0809113891225286e-06 0.0008963754656877938
4.545888663314383e-08 -8.173871867250997e-07 0.0008965773154021112
-2.3435610664535072e-07 -1.0909365336797663e-07 0.0008974370671988366
-2.7486428217191093e-07 9.695223753521911e-08 0.0008978259755756471
-1.5219863153252287e-08 -4.155169795534297e-08 0.0008974483587644
-2.527341871007311e-07 -2.916420952774074e-12 0.0008981596925658603
-1.522759629651352e-08 4.15440064391951e-08 0.000897448396421679
-2.749019073793366e-07 -9.694740499192746e-08 0.0008978259618230038
-2.342632152435892e-07 1.0911704385074313e-07 0.0008974370135044748
-9.460166853794467e-08 9.68193420850274e-07 0.0008969415607279487
2.2397820147678427e-07 1.735420824344775e-06 0.0008963133876763739
3.108527523542561e-07 2.177890503373221e-06 0.0008960710532997074
4.932060316144902e-07 2.7797876986579092e-06 0.0008958797811880309
6.106808303568536e-07 3.4003702536003275e-06 0.0008958091261694499
8.433093927066028e-07 4.153844973222464e-06 0.0008958762436169713
1.0500786886055973e-06 5.3226506369906024e-06 0.0008962310562020024
1.4681071673008195e-06 6.1245899895387525e-06 0.0008966637946303907
1.0814072336884972e-06 5.743050631998857e-06 0.0008963571049477008
1.6081489675699918e-08 3.417167454533225e-06 0.0008935184975714766
-1.6179247015110562e-06 1.4920917828803693e-06 0.0008898936336292339
-3.0116751205143314e-06 2.880462343980864e-07 0.0008859114241401356
-4.154989111337753e-06 -4.874811254224099e-12 0.0008830511902688068
-3.0116511003609766e-06 -2.8805725439063253e-07 0.0008859114391590447
-1.6180407051672343e-06 -1.4920833484337133e-06 0.0008898935942024848
1.6088483595842405e-08 -3.4171264936075277e-06 0.0008935184101427209
1.081370395698052e-06 -5.743083603555583e-06 0.0008963571205405333
1.468177264651181e-06 -6.124655178740104e-06 0.0008966638386729116
1.0500919418105354e-06 -5.3226695882382866e-06 0.000896231073177997
8.433007594538955e-07 -4.153811074723294e-06 0.0008958762417314212
6.106525867746336e-07 -3.400423507264939e-06 0.000895809132103268
4.932659314008171e-07 -2.7798671264105563e-06 0.0008958797848618111
3.1076784861411244e-07 -2.1778327707978883e-06 0.0008960710995545394
2.239747919599363e-07 -1.73522652810624e-06 0.0008963135081133537
-9.466129972304334e-08 -9.681659840143387e-07 0.0008969415478184071
-1.9247437891047836e-07 -6.986030671882294e-07 0.000897260905864173
-3.686425778156428e-07 -4.173557467574174e-07 0.0008977704506567861
-7.417539084275938e-07 -5.716699226877006e-08 0.0008989089800054482
-8.80293926296164e-07 1.1281322331528708e-11 0.0008993178284067808
-7.41749223339063e-07 5.718669446742304e-08 0.0008989089804067264
-3.685973012736726e-07 4.173469063562605e-07 0.0008977705239640699
-1.9256713840194414e-07 6.985902523431641e-07 0.0008972609723670645
-3.622459582848306e-07 2.7726636164398515e-07 0.000897420693097206
-2.387800470403076e-07 6.118749209100744e-07 0.0008971493942104761
1.2628700474706772e-07 1.5654081562124247e-06 0.0008966434871299876
4.60999302234834e-07 2.800205818308578e-06 0.0008962742269003454
9.428769544144664e-07 4.37524798189478e-06 0.0008961244149328688
1.2011166262535686e-06 5.5101767155508345e-06 0.0008962395571492426
1.3448038370025715e-06 5.625640913456947e-06 0.0008962723603824332
8.86445626224261e-07 4.775717874612898e-06 0.000895812053648916
2.7032717406649736e-07 2.994344626538934e-06 0.0008943394713186449
-6.66414282803426e-07 1.723231801537925e-06 0.0008927817913022833
-1.4440570379528754e-06 5.404744130231166e-07 0.000890569397355214
-2.253193742611189e-06 -6.847294187628265e-09 0.0008887627369054551
-2.147406700370144e-06 -4.1899153488423495e-12 0.0008888260426844647
-2.25316242288814e-06 6.810060521206502e-09 0.0008887630571891782
-1.4440787261073311e-06 -5.403598313118699e-07 0.0008905692333402997
-6.66531445166286e-07 -1.7230877000784928e-06 0.0008927815740647283
2.704401270998059e-07 -2.9944510478397166e-06 0.0008943395561375869
8.865479336633476e-07 -4.7759641330465766e-06 0.0008958122534185751
1.344825659927324e-06 -5.625580224620316e-06 0.00089627239870377
1.200991720996327e-06 -5.509725191622066e-06 0.0008962394820218881
9.428596555267917e-07 -4.375110022433161e-06 0.0008961243767348047
4.6110107700932907e-07 -2.8006903332202295e-06 0.000896274133864205
1.263830152907335e-07 -1.5655197672728095e-06 0.0008966435112387984
-2.389028357629217e-07 -6.116215162206956e-07 0.0008971496117578395
-3.621560040868381e-07 -2.7727466155102163e-07 0.0008974206905331574
-5.570775099455434e-07 4.176321858608242e-08 0.0008978048207966164
-6.134483221051207e-07 8.456479687381288e-08 0.0008978761387414266
-5.723373949457736e-07 -3.81999253229088e-09 0.0008975642310740936
-5.678327957814794e-07 -2.78235488634354e-12 0.0008975251906772078
-5.722366039220566e-07 3.840938796135747e-09 0.0008975639881216369
-6.134305077846939e-07 -8.456860876482066e-08 0.0008978759991158978
-5.570943776026201e-07 -4.195686841559355e-08 0.0008978050475253132
-2.513897144178213e-07 4.861167809709429e-07 0.0008963971460541196
-3.1331243284909206e-08 1.0275834707467933e-06 0.0008959515611355952
6.52338512120361e-08 1.407599247288192e-06 0.0008957488571155458
2.5594422311778456e-07 1.8422860796299949e-06 0.0008956157484333142
2.802324358854916e-07 1.961283377818211e-06 0.0008956031476416291
3.257990438855661e-07 1.8912458591268495e-06 0.0008955958468936178
8.696655211095382e-08 1.5537343466096377e-06 0.0008954944546447642
-2.747065320107857e-08 9.912168058047546e-07 0.000895196425461127
-3.030116315201455e-07 8.142948239027863e-07 0.0008950583910538731
-4.1862772766802847e-07 2.7120281896644034e-07 0.0008944036816340298
-6.518556860699819e-07 1.1395260620509218e-07 0.0008941061786812548
-5.943733739582972e-07 6.749637599308157e-08 0.0008939428543968591
-9.360091821567809e-07 -2.735336450131848e-11 0.0008932153642331862
-5.943048231252041e-07 -6.755670757733456e-08 0.0008939429116931959
-6.518340301686973e-07 -1.1403731294494074e-07 0.0008941063157864307
-4.1864490491243146e-07 -2.710900959192964e-07 0.0008944034542022942
-3.0314892604475397e-07 -8.14145659591059e-07 0.0008950581227327917
-2.7453420678673326e-08 -9.913546964110568e-07 0.0008951963953514603
8.702525628463465e-08 -1.5539920913039665e-06 0.0008954944889205538
3.258629263693054e-07 -1.8913222615892888e-06 0.0008955958220614314
2.802295598471757e-07 -1.9611492510949763e-06 0.0008956030965370332
2.559617961333706e-07 -1.8421365081377701e-06 0.0008956156944295901
6.525587407787637e-08 -1.4079096959770843e-06 0.0008957486615329166
-3.123900107670286e-08 -1.0278459700974666e-06 0.0008959513929361998
-2.5153700046299727e-07 -4.859586695626987e-07 0.0008963973270910388
-3.083682960415036e-07 -2.991094338209456e-07 0.0008966266680525591
-3.9912308034320615e-07 -1.2363538737594153e-07 0.000896955068220604
-4.772714951960198e-07 -2.158521033110045e-09 0.0008973594253480157
-4.903058962188095e-07 4.292952528457726e-11 0.0008974066550151894
-4.773438258347185e-07 2.234107271075289e-09 0.0008973595209107798
-3.991305080961762e-07 1.2373774250052477e-07 0.0008969550674522173
-3.0833298447938643e-07 2.993850527534152e-07 0.0008966263419559796
-7.171405726127668e-08 7.574693849985349e-08 0.0008956683783515265
-1.675041569290081e-07 -8.124284410944588e-08 0.0008958023719431348
-1.6506082914628223e-07 -1.102954102212831e-07 0.000895818706836702
-2.9088530389493085e-07 -3.064547755796439e-07 0.000895884081402737
-3.129444925470974e-07 -3.858388870648916e-07 0.0008958977963235907
-4.179347782724555e-07 -4.6253876216350824e-07 0.000895896828347035
-3.0300541747714293e-07 -3.939913450672414e-07 0.000895925543121432
-3.3897694545830477e-07 -1.786284439091472e-07 0.0008960457011140939
-2.4045921001404e-07 -3.383809849397094e-07 0.0008959084567970006
-2.846131942122007e-07 -7.367295151648669e-08 0.0008962170777612699
-1.9066838102429675e-07 -6.06033341912773e-08 0.0008962377027684524
-3.243081946717726e-07 -6.693626301443066e-08 0.0008962110786339615
-2.5825995179391517e-08 1.729392073481083e-12 0.0008968323042273467
-3.2436564023482855e-07 6.694358294783041e-08 0.0008962110244475214
-1.9067156442594752e-07 6.060558912217296e-08 0.0008962376561681194
-2.845619882033156e-07 7.3421972284245e-08 0.0008962174884581309
-2.4029798229035674e-07 3.380525666309315e-07 0.0008959089567539304
-3.389713527710298e-07 1.7861675359098235e-07 0.0008960459357047672
-3.0305256298321036e-07 3.942351428709731e-07 0.0008959256376296582
-4.1800124618805543e-07 4.628149147118271e-07 0.0008958969153188631
-3.1296006158010743e-07 3.860564150242396e-07 0.00089589789171204
-2.909103916229122e-07 3.06568913288022e-07 0.0008958841681077825
-1.6506521497301789e-07 1.1058656065309856e-07 0.0008958188491249092
-1.675564018844055e-07 8.132092700674644e-08 0.0008958023989293097
-7.155993802983756e-08 -7.599676550619242e-08 0.0008956681323199459
-1.2663634388993977e-07 3.9515996460757276e-08 0.000895804625445467
-1.2686184110893166e-07 4.164885172215211e-08 0.0008958126958202501
-1.1294845845111824e-07 -3.0607868549989717e-09 0.0008956746787426767
-1.2131837034169406e-07 -2.501294872877187e-11 0.0008957208981393882
-1.128710060707858e-07 3.0266693764219293e-09 0.0008956745188094368
-1.2683527512169455e-07 -4.169621810830453e-08 0.0008958125819279275
-1.2665701678850975e-07 -3.9751314894296986e-08 0.000895804857373257
-1.7501691385055193e-07 2.5491590154090125e-08 0.0008986222419155284
-8.307247820002353e-08 7.85676755341424e-08 0.0008987061802511816
-2.981999384660414e-07 5.884949355576485e-09 0.0008985527874263494
-2.3072188303178154e-07 3.2810483067241656e-11 0.0008986063249749395
-2.9753468562703074e-07 -6.008676288490287e-09 0.0008985534369237954
-8.435103839951478e-08 -7.821627350584199e-08 0.0008987053193196681
-1.7584729478046612e-07 -2.518724837017071e-08 0.0008986217497975228
-3.013935863309086e-08 1.0606132039577644e-07 0.000898703231307367
-7.292957738896671e-08 2.635911469670064e-08 0.0008987264650937475
9.50869285801597e-08 6.087157482297677e-08 0.0008988123221352887
-2.3096040337447962e-07 7.079560628789783e-11 0.0008986537885658282
9.250779329308067e-08 -6.03590335362993e-08 0.0008988110925038322
-7.424764473127565e-08 -2.606267115296812e-08 0.0008987259735043871
-2.951153606631826e-08 -1.0675547987551946e-07 0.0008987033207017369
1.0766896016048829e-08 8.322976205759601e-08 0.0008986915529983004
2.0036873594205698e-08 6.292907793319319e-08 0.0008987636503965335
7.1608785688048475e-09 1.2645309415341755e-08 0.0008987840887352817
7.824718672104538e-08 1.824118905731899e-10 0.0008988144992721786
5.077288622540915e-09 -1.2183456465048877e-08 0.0008987837184260814
2.229762742877414e-08 -6.414159823802749e-08 0.0008987641006157653
1.1932361193132091e-08 -8.422432294539302e-08 0.0008986917944787097
-1.973532604882776e-08 2.3808544967720344e-08 0.0008986754706688406
-2.34678411146634e-08 2.5569893789167874e-08 0.0008987616324693761
-9.675890738383468e-09 4.843594912316127e-09 0.0008988100107472723
1.9739009075129637e-07 5.927309280601484e-11 0.0008988155988433426
-1.0765877164165847e-08 -4.743555182210279e-09 0.0008988099805526058
-2.6034081847704475e-08 -2.447134068437222e-08 0.0008987615636278905
-1.9464505673477716e-08 -2.3899448028290737e-08 0.0008986755441277531
2.9132062022080075e-07 2.134949074561165e-07 0.0008986388043876345
-4.31972152379769e-08 -3.608350730520759e-08 0.000898802264811346
8.209958980232166e-08 6.969235059352069e-09 0.0008988269478972073
9.594766830531512e-08 -1.5661121427544792e-10 0.0008988394008638684
8.248613002143823e-08 -7.079947588071818e-09 0.0008988267767600657
-4.244236325658918e-08 3.578163846771225e-08 0.0008988019411859243
2.9197977360867514e-07 -2.140534690158855e-07 0.0008986386531806565
1.2065614647980477e-07 -9.26720400597817e-09 0.0008987303127229934
2.66311909979414e-07 5.357401802324264e-08 0.0008987702387168549
2.3163974074032812e-07 6.4200750169563444e-09 0.0008988112105131299
2.785729497194041e-07 -1.9287094281216497e-10 0.0008988186581051635
2.345636073951613e-07 -7.225513069493924e-09 0.0008988098574762732
2.6686247284883635e-07 -5.378542504256734e-08 0.0008987700688230395
1.2215577504707246e-07 8.44072001676055e-09 0.0008987298871158682
1.3127839081182706e-07 -8.063140980580304e-08 0.000898801590356416
3.14428957515223e-07 -4.25116833034752e-08 0.0008987479968708257
4.55559282518555e-07 -2.4750934650244932e-08 0.0008987367611096596
4.213817537808879e-07 -1.0144128229077923e-10 0.0008987274403363354
4.5568521450220655e-07 2.4569391691772793e-08 0.0008987366769939503
3.1490873746242194e-07 4.229005585863021e-08 0.0008987476378752598
1.2927284318691779e-07 8.184223763242414e-08 0.0008988028539946016
-1.6980742723209012e-07 6.926350121896452e-08 0.0008959774831756644
-1.2701065824101754e-07 1.311872697650388e-08 0.0008958946309730597
-1.0810014342594141e-07 1.5359684134461046e-08 0.0008959217026717349
-8.985328171120881e-08 -6.88758968237136e-11 0.0008958564526601925
-1.0816985788300826e-07 -1.551394505514235e-08 0.0008959218436165769
-1.271007407375421e-07 -1.3303930651675744e-08 0.0008958948374819634
-1.6986928105405088e-07 -6.928461984952417e-08 0.0008959774499230407
-2.568905280390519e-07 1.5367953600178424e-07 0.0008960381516924141
-1.8472124650377946e-07 8.272414006114847e-09 0.0008960527531565321
-1.6082670986184254e-07 -9.912517147662894e-10 0.0008960290696454899
-1.5632556449745078e-07 -4.145443122714849e-11 0.0008960595562299881
-1.608691322856055e-07 9.030030604244554e-10 0.000896029087819483
-1.8476497902920565e-07 -8.33292916825452e-09 0.000896052743776541
-2.568653490360201e-07 -1.5369463630445745e-07 0.0008960381114143321
-2.4977447695835566e-07 1.1530941665910391e-07 0.0008960264119932584
-2.470089663614414e-07 5.036522134069247e-08 0.0008960761847496814
-1.989228571437525e-07 -6.184098003625941e-10 0.0008960931096074478
-1.9518908581041612e-07 -1.3315816124909569e-11 0.000896085136536587
-1.9890313489971715e-07 6.074590823922848e-10 0.0008960930841326138
-2.47007694049331e-07 -5.042461822790611e-08 0.0008960761470451705
-2.497440314329694e-07 -1.1515546989351002e-07 0.0008960263048984079
-3.170061801347653e-07 1.5285606383822231e-07 0.0008960344350688785
-2.3482391107207534e-07 2.9490225422228077e-08 0.0008960732253027836
-2.5725149307133555e-07 1.569773636037849e-08 0.0008961017047523214
-2.0789273675800247e-07 -1.1900909044322504e-12 0.0008961024115251989
-2.5723951220919514e-07 -1.570724159276211e-08 0.0008961016869977499
-2.348334670181762e-07 -2.950077324881591e-08 0.0008960731668286787
-3.169809772786781e-07 -1.5280415933730505e-07 0.0008960343349242591
-2.667431576341612e-07 1.1788630340461398e-07 0.0008960420836624395
-3.018248700843561e-07 4.890415050621371e-08 0.000896066310815114
-1.8958027372872126e-07 -1.710479506584127e-08 0.0008961316854732334
-2.9363748283194136e-07 3.0345176292743396e-12 0.000896038194919161
-1.8955904532151167e-07 1.7119816609665607e-08 0.0008961316833476605
-3.0185633267861465e-07 -4.8924416866342826e-08 0.0008960662444294012
-2.6679021248081735e-07 -1.1795665879536945e-07 0.000896041961554047
-3.3928367441390126e-07 1.1509390949925803e-07 0.0008960405751850676
-2.2985063294454325e-07 5.469035488155047e-09 0.0008961108958747614
-3.1203518766105997e-07 4.937370148353787e-08 0.0008960060141503013
-1.2831111600155416e-07 3.302899200060501e-12 0.0008962700576352657
-3.120736000315651e-07 -4.938796585245667e-08 0.0008960059470905815
-2.2992407784717554e-07 -5.509815642215658e-09 0.0008961108099931897
-3.3937349860027243e-07 -1.1525743041964574e-07 0.0008960404124916335
-2.6520761007578355e-07 1.4075116978130813e-07 0.000896035369066299
-2.5672882816230796e-07 3.2193487284435446e-08 0.0008961807725794998
-9.805692067921731e-08 -4.7571904003224284e-08 0.0008963779955517951
-3.2236300094439193e-07 8.859818421809674e-12 0.0008959649351626334
-9.806865357920372e-08 4.7595554836867806e-08 0.0008963780008345939
-2.5673648928877834e-07 -3.219462297059947e-08 0.0008961806959131432
-2.652464932689374e-07 -1.4068139136889728e-07 0.000896035379216564
0.0 0.0 0.0
0.0 0.0 0.0
-8.830391006213312e-08 9.25507565403256e-08 -3.4437938283422606e-06
0.0 0.0 0.0
0.0 0.0 0.0
0.0 0.0 0.0
-5.84103850758582e-07 -9.966079604524733e-08 1.4795976644175976e-05
-9.869367900672848e-08 9.443813724366729e-08 -3.456797536586682e-06
0.0 0.0 0.0
0.0 0.0 0.0
-1.1348731290209435e-06 -1.590939567089882e-06 2.8467055939356954e-05
-6.458536336708319e-07 -1.0951119339736987e-07 1.4809648838088843e-05
0.0 0.0 0.0
0.0 0.0 0.0
-7.201707277083489e-07 -3.733624804199319e-06 2.7619295381139766e-05
-1.2424409123567814e-06 -1.668997443152012e-06 2.8461046109893848e-05
0.0 0.0 0.0
0.0 0.0 0.0
7.987101814955796e-08 -3.885480844737785e-06 2.1502077062967778e-05
-8.661150634659452e-07 -3.752167463380776e-06 2.7614635557913762e-05
0.0 0.0 0.0
0.0 0.0 0.0
7.920821292604516e-08 -3.464392874121681e-06 2.640289744199975e-05
-1.2236733913224607e-07 -3.884263998265824e-06 2.1505634071784087e-05
0.0 0.0 0.0
0.0 0.0 0.0
-2.841011809990495e-07 -3.7533207192873695e-06 2.083202869657016e-05
-1.3399001972674737e-07 -3.4558631503075985e-06 2.6408143979226018e-05
0.0 0.0 0.0
0.0 0.0 0.0
7.325510138893786e-07 -4.182427416481853e-06 3.145196096135366e-05
-5.056866191128251e-07 -3.8013822394672913e-06 2.0824772457514293e-05
0.0 0.0 0.0
0.0 0.0 0.0
1.1853430858060997e-06 -8.802765962935004e-07 3.437965833614089e-05
5.928077295870913e-07 -4.179279220768857e-06 3.146729874895664e-05
0.0 0.0 0.0
0.0 0.0 0.0
1.5530073095001913e-07 1.3382039277360918e-07 1.641356424077076e-05
1.0763631552970507e-06 -8.1990288213529e-07 3.437779066448436e-05
0.0 0.0 0.0
0.0 0.0 0.0
1.762479639139941e-08 1.522776094099996e-08 -3.767031437531e-06
1.2820767375425154e-07 1.14233748191027e-07 1.6382448191241932e-05
0.0 0.0 0.0
0.0 0.0 0.0
0.0 0.0 0.0
1.681141102602745e-08 2.1353153800217395e-08 -3.7576093275302806e-06
0.0 0.0 0.0
-8.595455235361086e-08 9.074291266460401e-08 -3.4421528951904013e-06
-1.9353480170092586e-07 1.9190021553274118e-08 -1.1028588124637818e-06
0.0 0.0 0.0
-1.0278163305216178e-07 1.0202741376066516e-07 -3.4597285547730786e-06
-6.150912538246583e-07 -1.2861167486571947e-07 1.4801740806225473e-05
-1.218235498875259e-07 1.5799469383009015e-07 -8.448693894136505e-06
-2.1463475130847485e-07 1.1676182195393918e-08 -1.0921312742835572e-06
-7.253093442190812e-07 -1.8029987751947765e-07 1.4823453526633764e-05
-1.2427888421901832e-06 -1.8629066635076507e-06 2.8463174264582584e-05
-6.742445951993366e-07 -2.8765681722820703e-06 0.0003370202400839746
-1.1938505014233365e-07 2.042736041452448e-07 -8.473724441307356e-06
-1.3655351456530378e-06 -2.124255167402537e-06 2.845636256753871e-05
-8.412543470191025e-07 -4.450530481093789e-06 2.7624314701779347e-05
2.2435856334669835e-07 -8.854950330412043e-06 0.00027850537598389725
-6.452354241367591e-07 -3.7693254036163507e-06 0.0003334547479834947
-9.076821660532149e-07 -4.543655776757875e-06 2.7618389069309348e-05
8.633450832178741e-08 -4.707685445512316e-06 2.149821323889881e-05
-3.1425350171527824e-07 -8.22946034103975e-06 0.00029758475139724547
-5.67578297083875e-08 -8.840040260623611e-06 0.00027831661097497273
-1.0435956705603161e-07 -4.670115188986228e-06 2.1501599325840857e-05
7.871878660881488e-08 -4.19958375008406e-06 2.6403167624273217e-05
-1.6220330825810057e-07 -7.384732562465167e-06 0.0003310108305224431
-5.013141464733318e-07 -8.184389059235849e-06 0.0002966842173424849
-1.2769066438023177e-07 -4.175189665458846e-06 2.640885076418315e-05
-3.2133380560411704e-07 -4.512208683726041e-06 2.0825177629345262e-05
2.4802169068676093e-07 -7.4253695152320495e-06 0.0003288103392201805
-3.015604827197621e-07 -7.374773976904038e-06 0.000330053501128507
-5.695917478368551e-07 -4.622064448610765e-06 2.0813646419773383e-05
7.349911330501765e-07 -5.020995057548692e-06 3.1457401750875406e-05
-6.232214769176488e-07 -1.0406330445867238e-05 0.00027920419001169607
1.308127354407303e-07 -7.3865079546858165e-06 0.0003299553213499359
7.2764855442709e-07 -4.924525157521482e-06 3.1482800236111704e-05
1.350151857882987e-06 -1.2109026227004072e-06 3.4371795280293524e-05
-1.290611325939253e-06 -7.093902920364974e-07 0.0004184884898736655
-1.0905001205112579e-06 -1.0792483256891407e-05 0.00027968375275390643
1.1569707665000026e-06 -9.534753321982994e-07 3.437494164555091e-05
1.5755974157706698e-07 1.4519902605680673e-07 1.642745389382868e-05
1.1047982930579788e-07 -6.176714989682625e-09 -1.1355343036438728e-05
-5.403730181353829e-07 -2.781410549753332e-07 0.00041866500564562067
1.301599861677856e-07 1.1547402734154604e-07 1.6386017691658453e-05
1.904779720189727e-08 1.0213573989773835e-08 -3.769913552998476e-06
1.500027246556315e-07 -6.438727535417523e-09 2.613310993478856e-07
9.428597197548295e-08 -3.702823924995059e-10 -1.1317867084172575e-05
1.5814245961313194e-08 1.621411117945853e-08 -3.753708683004686e-06
0.0 0.0 0.0
0.0 0.0 0.0
1.4118300408364973e-07 -6.382648918871431e-09 2.4376252271183743e-07
0.0 0.0 0.0
-1.9079684474089e-07 3.1433502206072846e-09 -1.1021232119406773e-06
-5.806790095738592e-08 3.199930578654239e-08 -2.325175496734498e-06
0.0 0.0 0.0
-2.0627657813576002e-07 -6.333085618583686e-09 -1.090618927656193e-06
-1.2097007772067023e-07 1.587030341851033e-07 -8.448233815249302e-06
-7.470292223834773e-09 -3.5863347148904106e-07 1.3111074923739292e-05
-6.248114720657189e-08 5.022787180017247e-08 -2.3251499701743496e-06
-1.2994210780677353e-07 2.591018108127287e-07 -8.47474689422914e-06
-8.948247318888703e-07 -2.4198207706295194e-06 0.00033616224398814114
-6.559399495190008e-07 1.3803849643454637e-06 4.534064116342123e-05
-3.631548924823629e-12 -4.763363439132846e-07 1.3145732058224434e-05
1.2854796858815746e-06 8.187923658633136e-06 0.0007378091541943676
7.872728263109587e-07 8.62175146872829e-06 0.0012684130358254083
2.755612114950917e-07 5.308219947253691e-06 6.522483762816968e-05
-7.638022790283827e-07 2.1184808605037175e-06 4.536499249233786e-05
4.704194012886601e-07 8.725482528986708e-06 0.0012681664577065036
8.131833775953838e-08 8.226921715290997e-06 0.0010850355980207378
4.369880884927394e-07 4.609379628925637e-06 6.846799272508217e-05
6.543053760549651e-08 5.201085410208369e-06 6.523286377590463e-05
-1.3116003225621918e-07 8.152347542620844e-06 0.0010883318211998025
5.605207886694463e-08 7.339994226893807e-06 0.0009393878171454712
1.9785557946812944e-07 4.189233096026529e-06 5.2294968940134234e-05
2.1598156834080866e-07 4.587501480965314e-06 6.84568896841555e-05
-1.0857321297516218e-07 7.333552742227276e-06 0.0009417971649116117
2.2825751351467047e-07 7.475124268698009e-06 0.0009494470421924344
-3.1652622633900875e-07 4.599401130186139e-06 6.460962668473464e-05
-3.4637006052893796e-08 4.158293761253756e-06 5.2294759015518546e-05
8.611983464114872e-08 7.445221446572814e-06 0.0009464762346107987
-1.2023300086165298e-06 1.015023816038149e-05 0.001419966809811757
6.520629816289317e-07 5.021552485198466e-06 6.372315277058692e-05
-5.822745298048346e-07 4.707228927387897e-06 6.4627928020776e-05
-7.506187823544504e-07 1.074462941087996e-05 0.0014266535835666175
-1.5981736147157782e-06 9.322243544153891e-07 0.00041879344605750456
1.3742032771328095e-06 1.22973941181289e-06 5.094305346345889e-05
6.217794128298911e-07 4.949973292442985e-06 6.372890333293753e-05
-3.734233085197738e-07 7.822587162289642e-09 0.00041753174289707536
1.1353743098774212e-07 -6.8238065697306556e-09 -1.1356352358497546e-05
1.639542978894072e-07 -2.0582539474776066e-07 1.070412574431737e-05
1.1779635017002352e-06 9.473765989245481e-07 5.091023994940425e-05
9.57950643195246e-08 -1.4464628551828952e-08 -1.1321115778583036e-05
1.5124084815800023e-07 -2.3713412417541372e-08 2.6098052605124745e-07
3.5532662431844994e-08 -3.4342026971703405e-08 -9.96576968472515e-07
1.42820670331418e-07 -1.644036098690001e-07 1.0672813707601552e-05
1.4206408709107583e-07 -2.2571905071163713e-08 2.462009346985525e-07
0.0 0.0 0.0
0.0 0.0 0.0
3.0872853380046906e-08 -3.9427400108281166e-08 -9.930734890788867e-07
0.0 0.0 0.0
-5.60206031923574e-08 2.6502799494780262e-08 -2.328536031883776e-06
0.0 0.0 0.0
0.0 0.0 0.0
-5.8621461979874306e-08 4.271113240440913e-08 -2.3242584978645666e-06
-1.4892597250440268e-08 -3.477221747328105e-07 1.3106057066509593e-05
0.0 0.0 0.0
0.0 0.0 0.0
-2.18646231067021e-09 -4.194530481392082e-07 1.313545160868991e-05
-5.85068917150945e-07 1.3085854973770477e-06 4.534132059245241e-05
0.0 0.0 0.0
0.0 0.0 0.0
-6.723163479120626e-07 1.520143709021226e-06 4.5367896502512405e-05
2.7458392478396526e-07 4.450438015377386e-06 6.5249123875818e-05
0.0 0.0 0.0
0.0 0.0 0.0
4.1180623685483964e-08 4.351761084418055e-06 6.525627240150879e-05
4.1003016719879715e-07 3.7965638018524638e-06 6.847669473353876e-05
0.0 0.0 0.0
0.0 0.0 0.0
1.8887388867498514e-07 3.799602068166076e-06 6.846915630552317e-05
1.8873810944577118e-07 3.4544191742624957e-06 5.231499799099874e-05
0.0 0.0 0.0
0.0 0.0 0.0
-4.0711274075042925e-08 3.4360365256053444e-06 5.231979594358811e-05
-2.7931266617608795e-07 3.835146855901807e-06 6.461576848085174e-05
0.0 0.0 0.0
0.0 0.0 0.0
-5.097834277661116e-07 3.8801807528917506e-06 6.462681982814236e-05
6.515334494967826e-07 4.191781106620917e-06 6.376642512550514e-05
0.0 0.0 0.0
0.0 0.0 0.0
4.966314242773802e-07 4.201981043833889e-06 6.377142278029205e-05
1.2009482465588466e-06 8.906101925158312e-07 5.092248422474038e-05
0.0 0.0 0.0
0.0 0.0 0.0
1.0969743663768234e-06 8.249256252111082e-07 5.0903417100027054e-05
1.593459464007371e-07 -1.8747705936819832e-07 1.069605855017156e-05
0.0 0.0 0.0
0.0 0.0 0.0
1.3965529749100335e-07 -1.6042855394020383e-07 1.0669819561206098e-05
3.321458351808696e-08 -3.679093515219332e-08 -9.94628342118212e-07
0.0 0.0 0.0
0.0 0.0 0.0
3.2562859518091855e-08 -4.330594526326538e-08 -9.952058344851263e-07
0.0 0.0 0.0
0.0 0.0 0.0
0.0 0.0 0.0
