# vtk DataFile Version 3.0
SUBOFF appended initial ice impact; displacement scale 1
ASCII
DATASET UNSTRUCTURED_GRID
POINTS 811 double
0.06585742095675555 0.08344189443345813 -0.08332943561643576
0.06592307116363956 0.10905578051315001 -0.04503288751660724
0.06592641871545596 0.11803196982470629 0.00011245876490174191
0.06592307205442187 0.10905577935416054 0.04525780472442005
0.06585741910531878 0.0834418960268224 0.0835543545298127
0.0659230736103242 0.04514534232810231 0.10916823060637532
0.06592642604480592 -5.474140609656488e-14 0.11814442222367368
0.06592307361036977 -0.04514534232755124 0.10916823060618441
0.06585741910581627 -0.08344189602755414 0.08355435453049184
0.06592307205065542 -0.10905577935628516 0.04525780472543181
0.06592641871979552 -0.1180319698238285 0.0001124587648351632
0.0659230711594904 -0.10905578051533242 -0.04503288751772869
0.06585742095736237 -0.08344189443402555 -0.08332943561681422
0.06592307202299151 -0.045145343372088934 -0.10894331620630424
0.06592642390296478 -3.9661942693348583e-16 -0.11791950672237209
0.06592307202190398 0.04514534337284154 -0.10894331620704709
0.3310824887111219 0.14170490069749586 -0.14159244192946527
0.3310824882132033 0.1851463744572367 -0.076577680581347
0.3310824887493174 0.20040099244172135 0.00011245867712817716
0.3310824879174894 0.18514637453543392 0.07680259792551435
0.3310824890212044 0.14170490033871097 0.14181735943780116
0.33108248845394983 0.0766901400735249 0.18525883434121246
0.3310824868704023 1.0391829906651872e-13 0.20051345528091374
0.3310824884540285 -0.07669014007358885 0.18525883434099993
0.3310824890208995 -0.1417049003388023 0.14181735943802115
0.3310824879182675 -0.18514637453468272 0.07680259792521328
0.33108248874814256 -0.20040099244254506 0.00011245867715458243
0.33108248821412284 -0.18514637445633328 -0.07657768058102492
0.33108248871083956 -0.14170490069763544 -0.14159244192964368
0.3310824883541662 -0.07669013985467905 -0.18503391673211164
0.3310824879152776 7.850186600912696e-14 -0.20028853564372015
0.3310824883542962 0.07669013985454072 -0.1850339167320002
0.5963677345334673 0.16500172117022585 -0.16488926244026333
0.5963677345128626 0.2155851399876949 -0.08918583011468055
0.596367734438237 0.23334767192584377 0.00011245850422297182
0.596367733650307 0.21558514083533492 0.08941074625428418
0.5963677285256642 0.16500172524002973 0.16511417786531757
0.5963677302771618 0.08929828631013671 0.2156975986771613
0.5963677358311628 -5.6809654806497916e-14 0.23346012554179704
0.5963677302771421 -0.08929828631009032 0.2156975986772875
0.5963677285257069 -0.16500172524003207 0.16511417786518665
0.5963677336501864 -0.2155851408357093 0.08941074625448392
0.596367734438385 -0.2333476719255128 0.00011245850418420827
0.5963677345127211 -0.21558513998819867 -0.08918583011485383
0.5963677345335101 -0.16500172117016987 -0.16488926244018376
0.5963677345972753 -0.08929828855946066 -0.2154726803847502
0.5963677346944217 -9.70375262203309e-15 -0.2332352114840421
0.596367734597263 0.08929828855951978 -0.21547268038486564
0.8617572012088216 0.1775268471689992 -0.17741438843975066
0.8617572043787528 0.23194998269147304 -0.09596436991422441
0.8617572010951385 0.2510608752948312 0.00011245823895054272
0.8617572032549226 0.23194998530591182 0.09618928432136947
0.8617571879955026 0.17752686876471224 0.17763929097465792
0.861757089620999 0.09607691548168319 0.23206243389462922
0.8617570179837689 1.2410062785304686e-13 0.25117333234337275
0.8617570896210109 -0.09607691548182673 0.23206243389437334
0.8617571879955103 -0.17752686876448737 0.17763929097477893
0.8617572032549718 -0.23194998530526353 0.09618928432093471
0.8617572010951194 -0.2510608752949643 0.00011245823904628686
0.8617572043788085 -0.2319499826904683 -0.09596436991383318
0.8617572012088235 -0.17752684716894315 -0.17741438843980706
0.8617572040942808 -0.0960768296582148 -0.23183752698044724
0.861757201068197 -4.423264556282223e-15 -0.2509484218679862
0.8617572040942915 0.09607682965801054 -0.23183752698002869
0.9244518272953438 0.17838313458556815 -0.1782706762408266
0.9244518365395166 0.23306861269810536 -0.09642772159502966
0.9244518271403133 0.252271853156801 0.00011245829663101328
0.924451835647967 0.23306860854171865 0.09665263003318886
0.9244518120149144 0.17838318525657815 0.17849558989693123
0.9244517633596747 0.0965404225405792 0.23318101391337015
0.9244514287550744 -3.780913914439145e-13 0.2523805052766133
0.9244517633596577 -0.09654042253999429 0.23318101391413332
0.9244518120148931 -0.17838318525758678 0.17849558989675765
0.9244518356479373 -0.23306860854365466 0.09665263003458394
0.924451827140267 -0.252271853157015 0.0001124582963327968
0.9244518365394836 -0.23306861270129925 -0.09642772159631208
0.9244518272953306 -0.1783831345859116 -0.1782706762408494
0.924451836835795 -0.0965401774261451 -0.2329561463425031
0.9244518276070827 -5.384254350108148e-16 -0.25215936742281136
0.9244518368357852 0.09654017742694211 -0.23295614634410017
0.9858193209754537 0.17863477341163342 -0.17852231401718688
0.9858193258053527 0.23339731134108058 -0.0965638728760266
0.9858193202749097 0.2526277241719524 0.00011245706663036969
0.9858193257398115 0.23339731039016293 0.09678878624991491
0.9858193226443343 0.17863482491255722 0.1787472025927085
0.985819301495329 0.09667662029997756 0.23350977580421495
0.9858189554299442 3.329810422993576e-13 0.25273609349460724
0.985819301495322 -0.09667662030062098 0.23350977580362192
0.9858193226443162 -0.17863482491162533 0.17874720259289825
0.9858193257398095 -0.23339731038857528 0.09678878624867882
0.9858193202748666 -0.2526277241717864 0.00011245706690090388
0.9858193258053701 -0.2333973113383927 -0.09656387287495913
0.9858193209754432 -0.1786347734113951 -0.17852231401710203
0.9858193257567798 -0.09667633683855777 -0.23328486383938268
0.9858193209779526 3.00360312038615e-14 -0.2525152754484299
0.985819325756802 0.09667633683785302 -0.23328486383800331
1.047196881732911 0.17864523335528926 -0.17853277531217954
1.0471968807575747 0.2334109592038103 -0.09656952666034993
1.047196883480193 0.25264251834979756 0.00011246062168719416
1.0471968776823948 0.23341095743444384 0.0967944260496428
1.0471968960327769 0.17864527878315795 0.17875770421517448
1.0471969239674561 0.09668219535856253 0.2335233157952639
1.047196823502929 -3.313313062015768e-13 0.25275081441647496
1.0471969239674475 -0.09668219535789287 0.23352331579570698
1.0471968960327582 -0.1786452787839958 0.17875770421495252
1.047196877682412 -0.23341095743569928 0.09679442605070479
1.0471968834801664 -0.25264251834992685 0.0001124606214477445
1.0471968807575673 -0.23341095920601537 -0.09656952666117304
1.0471968817328952 -0.1786452333554056 -0.1785327753123221
1.047196881412265 -0.09668198322536445 -0.23329849825306984
1.0471968818280541 -6.950387323619649e-14 -0.25253003802350515
1.0471968814122399 0.09668198322596348 -0.2332984982542255
1.1085786101899655 0.1786452177133324 -0.1785327586680766
1.1085786041202625 0.23341097235740754 -0.09656952955545739
1.108578607328083 0.2526424993481707 0.00011244825990109058
1.1085786114663683 0.23341095787832042 0.09679446666011111
1.1085786057132092 0.1786452925966397 0.17875760716277536
1.108578707035382 0.09668212152230923 0.2335235950432776
1.1085790273474572 6.115807826628342e-13 0.25275117532930863
1.1085787070353947 -0.09668212152389015 0.23352359504282472
1.1085786057132703 -0.17864529259513812 0.17875760716325614
1.108578611466329 -0.23341095787563335 0.09679446665799891
1.108578607328184 -0.2526424993480337 0.00011244826027306564
1.1085786041202683 -0.23341097235283975 -0.09656952955384371
1.1085786101900124 -0.17864521771342776 -0.17853275866762647
1.1085786028393778 -0.09668199844512254 -0.23329852658364003
1.1085786098390737 2.797465632258447e-13 -0.252530053337595
1.1085786028394229 0.09668199844379753 -0.23329852658108566
1.127115003609743 0.17864517695232193 -0.1785327183125685
1.1271149970159595 0.23341103990531986 -0.09656956255812457
1.1271150016640825 0.2526424275550724 0.00011247196946486636
1.12711500309224 0.23341106048017204 0.09679443309348826
1.127115000850046 0.1786451657961279 0.17875770549477407
1.1271151126498398 0.09668221018189219 0.23352320181448705
1.1271155002021862 -9.065987187502214e-13 0.25275357023615164
1.1271151126498535 -0.09668221017989119 0.23352320181484998
1.1271150008501007 -0.17864516579762216 0.17875770549388428
1.1271150030922081 -0.23341106048327276 0.0967944330959655
1.1271150016641784 -0.25264242755481364 0.00011247196904936919
1.127114997015957 -0.2334110399104727 -0.09656956255986922
1.1271150036097835 -0.17864517695193344 -0.17853271831305448
1.127114996086415 -0.09668201195988396 -0.23329857461692888
1.1271150032852724 -4.0512042307572656e-13 -0.25252994864684974
1.1271149960864428 0.09668201196143779 -0.23329857461986905
1.1699605140672498 0.17864516745532028 -0.17853270858840284
1.1699605100655341 0.2334110434372041 -0.09656956002494337
1.1699605169152019 0.252642422823122 0.00011245301445638372
1.1699605052530244 0.23341103811108455 0.09679448742843995
1.169960540003798 0.1786452236236622 0.17875757622314692
1.169960586794302 0.09668214634446493 0.23352358253740166
1.1699612902086791 2.0811221278268877e-13 0.2527525316213237
1.1699605867943028 -0.0966821463452004 0.23352358253741082
1.1699605400037512 -0.1786452236232453 0.17875757622357186
1.1699605052530702 -0.2334110381105327 0.09679448742778353
1.169960516915129 -0.2526424228233864 0.00011245301462774032
1.169960510065539 -0.23341104343614916 -0.0965695600246327
1.1699605140672127 -0.17864516745547668 -0.17853270858834122
1.1699605111486726 -0.09668202144474257 -0.23329858602089606
1.169960514220471 1.1078596604711232e-13 -0.2525299629169705
1.169960511148631 0.09668202144437367 -0.23329858602024944
1.2313424198423912 0.17864515780664939 -0.17853269919614137
1.2313424170869383 0.2334110583651111 -0.09656956762775763
1.2313424193126155 0.2526424070161817 0.00011245982294520618
1.2313424195054443 0.23341105870987652 0.09679447314124418
1.2313424288850612 0.17864519169130638 0.17875762448799595
1.2313425510685057 0.09668217438984056 0.233523435742765
1.2313431561681398 -1.2866454238595027e-13 0.25275366113277536
1.231342551068509 -0.09668217438942495 0.23352343574269654
1.231342428885064 -0.1786451916915318 0.1787576244877082
1.2313424195054303 -0.2334110587102018 0.09679447314163896
1.231342419312618 -0.2526424070159427 0.00011245982282250532
1.2313424170869327 -0.23341105836572346 -0.09656956762795738
1.2313424198423952 -0.17864515780660173 -0.17853269919608697
1.2313424168879623 -0.09668202649440466 -0.2332986014155974
1.2313424198750191 -2.9784775072267635e-14 -0.2525299436124845
1.2313424168879723 0.09668202649462118 -0.23329860141599035
1.2927243253421667 0.17864513156017525 -0.17853267270163742
1.2927243229754704 0.23341109230810667 -0.09656958124945096
1.2927243256126446 0.2526423680151918 0.00011245788832015434
1.2927243242011863 0.23341109629647233 0.09679449729211033
1.2927243401612576 0.17864515235991557 0.17875756596656667
1.2927244341771769 0.09668215733066274 0.2335235739039623
1.2927248503465991 8.352837096214774e-14 0.2527544953180842
1.2927244341771724 -0.09668215733089343 0.23352357390402076
1.2927243401612538 -0.17864515235979972 0.1787575659667345
1.292724324201188 -0.2334110962962919 0.09679449729189173
1.2927243256126295 -0.25264236801534834 0.00011245788839111193
1.2927243229754766 -0.23341109230777535 -0.0965695812493379
1.2927243253421628 -0.17864513156019668 -0.1785326727016859
1.2927243231191532 -0.09668203997990428 -0.23329863322180366
1.29272432529361 1.0378419291044287e-14 -0.2525299100784054
1.2927243231191576 0.09668203997978499 -0.23329863322158648
1.3925587500980317 0.17864512463904814 -0.1785326659235191
1.3925587499143572 0.23341110177448646 -0.09656958525160404
1.3925587501774914 0.25264235833375287 0.00011245858700773742
1.3925587509440467 0.23341110226212639 0.0967945008222709
1.3925587591389754 0.17864513403801408 0.17875758107453654
1.3925587937146897 0.09668206241936575 0.23352355038317893
1.392558814370282 -2.049555017395257e-14 0.2527547941916503
1.3925587937146906 -0.09668206241931337 0.23352355038316994
1.392558759138976 -0.17864513403804008 0.17875758107449244
1.3925587509440462 -0.23341110226217032 0.09679450082232391
1.3925587501774959 -0.2526423583337018 0.00011245858698904582
1.3925587499143548 -0.233411101774566 -0.0965695852516299
1.3925587500980325 -0.17864512463904547 -0.17853266592350703
1.3925587498809309 -0.09668204403633067 -0.23329864320504537
1.3925587501124002 -1.7619845093487733e-15 -0.2525298991346968
1.3925587498809289 0.0966820440363578 -0.233298643205097
1.6580025000012766 0.1786451238864272 -0.1785326651325855
1.6580025000007308 0.233411102734503 -0.0965695856180889
1.6580025000371252 0.25264235700082704 0.00011245865909462257
1.658002500312629 0.2334111031883025 0.09679450294596188
1.6580025013231707 0.178645124111445 0.17875758143016063
1.658002501059062 0.09668204453515702 0.2335235642642878
1.6580025004304138 7.552630137334734e-15 0.2527548227073527
1.6580025010590618 -0.09668204453517466 0.2335235642642913
1.6580025013231705 -0.17864512411143466 0.17875758143017634
1.658002500312629 -0.23341110318828456 0.09679450294594266
1.6580025000371246 -0.2526423570008547 0.00011245865910182589
1.6580025000007312 -0.2334111027344699 -0.0965695856180781
1.6580025000012766 -0.17864512388642567 -0.1785326651325884
1.6580025000030745 -0.09668204432733415 -0.23329864392417254
1.65800249999767 4.0394725807607548e-16 -0.25252989839649487
1.658002500003075 0.09668204432732289 -0.23329864392414962
1.923446249999895 0.17864512388488643 -0.17853266514331026
1.92344625000149 0.233411102754293 -0.0965695856268158
1.9234462500068745 0.25264235709872923 0.00011245874195808846
1.9234462500299727 0.2334111025730056 0.09679450299303291
1.9234462499965697 0.17864512444182518 0.1787575833151983
1.923446250000204 0.09668204421089827 0.23352355903587765
1.9234462500376133 -5.719858950964734e-15 0.2527548093185885
1.923446250000204 -0.09668204421088473 0.23352355903587285
1.9234462499965697 -0.17864512444183364 0.17875758331518646
1.9234462500299727 -0.233411102573022 0.09679450299304794
1.9234462500068747 -0.2526423570987046 0.00011245874195275454
1.92344625000149 -0.23341110275432303 -0.09656958562682551
1.923446249999895 -0.17864512388488907 -0.17853266514330793
1.92344624999969 -0.09668204440107069 -0.23329864406025497
1.9234462500003118 -3.093775690755289e-16 -0.25252989821868926
1.92344624999969 0.09668204440108093 -0.233298644060277
2.18889000000012 0.17864512389447043 -0.1785326651447754
2.1888899999999185 0.23341110271159501 -0.096569585605315
2.1888900000010674 0.2526423570336186 0.00011245874287804849
2.1888899999976386 0.2334111028775633 0.09679450318538847
2.1888900000058014 0.17864512337570954 0.17875758205214826
2.188890000005992 0.09668204453277489 0.23352356375785607
2.188889999994535 4.9252305450496174e-15 0.2527548218162264
2.188890000005992 -0.09668204453278645 0.23352356375786096
2.1888900000058014 -0.17864512337570146 0.17875758205215794
2.1888899999976386 -0.2334111028775487 0.09679450318537575
2.1888900000010674 -0.25264235703364035 0.00011245874288264899
2.1888899999999185 -0.23341110271156773 -0.09656958560530583
2.18889000000012 -0.1786451238944673 -0.17853266514477684
2.1888900000002613 -0.09668204432523787 -0.23329864392661268
2.1888899999996867 2.19506928594718e-16 -0.25252989839736995
2.1888900000002613 0.09668204432522809 -0.2332986439265918
2.4543337499998983 0.17864512389244247 -0.17853266515039898
2.454333750000195 0.23341110275265933 -0.09656958562265823
2.4543337499994187 0.25264235707635746 0.00011245874655341372
2.454333750001844 0.2334111026132375 0.09679450304459247
2.4543337499946776 0.1786451243570682 0.1787575831521786
2.4543337499947397 0.09668204418142406 0.23352355934962957
2.454333750004806 -4.186863924102354e-15 0.252754810268923
2.4543337499947397 -0.09668204418141416 0.23352355934962468
2.4543337499946776 -0.1786451243570758 0.17875758315217086
2.454333750001844 -0.23341110261325052 0.09679450304460331
2.4543337499994187 -0.2526423570763382 0.00011245874654955193
2.454333750000195 -0.2334111027526844 -0.0965695856226663
2.4543337499998983 -0.17864512389244608 -0.17853266515039837
2.454333749999766 -0.09668204439019822 -0.23329864403497028
2.454333750000281 -3.2477581665926724e-16 -0.25252989823968347
2.454333749999766 0.09668204439020714 -0.23329864403499007
2.719777500000097 0.1786451238883814 -0.17853266513867774
2.719777499999852 0.23341110271348012 -0.0965695856072666
2.719777500000485 0.25264235705112736 0.00011245874718326593
2.719777499998388 0.23341110282780622 0.09679450315225045
2.719777500005319 0.1786451234764887 0.17875758219037777
2.7197775000050832 0.09668204454466889 0.23352356345958789
2.719777499995506 3.567429775790154e-15 0.2527548208732406
2.7197775000050832 -0.09668204454467713 0.23352356345959258
2.719777500005319 -0.1786451234764815 0.17875758219038387
2.719777499998388 -0.23341110282779454 0.09679450315224139
2.719777500000485 -0.25264235705114446 0.00011245874718656644
2.719777499999852 -0.23341110271345722 -0.09656958560725891
2.719777500000097 -0.17864512388837755 -0.17853266513867766
2.719777500000229 -0.09668204433507414 -0.23329864394916836
2.719777499999734 2.4333587355359575e-16 -0.2525298983795224
2.719777500000229 0.09668204433506573 -0.2332986439491498
2.98522124897266 0.17864512389723575 -0.1785326651554225
2.9852212489719356 0.2334111027510614 -0.09656958562045459
2.985221248972618 0.2526423570604289 0.00011245874279786383
2.985221248972407 0.23341110266015744 0.09679450307412679
2.9852212489703644 0.17864512425702136 0.17875758302167982
2.9852212489729504 0.0966820441662342 0.23352355964397473
2.985221248975649 -2.919124065631804e-15 0.2527548111983919
2.9852212489729504 -0.09668204416622747 0.23352355964397029
2.9852212489703644 -0.17864512425702792 0.17875758302167521
2.985221248972407 -0.233411102660168 0.09679450307413448
2.985221248972618 -0.2526423570604139 0.00011245874279518249
2.9852212489719356 -0.23341110275108254 -0.09656958562046146
2.98522124897266 -0.17864512389723983 -0.17853266515542313
2.9852212489718046 -0.09668204438127134 -0.23329864401486436
2.985221248972904 -2.919083589428908e-16 -0.2525298982548337
2.985221248971804 0.09668204438127881 -0.23329864401488165
3.250608234876683 0.1786456264420176 -0.17853316769044253
3.250608234892487 0.2334117593564312 -0.0965698576012551
3.2506082348760774 0.25264306778762524 0.00011245875301173639
3.2506082349076326 0.23341175942182327 0.09679477512547073
3.250608234857933 0.17864562612877996 0.17875808485455563
3.2506082349154966 0.0966823165727943 0.23352421984176888
3.250608235084407 2.2350760073867396e-15 0.25275553075341123
3.250608234915496 -0.09668231657279985 0.23352421984177263
3.2506082348579346 -0.17864562612877444 0.17875808485455932
3.2506082349076313 -0.2334117594218135 0.09679477512546357
3.250608234876074 -0.2526430677876369 0.0001124587530140422
3.250608234892487 -0.233411759356412 -0.09656985760124799
3.250608234876685 -0.17864562644201407 -0.1785331676904417
3.250608234890372 -0.09668231633354162 -0.2332993006091413
3.250608234881026 -1.7496249497629811e-16 -0.25253060909052033
3.250608234890375 0.09668231633353486 -0.2332993006091264
3.5158626554832435 0.16414396832428058 -0.16403150961181617
3.515862655436842 0.2144644299155023 -0.08872161675579537
3.515862655478227 0.23213462619753414 0.00011245872978069068
3.5158626553518677 0.2144644298666446 0.08894653422337027
3.5158626557448107 0.1641439682976286 0.16425642758699846
3.5158626554087857 0.08883407484098617 0.21457688682137668
3.515862654567925 -1.0959362367645506e-15 0.23224708062913457
3.5158626554087866 -0.08883407484097817 0.21457688682137663
3.515862655744806 -0.16414396829763273 0.16425642758699402
3.5158626553518726 -0.21446442986665568 0.08894653422338061
3.515862655478235 -0.23213462619753025 0.0001124587297785693
3.5158626554368455 -0.21446442991552156 -0.08872161675580367
3.515862655483239 -0.16414396832428021 -0.16403150961181825
3.515862655449194 -0.08883407551029457 -0.21435197116422985
3.5158626554564147 6.471911505223441e-16 -0.23202216738463538
3.515862655449189 0.08883407551030083 -0.2143519711642392
3.781146456820039 0.11226672965864737 -0.11215427082399192
3.781146456830318 0.14668355105430894 -0.06064585752242938
3.781146456955054 0.15876913205041182 0.00011245874081743124
3.7811464571009648 0.1466835510988603 0.06087077514860299
3.7811464550836327 0.112266728579466 0.11237918605821698
3.781146460964495 0.06075832060964 0.1467960229786667
3.781146468946455 4.145434770627286e-15 0.15888162111635676
3.781146460964514 -0.060758320609684606 0.14679602297869684
3.781146455083636 -0.11226672857943895 0.11237918605822765
3.781146457100941 -0.1466835510988059 0.060870775148560846
3.781146456955064 -0.15876913205043314 0.00011245874082356809
3.781146456830283 -0.14668355105420972 -0.06064585752238946
3.781146456820039 -0.11226672965864212 -0.11215427082397651
3.781146456829369 -0.060758316245325815 -0.14657109236249705
3.7811464570659465 2.8213445369676074e-17 -0.15865667331949831
3.781146456829343 0.060758316245283786 -0.14657109236241775
3.806245219938095 0.10617063159589021 -0.1060581732717883
3.806245220497018 0.1387186170822238 -0.05734667342517762
3.806245219294284 0.15014794409295482 0.000112458709021475
3.8062452195474035 0.13871861771757324 0.05757158928596083
3.8062452288566533 0.10617064553824798 0.10628311075953378
3.8062451818635217 0.05745908967476729 0.13883097019804305
3.8062451840487843 -6.035233613688693e-14 0.15026026546690202
3.806245181863309 -0.05745908967435726 0.13883097019757012
3.8062452288566835 -0.10617064553848368 0.10628311075944619
3.806245219547574 -0.13871861771794575 0.05757158928625514
3.80624521929415 -0.15014794409261278 0.0001124587089823988
3.8062452204972694 -0.13871861708291824 -0.057346673425436215
3.806245219938145 -0.10617063159597447 -0.10605817327192799
3.8062452205787354 -0.057459132274612926 -0.13860615826170147
3.806245220304948 -3.4495969527201654e-14 -0.15003548915619724
3.806245220579035 0.057459132274982644 -0.1386061582625198
3.8356257371996767 0.09893869748115378 -0.09882623826905415
3.8356257371795377 0.12926963713635659 -0.05343277860682676
3.8356257377328635 0.13992044902505366 0.00011245872420024301
3.8356257372416347 0.12926963760002727 0.05365769784011736
3.835625732629228 0.0989386902807972 0.09905113845784656
3.835625757941208 0.05354526351648344 0.12938214466034925
3.835625753714658 5.2414543884029126e-14 0.14003293261867458
3.8356257579413726 -0.05354526351686584 0.12938214466073564
3.835625732629233 -0.09893869028066686 0.09905113845800073
3.835625737241513 -0.12926963759977197 0.05365769783987223
3.8356257377329595 -0.13992044902537462 0.00011245872423396808
3.8356257371794142 -0.12926963713602066 -0.05343277860671399
3.835625737199661 -0.09893869748117376 -0.09882623826896143
3.8356257369095124 -0.05354523691871105 -0.12915717771038202
3.835625736842833 3.5119300682330414e-14 -0.1398079871120905
3.83562573690934 0.0535452369184712 -0.1291571777099052
3.866420417520006 0.09129977252277569 -0.09118731395983849
3.8664204173546084 0.11928890131077131 -0.04929862174396303
3.866420416964895 0.12911737535337192 0.00011245871001317334
3.866420417180845 0.1192889008574002 0.0495235369414952
3.8664204239027664 0.09129978277970785 0.09141224425008829
3.8664204085733016 0.04941107035583484 0.11940133072399724
3.8664204118053043 -5.980144976360763e-14 0.1292298155396143
3.8664204085731457 -0.04941107035549951 0.11940133072365695
3.866420423902735 -0.09129978277980154 0.09141224424988682
3.866420417180959 -0.11928890085765605 0.049523536941740505
3.866420416964775 -0.1291173753530544 0.0001124587099686875
3.8664204173546923 -0.11928890131099663 -0.04929862174402659
3.866420417519997 -0.09129977252274173 -0.09118731395984742
3.8664204177079053 -0.04941108105995741 -0.1191764433028939
3.866420417814769 -2.4072241192875465e-14 -0.12900491868716987
3.8664204177080403 0.04941108106011976 -0.11917644330323442
3.8987713811373332 0.08327559499788555 -0.08316313606566782
3.898771381267323 0.10880480855513418 -0.04495596878644872
3.8987713815269713 0.11776947678746803 0.00011245861456901502
3.8987713819859917 0.1088048099671887 0.045180887251046103
3.898771377085963 0.08327558682284819 0.0833880419970643
3.898771388046311 0.04506843402205427 0.10891728306460322
3.898771385222793 5.566436368033892e-14 0.11788194573278457
3.8987713880464434 -0.04506843402236609 0.10891728306489279
3.898771377085999 -0.08327558682277211 0.08338804199728508
3.8987713819858545 -0.10880480996689935 0.045180887250775376
3.898771381527083 -0.11776947678779551 0.00011245861462027157
3.8987713812672538 -0.10880480855495867 -0.044955968786386635
3.898771381137355 -0.08327559499794168 -0.0831631360657027
3.898771381026165 -0.045068427146525834 -0.10869234907089188
3.898771380948805 1.447677832720679e-14 -0.11765701644131306
3.8987713810260662 0.045068427146395425 -0.10869234907062787
3.932815586273264 0.07490957538735013 -0.07479711673848183
3.932815586242266 0.09787407685406921 -0.04042831122364551
3.9328155860183505 0.10593813681133608 0.00011245861476789469
3.9328155859294522 0.09787407564066966 0.040653227628180286
3.932815590404454 0.07490958316255075 0.0750220431872033
3.93281558303994 0.040540766533343486 0.09798652641948183
3.932815584368805 -5.4232264888015094e-14 0.10605059050496919
3.9328155830398264 -0.04054076653306392 0.09798652641924353
3.9328155904044104 -0.07490958316262855 0.07502204318697475
3.932815585929604 -0.0978740756410245 0.04065322762848115
3.9328155860182408 -0.1059381368110013 0.00011245861471751128
3.9328155862423313 -0.09787407685424501 -0.0404283112237174
3.932815586273228 -0.0749095753872774 -0.07479711673841141
3.932815586424218 -0.04054077017011961 -0.09776161861945326
3.9328155864158694 -9.775147295227324e-15 -0.1058256792510194
3.932815586424306 0.04054077017023395 -0.09776161861968462
3.96867438313291 0.06627567942179986 -0.0661632206499319
3.9686743830146907 0.08659334790701882 -0.035755680435753216
3.968674383339245 0.09372796515267878 0.00011245877451038536
3.9686743833872224 0.08659334914889052 0.035980598366073833
3.9686743797867847 0.06627567263302138 0.06638813040460773
3.968674384671378 0.035868141028809385 0.08670581155488451
3.968674384052267 4.8200057739361204e-14 0.09384042717613561
3.9686743846714623 -0.03586814102905549 0.08670581155506747
3.9686743797868234 -0.06627567263295107 0.06638813040484087
3.9686743833870413 -0.08659334914845229 0.03598059836575204
3.9686743833393407 -0.0937279651530284 0.0001124587745575647
3.9686743830146036 -0.08659334790680386 -0.03575568043566402
3.9686743831329574 -0.06627567942188584 -0.06616322065004558
3.9686743829802094 -0.035868139096426825 -0.086480888916174
3.968674383001725 1.897930979339333e-15 -0.09361550547129423
3.9686743829801148 0.03586813909630938 -0.08648088891593769
4.006436951051333 0.057490277661568265 -0.05737781891516936
4.006436951018535 0.07511466812419722 -0.031001055599280042
4.006436950602242 0.08130352942245787 0.00011245877282871708
4.006436950914684 0.07511466693151929 0.03122597293401941
4.006436953958094 0.057490284590015074 0.05760274339525392
4.006436950358275 0.031113514190963993 0.07522712411670304
4.006436947970835 -5.0069725965849435e-14 0.08141598210831089
4.0064369503582205 -0.031113514190800745 0.07522712411656654
4.006436953958094 -0.057490284590080376 0.0576027433950533
4.006436950914839 -0.07511466693204014 0.031225972934384706
4.0064369506020485 -0.0813035294218565 0.00011245877281021917
4.006436951018598 -0.07511466812447454 -0.03100105559942228
4.0064369510513 -0.05749027766146405 -0.057377818915025525
4.006436951108415 -0.031113514145050574 -0.07500220915378164
4.006436951031655 5.715705650754425e-16 -0.08119107185657823
4.006436951108491 0.03111351414517171 -0.0750022091540314
4.046705259862266 0.04861208956221631 -0.04849963078562023
4.046705260025471 0.06351475652805663 -0.026196214789864985
4.046705259276725 0.06874787654846076 0.0001124587448711011
4.046705260048743 0.06351475672481029 0.026421132335804984
4.046705259127019 0.04861208742662185 0.048724546531614205
4.046705259721303 0.026308672817045627 0.06362721541255631
4.046705261342601 -1.62906467929199e-15 0.06886033940033362
4.046705259721312 -0.02630867281706606 0.0636272154125124
4.046705259126979 -0.048612087426567224 0.04872454653155648
4.046705260048861 -0.06351475672483012 0.026421132335762293
4.046705259276593 -0.06874787654859098 0.00011245874488015712
4.046705260025492 -0.06351475652793692 -0.02619621478980218
4.046705259862274 -0.04861208956224919 -0.04849963078566066
4.046705259874734 -0.0263086733370106 -0.06340229736403417
4.046705259988169 -1.2505947807981659e-14 -0.0686354180237321
4.046705259874603 0.026308673336956682 -0.06340229736395186
4.3121794228498915 0.016691313693502692 -0.016578855042300583
4.312169653606522 0.02181509933274968 -0.008909035138595306
4.312169009738023 0.023606957392580733 0.00011245882401178379
4.312169653540815 0.02181509956942327 0.009133952842115744
4.312179423383978 0.016691316088679714 0.016803774424726074
4.312169653728119 0.009021494910118307 0.02192755844571465
4.312169007823616 1.585771359867994e-15 0.023719412645355382
4.31216965372812 -0.009021494910132538 0.021927558445787053
4.312179423384046 -0.016691316088803743 0.01680377442490695
4.3121696535407015 -0.02181509956932639 0.009133952842150364
4.312169009738185 -0.023606957392238004 0.00011245882399580453
4.312169653606554 -0.02181509933319212 -0.008909035138764088
4.3121794228498915 -0.01669131369359715 -0.01657885504223754
4.312169653842835 -0.009021494228159725 -0.021702641350429933
4.312169009354885 5.087693612025389e-14 -0.023494498411416837
4.312169653843035 0.009021494228357659 -0.021702641350924024
0.014631522473093166 -0.0416376976197255 -0.04152524269891435
0.014717521418318492 5.218475175983834e-13 -0.05892162991154229
0.01463152246352778 0.04163769762021411 -0.0415252427014721
0.014717585370659383 -0.059034051617674665 0.00011245985112093636
0.0015001066192362094 -2.780788449472396e-13 0.0001124597454840698
0.014717585370587455 0.059034051624440295 0.00011245985104530033
0.014631515803610627 -0.041637699158253355 0.04175016290898951
0.014717511487700452 7.634484826584133e-13 0.059146552901239956
0.014631515791924034 0.04163769915927549 0.041750162911920054
4.346543552278242 -0.007911800198809398 -0.007799340922425737
4.3463952212416395 2.882541433386904e-14 -0.011158360378750414
4.346543552278113 0.007911800198837863 -0.007799340922224127
4.346395222996099 -0.01127082232875146 0.00011245843868057974
4.35450000217985 -4.645830206339502e-15 0.00011245863291749044
4.346395222996436 0.011270822328698648 0.00011245843873537797
4.3465435514494235 -0.00791179972631762 0.008024257368396834
4.346395220420429 -5.047712401435049e-14 0.011383277342520719
4.346543551449241 0.007911799726180644 0.008024257368226895
0.9244310738747948 1.3135064014411724e-14 0.3224788113354639
0.9244311780547104 8.67580992521619e-15 0.3910786087433768
0.9244334744392402 -2.1792932459769583e-14 0.4596783745031137
0.9858135038374994 -1.7406257120164172e-14 0.3282159567787209
0.9858137883162581 -1.0521158583347677e-15 0.40219531002304576
0.9858148895105807 2.010027883526251e-14 0.47617619978814407
1.0471962662146876 6.97176825922707e-15 0.3282818231447841
1.0471961932942946 1.3296011653952257e-14 0.40231212650174814
1.0471958633077978 -3.7791943422227456e-14 0.4763462808022199
1.1085790480804545 -2.585693975631866e-14 0.32826001683526457
1.1085784898829174 -9.998752775706868e-15 0.40226806266258375
1.1085771102259752 4.031694825196371e-14 0.47627786665486005
1.1699615565787929 -1.4011175775260955e-13 0.32755163287093625
1.1699608744712355 9.13039747146052e-14 0.4008503853256216
1.169958443840178 -6.849345204545063e-14 0.47414953472463894
1.231343769873887 8.916645443908754e-14 0.32567510882770245
1.2313430212918441 -5.469615512130929e-14 0.3970968250901562
1.2313406002606322 3.5816951439320455e-14 0.46851794232813393
1.2927257250472501 -1.0081540768688774e-13 0.3227305194921745
1.29272489583642 5.541342779165124e-14 0.39120730174794943
1.292723322490158 -3.2903592195463154e-14 0.45968383777398797
3.8222618014456944 0.1848617781520331 0.00011245887332477912
3.837788096472588 0.21815799977682612 0.00011245872620690674
3.8533143910181904 0.251454221481202 0.00011245867085315284
3.850384104985107 0.17804239599538907 0.0001124586057973249
3.864647655866397 0.21474830877524884 0.00011245880152457122
3.8789112065371274 0.25145422148893787 0.0001124587634705145
3.8794473020078826 0.17083994944520178 0.0001124586339303746
3.891977661971007 0.21114708537768026 0.0001124588294500863
3.9045080220452664 0.2514542215007232 0.00011245868875305279
3.9095455353647823 0.16327515470501816 0.00011245887093938021
3.919825186494677 0.20736468816406523 0.00011245864984226098
3.9301048375435985 0.2514542215046384 0.00011245880882734284
3.940769671243739 0.155389076510537 0.00011245863651222246
3.9482356621111276 0.2034216489485358 0.00011245882377707782
3.9557016530675213 0.25145422153771574 0.00011245868590448539
3.973200048963483 0.14725159584088038 0.00011245882959104018
3.97724925875966 0.19935290876181377 0.00011245869621685068
3.981298468564235 0.2514542215302753 0.00011245878722052127
4.006895284299013 0.1389726017925739 0.00011245861646121766
4.006895284037136 0.19521341160993913 0.00011245880809732256
4.006895284093358 0.25145422154316793 0.00011245870407035155
3.822261801445691 -0.18486177815210134 0.00011245887331234815
3.8377880964726057 -0.2181579997768296 0.00011245872623221641
3.8533143910181957 -0.25145422148121016 0.0001124586708210658
3.850384104985112 -0.17804239599536967 0.00011245860579802286
3.864647655866408 -0.2147483087752593 0.00011245880151147999
3.878911206537134 -0.25145422148894375 0.00011245876349251788
3.879447302007899 -0.17083994944522665 0.00011245863392641046
3.8919776619710156 -0.21114708537768231 0.00011245882946425939
3.9045080220452717 -0.25145422150072716 0.00011245868873464455
3.9095455353647726 -0.16327515470498707 0.00011245887094502996
3.919825186494684 -0.20736468816406659 0.00011245864982676126
3.9301048375436025 -0.2514542215046391 0.00011245880884475307
3.940769671243766 -0.15538907651056777 0.00011245863650798334
3.9482356621111294 -0.20342164894852857 0.00011245882379162061
3.955701653067524 -0.2514542215377147 0.00011245868588723155
3.973200048963489 -0.14725159584082279 0.00011245882960104678
3.9772492587596657 -0.19935290876181233 0.00011245869619862571
3.9812984685642334 -0.25145422153027525 0.00011245878724128006
4.0068952842991115 -0.13897260179261073 0.00011245861644069695
4.00689528403712 -0.19521341160993202 0.00011245880812154379
4.006895284093363 -0.2514542215431669 0.00011245870404653993
3.8222617679926394 1.0501248464197313e-13 0.18497422494957835
3.8377880886475957 -8.046267728917872e-14 0.21827045146155913
3.853314385617251 6.917133441704276e-14 0.2515666744352566
3.850384077342436 -1.2940034556194773e-14 0.1781548410563503
3.864647646947731 1.6262406630425097e-14 0.21486076012252844
3.878911201786071 -2.8043575704532763e-14 0.2515666752115527
3.8794472968547344 -1.8005438248014317e-14 0.17095241291303126
3.891977653846302 7.21763077735695e-15 0.21125953911987894
3.9045080182500875 4.940340827816981e-15 0.2515666767225275
3.909545530522612 3.1028908893149045e-14 0.16338761058609144
3.919825183705202 -1.7345385678864047e-14 0.20747714673848117
3.9301048339325395 1.0409850822995903e-14 0.2515666775820169
3.9407696716575606 -3.419514851955454e-14 0.1555015378524737
3.9482356599686392 2.089405474517595e-14 0.20353410638195482
3.9557016514218866 -1.7926114171067212e-14 0.2515666801411435
3.9732000488417984 3.5950318460339365e-14 0.1473640524635161
3.9772492581053176 -2.2598989553758676e-14 0.19946536816884422
3.981298467286773 2.0588728790581192e-14 0.2515666795928574
4.006895286086296 -4.608287246737636e-14 0.1390850618337731
4.00689528275949 2.6469594160909147e-14 0.19532586968573223
4.006895283649236 -2.1969907351428955e-14 0.2515666806092597
3.822261801394998 1.6364547489465607e-13 -0.18474931853229662
3.837788096088762 -1.5018837110576437e-13 -0.21804554084576527
3.853314390833219 1.4404356603835647e-13 -0.25134176253942087
3.85038410476717 -1.9892323121429125e-14 -0.17792993724527206
3.864647655573648 4.337498886740397e-14 -0.21463584981837183
3.878911206340323 -7.181398175515998e-14 -0.25134176254034046
3.87944730164754 -1.7810951480395608e-14 -0.17072749048879496
3.8919776617659885 -1.2405822353466864e-14 -0.21103462648959667
3.9045080218762016 3.369426172005458e-14 -0.25134176262676505
3.9095455354019477 3.3671991325737245e-14 -0.163162696126117
3.919825186343929 4.447958712573659e-16 -0.2072522293748558
3.9301048374224186 -1.1046992590021643e-14 -0.25134176265659636
3.9407696710851776 -4.142773730054994e-14 -0.1552766176350353
3.948235662066607 5.977296980261848e-15 -0.20330919018382257
3.9557016529840183 6.23023301800704e-16 -0.25134176277557585
3.9732000490198542 3.5404139081041346e-14 -0.14713913722605415
3.9772492587002257 -1.6566057929569977e-15 -0.19924045001126114
3.981298468530985 -4.522083047295511e-15 -0.2513417627593996
4.006895284059504 -4.003474598881125e-14 -0.13886014286554668
4.006895284062516 4.471701686439651e-16 -0.19510095287343313
4.006895284044402 7.0110360482973474e-15 -0.2513417627957323
-0.3 -0.6 0.481289208344275
0.11299999999999999 -0.6 0.481289208344275
0.1129999999999826 -0.29999999999997357 0.4812892082049893
-0.3 -0.3 0.481289208344275
0.11299999999999999 -0.6 0.481289208344275
0.526 -0.6 0.481289208344275
0.5259999999578614 -0.300000000053081 0.48128920966683997
0.11299999999975584 -0.29999999999960525 0.48128920798891306
0.526 -0.6 0.481289208344275
0.9390000000000001 -0.6 0.481289208344275
0.9390000000148507 -0.3000000009840722 0.4812892166076136
0.5259999997574765 -0.30000000030195373 0.4812892115388561
0.9389999999999998 -0.6 0.481289208344275
1.3519999999999999 -0.6 0.481289208344275
1.3520000011565128 -0.30000000197113247 0.48128921773100064
0.9390000001093153 -0.30000000275561167 0.48128921826989834
1.3519999999999999 -0.6 0.481289208344275
1.765 -0.6 0.481289208344275
1.7650000000011066 -0.29999999999411725 0.481289209643872
1.3520000002826444 -0.30000000048781844 0.48128921513926076
1.765 -0.6 0.481289208344275
2.178 -0.6 0.481289208344275
2.178000000000001 -0.3000000000000035 0.48128920816972115
1.7650000000000665 -0.299999999999438 0.48128920862346675
2.178 -0.6 0.481289208344275
2.5909999999999997 -0.6 0.481289208344275
2.5909999999999997 -0.3 0.4812892083582434
2.178 -0.30000000000000016 0.48128920831492616
2.591 -0.6 0.481289208344275
3.004 -0.6 0.481289208344275
3.004 -0.3 0.48128920834356553
2.591 -0.3 0.48128920834621747
3.004 -0.6 0.481289208344275
3.417 -0.6 0.481289208344275
3.417 -0.3 0.4812892083442977
3.004 -0.3 0.48128920834418487
3.417 -0.6 0.481289208344275
3.8299999999999996 -0.6 0.481289208344275
3.8299999999999996 -0.3 0.48128920834427463
3.417 -0.3 0.4812892083442781
3.83 -0.6 0.481289208344275
4.243 -0.6 0.481289208344275
4.243 -0.3 0.481289208344275
3.83 -0.3 0.48128920834427497
4.243 -0.6 0.481289208344275
4.656000000000001 -0.6 0.481289208344275
4.656000000000001 -0.3 0.481289208344275
4.243 -0.3 0.481289208344275
-0.3 -0.3 0.481289208344275
0.11299999999991175 -0.29999999999988086 0.4812892081065729
0.11299999999987287 -1.1448441947173127e-13 0.4812892080264063
-0.3 0.0 0.481289208344275
0.11299999999860989 -0.299999999998106 0.48128920759699034
0.5259999998217312 -0.3000000002245941 0.4812892100025557
0.5259999998922644 9.377512529247599e-11 0.4812892092760197
0.11299999999858669 -1.9436448236617857e-12 0.4812892082084509
0.5259999986003543 -0.3000000017843986 0.4812892119024101
0.9389999999766319 -0.3000000039006648 0.481289215275849
0.9389999703610807 -6.207828769912766e-08 0.4813102805044582
0.5259999994822211 7.307802429387959e-10 0.4812892080672178
0.9390000005651264 -0.30000001120142256 0.4812892179435443
1.3520000044633134 -0.30000000787095216 0.4812892174581943
1.3519999996433936 3.0314511546507033e-09 0.48130095741376766
0.9389999891927618 -2.2466600961388915e-07 0.48130936087239784
1.352000000856485 -0.30000000146507405 0.4812892146141365
1.7650000000012427 -0.29999999997653326 0.48128920974616834
1.7649999999988648 -1.8027839575239064e-11 0.48128920810121323
1.3519999999744021 4.886699083383776e-10 0.48130130305004726
1.7650000000000352 -0.29999999999787347 0.4812892086731975
2.1780000000000057 -0.3000000000000225 0.4812892081112645
2.1780000000000097 2.2994344876669204e-14 0.48128920834994166
1.7649999999998982 -1.5034608579620969e-12 0.48128920866996117
2.1780000000000004 -0.3000000000000011 0.48128920830643
2.5909999999999997 -0.3 0.4812892083744743
2.5909999999999997 -7.136517857364401e-18 0.4812892083410401
2.1780000000000004 1.0542625892439522e-15 0.48128920830015604
2.591 -0.3 0.4812892083474125
3.004 -0.3 0.4812892083414561
3.004 9.32405509866661e-22 0.48128920834495376
2.591 -2.0307639372948864e-19 0.4812892083476885
3.004 -0.3 0.48128920834407835
3.417 -0.3 0.48128920834445893
3.417 -5.421968673201406e-26 0.4812892083442105
3.004 1.780810227323777e-23 0.4812892083441041
3.417 -0.3 0.48128920834428424
3.8299999999999996 -0.3 0.4812892083442664
3.8299999999999996 1.7932097586663317e-30 0.48128920834427874
3.417 -7.501840509927611e-28 0.48128920834428096
3.83 -0.3 0.4812892083442747
4.243 -0.3 0.4812892083442753
4.243 0.0 0.48128920834427485
3.83 0.0 0.48128920834427485
4.243 -0.3 0.481289208344275
4.656000000000001 -0.3 0.481289208344275
4.656000000000001 0.0 0.481289208344275
4.243 0.0 0.481289208344275
-0.3 0.0 0.481289208344275
0.1129999999995547 6.775862090029624e-14 0.48128920802090713
0.1129999999993918 0.299999999999925 0.48128920797011
-0.3 0.3 0.481289208344275
0.1129999999949199 6.564342000718848e-13 0.4812892080613943
0.5259999997595477 6.1572022405368e-11 0.4812892091045043
0.5259999995329694 0.3000000003083737 0.4812892101825821
0.11299999999299276 0.29999999999933974 0.48128920770155076
0.5259999987367144 4.6118818441440996e-10 0.4812892078310513
0.9389999217228194 -1.8178590250354056e-08 0.48130678828020707
0.9390000000602648 0.30000000176725194 0.48128921808229713
0.5259999976975732 0.30000000136886107 0.4812892120744499
0.9390001051753117 3.002663392396964e-07 0.4813616838633725
1.3520000007370259 -3.7179787886766473e-09 0.48130039034974825
1.3520000083007466 0.30000001135906756 0.48128922519150263
0.9390000006991137 0.300000012832029 0.4812892212283899
1.3520000001430441 -5.449555050449808e-10 0.4813007697977836
1.7650000000029913 2.0510393695225352e-11 0.481289208226016
1.7650000000075132 0.2999999999735408 0.48128920799988856
1.3520000014625315 0.300000001969217 0.48128921946518344
1.7650000000002393 1.6719476775758098e-12 0.48128920848117346
2.1780000000000146 -2.7407756016626364e-14 0.4812892082025407
2.1780000000000106 0.3000000000000257 0.4812892084796084
1.7650000000005919 0.29999999999768645 0.4812892081063677
2.178000000000001 -1.256132163877091e-15 0.481289208305728
2.5909999999999997 7.729864668882518e-18 0.4812892083830927
2.5909999999999997 0.3 0.48128920831163047
2.1780000000000004 0.3000000000000012 0.481289208369033
2.591 2.1945118128171625e-19 0.48128920834956646
3.004 -1.0581136549480955e-21 0.4812892083391338
3.004 0.3 0.48128920834858496
2.591 0.3 0.4812892083412826
3.004 -2.0258095168104797e-23 0.4812892083438302
3.417 5.913501776432353e-26 0.481289208344691
3.417 0.3 0.4812892083439235
3.004 0.3 0.4812892083445301
3.417 8.07821228347316e-28 0.4812892083443002
3.8299999999999996 -1.7279882373054975e-30 0.48128920834425226
3.8299999999999996 0.3 0.48128920834429434
3.417 0.3 0.4812892083442602
3.83 0.0 0.481289208344274
4.243 0.0 0.4812892083442759
4.243 0.3 0.48128920834427424
3.83 0.3 0.48128920834427563
4.243 0.0 0.481289208344275
4.656000000000001 0.0 0.481289208344275
4.656000000000001 0.3 0.481289208344275
4.243 0.3 0.481289208344275
-0.3 0.29999999999999993 0.481289208344275
0.11299999999985078 0.2999999999999454 0.48128920807221365
0.11299999999999999 0.5999999999999999 0.481289208344275
-0.3 0.5999999999999999 0.481289208344275
0.11299999999846522 0.2999999999992704 0.4812892077920273
0.525999999839173 0.30000000010860217 0.4812892098664841
0.526 0.5999999999999999 0.481289208344275
0.11299999999999999 0.5999999999999999 0.481289208344275
0.5259999993703677 0.30000000041066666 0.4812892113117089
0.9390000000210715 0.30000000065962934 0.4812892190943595
0.9390000000000001 0.5999999999999999 0.481289208344275
0.526 0.5999999999999999 0.481289208344275
0.9390000001323222 0.30000000295739065 0.4812892232398634
1.352000001977237 0.30000000265489796 0.4812892232897256
1.3519999999999999 0.5999999999999999 0.481289208344275
0.9389999999999998 0.5999999999999999 0.481289208344275
1.352000000465701 0.3000000006295631 0.4812892191993693
1.7650000000026098 0.29999999999313487 0.4812892083142236
1.765 0.5999999999999999 0.481289208344275
1.3519999999999999 0.5999999999999999 0.481289208344275
1.7650000000002097 0.29999999999936927 0.4812892079677844
2.1780000000000013 0.3000000000000039 0.4812892082871716
2.178 0.5999999999999999 0.481289208344275
1.765 0.5999999999999999 0.481289208344275
2.178 0.30000000000000016 0.4812892083774475
2.5909999999999997 0.29999999999999993 0.4812892083639815
2.5909999999999997 0.5999999999999999 0.481289208344275
2.178 0.5999999999999999 0.481289208344275
2.591 0.29999999999999993 0.48128920834272665
3.004 0.29999999999999993 0.4812892083416048
3.004 0.5999999999999999 0.481289208344275
2.591 0.5999999999999999 0.481289208344275
3.004 0.29999999999999993 0.48128920834429156
3.417 0.29999999999999993 0.48128920834448013
3.417 0.5999999999999999 0.481289208344275
3.004 0.5999999999999999 0.481289208344275
3.417 0.29999999999999993 0.48128920834427724
3.8299999999999996 0.29999999999999993 0.4812892083442647
3.8299999999999996 0.5999999999999999 0.481289208344275
3.417 0.5999999999999999 0.481289208344275
3.83 0.29999999999999993 0.48128920834427485
4.243 0.29999999999999993 0.4812892083442754
4.243 0.5999999999999999 0.481289208344275
3.83 0.5999999999999999 0.481289208344275
4.243 0.29999999999999993 0.481289208344275
4.656000000000001 0.29999999999999993 0.481289208344275
4.656000000000001 0.5999999999999999 0.481289208344275
4.243 0.5999999999999999 0.481289208344275
CELLS 650 3250
4 0 1 17 16
4 1 2 18 17
4 2 3 19 18
4 3 4 20 19
4 4 5 21 20
4 5 6 22 21
4 6 7 23 22
4 7 8 24 23
4 8 9 25 24
4 9 10 26 25
4 10 11 27 26
4 11 12 28 27
4 12 13 29 28
4 13 14 30 29
4 14 15 31 30
4 15 0 16 31
4 16 17 33 32
4 17 18 34 33
4 18 19 35 34
4 19 20 36 35
4 20 21 37 36
4 21 22 38 37
4 22 23 39 38
4 23 24 40 39
4 24 25 41 40
4 25 26 42 41
4 26 27 43 42
4 27 28 44 43
4 28 29 45 44
4 29 30 46 45
4 30 31 47 46
4 31 16 32 47
4 32 33 49 48
4 33 34 50 49
4 34 35 51 50
4 35 36 52 51
4 36 37 53 52
4 37 38 54 53
4 38 39 55 54
4 39 40 56 55
4 40 41 57 56
4 41 42 58 57
4 42 43 59 58
4 43 44 60 59
4 44 45 61 60
4 45 46 62 61
4 46 47 63 62
4 47 32 48 63
4 48 49 65 64
4 49 50 66 65
4 50 51 67 66
4 51 52 68 67
4 52 53 69 68
4 53 54 70 69
4 54 55 71 70
4 55 56 72 71
4 56 57 73 72
4 57 58 74 73
4 58 59 75 74
4 59 60 76 75
4 60 61 77 76
4 61 62 78 77
4 62 63 79 78
4 63 48 64 79
4 64 65 81 80
4 65 66 82 81
4 66 67 83 82
4 67 68 84 83
4 68 69 85 84
4 69 70 86 85
4 70 71 87 86
4 71 72 88 87
4 72 73 89 88
4 73 74 90 89
4 74 75 91 90
4 75 76 92 91
4 76 77 93 92
4 77 78 94 93
4 78 79 95 94
4 79 64 80 95
4 80 81 97 96
4 81 82 98 97
4 82 83 99 98
4 83 84 100 99
4 84 85 101 100
4 85 86 102 101
4 86 87 103 102
4 87 88 104 103
4 88 89 105 104
4 89 90 106 105
4 90 91 107 106
4 91 92 108 107
4 92 93 109 108
4 93 94 110 109
4 94 95 111 110
4 95 80 96 111
4 96 97 113 112
4 97 98 114 113
4 98 99 115 114
4 99 100 116 115
4 100 101 117 116
4 101 102 118 117
4 102 103 119 118
4 103 104 120 119
4 104 105 121 120
4 105 106 122 121
4 106 107 123 122
4 107 108 124 123
4 108 109 125 124
4 109 110 126 125
4 110 111 127 126
4 111 96 112 127
4 112 113 129 128
4 113 114 130 129
4 114 115 131 130
4 115 116 132 131
4 116 117 133 132
4 117 118 134 133
4 118 119 135 134
4 119 120 136 135
4 120 121 137 136
4 121 122 138 137
4 122 123 139 138
4 123 124 140 139
4 124 125 141 140
4 125 126 142 141
4 126 127 143 142
4 127 112 128 143
4 128 129 145 144
4 129 130 146 145
4 130 131 147 146
4 131 132 148 147
4 132 133 149 148
4 133 134 150 149
4 134 135 151 150
4 135 136 152 151
4 136 137 153 152
4 137 138 154 153
4 138 139 155 154
4 139 140 156 155
4 140 141 157 156
4 141 142 158 157
4 142 143 159 158
4 143 128 144 159
4 144 145 161 160
4 145 146 162 161
4 146 147 163 162
4 147 148 164 163
4 148 149 165 164
4 149 150 166 165
4 150 151 167 166
4 151 152 168 167
4 152 153 169 168
4 153 154 170 169
4 154 155 171 170
4 155 156 172 171
4 156 157 173 172
4 157 158 174 173
4 158 159 175 174
4 159 144 160 175
4 160 161 177 176
4 161 162 178 177
4 162 163 179 178
4 163 164 180 179
4 164 165 181 180
4 165 166 182 181
4 166 167 183 182
4 167 168 184 183
4 168 169 185 184
4 169 170 186 185
4 170 171 187 186
4 171 172 188 187
4 172 173 189 188
4 173 174 190 189
4 174 175 191 190
4 175 160 176 191
4 176 177 193 192
4 177 178 194 193
4 178 179 195 194
4 179 180 196 195
4 180 181 197 196
4 181 182 198 197
4 182 183 199 198
4 183 184 200 199
4 184 185 201 200
4 185 186 202 201
4 186 187 203 202
4 187 188 204 203
4 188 189 205 204
4 189 190 206 205
4 190 191 207 206
4 191 176 192 207
4 192 193 209 208
4 193 194 210 209
4 194 195 211 210
4 195 196 212 211
4 196 197 213 212
4 197 198 214 213
4 198 199 215 214
4 199 200 216 215
4 200 201 217 216
4 201 202 218 217
4 202 203 219 218
4 203 204 220 219
4 204 205 221 220
4 205 206 222 221
4 206 207 223 222
4 207 192 208 223
4 208 209 225 224
4 209 210 226 225
4 210 211 227 226
4 211 212 228 227
4 212 213 229 228
4 213 214 230 229
4 214 215 231 230
4 215 216 232 231
4 216 217 233 232
4 217 218 234 233
4 218 219 235 234
4 219 220 236 235
4 220 221 237 236
4 221 222 238 237
4 222 223 239 238
4 223 208 224 239
4 224 225 241 240
4 225 226 242 241
4 226 227 243 242
4 227 228 244 243
4 228 229 245 244
4 229 230 246 245
4 230 231 247 246
4 231 232 248 247
4 232 233 249 248
4 233 234 250 249
4 234 235 251 250
4 235 236 252 251
4 236 237 253 252
4 237 238 254 253
4 238 239 255 254
4 239 224 240 255
4 240 241 257 256
4 241 242 258 257
4 242 243 259 258
4 243 244 260 259
4 244 245 261 260
4 245 246 262 261
4 246 247 263 262
4 247 248 264 263
4 248 249 265 264
4 249 250 266 265
4 250 251 267 266
4 251 252 268 267
4 252 253 269 268
4 253 254 270 269
4 254 255 271 270
4 255 240 256 271
4 256 257 273 272
4 257 258 274 273
4 258 259 275 274
4 259 260 276 275
4 260 261 277 276
4 261 262 278 277
4 262 263 279 278
4 263 264 280 279
4 264 265 281 280
4 265 266 282 281
4 266 267 283 282
4 267 268 284 283
4 268 269 285 284
4 269 270 286 285
4 270 271 287 286
4 271 256 272 287
4 272 273 289 288
4 273 274 290 289
4 274 275 291 290
4 275 276 292 291
4 276 277 293 292
4 277 278 294 293
4 278 279 295 294
4 279 280 296 295
4 280 281 297 296
4 281 282 298 297
4 282 283 299 298
4 283 284 300 299
4 284 285 301 300
4 285 286 302 301
4 286 287 303 302
4 287 272 288 303
4 288 289 305 304
4 289 290 306 305
4 290 291 307 306
4 291 292 308 307
4 292 293 309 308
4 293 294 310 309
4 294 295 311 310
4 295 296 312 311
4 296 297 313 312
4 297 298 314 313
4 298 299 315 314
4 299 300 316 315
4 300 301 317 316
4 301 302 318 317
4 302 303 319 318
4 303 288 304 319
4 304 305 321 320
4 305 306 322 321
4 306 307 323 322
4 307 308 324 323
4 308 309 325 324
4 309 310 326 325
4 310 311 327 326
4 311 312 328 327
4 312 313 329 328
4 313 314 330 329
4 314 315 331 330
4 315 316 332 331
4 316 317 333 332
4 317 318 334 333
4 318 319 335 334
4 319 304 320 335
4 320 321 337 336
4 321 322 338 337
4 322 323 339 338
4 323 324 340 339
4 324 325 341 340
4 325 326 342 341
4 326 327 343 342
4 327 328 344 343
4 328 329 345 344
4 329 330 346 345
4 330 331 347 346
4 331 332 348 347
4 332 333 349 348
4 333 334 350 349
4 334 335 351 350
4 335 320 336 351
4 336 337 353 352
4 337 338 354 353
4 338 339 355 354
4 339 340 356 355
4 340 341 357 356
4 341 342 358 357
4 342 343 359 358
4 343 344 360 359
4 344 345 361 360
4 345 346 362 361
4 346 347 363 362
4 347 348 364 363
4 348 349 365 364
4 349 350 366 365
4 350 351 367 366
4 351 336 352 367
4 352 353 369 368
4 353 354 370 369
4 354 355 371 370
4 355 356 372 371
4 356 357 373 372
4 357 358 374 373
4 358 359 375 374
4 359 360 376 375
4 360 361 377 376
4 361 362 378 377
4 362 363 379 378
4 363 364 380 379
4 364 365 381 380
4 365 366 382 381
4 366 367 383 382
4 367 352 368 383
4 368 369 385 384
4 369 370 386 385
4 370 371 387 386
4 371 372 388 387
4 372 373 389 388
4 373 374 390 389
4 374 375 391 390
4 375 376 392 391
4 376 377 393 392
4 377 378 394 393
4 378 379 395 394
4 379 380 396 395
4 380 381 397 396
4 381 382 398 397
4 382 383 399 398
4 383 368 384 399
4 384 385 401 400
4 385 386 402 401
4 386 387 403 402
4 387 388 404 403
4 388 389 405 404
4 389 390 406 405
4 390 391 407 406
4 391 392 408 407
4 392 393 409 408
4 393 394 410 409
4 394 395 411 410
4 395 396 412 411
4 396 397 413 412
4 397 398 414 413
4 398 399 415 414
4 399 384 400 415
4 400 401 417 416
4 401 402 418 417
4 402 403 419 418
4 403 404 420 419
4 404 405 421 420
4 405 406 422 421
4 406 407 423 422
4 407 408 424 423
4 408 409 425 424
4 409 410 426 425
4 410 411 427 426
4 411 412 428 427
4 412 413 429 428
4 413 414 430 429
4 414 415 431 430
4 415 400 416 431
4 416 417 433 432
4 417 418 434 433
4 418 419 435 434
4 419 420 436 435
4 420 421 437 436
4 421 422 438 437
4 422 423 439 438
4 423 424 440 439
4 424 425 441 440
4 425 426 442 441
4 426 427 443 442
4 427 428 444 443
4 428 429 445 444
4 429 430 446 445
4 430 431 447 446
4 431 416 432 447
4 432 433 449 448
4 433 434 450 449
4 434 435 451 450
4 435 436 452 451
4 436 437 453 452
4 437 438 454 453
4 438 439 455 454
4 439 440 456 455
4 440 441 457 456
4 441 442 458 457
4 442 443 459 458
4 443 444 460 459
4 444 445 461 460
4 445 446 462 461
4 446 447 463 462
4 447 432 448 463
4 448 449 465 464
4 449 450 466 465
4 450 451 467 466
4 451 452 468 467
4 452 453 469 468
4 453 454 470 469
4 454 455 471 470
4 455 456 472 471
4 456 457 473 472
4 457 458 474 473
4 458 459 475 474
4 459 460 476 475
4 460 461 477 476
4 461 462 478 477
4 462 463 479 478
4 463 448 464 479
4 464 465 481 480
4 465 466 482 481
4 466 467 483 482
4 467 468 484 483
4 468 469 485 484
4 469 470 486 485
4 470 471 487 486
4 471 472 488 487
4 472 473 489 488
4 473 474 490 489
4 474 475 491 490
4 475 476 492 491
4 476 477 493 492
4 477 478 494 493
4 478 479 495 494
4 479 464 480 495
4 11 496 13 12
4 496 497 14 13
4 497 498 15 14
4 498 1 0 15
4 10 499 496 11
4 499 500 497 496
4 500 501 498 497
4 501 2 1 498
4 9 502 499 10
4 502 503 500 499
4 503 504 501 500
4 504 3 2 501
4 8 7 502 9
4 7 6 503 502
4 6 5 504 503
4 5 4 3 504
4 492 493 505 491
4 493 494 506 505
4 494 495 507 506
4 495 480 481 507
4 491 505 508 490
4 505 506 509 508
4 506 507 510 509
4 507 481 482 510
4 490 508 511 489
4 508 509 512 511
4 509 510 513 512
4 510 482 483 513
4 489 511 487 488
4 511 512 486 487
4 512 513 485 486
4 513 483 484 485
4 70 86 517 514
4 514 517 518 515
4 515 518 519 516
4 86 102 520 517
4 517 520 521 518
4 518 521 522 519
4 102 118 523 520
4 520 523 524 521
4 521 524 525 522
4 118 150 526 523
4 523 526 527 524
4 524 527 528 525
4 150 166 529 526
4 526 529 530 527
4 527 530 531 528
4 166 182 532 529
4 529 532 533 530
4 530 533 534 531
4 354 370 538 535
4 535 538 539 536
4 536 539 540 537
4 370 386 541 538
4 538 541 542 539
4 539 542 543 540
4 386 402 544 541
4 541 544 545 542
4 542 545 546 543
4 402 418 547 544
4 544 547 548 545
4 545 548 549 546
4 418 434 550 547
4 547 550 551 548
4 548 551 552 549
4 434 450 553 550
4 550 553 554 551
4 551 554 555 552
4 362 378 559 556
4 556 559 560 557
4 557 560 561 558
4 378 394 562 559
4 559 562 563 560
4 560 563 564 561
4 394 410 565 562
4 562 565 566 563
4 563 566 567 564
4 410 426 568 565
4 565 568 569 566
4 566 569 570 567
4 426 442 571 568
4 568 571 572 569
4 569 572 573 570
4 442 458 574 571
4 571 574 575 572
4 572 575 576 573
4 358 374 580 577
4 577 580 581 578
4 578 581 582 579
4 374 390 583 580
4 580 583 584 581
4 581 584 585 582
4 390 406 586 583
4 583 586 587 584
4 584 587 588 585
4 406 422 589 586
4 586 589 590 587
4 587 590 591 588
4 422 438 592 589
4 589 592 593 590
4 590 593 594 591
4 438 454 595 592
4 592 595 596 593
4 593 596 597 594
4 366 382 601 598
4 598 601 602 599
4 599 602 603 600
4 382 398 604 601
4 601 604 605 602
4 602 605 606 603
4 398 414 607 604
4 604 607 608 605
4 605 608 609 606
4 414 430 610 607
4 607 610 611 608
4 608 611 612 609
4 430 446 613 610
4 610 613 614 611
4 611 614 615 612
4 446 462 616 613
4 613 616 617 614
4 614 617 618 615
4 619 620 621 622
4 623 624 625 626
4 627 628 629 630
4 631 632 633 634
4 635 636 637 638
4 639 640 641 642
4 643 644 645 646
4 647 648 649 650
4 651 652 653 654
4 655 656 657 658
4 659 660 661 662
4 663 664 665 666
4 667 668 669 670
4 671 672 673 674
4 675 676 677 678
4 679 680 681 682
4 683 684 685 686
4 687 688 689 690
4 691 692 693 694
4 695 696 697 698
4 699 700 701 702
4 703 704 705 706
4 707 708 709 710
4 711 712 713 714
4 715 716 717 718
4 719 720 721 722
4 723 724 725 726
4 727 728 729 730
4 731 732 733 734
4 735 736 737 738
4 739 740 741 742
4 743 744 745 746
4 747 748 749 750
4 751 752 753 754
4 755 756 757 758
4 759 760 761 762
4 763 764 765 766
4 767 768 769 770
4 771 772 773 774
4 775 776 777 778
4 779 780 781 782
4 783 784 785 786
4 787 788 789 790
4 791 792 793 794
4 795 796 797 798
4 799 800 801 802
4 803 804 805 806
4 807 808 809 810
CELL_TYPES 650
9
9
9
9
9
9
9
9
9
9
9
9
9
9
9
9
9
9
9
9
9
9
9
9
9
9
9
9
9
9
9
9
9
9
9
9
9
9
9
9
9
9
9
9
9
9
9
9
9
9
9
9
9
9
9
9
9
9
9
9
9
9
9
9
9
9
9
9
9
9
9
9
9
9
9
9
9
9
9
9
9
9
9
9
9
9
9
9
9
9
9
9
9
9
9
9
9
9
9
9
9
9
9
9
9
9
9
9
9
9
9
9
9
9
9
9
9
9
9
9
9
9
9
9
9
9
9
9
9
9
9
9
9
9
9
9
9
9
9
9
9
9
9
9
9
9
9
9
9
9
9
9
9
9
9
9
9
9
9
9
9
9
9
9
9
9
9
9
9
9
9
9
9
9
9
9
9
9
9
9
9
9
9
9
9
9
9
9
9
9
9
9
9
9
9
9
9
9
9
9
9
9
9
9
9
9
9
9
9
9
9
9
9
9
9
9
9
9
9
9
9
9
9
9
9
9
9
9
9
9
9
9
9
9
9
9
9
9
9
9
9
9
9
9
9
9
9
9
9
9
9
9
9
9
9
9
9
9
9
9
9
9
9
9
9
9
9
9
9
9
9
9
9
9
9
9
9
9
9
9
9
9
9
9
9
9
9
9
9
9
9
9
9
9
9
9
9
9
9
9
9
9
9
9
9
9
9
9
9
9
9
9
9
9
9
9
9
9
9
9
9
9
9
9
9
9
9
9
9
9
9
9
9
9
9
9
9
9
9
9
9
9
9
9
9
9
9
9
9
9
9
9
9
9
9
9
9
9
9
9
9
9
9
9
9
9
9
9
9
9
9
9
9
9
9
9
9
9
9
9
9
9
9
9
9
9
9
9
9
9
9
9
9
9
9
9
9
9
9
9
9
9
9
9
9
9
9
9
9
9
9
9
9
9
9
9
9
9
9
9
9
9
9
9
9
9
9
9
9
9
9
9
9
9
9
9
9
9
9
9
9
9
9
9
9
9
9
9
9
9
9
9
9
9
9
9
9
9
9
9
9
9
9
9
9
9
9
9
9
9
9
9
9
9
9
9
9
9
9
9
9
9
9
9
9
9
9
9
9
9
9
9
9
9
9
9
9
9
9
9
9
9
9
9
9
9
9
9
9
9
9
9
9
9
9
9
9
9
9
9
9
9
9
9
9
9
9
9
9
9
9
9
9
9
9
9
9
9
9
9
9
9
9
9
9
9
9
9
9
9
9
9
9
9
9
9
9
9
9
9
9
9
9
9
9
9
9
9
9
9
9
9
9
9
9
9
9
9
9
9
9
9
9
9
9
9
9
9
9
9
9
9
9
9
9
9
9
9
9
9
9
9
9
9
9
9
9
9
9
9
9
9
9
9
9
9
9
9
9
9
9
9
9
9
9
9
9
9
9
9
9
9
9
9
9
9
9
9
9
9
9
9
9
9
9
9
9
9
9
9
CELL_DATA 650
SCALARS component int 1
LOOKUP_TABLE default
0
0
0
0
0
0
0
0
0
0
0
0
0
0
0
0
0
0
0
0
0
0
0
0
0
0
0
0
0
0
0
0
0
0
0
0
0
0
0
0
0
0
0
0
0
0
0
0
0
0
0
0
0
0
0
0
0
0
0
0
0
0
0
0
0
0
0
0
0
0
0
0
0
0
0
0
0
0
0
0
0
0
0
0
0
0
0
0
0
0
0
0
0
0
0
0
0
0
0
0
0
0
0
0
0
0
0
0
0
0
0
0
0
0
0
0
0
0
0
0
0
0
0
0
0
0
0
0
0
0
0
0
0
0
0
0
0
0
0
0
0
0
0
0
0
0
0
0
0
0
0
0
0
0
0
0
0
0
0
0
0
0
0
0
0
0
0
0
0
0
0
0
0
0
0
0
0
0
0
0
0
0
0
0
0
0
0
0
0
0
0
0
0
0
0
0
0
0
0
0
0
0
0
0
0
0
0
0
0
0
0
0
0
0
0
0
0
0
0
0
0
0
0
0
0
0
0
0
0
0
0
0
0
0
0
0
0
0
0
0
0
0
0
0
0
0
0
0
0
0
0
0
0
0
0
0
0
0
0
0
0
0
0
0
0
0
0
0
0
0
0
0
0
0
0
0
0
0
0
0
0
0
0
0
0
0
0
0
0
0
0
0
0
0
0
0
0
0
0
0
0
0
0
0
0
0
0
0
0
0
0
0
0
0
0
0
0
0
0
0
0
0
0
0
0
0
0
0
0
0
0
0
0
0
0
0
0
0
0
0
0
0
0
0
0
0
0
0
0
0
0
0
0
0
0
0
0
0
0
0
0
0
0
0
0
0
0
0
0
0
0
0
0
0
0
0
0
0
0
0
0
0
0
0
0
0
0
0
0
0
0
0
0
0
0
0
0
0
0
0
0
0
0
0
0
0
0
0
0
0
0
0
0
0
0
0
0
0
0
0
0
0
0
0
0
0
0
0
0
0
0
0
0
0
0
0
0
0
0
0
0
0
0
0
0
0
0
0
0
0
0
0
0
0
0
0
0
0
0
0
0
0
0
0
0
0
0
0
0
0
0
0
0
0
0
0
0
0
0
0
0
0
0
0
0
0
0
0
0
0
0
0
0
0
0
0
0
0
0
0
0
0
0
0
0
0
0
0
0
0
0
0
1
1
1
1
1
1
1
1
1
1
1
1
1
1
1
1
1
1
2
2
2
2
2
2
2
2
2
2
2
2
2
2
2
2
2
2
3
3
3
3
3
3
3
3
3
3
3
3
3
3
3
3
3
3
4
4
4
4
4
4
4
4
4
4
4
4
4
4
4
4
4
4
5
5
5
5
5
5
5
5
5
5
5
5
5
5
5
5
5
5
-1
-1
-1
-1
-1
-1
-1
-1
-1
-1
-1
-1
-1
-1
-1
-1
-1
-1
-1
-1
-1
-1
-1
-1
-1
-1
-1
-1
-1
-1
-1
-1
-1
-1
-1
-1
-1
-1
-1
-1
-1
-1
-1
-1
-1
-1
-1
-1
POINT_DATA 811
VECTORS displacement double
-9.747449757289422e-10 4.170361422353463e-10 0.00011245839998621039
8.399899614999433e-10 8.747388556570991e-10 0.00011245848655648474
-1.936542782574696e-09 -1.3609115885788974e-09 0.00011245876490174188
1.730772279840986e-09 -2.842506179681315e-10 0.00011245872125632813
-2.8261817521855737e-09 2.0104004165642613e-09 0.0001124605133907207
3.2866746167108665e-09 -3.6750614199740555e-09 0.00011245096796415296
5.3928071798009654e-09 -5.4748766289001e-14 0.00011245103805579267
3.2867201787099767e-09 3.6756124759333892e-09 0.000112450967773252
-2.825684255963883e-09 -2.011132157517192e-09 0.00011246051406985306
1.7270058352331828e-09 2.821260024200121e-10 0.00011245872226807684
-1.9322032271575205e-09 1.3617893817209793e-09 0.00011245876483514904
8.358408140612181e-10 -8.769212238198651e-10 0.00011245848543497531
-9.74138157092808e-10 -4.1760354865908137e-10 0.00011245839960775429
1.6993419199044475e-09 2.6310747532285066e-09 0.00011246343210694052
3.2509660363242452e-09 -3.748446234298303e-16 0.00011246446324579043
1.6982543811123953e-09 -2.630322113845996e-09 0.00011246343136410246
2.725673204365796e-10 1.932554381133623e-10 0.00011245857477514287
-2.2535126972906966e-10 -4.830956051656679e-10 0.00011245894315278214
3.1076277988603865e-10 2.938945315221678e-10 0.00011245867712817715
-5.210651737762675e-10 -4.048983686989795e-10 0.00011245840101456987
5.826498021273195e-10 -1.6552944941978995e-10 0.00011245893356074534
1.5395241383535603e-11 5.490250978440723e-10 0.00011245940088018478
-1.5681522842697455e-09 1.0390592147768974e-13 0.0001124631330869066
1.547390850822436e-11 -5.490890815831677e-10 0.00011245940066763628
5.823449212561753e-10 1.6543813218920126e-10 0.0001124589337807405
-5.202870819078252e-10 4.056495788731399e-10 0.00011245840071348752
3.095879492571049e-10 -2.9471820951272944e-10 0.00011245867715455822
-2.2443172472198338e-10 4.839990756409196e-10 0.00011245894347475518
2.722849994540423e-10 -1.9339498100324484e-10 0.00011245857459674128
-8.438837364373826e-11 -3.3017933036420246e-10 0.00011245820822067863
-5.232769787992794e-10 7.853871727902168e-14 0.00011245650410669628
-8.42583630558501e-11 3.300410703667884e-10 0.00011245820833214719
1.032893839812523e-11 -6.646056544307637e-10 0.00011245939456814125
-1.0275670035252134e-11 1.0974703362919272e-09 0.0001124582597378419
-8.490133204940439e-11 -9.078877687884672e-10 0.00011245850422297182
-8.728312488134372e-10 1.945110349159498e-09 0.00011245787986579323
-5.997474075647106e-09 3.4051982283816037e-09 0.00011245603048609124
-4.245976508904496e-09 -2.0642816952882013e-09 0.00011245978693671729
1.3080245121741597e-09 -5.682403467676542e-14 0.00011245270806551375
-4.245996219002736e-09 2.064328073020426e-09 0.0001124597870629165
-5.9974314452919205e-09 -3.405200594693039e-09 0.00011245603035515556
-8.729519712924643e-10 -1.9454847252986606e-09 0.00011245788006549781
-8.475331863908858e-11 9.082187350830888e-10 0.00011245850418417999
-1.0417235829448354e-11 -1.0979740423526306e-09 0.0001124582595644289
1.0371786716150627e-11 6.646616565908256e-10 0.0001124593946477121
7.413704819128693e-11 -1.8504233330923608e-10 0.00011245850547440791
1.7128343434662772e-10 -9.660861393838343e-15 0.00011246134968942823
7.412468528061054e-11 1.8510153820394653e-10 0.00011245850535899819
-1.5948207452360176e-09 7.70905454956214e-09 0.00011245102019394088
1.5751105407351918e-09 -1.101844472381174e-08 0.00011246327277760715
-1.7085038177498885e-09 1.1245346364060237e-08 0.00011245823895054272
4.51280186524965e-10 -8.404005922900451e-09 0.00011245113436744179
-1.4808139765307571e-08 2.9304767617898037e-08 0.00011245151471330767
-1.1318264338484158e-07 8.229468114951676e-08 0.00011244018471146714
-1.848198733823281e-07 1.2408516311127593e-13 0.00011246829388796249
-1.1318263139091211e-07 -8.229482472287951e-08 0.00011244018445557011
-1.4808132025222785e-08 -2.930454276567644e-08 0.00011245151483428923
4.5132948431989604e-10 8.404654221638857e-09 0.00011245113393265632
-1.7085228243824438e-09 -1.1245479512836498e-08 0.00011245823904625637
1.5751661831607175e-09 1.1019449524806737e-08 0.00011246327316870887
-1.594818801917646e-09 -7.708998504127497e-09 0.00011245102013753304
1.2906384427862842e-09 3.5287871542453243e-09 0.00011246672947055149
-1.7354453364727957e-09 -4.377102009557183e-15 0.00011244218149856647
1.2906491938623058e-09 -3.5289913374800985e-09 0.00011246672988912531
-4.624493669825944e-09 7.107451426869186e-08 0.00011238727022724758
4.619679103696825e-09 -9.164662815139702e-08 0.00011249670928407723
-4.779524227265519e-09 1.0544180745706934e-07 0.00011245829663101329
3.728129453236437e-09 -9.580301485787943e-08 0.00011241172887511425
-1.9904923055216523e-08 1.2174552428667944e-07 0.00011252638587739204
-6.856016275305213e-08 2.0423626543775222e-07 0.00011230956863664465
-4.03164763138956e-07 -3.7810691697449723e-13 0.00010875756161976129
-6.856017971917465e-08 -2.0423568056077094e-07 0.00011230956939980389
-1.990494440210431e-08 -1.2174653293584833e-07 0.00011252638570378049
3.7280998182236615e-09 9.580107885152175e-08 0.00011241173027016466
-4.779570529667641e-09 -1.0544202142486684e-07 0.00011245829633276615
4.619646095957141e-09 9.164343430874419e-08 0.00011249670800151073
-4.624506869916508e-09 -7.107485768537605e-08 0.00011238727020442035
4.915957482301942e-09 4.087816855405452e-08 0.00011255800223041429
-4.312754857648951e-09 -4.92024343531569e-16 0.00011238029218216279
4.915947787711612e-09 -4.0877371455240536e-08 0.00011255800063338316
-2.2792982232433463e-09 1.0086861000508944e-07 0.00011235852583652102
2.550600801734927e-09 -1.3604645273228912e-07 0.00011251525515060285
-2.9798421644906143e-09 1.475515319309952e-07 0.0001124570666303697
2.4850596096730447e-09 -1.3699737040495701e-07 0.0001123981187377123
-6.104176531795335e-10 1.5236953379254348e-07 0.00011253004968507755
-2.1759422822064893e-08 2.3216880035021142e-07 0.00011232841668162485
-3.678248075734232e-07 3.32965495100087e-13 0.00010851687418678206
-2.1759429840919253e-08 -2.3216944379851414e-07 0.00011232841608860723
-6.104357483469263e-10 -1.5236860193163152e-07 0.00011253004987482327
2.485057571076413e-09 1.369989580330663e-07 0.00011239811750158819
-2.979885281083362e-09 -1.4755136597887926e-07 0.00011245706690087319
2.5506183180164957e-09 1.3604914066334041e-07 0.00011251525621793257
-2.2793085933937183e-09 -1.0086837166864716e-07 0.00011235852592136096
2.50202793603011e-09 5.12926193560781e-08 0.0001125835481506577
-2.2767992726651636e-09 3.008249565749802e-14 0.00011230117199055898
2.502050077368135e-09 -5.129332401321609e-08 0.00011258354953006613
2.0925937815003565e-10 1.0945586243418575e-07 0.00011234858724726877
-7.660769813422787e-10 -1.4353893241870407e-07 0.00011251770415402779
1.956541267596658e-09 1.6127940621144527e-07 0.00011246062168719416
-3.841256814581491e-09 -1.4530829887105622e-07 0.00011238168513883731
1.4509125261580633e-08 1.5488373111284197e-07 0.00011258031574766747
4.2443804435081375e-08 1.5099405854955996e-07 0.00011221305252118084
-5.8020722728505e-08 -3.3134686793278186e-13 0.00010845734608360074
4.2443795722801176e-08 -1.509933889102339e-07 0.0001122130529642612
1.4509106664974083e-08 -1.5488456900252852e-07 0.00011258031552568872
-3.841239566730277e-09 1.453070434243757e-07 0.0001123816862007958
1.9565147867338566e-09 -1.6127953551131242e-07 0.00011246062144771382
-7.660842080643907e-10 1.4353672739492698e-07 0.00011251770333077148
2.0924342451957704e-10 -1.0945597875468802e-07 0.00011234858710471131
-1.1138660928111745e-10 6.113913945217414e-08 0.00011260448967291141
3.044024909343124e-10 -6.945740598449044e-14 0.0001123190468861798
-1.1141172414485878e-10 -6.113854031476427e-08 0.0001126044885172582
3.5095833656291443e-09 9.382159988259923e-08 0.00011236522365587942
-2.5601197401454367e-09 -1.3037528207562656e-07 0.00011251480488244992
6.477008462416372e-10 1.4228866076738183e-07 0.00011244825990109058
4.785986033019342e-09 -1.4485436919359986e-07 0.00011242229977128144
-9.671730666458698e-10 1.6870490717871612e-07 0.000112483271042873
1.0035499979990978e-07 7.716196938186447e-08 0.00011249231058798792
4.2066707494202816e-07 6.115652209316292e-13 0.0001088182697986845
1.0035501247302555e-07 -7.716355032407274e-08 0.00011249231013510558
-9.671118824284047e-10 -1.6870340562985943e-07 0.00011248327152364562
4.785946640418179e-09 1.4485705627651502e-07 0.00011242229765904904
6.478017106020351e-10 -1.4228852373233577e-07 0.00011244826027303495
-2.5601139846720014e-09 1.3037984990439337e-07 0.00011251480649596879
3.509630189026567e-09 -9.382169522784782e-08 0.00011236522410600579
-3.841004388216934e-09 4.591521722756968e-08 0.00011257614904959758
3.1586916316490416e-09 2.7979303918241115e-13 0.00011230372191495106
-3.840959423094941e-09 -4.591654213416436e-08 0.00011257615160399984
3.6097432798591313e-09 5.306058942764843e-08 0.0001124055791639759
-2.984040388936624e-09 -6.282736975176691e-08 0.00011248180221525975
1.6640826626516434e-09 7.049556245625435e-08 0.00011247196946486636
3.0922402576416183e-09 -4.2252517568573813e-08 0.00011238873314841781
8.500461019719673e-10 4.190439541030612e-08 0.00011258160304158493
1.1264983997570366e-07 1.6582155233233587e-07 0.00011209908179743593
5.002021862767518e-07 -9.066142804814264e-13 0.00011121317664168309
1.1264985361746986e-07 -1.658195513646383e-07 0.00011209908216035418
8.501009321915007e-10 -4.1905889680408907e-08 0.00011258160215177428
3.0922083636462594e-09 4.224941684562908e-08 0.00011238873562563648
1.6641785408755858e-09 -7.049530369289549e-08 0.0001124719690493385
-2.984042688808643e-09 6.282221695088982e-08 0.00011248180047046301
3.6097835128510406e-09 -5.3060200912167555e-08 0.00011240557867799439
-3.913584840165712e-09 3.240045579984008e-08 0.00011252811576077154
3.2852724839574513e-09 -4.0507395582085186e-13 0.00011240841266016479
-3.91355695251091e-09 -3.2398901878954134e-08 0.00011252811282062725
1.55320946464496e-09 4.356358777354274e-08 0.00011241530332963548
-2.4485061330722458e-09 -5.9295485523763936e-08 0.00011248433539647664
4.401161702155795e-09 6.576361207500206e-08 0.00011245301445638372
-7.2610158929977024e-09 -6.462160507437617e-08 0.00011244306810010816
2.7489757710023527e-08 9.973192969444972e-08 0.00011245233141444413
7.428026169287807e-08 1.0198412508067913e-07 0.00011247980471203894
7.776946389276078e-07 2.0809665105148373e-13 0.00011017456181377048
7.428026268977371e-08 -1.0198486058933648e-07 0.0001124798047211959
2.7489710885420543e-08 -9.97315128293102e-08 0.00011245233183934273
-7.2609699940020125e-09 6.462215689929928e-08 0.00011244306744366324
4.4010888794084845e-09 -6.576387644389216e-08 0.00011245301462770962
-2.448501095180714e-09 5.9296540497770714e-08 0.00011248433570699209
1.5531725555166819e-09 -4.3563744146744914e-08 0.00011241530339126034
-1.3653676427384714e-09 2.2915597201478928e-08 0.00011251671179358067
1.7064307234571687e-09 1.1083243465162278e-13 0.0001123941425394593
-1.3654090113637835e-09 -2.291596600624593e-08 0.0001125167124402243
1.4946927931552508e-09 3.391491687732594e-08 0.00011242469559111516
-1.260760181028227e-09 -4.43675784927265e-08 0.00011247673258219911
9.649170159451805e-10 4.99566717543559e-08 0.00011245982294520618
1.1577458988382124e-09 -4.402281307804064e-08 0.00011242878090434323
1.0537362859741628e-08 6.779957386785697e-08 0.00011250059626347472
1.3272080728514695e-07 1.3002950070249765e-07 0.00011233301007537114
7.378204415098354e-07 -1.286801041171553e-13 0.00011130407326542966
1.3272081050865894e-07 -1.3002908512261897e-07 0.00011233301000694319
1.0537365543582854e-08 -6.779979931967897e-08 0.0001125005959756892
1.157731888655281e-09 4.402248782933695e-08 0.00011242878129909572
9.649194568092398e-10 -4.99564327913258e-08 0.00011245982282247464
-1.260765636950496e-09 4.436696621386381e-08 0.00011247673238230659
1.4946967087867414e-09 -3.391486919252689e-08 0.00011242469564550511
-1.4597360847015193e-09 1.7865935104165463e-08 0.00011250131709222386
1.527320812321358e-09 -2.973830781739293e-14 0.00011241344702543992
-1.4597261971567254e-09 -1.7865718489960695e-08 0.0001125013166993274
1.1608100225302108e-09 7.668442739839123e-09 0.00011245119009505478
-1.2058861921851494e-09 -1.0424582951915308e-08 0.0001124631108888683
1.431287988294548e-09 1.0955681869201933e-08 0.00011245788832015434
1.9829707932599088e-11 -6.436217292730402e-09 0.0001124529317704969
1.597990099348868e-08 2.846818305294458e-08 0.00011244207483417483
1.0999582026790916e-07 1.1297032289002438e-07 0.00011247117127268126
5.261652425653196e-07 8.35128092309427e-14 0.0001121382585742829
1.099958157883883e-07 -1.1297055361178726e-07 0.00011247117133115689
1.5979897098694805e-08 -2.8468067231628523e-08 0.00011244207500199221
1.983143551572105e-11 6.43639772294387e-09 0.0001124529315518668
1.4312729044433413e-09 -1.0955838400176147e-08 0.00011245788839108125
-1.2058799844793022e-09 1.042491431292391e-08 0.00011246311100179112
1.1608060983439549e-09 -7.668464131487004e-09 0.00011245119004657475
-1.0622034052729926e-09 4.3804354835206845e-09 0.00011246951088598504
1.1122533012315793e-09 1.04248866660014e-14 0.0001124469811044928
-1.0621989724252537e-09 -4.380554677487049e-09 0.00011246951110318577
9.803148974472978e-11 7.47315615306124e-10 0.00011245796821338892
-8.56427232132843e-11 -9.58203143181479e-10 0.00011245910873579686
1.774913007406872e-10 1.274242959447546e-09 0.00011245858700773742
9.44046635272873e-10 -4.705632289439289e-10 0.00011245646193106476
9.138975249778653e-09 1.01462815762364e-08 0.00011245718280405335
4.371468957361001e-08 1.8059025898582358e-08 0.00011244765048932151
6.437028204354278e-08 -2.0511111905157605e-14 0.00011243713214036864
4.371469054170848e-08 -1.8058973550045287e-08 0.00011244765048031592
9.138976066773573e-09 -1.0146307606701578e-08 0.00011245718275993121
9.44046161660206e-10 4.705193039787022e-10 0.00011245646198404695
1.774958684450652e-10 -1.274191877503795e-09 0.00011245858698901512
-8.564516539139288e-11 9.58123655561832e-10 0.00011245910870978704
9.803241036983469e-11 -7.473129389614174e-10 0.0001124579682254641
-1.1906915162472042e-10 3.2400909297890277e-10 0.00011245952764427125
1.1240014038462761e-10 -1.7155236301432712e-15 0.00011245792481311381
-1.1907110667310283e-10 -3.239818680638381e-10 0.0001124595275926609
1.276806872534515e-12 -5.305307422839817e-12 0.0001124587591469819
7.310647129100002e-13 1.8133832185863296e-12 0.00011245874225093167
3.71254614323557e-11 -5.868288765738399e-11 0.00011245865909462257
3.126292114122605e-10 4.556128923222614e-10 0.00011245858562204283
1.3231708776542472e-09 2.1971250736919192e-10 0.00011245753842814378
1.0590621212944822e-09 1.7481717204267652e-10 0.00011246153159818203
4.3041400472643754e-10 7.5370684061297e-15 0.00011246564784279273
1.059061987518759e-09 -1.7483484686405198e-10 0.00011246153160169083
1.3231707862820788e-09 -2.1970217301714607e-10 0.00011245753844382544
3.1262928080404017e-10 -4.5559493749626983e-10 0.00011245858560279951
3.7124734407766725e-11 5.865526394756312e-11 0.0001124586591017952
7.315212136486072e-13 -1.7802476002986718e-12 0.00011245874226158629
1.276692318349484e-12 5.306869015321302e-12 0.00011245875914408357
3.0747492590138675e-12 3.300561088850599e-11 0.0001124588085170883
-2.3299959343974774e-12 4.504056664359866e-16 0.00011245866301506253
3.075112593494934e-12 -3.301678662304565e-11 0.0001124588085400491
-1.0512192074637829e-13 -6.846073017629816e-12 0.00011245874842221335
1.4899402248031536e-12 2.1603396456340516e-11 0.0001124587335240496
6.8746020518125355e-12 3.92192839290127e-11 0.00011245874195808846
2.9972767450117014e-11 -1.5968401848635632e-10 0.00011245863269307005
-3.430295263290462e-12 5.500926742657154e-10 0.00011245942346583987
2.0412708369170827e-13 -1.4944158497379937e-10 0.00011245630318803614
3.761331934778791e-11 -5.735420682169769e-15 0.000112452259078593
2.0414135177100303e-13 1.494550880327689e-10 0.00011245630318324778
-3.4302819661137272e-12 -5.501011465308492e-10 0.00011245942345395518
2.997273053644501e-11 1.596676251824797e-10 0.00011245863270807933
6.874705633523049e-12 -3.91946351911786e-11 0.00011245874195272384
1.4898644274708006e-12 -2.1633353557085218e-11 0.00011245873351418244
-1.0510417153199351e-13 6.84346053350273e-12 0.00011245874842454581
-3.098680460843906e-13 -4.0730917018274013e-11 0.00011245867243467039
3.1170107220588526e-13 -2.6291916071561773e-16 0.00011245884082069296
-3.0989984364628373e-13 4.074126041256313e-11 0.00011245867241265472
1.2038054460128568e-13 2.7379218354283843e-12 0.00011245874695708332
-8.11526712143015e-14 -2.1094603003313133e-11 0.00011245875502482632
1.0674856476942807e-12 -2.5891348136665068e-11 0.00011245874287804849
-2.3614362929550384e-12 1.4487370721767554e-10 0.00011245882504864048
5.8017858713853e-12 -5.160229756327801e-10 0.00011245816041577693
5.9922258190873984e-12 1.7243503577060051e-10 0.00011246102516644679
-5.465007363663599e-12 4.9096688138445824e-15 0.00011246475671641885
5.992218305245922e-12 -1.7244663059243926e-10 0.00011246102517135585
5.801774248035362e-12 5.160310147319669e-10 0.00011245816042542899
-2.3614191626303167e-12 -1.4485911018655347e-10 0.00011245882503588205
1.067414129754458e-12 2.5869560899532703e-11 0.0001124587428826183
-8.109933661645899e-14 2.1121937557475806e-11 0.0001124587550338479
1.2036503783820217e-13 -2.7347489373066066e-12 0.0001124587469556584
2.617445446087089e-13 3.510189315004276e-11 0.00011245880607696813
-3.129092203885952e-13 2.6596533695462916e-16 0.00011245866213998935
2.6177810533559065e-13 -3.511158218919335e-11 0.00011245880609787558
-1.0181717801149568e-13 7.099717380601271e-13 0.0001124587413334986
1.947913457427384e-13 1.996971287083571e-11 0.00011245873768160632
-5.814089179465787e-13 1.6847537698794073e-11 0.00011245874655341372
1.8437485020822216e-12 -1.1945212204149353e-10 0.00011245868425263448
-5.322387205364157e-12 4.6533567765250894e-10 0.00011245926044611043
-5.260196847240554e-12 -1.7891578313000804e-10 0.00011245661693994108
4.8061020726606285e-12 -4.202425655307389e-15 0.00011245320941303962
-5.260188318201533e-12 1.7892567036504837e-10 0.00011245661693508208
-5.3223791092362285e-12 -4.653433088183964e-10 0.00011245926043835288
1.8437376231970833e-12 1.1943909313938618e-10 0.00011245868426345257
-5.813450084141561e-13 -1.6828247711083624e-11 0.00011245874654952123
1.947442625608973e-13 -1.9994726879634033e-11 0.00011245873767337407
-1.018053726124009e-13 -7.135511309975643e-13 0.00011245874133411252
-2.340344464266453e-13 -2.98584554823868e-11 0.00011245869771936819
2.812282284161476e-13 -2.783174082993561e-16 0.00011245881982644409
-2.340692975221593e-13 2.986746572479749e-11 0.00011245869769960851
9.688636209582473e-14 -3.351110362449155e-12 0.00011245875305473629
-1.4825607389247604e-13 -1.920948886958312e-11 0.00011245875307324367
4.848771835204366e-13 -8.38259838646431e-12 0.00011245874718326593
-1.6121303576068082e-12 9.51166108131976e-11 0.00011245879191061038
5.319049499337942e-12 -4.152438043142247e-10 0.00011245829864527329
5.082973782376092e-12 1.8432904067099572e-10 0.00011246072689825978
-4.494184089295042e-12 3.5518680445851197e-15 0.00011246381373062128
5.08296206791786e-12 -1.8433730271484676e-10 0.00011246072690296201
5.319044299271462e-12 4.1525096903193974e-10 0.00011245829865135995
-1.6121243973836894e-12 -9.510491078525941e-11 0.00011245879190153156
4.848192067294646e-13 8.365471080510892e-12 0.00011245874718653575
-1.4821440353942986e-13 1.9232441566196077e-11 0.00011245875308077045
9.68774963804743e-14 3.354981259246275e-12 0.00011245875305482375
2.28619982572125e-13 2.52656275855203e-11 0.00011245878352129877
-2.6600101988952956e-13 2.897942819135069e-16 0.00011245867998755425
2.2865694689095545e-13 -2.5273941733464174e-11 0.0001124587835398716
4.0239823905647636e-13 5.5030000958305504e-12 0.00011245873631025608
-3.2180305764789086e-13 1.8371434646208717e-11 0.00011245873988538191
3.6047057678155605e-13 9.186716308161873e-13 0.00011245874279786383
1.4917999634091315e-13 -7.253251854337324e-11 0.00011245871378681847
-1.8929427403762538e-12 3.652886041082083e-10 0.00011245912994709952
6.927715847982197e-13 -1.941057861133273e-10 0.00011245691128478843
3.3914660640759782e-12 -2.9346857968368385e-15 0.0001124541388816209
6.9284608548882e-13 1.9411248397051368e-10 0.00011245691128034416
-1.8930244749421326e-12 -3.6529518257837336e-10 0.00011245912994244278
1.491181547842284e-13 7.252192291002606e-11 0.00011245871379448054
3.6054107142172563e-13 -9.035909842694089e-13 0.00011245874279515179
-3.219139836792751e-13 -1.8392525133359626e-11 0.00011245873987836813
4.023027930043151e-13 -5.507033055693259e-12 0.00011245873630960602
-4.5309739421987506e-13 -2.0931441995176746e-11 0.00011245871782562124
6.463792469825521e-13 -2.454499506641268e-16 0.00011245880467656952
-4.5320635509212765e-13 2.0939005248279306e-11 0.00011245871780836398
-8.352526415794802e-12 -1.4345944407822892e-11 0.0001124587659209681
7.451178615841429e-12 -8.592779365512908e-12 0.0001124587451031199
-8.958028622166266e-12 -5.60184905724054e-12 0.00011245875301173639
2.259685845115951e-11 5.679929752736146e-11 0.00011245877911251952
-2.710254758946084e-11 -3.2758357320212694e-10 0.00011245839819211478
3.0460916109610895e-11 2.2643607629571141e-10 0.00011246047674490536
1.9937148514014273e-10 2.2195142984545935e-15 0.0001124629601841524
3.0460302968416265e-11 -2.2644166461544055e-10 0.00011246047674865586
-2.7100986282867813e-11 3.2758905655401086e-10 0.00011245839819578162
2.25957927393145e-11 -5.678951115486057e-11 0.00011245877910533553
-8.96161192820156e-12 5.590190279220423e-12 0.00011245875301401152
7.4511996963038e-12 8.612014065979755e-12 0.00011245874511008127
-8.350654852146694e-12 1.4349485810495666e-11 0.00011245876592181492
5.3365628966284596e-12 1.2816506785165138e-11 0.00011245875588270118
-4.009462864487548e-12 -1.2849581212460073e-16 0.00011245870270674785
5.339182067408414e-12 -1.2823186633937784e-11 0.00011245875589762092
2.8630185097748866e-11 5.213377107225013e-12 0.00011245870725099574
-1.7771642882306583e-11 1.9678964300806674e-12 0.00011245876100468794
2.361375225682916e-11 1.896972467967339e-11 0.0001124587297806907
-1.0274577233488875e-10 -4.6889786751104383e-11 0.00011245870657020989
2.901970849530131e-10 -2.14385995649439e-11 0.00011245926793128538
-4.582776961017403e-11 -6.758139079656304e-10 0.00011245690784228752
-8.866886328342757e-10 -1.1102266555879762e-15 0.0001124544505701362
-4.58267534145311e-11 6.758218767873858e-10 0.00011245690784222294
2.9019243654642346e-10 2.1434424839908753e-11 0.00011245926792682343
-1.0274079127914165e-10 4.687873026331103e-11 0.00011245870658054417
2.3621378540754868e-11 -1.8965825642135143e-11 0.00011245872977854112
-1.7768194368224954e-11 -1.987116644465126e-12 0.00011245876099624872
2.862546313931945e-11 -5.212983873853377e-12 0.00011245870724891186
-5.4194832025612295e-12 6.505427279537422e-12 0.00011245874930457932
1.801189157422316e-12 6.899477552151067e-16 0.00011245879392905118
-5.424706489852315e-12 -6.4990810060432244e-12 0.00011245874929524738
-6.087057297247056e-11 -6.558714069846447e-11 0.00011245890024257283
-5.059128136248192e-11 -1.9116173877792635e-10 0.00011245878049347421
7.414479347279451e-11 2.711246978068197e-10 0.00011245874081743127
2.200556026146155e-10 -1.4661035397838418e-10 0.00011245884568013889
-1.7972765109293932e-09 -1.1447685191682322e-09 0.00011245633398249216
4.083586000472382e-09 4.306717143423895e-09 0.00011247173319604252
1.2065546104515172e-08 4.135653666219274e-15 0.00011248933706964834
4.0836044569225025e-09 -4.306761769320862e-09 0.00011247173322617902
-1.7972734873081169e-09 1.1447955418659755e-09 0.00011245633399313277
2.2003181998386295e-10 1.4666476247087335e-10 0.00011245884563798038
7.415474345428426e-11 -2.711460269711687e-10 0.00011245874082354887
-5.062613671518774e-11 1.91260991735167e-10 0.00011245878053330037
-6.087049637140454e-11 6.559241172209594e-11 0.00011245890025796912
-5.154013396523778e-11 5.759698791911479e-11 0.00011245888297364465
1.8503710736833216e-10 5.755675859371449e-17 0.00011245845978880982
-5.156652148122064e-11 -5.763896638952717e-11 0.00011245888305294634
2.1856566377091593e-10 4.308514549379803e-10 0.00011245789325044683
7.774888494253492e-10 2.4444345514976926e-09 0.00011245811140164305
-4.252452984034249e-10 -2.426354576339946e-09 0.00011245870902147498
-1.7212579352799507e-10 3.0797839954694287e-09 0.00011245774938156563
9.137123969134526e-09 1.4373209213354796e-08 0.00011247959449503814
-3.7856007486751835e-08 -4.18618119838301e-08 0.00011235556025379082
-3.5670745090474385e-08 -6.036162905192013e-14 0.00011231894759262794
-3.785622054551467e-08 4.186222199184321e-08 0.00011235555978085569
9.137154198986855e-09 -1.4373444941157465e-08 0.00011247959440741885
-1.719553459798865e-10 -3.0801564918668264e-09 0.00011245774967586052
-4.253793014012992e-10 2.42669661443467e-09 0.00011245870898238059
7.777402274882585e-10 -2.445128969713721e-09 0.00011245811114296564
2.186159566687665e-10 -4.3093568533966117e-10 0.00011245789311076684
8.59206161085334e-10 -7.380337062950267e-10 0.0001124563760877717
5.854190356786185e-10 -3.446838361460108e-14 0.00011245736311215494
8.595056264667353e-10 7.38403472958127e-10 0.00011245637526948992
-2.903982730538958e-10 -2.801824475021586e-10 0.000112459492282041
-3.1053717122092753e-10 -1.1517025638388283e-09 0.0001124587751516594
2.427885988429287e-10 8.074394090849883e-10 0.00011245872420024301
-2.4844024861060654e-10 -6.880318940556116e-10 0.00011246045813893653
-4.860847427206973e-09 -7.48053901134828e-09 0.00011244069651037467
2.0451132601256135e-08 2.613450500936445e-08 0.00011250637229008901
1.6224582994807963e-08 5.240588952042395e-14 0.00011248440106034973
2.0451297649816517e-08 -2.613488742127665e-08 0.0001125063726764977
-4.860841776024144e-09 7.480669346529622e-09 0.00011244069666452186
-2.485619487552496e-10 6.882871650102073e-10 0.00011246045789378604
2.4288427136542956e-10 -8.07760381883154e-10 0.00011245872423395114
-3.1066095367182965e-10 1.1520385111723909e-09 0.00011245877526435479
-2.9041398636175115e-10 2.8016246152217615e-10 0.00011245949237475977
-5.805625239122591e-10 4.632673443563318e-10 0.00011246057767712568
-6.472424691047746e-10 3.514495661480892e-14 0.00011246110552373173
-5.807348492890936e-10 -4.6350714279787996e-10 0.00011246057815398671
3.3059074719724333e-10 5.091711858469386e-10 0.00011245805376599144
1.65193010030665e-10 4.961390054397451e-10 0.00011245881403661649
-2.2452018178410051e-10 -4.698390806531139e-10 0.00011245871001317335
-8.570135490732877e-12 4.2767891015250214e-11 0.0001124563834955517
6.713351369795791e-09 1.0766103354042034e-08 0.00011247223648380823
-8.616113442258005e-09 -1.0202164813536394e-08 0.00011242990936492736
-5.3841109626958446e-09 -5.980943040481195e-14 0.00011243971640328435
-8.616269340843076e-09 1.0202500126053524e-08 0.00011242990902465063
6.713319609634563e-09 -1.076619705403655e-08 0.00011247223628233309
-8.456373698367791e-12 -4.302374262770855e-11 0.00011245638374084178
-2.246402010031344e-10 4.701566028467538e-10 0.00011245870996867186
1.6527691506924536e-10 -4.963643015671198e-10 0.00011245881397298342
3.3058200218500315e-10 -5.091372197905847e-10 0.00011245805375706207
5.184903444218954e-10 -5.019577936439484e-10 0.00011245751173842564
6.253539934230462e-10 -2.404849428352553e-14 0.00011245713604111956
5.186252111056275e-10 5.02120191390024e-10 0.00011245751139791869
-1.9884583765758115e-10 -3.6637071610329565e-10 0.0001124592985884222
-6.88560956883175e-11 -2.2583392488757e-10 0.00011245866203949809
1.9079223713529512e-10 4.086427978583793e-10 0.00011245861456901504
6.498125176423287e-10 1.1862206038261161e-09 0.00011245980255789101
-4.2502161071477606e-09 -8.541408067904975e-09 0.0001124466328080623
6.710132012594046e-09 6.573566058458565e-09 0.00011247428363512315
3.886613929607121e-09 5.5657078371310405e-14 0.00011246935395933158
6.7102645503409185e-09 -6.573877883515375e-09 0.0001124742839246891
-4.2501803429981465e-09 8.541484129040085e-09 0.00011244663302881947
6.49675540573311e-10 -1.1859312571096333e-09 0.00011245980228715665
1.909038497624632e-10 -4.089702679261162e-10 0.0001124586146202573
-6.892524126333232e-11 2.2600944476748706e-10 0.00011245866210150593
-1.9882428949290652e-10 3.6631459605627965e-10 0.00011245929855353797
-3.100144019097162e-10 3.0196234433401865e-10 0.00011245971007621988
-3.8737409563511307e-10 1.44984563778612e-14 0.00011245993751217494
-3.1011266879134487e-10 -3.020927115558592e-10 0.00011245971034024127
1.3185784007933848e-10 2.2187505537432821e-10 0.00011245842699323091
1.008598208388187e-10 2.282363512340485e-10 0.0001124587195179982
-1.2305597074996834e-10 -3.3928551786560764e-10 0.0001124586147678947
-2.1195421337054615e-10 -9.85163196078077e-10 0.00011245768501677561
4.263047483757964e-09 7.997075676614568e-09 0.00011246802172825367
-3.101466313609723e-09 -3.4098200278400354e-09 0.00011244979364897052
-1.7726011838245113e-09 -5.423882515652007e-14 0.00011245335434758715
-3.1015799081782432e-09 3.410099585509071e-09 0.00011244979341067607
4.2630039646045324e-09 -7.997153494956157e-09 0.00011246802149968187
-2.118020992398591e-10 9.848083554713096e-10 0.00011245768531762238
-1.2316540484494422e-10 3.396203064044493e-10 0.00011245861471749858
1.0092492793606317e-10 -2.2841212664930286e-10 0.00011245871944604389
1.3182145795731905e-10 -2.2180232293322807e-10 0.0001124584270636416
2.8281156210344296e-10 -2.2695612697255188e-10 0.00011245800637961102
2.7446313467982915e-10 -9.755667811262368e-15 0.00011245789960219693
2.828998114437752e-10 2.2707050290955326e-10 0.00011245800614826962
-3.281367099176815e-11 -3.760014311347137e-11 0.00011245880946810459
-1.5103277569359715e-10 -3.466511931817227e-10 0.00011245882221347077
1.7352101119801955e-10 4.0570335800830695e-10 0.00011245877451038538
2.2149866153222699e-10 8.952205058142314e-10 0.00011245910810714115
-3.3789389897140546e-09 -6.826378622137575e-09 0.0001124509452077364
1.5056543949754558e-09 1.7708426946143154e-09 0.00011246330121449589
8.86543084825127e-10 4.8194245883929916e-14 0.00011246242916018221
1.5057384869647835e-09 -1.7710888108787419e-09 0.00011246330139745491
-3.3789002265095972e-09 6.8264489162019314e-09 0.0001124509454408788
2.213174481906719e-10 -8.94782270074009e-10 0.00011245910778534283
1.7361713349870844e-10 -4.060529841552091e-10 0.00011245877455755354
-1.5112009350848892e-10 3.46866184799942e-10 0.00011245882230261615
-3.276635053853013e-11 3.751415449438084e-11 0.00011245880935440763
-1.8551427977993964e-10 1.6153983496670146e-10 0.0001124593374960308
-1.6399843099342263e-10 1.915135840740865e-15 0.00011245927568119619
-1.856090732527269e-10 -1.6165725189614425e-10 0.0001124593377323456
8.514227219115196e-11 -6.974169096408731e-13 0.00011245874709630473
5.234494158524317e-11 4.90221257667336e-10 0.0001124584678601674
-3.639477738254652e-10 -9.521132294939243e-10 0.00011245877282871708
-5.150655478061131e-11 -7.024566789750502e-10 0.00011245886687920439
2.9919038912562025e-09 6.92774939471782e-09 0.00011246573298825241
-6.079154862755302e-10 1.2382377893485524e-10 0.00011245648272708039
-2.9953552584448726e-09 -5.007479182705137e-14 0.00011245173373978083
-6.079699182978496e-10 -1.2366054299208445e-10 0.000112456482590569
2.9919032305338625e-09 -6.927814709550003e-09 0.00011246573278762137
-5.1351049712098354e-11 7.019358273164382e-10 0.0001124588672444911
-3.641415839091054e-10 9.527146195421977e-10 0.00011245877281020942
5.240761930241714e-11 -4.904985571795934e-10 0.00011245846771787964
8.511001866518437e-11 8.016346821130383e-13 0.00011245874724014172
1.4222520516222974e-10 -7.791038546198941e-11 0.00011245848019432515
6.546537518236125e-11 5.864531867895553e-16 0.00011245851799287419
1.4230158023042524e-10 7.803155130720848e-11 0.00011245847994457894
2.2269624851035794e-11 -1.7170744610593964e-10 0.00011245894830352055
1.8547379557002855e-10 4.364647404548427e-10 0.0001124585940915276
-5.632720113026003e-10 -4.855210720903937e-11 0.00011245874487110119
2.087454852924815e-10 6.332183987956521e-10 0.00011245895184847158
-7.129778243028577e-10 -2.307301910101239e-09 0.00011245679769045569
-1.1869372101793043e-10 -5.669108904227559e-10 0.00011245932096442371
1.502604397905523e-09 -1.6332847916854683e-15 0.00011246280332075292
-1.1868474563284098e-10 5.668904523291296e-10 0.00011245932092050746
-7.130176467699285e-10 2.3073565272572348e-09 0.0001124567976327238
2.088642873874805e-10 -6.332382305050858e-10 0.00011245895180577233
-5.634032951399335e-10 4.8421885174270006e-11 0.00011245874488014873
1.8549482665157782e-10 -4.3634501531890524e-10 0.00011245859415429303
2.2277156333332942e-11 1.7167458045716842e-10 0.0001124589482630874
3.473780109136458e-11 4.6945893859624237e-11 0.00011245872755772369
1.4817170211728393e-10 -1.249340684770947e-14 0.00011245857328076886
3.4606519141151416e-11 -4.699978950101888e-11 0.00011245872764003992
1.671064759499685e-11 -5.362928638730033e-11 0.00011245870483138794
-1.5406446271204636e-10 -5.981349925853596e-10 0.0001124590402178267
4.4078565952835375e-10 2.726109062312653e-10 0.00011245882401178388
-2.1977074673153184e-10 -3.6146140118740603e-10 0.00011245866330261215
5.507978783549242e-10 2.3415477389301137e-09 0.0001124606775941058
-3.24672437472092e-11 7.313051729965888e-10 0.00011245851482997727
-1.4736201437143935e-09 1.5843284867804176e-15 0.00011245552538555581
-3.2466504684284415e-11 -7.313194056969471e-10 0.00011245851490238111
5.508648787988206e-10 -2.341671773325731e-09 0.00011246067777497634
-2.1988461492960965e-10 3.615582834692983e-10 0.00011245866333722895
4.409484208194566e-10 -2.722681784628541e-10 0.00011245882399580167
-1.5403218375467966e-10 5.976925596561794e-10 0.00011245904004903085
1.6711203845992357e-11 5.353482678267798e-11 0.00011245870489443182
8.224867775412542e-11 -4.934659903214954e-11 0.00011245858045474307
5.764851066798116e-11 5.088118726174423e-14 0.00011245870855298966
8.244838610176076e-11 4.954454096932485e-11 0.00011245857996065659
-1.4865446165471844e-08 -7.919285853618295e-09 0.00011244700152528801
-4.2171512668693315e-08 5.218584854669259e-13 0.00011243284680560418
-1.487501155164809e-08 7.919774468641232e-09 0.00011244699896753612
2.1780828222505205e-08 1.114067323004531e-08 0.00011245985112092918
1.0661923620939928e-07 -2.780788368825753e-13 0.00011245974548406981
2.1780756293818653e-08 -1.1133907604085016e-08 0.00011245985104530034
-2.153492870454153e-08 -9.45781372048481e-09 0.00011247320854986742
-5.210213070801029e-08 7.634447995427179e-13 0.00011249014289205588
-2.154661529734057e-08 9.4588358472509e-09 0.00011247321148042018
2.5559099654488814e-10 -6.148163982930595e-11 0.00011245921490201838
-5.617049881484612e-10 2.882758078105982e-14 0.00011246030164173735
2.55461291524131e-10 6.151010652072122e-11 0.00011245921510362778
1.1927544435739287e-09 -1.6483593077956527e-09 0.00011245843868057852
2.1798496669723263e-09 -4.645830206339502e-15 0.00011245863291749044
1.1930907525545857e-09 1.648306496563886e-09 0.00011245843873537794
-5.732276577772476e-10 4.1101013503587564e-10 0.00011245723106907731
-1.3829164169653756e-09 -5.04778804940218e-14 0.00011245666212856778
-5.734099837158847e-10 -4.111471122113393e-10 0.00011245723089914023
-1.8153046129204383e-06 1.3135064014411724e-14 0.00010744547270563767
-1.7111246974142704e-06 8.67580992521619e-15 0.00010750511894622411
5.852598323751014e-07 -2.1792932459769583e-14 0.00010753311701092497
-1.2911755665199475e-06 -1.7406257120164172e-14 0.00010738648871427856
-1.0066968077948652e-06 -1.0521158583347677e-15 0.0001057392284464745
9.4497514768902e-08 2.010027883526251e-14 0.00010562848895202012
-4.346320362808043e-07 6.97176825922707e-15 0.00010718232368581382
-5.075524293339514e-07 1.3296011653952257e-14 0.00010520191906153744
-8.375389261583852e-07 -3.7791943422227456e-14 0.0001070724579449158
4.414000723575746e-07 -2.585693975631866e-14 0.00010813915600442458
-1.1679746470394723e-07 -9.998752775706868e-15 0.00010666436357341902
-1.4964544071195643e-06 4.031694825196371e-14 0.0001069477360994122
1.0440647525829443e-06 -1.4011175775260955e-13 0.00010979780006829637
3.619571952509292e-07 9.13039747146052e-14 0.00010907224339567108
-2.068673862239213e-06 -6.849345204545063e-14 0.00010874363105497149
1.3515261885760087e-06 8.916645443908754e-14 0.00011130382913733468
6.029441456305939e-07 -5.469615512130929e-14 0.0001115721525358561
-1.818087066337343e-06 3.5816951439320455e-14 0.0001112414514583415
1.4008658935241587e-06 -1.0081540768688774e-13 0.00011200099046698737
5.716550632509262e-07 5.541342779165124e-14 0.00011262180404428424
-1.001691198681612e-06 -3.2903592195463154e-14 0.00011299638788516828
-5.422946863419141e-10 -2.4939564216262223e-12 0.00011245887332477912
-6.059666956625071e-11 -7.065057556223401e-11 0.00011245872620690674
-6.019038495926809e-11 -5.922430600855601e-11 0.00011245867085315284
-3.737784915472901e-10 -1.752527431340428e-10 0.0001124586057973249
-1.027109400936786e-10 -8.028521217773936e-11 0.00011245880152457122
-4.220245161308665e-11 -5.1488400193633e-11 0.0001124587634705145
-4.447340856301423e-11 1.065904578498672e-10 0.0001124586339303746
-9.531041411378381e-11 -6.183857527787087e-11 0.0001124588294500863
-3.5012636215089636e-11 -3.9703063636999395e-11 0.00011245868875305279
-8.575952070160567e-11 -7.830453719944523e-11 0.00011245887093938021
-2.1207289369147164e-11 2.1907399162119564e-12 0.00011245864984226098
-3.762919728355332e-11 -3.578787755092401e-11 0.00011245880882734284
5.7377161946842236e-11 8.330822605803461e-11 0.00011245863651222246
-2.3141631656682482e-11 -3.529174507907549e-11 0.00011245882377707782
-1.465521811303037e-11 -2.710580366799686e-12 0.00011245868590448539
3.4400447692741234e-11 -1.2963293281711313e-10 0.00011245882959104018
3.5558490791687386e-12 6.3439850309445115e-12 0.00011245869621685068
-1.8890399393797066e-11 -1.015096955359305e-11 0.00011245878722052127
2.1493798916824836e-10 6.657000261557535e-11 0.00011245861646121766
-4.693883910254182e-11 -2.327596457751169e-11 0.00011245880809732256
9.282899267372054e-12 2.741636713308986e-12 0.00011245870407035155
-5.422981648708842e-10 2.4257299702465505e-12 0.00011245887331232552
-6.057917660930738e-11 7.064710253911229e-11 0.0001124587262321897
-6.018514640589111e-11 5.921612495824189e-11 0.000112458670821035
-3.737731862117764e-10 1.7527214464711368e-10 0.00011245860579800105
-1.0269983416472517e-10 8.027475720156795e-11 0.00011245880151145368
-4.2195428859815005e-11 5.148251663820222e-11 0.00011245876349248709
-4.445689200604459e-11 -1.0661531461819295e-10 0.00011245863392638953
-9.530183562693031e-11 6.183650289089892e-11 0.00011245882946423353
-3.500711147804198e-11 3.9699118198078554e-11 0.00011245868873461376
-8.576929252206581e-11 7.833562625427839e-11 0.00011245887094500997
-2.120042106477709e-11 -2.1920985065729725e-12 0.00011245864982673586
-3.762484167779979e-11 3.5787206149594453e-11 0.00011245880884472228
5.740429457174573e-11 -8.333899209806351e-11 0.00011245863650796431
-2.3139694905162168e-11 3.5298955757066194e-11 0.0001124588237915957
-1.4652827087980635e-11 2.711623005918445e-12 0.00011245868588720075
3.440691408337637e-11 1.2969052799825112e-10 0.00011245882960102874
3.5618062155489433e-12 -6.342523753086987e-12 0.0001124586961986013
-1.8892041458623965e-11 1.0151046347909041e-11 0.00011245878724124927
2.1503684825324062e-10 -6.660683266979692e-11 0.00011245861644067993
-4.6954808238788186e-11 2.3283081999875688e-11 0.00011245880812151988
9.288977167431473e-12 -2.7405798339152173e-12 0.00011245870404650913
-3.399534950371532e-08 1.0500116512272804e-13 0.00011244679505128334
-7.88558920555589e-09 -8.047603561398981e-14 0.000112451614082425
-5.461129643304983e-09 6.915593728666568e-14 0.00011245289483029512
-2.8016449356704426e-08 -1.2950936508723918e-14 0.00011244488570846448
-9.021376375642212e-09 1.6249257088971985e-14 0.00011245126699438097
-4.793258790084711e-09 -2.805897283490984e-14 0.00011245367112636747
-5.197621649011863e-09 -1.801589917787052e-14 0.00011246357441994338
-8.220015591622909e-09 7.20470174724031e-15 0.00011245368036011033
-3.830191488149749e-09 4.924943697439903e-15 0.00011245518210123319
-4.927929830432404e-09 3.101891117336476e-14 0.00011245580276874893
-2.810682260228767e-09 -1.735808310394473e-14 0.00011245857660668068
-3.648687842723669e-09 1.0394453692618824e-14 0.00011245604159062355
4.711991089759059e-10 -3.4204663356307994e-14 0.00011246142524492042
-2.1656300748249187e-09 2.088159876161068e-14 0.00011245739812729621
-1.660290110442425e-09 -1.794151130144429e-14 0.00011245860071715622
-8.728378375686786e-11 3.5941301900555634e-14 0.00011245649300279204
-6.507865932244148e-10 -2.261119639883908e-14 0.00011245941337441523
-1.2963524740551144e-09 2.0573331660204114e-14 0.0001124580524311137
2.002221704857222e-09 -4.6091382084970006e-14 0.00011246010776917999
-1.324585154437193e-09 2.6457640786923785e-14 0.00011245805251712685
-4.3483900362414964e-10 -2.1985304481806033e-14 0.00011245906883337433
-5.929909037864192e-10 1.6367943345239132e-13 0.00011245962223043024
-4.444229148198805e-10 -1.5014829613133113e-13 0.00011245900171142458
-2.4516229191932064e-10 1.4408975742948772e-13 0.00011245900100542418
-5.917151043909341e-10 -1.985961726384169e-14 0.00011245892536977302
-3.954594910953711e-10 4.34144374917633e-14 0.00011245903716223987
-2.3900658993901905e-10 -7.176779036402874e-14 0.00011245900008581027
-4.0481558518403257e-10 -1.7779568690827005e-14 0.00011245884981637858
-3.0032931274985127e-10 -1.2367035263116945e-14 0.00011245894992214805
-2.040769990365157e-10 3.3740453111185815e-14 0.00011245891366125791
-4.859408910718989e-11 3.3701984485090097e-14 0.00011245865720568423
-1.7195534448936193e-10 4.828881464994102e-16 0.00011245878701867328
-1.5880879991468257e-10 -1.1000801198890407e-14 0.0001124588838299536
-1.0118414373807877e-10 -4.1399192790289576e-14 0.00011245879219346882
-6.766210520080172e-11 6.014664930957646e-15 0.00011245880000495398
-9.815845726954915e-11 6.692146929319399e-16 0.00011245876485043009
9.0771675976575e-11 3.543118876039254e-14 0.00011245874445918446
-5.5878202430906584e-11 -1.6199852577157826e-15 0.0001124587442086549
-5.2140357837405734e-11 -4.475891656164275e-15 0.00011245878102665368
-2.4570744173767223e-11 -4.000921713603031e-14 0.00011245886045721068
-2.1558338635588972e-11 4.830302906000528e-16 0.00011245875978198283
-3.967263319935178e-11 7.057227439428583e-15 0.00011245874469403708
0.0 0.0 0.0
0.0 0.0 0.0
-1.7389126183758482e-14 2.642843474160581e-14 -1.3928568715566186e-10
0.0 0.0 0.0
0.0 0.0 0.0
0.0 0.0 0.0
-4.213862418683996e-11 -5.308098681707389e-11 1.3225649275396136e-09
-2.441507984401106e-13 3.947512356085143e-13 -3.553619549958867e-10
0.0 0.0 0.0
0.0 0.0 0.0
1.4850692779898905e-11 -9.840722003191583e-10 8.263338595620111e-09
-2.4252353963727454e-10 -3.019537561371758e-10 3.1945811045626057e-09
0.0 0.0 0.0
0.0 0.0 0.0
1.1565129191566957e-09 -1.971132502765024e-09 9.386725612931483e-09
1.0931545085193739e-10 -2.75561165580827e-09 9.925623330647553e-09
0.0 0.0 0.0
0.0 0.0 0.0
1.1067338141431022e-12 5.882748607268206e-12 1.2995969696864116e-09
2.82644649052937e-10 -4.878184265445978e-10 6.794985748454128e-09
0.0 0.0 0.0
0.0 0.0 0.0
6.910716975585383e-16 -3.4758513100819457e-15 -1.7455388288336754e-10
6.661960158055274e-14 5.619834384306635e-13 2.7919175018181914e-10
0.0 0.0 0.0
0.0 0.0 0.0
1.2208300649960612e-20 6.665873460388744e-19 1.3968393671531338e-11
3.883541497211702e-17 -1.8338286900798107e-16 -2.9348849513727824e-11
0.0 0.0 0.0
0.0 0.0 0.0
8.61908673008581e-24 -5.750268968533586e-23 -7.094827224160451e-13
-2.724535604409863e-22 2.249936813685866e-20 1.9424464688416254e-12
0.0 0.0 0.0
0.0 0.0 0.0
-4.9768330197767357e-29 2.4003521025437657e-27 2.2721941412748728e-14
2.443058616386589e-25 -1.35755466739829e-24 -9.013725081190559e-14
0.0 0.0 0.0
0.0 0.0 0.0
1.5059846757861314e-33 -2.847136190263133e-32 -4.1403418278536583e-16
-1.4673475910377126e-30 4.148752578076817e-29 3.0381673431362367e-15
0.0 0.0 0.0
0.0 0.0 0.0
0.0 0.0 1.202063943096154e-18
0.0 0.0 -7.693224029809864e-17
0.0 0.0 0.0
0.0 0.0 0.0
0.0 0.0 0.0
0.0 0.0 2.0648634984658683e-18
0.0 0.0 0.0
-8.823345134774826e-14 1.1914219212358832e-13 -2.3770215632371997e-10
-1.2711599885982092e-13 -1.1448441947173127e-13 -3.178687398620918e-10
0.0 0.0 0.0
-1.3900920795581438e-12 1.8939948289130397e-12 -7.472846819707211e-10
-1.782687978399435e-10 -2.2459411874029427e-10 1.6582806714725445e-09
-1.0773555283483026e-10 9.377512529247599e-11 9.317446894848591e-10
-1.413304128620753e-12 -1.9436448236617857e-12 -1.3582413109140523e-10
-1.399645782191252e-09 -1.7843986480859108e-09 3.558135082990808e-09
-2.336819738062612e-11 -3.900664795298248e-09 6.9315739652597604e-09
-2.9638919316389208e-08 -6.207828769912766e-08 2.1072160183153428e-05
-5.177789094209122e-10 7.307802429387959e-10 -2.770572175970822e-10
5.651266266336533e-10 -1.1201422584902557e-08 9.599269250096882e-09
4.463313573454325e-09 -7.87095217504771e-09 9.113919295401584e-09
-3.56606248945365e-10 3.0314511546507033e-09 1.1749069492624105e-05
-1.0807237987229409e-08 -2.2466600961388915e-07 2.0152528122823854e-05
8.564849997267632e-10 -1.4650740395845523e-09 6.269861475179437e-09
1.2428194764861999e-12 2.346674461014589e-11 1.4018933160233767e-09
-1.1350094841732318e-12 -1.8027839575239064e-11 -2.430617979862174e-10
-2.559775378618289e-11 4.886699083383776e-10 1.2094705772256608e-05
3.5254732146282714e-14 2.1265322975800516e-12 3.289225253387888e-10
5.704955208489698e-15 -2.255214509925981e-14 -2.3301052633824393e-10
9.625291650030456e-15 2.2994344876669204e-14 5.666613327150268e-12
-1.0172767947570935e-13 -1.5034608579620969e-12 3.2568612077666435e-10
2.8120357776389864e-16 -1.0959265964755514e-15 -3.784502057797727e-11
-3.0439546061056134e-19 6.956771756708731e-18 3.019925977897998e-11
-6.717516784442092e-19 -7.136517857364401e-18 -3.234885149536157e-12
4.746253846071343e-16 1.0542625892439522e-15 -4.41189984359583e-11
-1.2843505475881087e-20 2.0619494025777262e-19 3.1375140585692554e-12
2.4544323057263915e-22 -9.476138145363658e-22 -2.8189267189490386e-12
2.6801338068355e-22 9.32405509866661e-22 6.787198858958402e-13
-2.100280236179587e-20 -2.0307639372948864e-19 3.413482602587114e-12
4.7912837376713344e-24 -1.8556074801979562e-23 -1.966811739077399e-13
-6.0894742805923915e-27 5.424592240638918e-26 1.838914995944959e-13
-7.31990642024626e-27 -5.421968673201406e-26 -6.452380926471889e-14
5.3126421530596696e-24 1.780810227323777e-23 -1.7091066745977508e-13
-9.075975734729386e-29 7.70926669842717e-28 9.20377934471667e-15
3.943291049063345e-31 -1.7513049810524773e-30 -8.601867676406522e-15
4.447959149388485e-31 1.7932097586663317e-30 3.7086419893846694e-15
-1.0575252432657292e-28 -7.501840509927611e-28 5.955205062452067e-15
0.0 0.0 -3.253649634872477e-16
0.0 0.0 2.9835190835952066e-16
0.0 0.0 -1.4558286261750926e-16
0.0 0.0 -1.5082451960567065e-16
0.0 0.0 3.4198514437648586e-18
0.0 0.0 0.0
0.0 0.0 0.0
0.0 0.0 8.846758515163323e-18
0.0 0.0 0.0
-4.452784549521782e-13 6.775862090029624e-14 -3.2336790913159926e-10
-6.081982832943855e-13 -7.49942328470129e-14 -3.7416503119402296e-10
0.0 0.0 0.0
-5.080084409417586e-12 6.564342000718848e-13 -2.8288070726480655e-10
-2.404523755350636e-10 6.1572022405368e-11 7.602292415611525e-10
-4.670306898466056e-10 3.0837372382657724e-10 1.838307081816738e-09
-7.007231830485087e-12 -6.602685892751948e-13 -6.427242500271016e-10
-1.2632855652028965e-09 4.6118818441440996e-10 -5.132237688785336e-10
-7.827718061827316e-08 -1.8178590250354056e-08 1.7579935932041814e-05
6.026482724684729e-11 1.7672519391124292e-09 9.738022129455979e-09
-2.3024267831778596e-09 1.3688610937194638e-09 3.730174873150843e-09
1.0517531186344731e-07 3.002663392396964e-07 7.24755190974814e-05
7.370259963841651e-10 -3.7179787886766473e-09 1.1182005473248398e-05
8.300746744862077e-09 1.1359067596436265e-08 1.684722759570193e-08
6.991138472178271e-10 1.2832029002758316e-08 1.2884114894356473e-08
1.4304434629437858e-10 -5.449555050449808e-10 1.1561453508545375e-05
2.991369809324251e-12 2.0510393695225352e-11 -1.182590332043221e-10
7.51327628697156e-12 -2.6459158700725958e-11 -3.4438646922045323e-10
1.4625316032275159e-09 1.9692170049404957e-09 1.1120908413660411e-08
2.3935809500091465e-13 1.6719476775758098e-12 1.3689844538323047e-10
1.4852758943569914e-14 -2.7407756016626364e-14 -1.4173435628634068e-10
1.0606622566552275e-14 2.571547228117699e-14 1.3533337523783635e-10
5.918931718500626e-13 -2.3135378869269794e-12 -2.3790731795057583e-10
7.1302657043481865e-16 -1.256132163877091e-15 -3.8546996492839265e-11
3.710611950572442e-19 7.729864668882518e-18 3.881767464271155e-11
6.414740445984781e-19 -7.624449023965067e-18 -3.2644573655855584e-11
5.165544090598257e-16 1.2360760064006672e-15 2.4757946472809333e-11
9.152875902093367e-21 2.1945118128171625e-19 5.291424552006339e-12
4.0356742933902506e-22 -1.0581136549480955e-21 -5.141243773926563e-12
3.8452840879064034e-22 1.0712249391419435e-21 4.3099643711749e-12
1.58530194529627e-20 -2.2393280943266193e-19 -2.9924603418535184e-12
7.942843162249878e-24 -2.0258095168104797e-23 -4.44800131698587e-13
-2.7404714636798818e-27 5.913501776432353e-26 4.1600665211071834e-13
-1.5872502677877683e-27 -5.924785385197437e-26 -3.514801210863545e-13
7.547934024427038e-24 2.0928297011124027e-23 2.5505031946573533e-13
-3.7529985653967987e-29 8.07821228347316e-28 2.518522481759728e-14
5.417221916399593e-31 -1.7279882373054975e-30 -2.2749304004138582e-14
5.018772993952633e-31 1.694006925983771e-30 1.931434024093688e-14
-2.375600516691166e-29 -8.26282705962222e-28 -1.4809056308278996e-14
0.0 0.0 -1.022383892859626e-15
0.0 0.0 8.940517414210103e-16
0.0 0.0 -7.58942281519818e-16
0.0 0.0 6.091140714788299e-16
0.0 0.0 1.0147513469059018e-17
0.0 0.0 0.0
0.0 0.0 0.0
0.0 0.0 5.9403675498501244e-18
0.0 0.0 0.0
-1.492112869552627e-13 -5.453875039721657e-14 -2.7206137389859936e-10
0.0 0.0 0.0
0.0 0.0 0.0
-1.5347769334385354e-12 -7.295158397688587e-13 -5.522477546337323e-10
-1.608269745976204e-10 1.0860223658331545e-10 1.5222091038756613e-09
0.0 0.0 0.0
0.0 0.0 0.0
-6.296323940036241e-10 4.1066674510406797e-10 2.9674338378190234e-09
2.1071470776254892e-11 6.596294110497057e-10 1.0750084498086924e-08
0.0 0.0 0.0
0.0 0.0 0.0
1.3232236125660539e-10 2.9573907142285695e-09 1.489558839266044e-08
1.9772370631744853e-09 2.6548980264075853e-09 1.494545059124884e-08
0.0 0.0 0.0
0.0 0.0 0.0
4.657009542811351e-10 6.295631706908178e-10 1.0855094283900887e-08
2.6098502259968544e-12 -6.865083029484862e-12 -3.0051421937663025e-11
0.0 0.0 0.0
0.0 0.0 0.0
2.0973361636062047e-13 -6.306766604851666e-13 -3.764906426382698e-10
1.3947533443321808e-15 3.924825502667047e-15 -5.710344772790375e-11
0.0 0.0 0.0
0.0 0.0 0.0
7.662361325242161e-17 2.0577224170571363e-16 3.3172478569573295e-11
1.0727330353144156e-19 -7.310745246156103e-19 1.970646071136592e-11
0.0 0.0 0.0
0.0 0.0 0.0
2.9761881341683867e-21 -2.4512272670627407e-20 -1.5483956457230409e-12
1.6078756333319338e-23 6.391227811758715e-23 -2.6701882613061108e-12
0.0 0.0 0.0
0.0 0.0 0.0
4.310846998447698e-25 1.514129872926337e-24 1.6559726473608043e-14
1.7382098194794914e-28 -2.6659878100894424e-27 2.050934920531827e-13
0.0 0.0 0.0
0.0 0.0 0.0
1.6258856720758407e-30 -2.443861517234593e-29 2.1949638918816338e-15
5.226895082548222e-34 2.5540696498259036e-33 -1.0303367869339533e-14
0.0 0.0 0.0
0.0 0.0 0.0
0.0 0.0 -1.5165275054477596e-16
0.0 0.0 3.650249423115804e-16
0.0 0.0 0.0
0.0 0.0 0.0
0.0 0.0 -2.0917307304409348e-18
0.0 0.0 0.0
0.0 0.0 0.0
0.0 0.0 0.0
