# vtk DataFile Version 3.0
SUBOFF appended initial ice impact; displacement scale 1
ASCII
DATASET UNSTRUCTURED_GRID
POINTS 811 double
0.06585677428274093 0.08344177506381077 -0.08299215724559962
0.06592270882547005 0.10905556341112274 -0.04469559618619009
0.06592624047552885 0.11803238929719896 0.00044955167776603125
0.06592319216757284 0.1090554611101843 0.04559474811859194
0.06585776208089061 0.08344174369174608 0.08389140579908494
0.06592330096351895 0.04514537204536517 0.10950557143199477
0.06592653643674057 -2.983853311393199e-11 0.11848175179598971
0.06592330090853409 -0.04514537211831988 0.10950557162865747
0.06585776208400722 -0.08344174364129849 0.08389140580295186
0.06592319221244845 -0.10905546079672879 0.04559474797378372
0.06592624048291583 -0.11803238944825688 0.0004495516511885278
0.06592270878455732 -0.10905556339871565 -0.044695596143176565
0.06585677430017119 -0.0834417751051929 -0.08299215723566174
0.06592292171015979 -0.04514526587263107 -0.10860614512449072
0.06592619735718781 4.208960702868144e-12 -0.1175827710170234
0.0659229217292254 0.045145265895494814 -0.108606145218693
0.33108238654485905 0.14170516039400866 -0.14125552261209143
0.3310822090307053 0.18514692868400343 -0.07624101295844814
0.33108202682367344 0.20040178658494656 0.0004491114421870264
0.33108226755281156 0.18514723017627044 0.07713920204044972
0.3310829821110035 0.14170451314890709 0.14215306628107482
0.33108320381699163 0.07668978135432428 0.18559461889996584
0.33108287274612275 3.961031717503121e-12 0.20085070698224922
0.33108320382674095 -0.07668978137751062 0.18559461898801138
0.33108298209482384 -0.14170451313530363 0.142153066329631
0.33108226762998816 -0.1851472300216246 0.07713920197431305
0.3310820267354252 -0.20040178672952375 0.0004491114211770136
0.3310822091586121 -0.18514692862312848 -0.07624101294519087
0.3310823864861813 -0.14170516038170555 -0.1412555226190913
0.3310818382151562 -0.07669023085740864 -0.18469669921833107
0.33108161487596677 3.2449251854719244e-12 -0.1999513577006863
0.3310818382230165 0.07669023087328236 -0.18469669922694523
0.5963676483705358 0.16500159667003683 -0.16455202176435077
0.5963674885538607 0.21558591979060066 -0.08884925436427644
0.5963674663907873 0.23334868260749236 0.00044892359775249263
0.5963678679616468 0.21558838517931903 0.08974769584580405
0.5963671179168877 0.16500487417873053 0.16545113659356459
0.5963684483140794 0.08929890587606136 0.21603076113753852
0.596369919065979 -5.168636625416949e-12 0.23379067711725698
0.5963684483320737 -0.08929890588137622 0.2160307611700967
0.596367117947809 -0.16500487417647727 0.16545113657584684
0.5963678678760974 -0.2155883852206485 0.08974769586227034
0.5963674664620825 -0.2333486825580543 0.0004489236008488596
0.5963674885136555 -0.21558591985543515 -0.08884925439004124
0.596367648419204 -0.1650015966466644 -0.16455202175483993
0.5963672378208115 -0.08929816490271858 -0.215135304423733
0.5963671521482362 -1.1404905399719027e-12 -0.23289752227343993
0.596367237876003 0.0892981648787438 -0.21513530440092926
0.86175733238371 0.177525828569645 -0.17707617190771427
0.8617569319214036 0.2319503681781646 -0.09562721546151637
0.8617570469043265 0.2510619877527095 0.0004493886434103027
0.8617574124961659 0.2319487654460363 0.09652565195913236
0.8617565076712895 0.17753710859625593 0.1779832619423769
0.8617571968748835 0.09608132782778864 0.23239810566626418
0.8617585648143904 1.3609414792761488e-11 0.2514876718342688
0.8617571968677152 -0.09608132783014141 0.23239810563371752
0.8617565076448829 -0.1775371086191787 0.17798326197637904
0.861757412538924 -0.2319487654446461 0.09652565195600857
0.8617570468535852 -0.25106198775992644 0.00044938865285187597
0.8617569319524375 -0.2319503681334275 -0.09562721545637405
0.8617573323471512 -0.17752582860454258 -0.17707617193092073
0.8617571969811376 -0.09607729811825998 -0.23150130682200343
0.8617573342923134 -1.4960176139594487e-11 -0.25060932125642604
0.8617571969447471 0.09607729813242182 -0.23150130681689865
0.924451595949472 0.17838233995641095 -0.1779327535523273
0.9244512586286521 0.23306944142495167 -0.09609070285733379
0.9244519752411714 0.25227306454882364 0.00044934947555058116
0.9244521401708069 0.23306723818762579 0.09698880800940457
0.9244514002024903 0.17839468659621935 0.1788403499477344
0.9244521145217369 0.09654451424398912 0.23351534426823212
0.924452496890822 -1.5220508710493645e-11 0.25269820867845977
0.924452114501023 -0.09654451424751143 0.233515344333109
0.9244514002126459 -0.17839468662759098 0.17884034989289155
0.9244521401904702 -0.23306723800065485 0.09698880798951384
0.9244519752256358 -0.25227306459673615 0.00044934945695858337
0.924451258615941 -0.2330694414597575 -0.09609070282945746
0.9244515959461163 -0.17838233988269434 -0.177932753575021
0.9244520070121427 -0.09654069245000078 -0.23262019252229216
0.9244521079371301 2.1377590466511567e-11 -0.2518208753202989
0.9244520069855088 0.09654069242598362 -0.23262019262627265
0.9858193945258803 0.1786335755138546 -0.17818380348142684
0.9858190544447483 0.23339915581180018 -0.09622729638477669
0.9858190856689945 0.2526283414799663 0.00044914470925253605
0.9858196390253565 0.23339708644711094 0.09712520975888558
0.9858191835056673 0.17864653293035246 0.1790918369209912
0.985819596420634 0.09668034117539756 0.2338429417432195
0.9858197901945728 -1.166337124527404e-11 0.2530541909262675
0.9858195964203271 -0.0966803411653096 0.233842941615347
0.9858191835083936 -0.17864653283537713 0.17909183697591685
0.985819639041005 -0.23339708668031428 0.0971252097624001
0.9858190856636194 -0.25262834142519136 0.0004491447530381682
0.985819054430549 -0.23339915577047282 -0.09622729642981237
0.985819394526336 -0.17863357561131687 -0.17818380344213294
0.9858192113070746 -0.096677059361143 -0.23294939863473924
0.9858194191840677 -1.7072749718682462e-11 -0.252176103673339
0.9858192113030492 0.09667705940137743 -0.23294939853826768
1.0471966705933682 0.1786443064032795 -0.17819430102224149
1.0471962412437545 0.23341292952070397 -0.09623308781910485
1.0471970401839168 0.2526431340738336 0.00044905157369000024
1.0471972676858634 0.23341084252703118 0.09713077576189795
1.047197046885443 0.17865679914114815 0.17910196551761903
1.0471969413947493 0.09668578228356545 0.233856334095952
1.0471970919611568 7.892075554895341e-12 0.2530713732012611
1.0471969413857107 -0.09668578223720405 0.2338563341859837
1.0471970468851393 -0.17865679923210534 0.1791019654426114
1.0471972676975538 -0.23341084237465504 0.09713077580731627
1.0471970401742072 -0.25264313414757356 0.0004490514852826715
1.0471962412421814 -0.23341292954003778 -0.0962330877524506
1.0471966705899862 -0.1786443062983319 -0.1781943010319459
1.047197072501205 -0.09668282434501592 -0.23296286097684235
1.0471968151989037 1.7197678194270427e-11 -0.2521911864317595
1.0471970725016388 0.09668282430208222 -0.2329628610727376
1.1085782914222575 0.1786446995046843 -0.1781945799552003
1.1085781164919701 0.23341251282343048 -0.09623288402827432
1.1085788236263943 0.2526436631859513 0.00044898956432844856
1.1085790476009585 0.23341053564056458 0.09713091205700725
1.108578949749149 0.1786559864815609 0.1791013300012128
1.1085785859564887 0.09668528237240255 0.233856246048586
1.108578640758319 3.2223841909231075e-11 0.2530729116011561
1.10857858594625 -0.09668528252896831 0.23385624605469205
1.1085789497563274 -0.1786559862311984 0.17910132995494352
1.1085790476061914 -0.23341053569871426 0.09713091195806804
1.1085788236142828 -0.25264366307435704 0.0004489896706457417
1.1085781164963389 -0.23341251297280888 -0.09623288417094186
1.108578291406011 -0.17864469960944146 -0.17819457994051496
1.1085785719008707 -0.09668264721912802 -0.23296247844004572
1.1085787316501232 -4.721618879345837e-11 -0.25219202609291186
1.1085785718820882 0.09668264729978648 -0.23296247837100006
1.1271147333200568 0.17864410810436762 -0.1781943907448959
1.1271145383909147 0.23341344047054594 -0.09623326666581096
1.1271152123546972 0.2526427350146029 0.000449271904760557
1.1271154267084187 0.23341123379559453 0.09713093863269098
1.1271153694392844 0.1786553649080962 0.1791009177549265
1.127114917575756 0.09668502766934087 0.23385636900839685
1.1271149805846907 -1.0866647012731087e-10 0.2530726341300224
1.1271149175729822 -0.09668502747432152 0.23385636898743586
1.127115369439938 -0.1786553652124501 0.17910091786062288
1.1271154267131487 -0.23341123384901674 0.09713093878277355
1.1271152123437242 -0.252642735180849 0.0004492717816857081
1.1271145383945322 -0.23341344019324112 -0.09623326646076508
1.127114733307632 -0.17864410799804403 -0.178194390734792
1.127114924872217 -0.09668304634326098 -0.2329628529171725
1.1271150912357946 6.620049146468883e-11 -0.25219075163010884
1.1271149248574106 0.09668304618886286 -0.2329628528386978
1.1699604327093247 0.1786443458631431 -0.1781943164310563
1.1699601230301957 0.2334131047487546 -0.09623321437055922
1.1699606279856525 0.25264302102018515 0.00044918049522129884
1.1699608955287075 0.23341155470897126 0.09713128150037743
1.169960863952711 0.17865432064998893 0.1791002519387344
1.169960238627054 0.0966850255804158 0.23385708085174728
1.1699603847077649 3.7023543772170344e-11 0.25307454269480006
1.1699602386333603 -0.09668502571984805 0.23385708083881548
1.1699608639384484 -0.17865432050611846 0.17910025195466672
1.1699608955339107 -0.2334115547049917 0.09713128138746263
1.169960627983393 -0.2526430209886382 0.00044918060404738983
1.1699601230221033 -0.23341310483006078 -0.09623321448498869
1.169960432721305 -0.17864434589043257 -0.17819431637752467
1.1699604189091477 -0.09668280809187438 -0.232962890517031
1.1699604041812284 -2.998901415879039e-11 -0.2521913394702488
1.1699604189117725 0.0966828081836953 -0.23296289057967262
1.2313424825558976 0.1786447737237972 -0.1781948230536416
1.2313421354575753 0.2334122830114444 -0.0962330048175418
1.2313422453006535 0.25264301005159145 0.0004492018175195805
1.231342859182753 0.23341169167825943 0.09713142269717193
1.2313427345570702 0.1786532388456513 0.17909939954641374
1.2313419001588934 0.09668440931033931 0.23385694391741868
1.2313420425850774 -1.2243549029908652e-11 0.25307613057044415
1.2313419001651817 -0.09668440925205747 0.23385694393128884
1.2313427345448313 -0.1786532389395621 0.1790993995358938
1.231342859178729 -0.23341169167233855 0.09713142276873525
1.2313422453077256 -0.2526430100608842 0.0004492017344105665
1.2313421354574186 -0.23341228296912786 -0.09623300473032957
1.2313424825608146 -0.1786447737005254 -0.1781948231030873
1.2313425025528892 -0.09668263380617186 -0.2329622579392263
1.231342014897853 2.4785213803312198e-11 -0.25219189707732925
1.2313425025553757 0.09668263373006608 -0.2329622579042638
1.2927244259584543 0.17864500248941997 -0.17819499818538628
1.2927242497612383 0.2334115541075581 -0.09623264429490441
1.2927239839444686 0.2526433106852464 0.0004491316369563787
1.2927247198938538 0.23341225812341307 0.09713147268935937
1.2927248183604862 0.17865193969158485 0.17909862188837034
1.2927239825622792 0.09668420832722463 0.23385690138282952
1.2927238609826819 1.6295495124820154e-11 0.2530778167646531
1.2927239825522785 -0.09668420835401484 0.23385690138592352
1.2927248183608897 -0.17865193965997384 0.17909862189342798
1.2927247198874043 -0.23341225811859742 0.09713147265061317
1.2927239839474067 -0.25264331067478496 0.00044913167376006664
1.2927242497603781 -0.23341155411800737 -0.09623264433944236
1.2927244259662278 -0.17864500251096552 -0.17819499816729364
1.2927243168982578 -0.09668250337261966 -0.23296181784733314
1.2927241327198702 -1.9885953256980897e-11 -0.25219223198675217
1.2927243168963198 0.09668250341510976 -0.23296181786860265
1.3925591682935432 0.17864513182069217 -0.17819487549809446
1.3925589860569658 0.23341141920285827 -0.09623220355381205
1.3925584894419392 0.25264361440998684 0.00044932770905550367
1.3925586774246013 0.23341354834006653 0.09713150190663997
1.3925593854371723 0.17864997108423175 0.17909635802139634
1.3925584851665995 0.09668374817313885 0.23385792997657437
1.3925575062379139 -4.103653796882325e-12 0.25308175636992697
1.3925584851713664 -0.09668374816390561 0.2338579299730194
1.3925593854429068 -0.17864997109276873 0.1790963580232286
1.3925586774259595 -0.23341354833705658 0.09713150191563186
1.3925584894429435 -0.2526436144141277 0.0004493277004622373
1.392558986054503 -0.23341141919507888 -0.09623220354255536
1.3925591682894631 -0.17864513181568661 -0.17819487551033403
1.3925587497641971 -0.09668228244656896 -0.23296129314576183
1.392558385475216 7.0833252354638904e-12 -0.2521921730368096
1.3925587497671401 0.09668228243199017 -0.23296129314558087
1.6580026214930899 0.17864529924916867 -0.1781955901976254
1.6580024039626957 0.23341192242431263 -0.0962328077396938
1.6580024736441739 0.2526431653186774 0.0004493032829557109
1.6580028061671634 0.2334125049363609 0.09713133910909741
1.658002866171493 0.17864539775318558 0.17909343119822477
1.6580022751928725 0.09668206099290201 0.2338591919773986
1.6580019696763273 3.1699656597828483e-13 0.25309088548909814
1.6580022751900203 -0.09668206099567349 0.23385919198321994
1.6580028661692825 -0.17864539774652266 0.1790934311921779
1.658002806169159 -0.23341250493980528 0.09713133911043907
1.6580024736432366 -0.2526431653103096 0.00044930328368742085
1.6580024039627912 -0.23341192243498476 -0.09623280774382341
1.6580026214921655 -0.17864529924539582 -0.1781955901914711
1.6580023652180038 -0.09668215667914612 -0.23296158859739108
1.6580022517586832 -2.323074310861249e-12 -0.2521925748876784
1.6580023652167921 0.09668215668324945 -0.23296158859552799
1.9234464409141847 0.17864533201017507 -0.17819569730203738
1.9234464761855012 0.23341140407790842 -0.0962326077473815
1.9234463620596953 0.25264245275288844 0.0004494089651357366
1.9234465051784968 0.2334109482236473 0.09713135819571261
1.9234461876468896 0.1786448428835086 0.1790944858388997
1.9234460542840954 0.09668196369053657 0.23386079974226373
1.9234461587365221 8.04309208388745e-13 0.2530919654646938
1.9234460542856002 -0.09668196369038821 0.23386079973565693
1.9234461876474613 -0.1786448428855032 0.17909448584792495
1.9234465051778895 -0.23341094822122804 0.09713135819160669
1.9234463620598516 -0.2526424527607085 0.000449408967013874
1.9234464761857326 -0.23341140406608574 -0.09623260774768312
1.9234464409150103 -0.17864533201913557 -0.17819569730230403
1.923446248512357 -0.09668213425632863 -0.23296175128078636
1.9234459430165256 -1.3459032463077525e-12 -0.25219287743564256
1.9234462485128645 0.09668213426057921 -0.23296175127962815
2.1888901544781465 0.17864509872197357 -0.1781954676859298
2.188890117309788 0.23341088954168443 -0.09623235151659448
2.1888901411318957 0.252642273738772 0.000449725673114719
2.1888901309581756 0.23341091387851984 0.09713185810147525
2.188889910356576 0.17864510674494385 0.17909510308078685
2.1888900130964504 0.09668201411935737 0.23386101122532954
2.1888898304298428 -1.4557330305469359e-12 0.25309252272109073
2.188890013095712 -0.09668201411848337 0.2338610112317308
2.1888899103565684 -0.17864510674255402 0.17909510307276372
2.1888901309581583 -0.2334109138812072 0.09713185810618535
2.1888901411324464 -0.25264227373121617 0.0004497256700837833
2.1888901173094033 -0.23341088955244468 -0.09623235151665573
2.1888901544778148 -0.1786450987137145 -0.17819546768483924
2.1888902181979577 -0.09668203439008857 -0.23296128936097385
2.1888901323313985 3.6305124002791672e-12 -0.25219271255142367
2.188890218197453 0.09668203438381251 -0.2329612893623949
2.4543338718357894 0.17864503773188253 -0.17819513669256645
2.454333834320026 0.23341093601583734 -0.09623195501623782
2.4543338532471486 0.25264227216081453 0.00045001218287800946
2.454333671819028 0.23341099408519428 0.09713198809402548
2.454333722776743 0.1786451900108721 0.17909516229165817
2.4543336722563596 0.09668205632657002 0.23386113700628186
2.4543337574258897 1.0584256723827063e-12 0.25309245723574825
2.4543336722566265 -0.09668205632658168 0.23386113700066108
2.4543337227761626 -0.17864519001464255 0.17909516229807126
2.454333671820329 -0.23341099408163468 0.09713198809059792
2.4543338532455614 -0.2526422721683066 0.00045001218491242913
2.4543338343208623 -0.2334109360060992 -0.09623195501469312
2.4543338718353795 -0.17864503773823054 -0.1781951366952813
2.454333892074773 -0.09668188702763023 -0.2329610296716752
2.45433396907223 -2.2194665875396147e-12 -0.25219233005133884
2.454333892074437 0.09668188703133375 -0.23296102967145224
2.7197775836098366 0.17864505339436645 -0.17819496361045464
2.7197775714602437 0.23341107288085244 -0.09623199838474973
2.7197775260301538 0.25264227011326207 0.0004500512947507653
2.719777454141519 0.2334110996792448 0.09713212431126926
2.719777486884702 0.1786450243482703 0.1790951182024561
2.7197774339093757 0.0966820287488043 0.23386114223311505
2.719777414465435 9.171753981756906e-13 0.25309235194964785
2.719777433909416 -0.09668202875004318 0.23386114223850632
2.7197774868850226 -0.17864502434544982 0.17909511819543983
2.719777454140365 -0.23341109968320645 0.09713212431256334
2.7197775260313235 -0.25264227010567214 0.0004500512971443711
2.719777571459335 -0.23341107289075436 -0.09623199838689886
2.7197775836105182 -0.17864505338690717 -0.17819496360936532
2.7197776107606586 -0.09668206893100073 -0.23296101450606552
2.719777663359181 -1.9705754987409238e-12 -0.25219219473787147
2.719777610761443 0.096682068931001 -0.23296101450558973
2.9852213884471412 0.17864513356348316 -0.1781950846314408
2.9852213787863655 0.2334110861275902 -0.09623197570697291
2.9852213175203715 0.25264234155839665 0.0004500707248545723
2.9852213306439017 0.2334110424144789 0.09713208056331797
2.985221259549155 0.17864512240067876 0.17909517269084976
2.9852212679199055 0.0966820321665789 0.23386111350154984
2.9852212609757767 -5.393815805028757e-13 0.25309234900603333
2.9852212679212213 -0.09668203216536145 0.23386111349711985
2.9852212595489074 -0.17864512240413122 0.17909517269630462
2.9852213306426223 -0.2334110424099523 0.09713208056340683
2.9852213175205318 -0.2526423415655814 0.0004500707228344893
2.985221378787502 -0.23341108611901035 -0.09623197570503608
2.985221388446706 -0.17864513356906223 -0.178195084633696
2.9852214139824227 -0.09668204958624421 -0.23296103641235827
2.9852214260997254 1.685238176558198e-12 -0.2521923354576362
2.985221413982949 0.09668204958570188 -0.23296103641342336
3.2506084513446054 0.17864566743005617 -0.17819563047539316
3.25060842244513 0.233411796390415 -0.09623229743513514
3.250608402515917 0.2526431085663414 0.00045001885253757076
3.250608393077387 0.23341178093349524 0.09713234228047476
3.2506083843380975 0.1786456273049524 0.17909565920855222
3.250608367672172 0.09668229776627009 0.23386177311431042
3.2506083714000336 -3.3601224174035875e-12 0.25309309681090864
3.2506083676690047 -0.09668229776630546 0.23386177311588746
3.2506083843380167 -0.1786456272976367 0.17909565921071396
3.250608393080489 -0.23341178093662665 0.09713234228034184
3.2506084025160273 -0.25264310856275507 0.0004500188463779339
3.250608422443333 -0.2334117963931062 -0.09623229743755972
3.250608451345258 -0.1786456674331146 -0.1781956304671067
3.2506084620122015 -0.09668232742807688 -0.2329617815983078
3.250608439860969 4.21328920443371e-12 -0.2521930929603463
3.250608462010476 0.09668232742660157 -0.2329617815970888
3.515862854137061 0.1641439617356715 -0.16369395612770243
3.5158628470357205 0.21446448859303693 -0.08838409179552907
3.515862846870771 0.2321346050556728 0.000450019788906803
3.515862841426006 0.21446448255721678 0.08928410854158252
3.5158628181705875 0.16414394483140238 0.16459394546468345
3.5158628297175154 0.08883410641227711 0.2149144964711591
3.515862808262328 -3.3018328678713343e-13 0.2325846346934569
3.5158628297200987 -0.08883410641235917 0.21491449647107277
3.5158628181702656 -0.1641439448314618 0.1645939454662738
3.5158628414249695 -0.2144644825597044 0.0892841085423309
3.5158628468694886 -0.23213460505469527 0.0004500197882034021
3.51586284703591 -0.21446448859488487 -0.08838409179249712
3.515862854135965 -0.16414396173263335 -0.1636939561319334
3.515862858458355 -0.08883411660439923 -0.2140144864608384
3.515862847684967 -3.175980506184852e-12 -0.23168461809563048
3.515862858457661 0.08883411660463095 -0.2140144864602321
3.7811465642396818 0.11226675339245898 -0.11181674069435359
3.7811465621427516 0.14668353381996024 -0.06030830471101652
3.7811465708451357 0.15876915907454003 0.00044998916173955174
3.7811465849192745 0.14668357581947314 0.061208311803635077
3.781146566212745 0.11226678623341865 0.11271677277009745
3.7811465410181673 0.06075832353135585 0.14713354723227026
3.781146574045564 6.057796820172891e-12 0.15921913704780694
3.781146541021535 -0.06075832353744266 0.1471335472449937
3.78114656620506 -0.11226678622893381 0.11271677276418691
3.7811465849095303 -0.14668357580387495 0.061208311799472004
3.7811465708508587 -0.15876915907817854 0.0004499891640834381
3.781146562146842 -0.1466835338288333 -0.06030830471799102
3.7811465642398705 -0.11226675338517776 -0.11181674069637251
3.781146564362078 -0.060758309717592794 -0.14623355160086307
3.7811465431002818 7.546608531797334e-12 -0.15831912591625497
3.781146564363019 0.06075830971900044 -0.14623355160474225
3.806245251305929 0.10617049700890521 -0.10572051292787484
3.8062453996572225 0.13871880554823696 -0.05700919729071308
3.806245307718852 0.15014788736176035 0.0004499854109826491
3.8062452879555195 0.13871849875441764 0.05790909221028706
3.8062452508337548 0.1061705275494356 0.10662051803941104
3.8062453407671946 0.05745917868968277 0.13916870708391452
3.806245254863664 -1.4000852259235369e-11 0.15059774168554171
3.8062453407085517 -0.057459178616237734 0.13916870692218547
3.806245250852759 -0.10617052759085238 0.10662051809811818
3.8062452880036424 -0.13871849889311583 0.05790909226858833
3.806245307704871 -0.15014788730316467 0.0004499854122457028
3.806245399631295 -0.1387188054935305 -0.057009197255785946
3.8062452513297154 -0.10617049707045123 -0.10572051298247084
3.8062453477970015 -0.05745916634185357 -0.13826866831130666
3.806245350044992 5.316898854254079e-13 -0.14969813224419642
3.806245347799367 0.05745916634924778 -0.1382686682976978
3.835625869253621 0.09893880575500534 -0.09848878863081462
3.8356258475034957 0.12926962862503982 -0.05309524769867916
3.8356258294084493 0.13992041462931318 0.0004500163230015379
3.835625855121861 0.12926967582448723 0.053995251981683444
3.8356258550789764 0.09893877038514197 0.09938878544395549
3.8356257869461787 0.053545198457605754 0.12971954007554112
3.835625848838883 2.3594210351538386e-12 0.14037050726318032
3.835625786974021 -0.053545198502850194 0.12971954014174067
3.8356258550673603 -0.09893877036546504 0.09938878540521447
3.8356258551133933 -0.1292696757708092 0.05399525199264336
3.8356258294015566 -0.13992041461694496 0.0004500163398042943
3.835625847492795 -0.1292696286064688 -0.05309524770072302
3.8356258692022664 -0.09893880566569302 -0.09848878854312026
3.8356258287510174 -0.05354520897661421 -0.12881962896648014
3.835625791651532 -4.4933510899608694e-12 -0.13947039486235452
3.835625828755309 0.05354520896267649 -0.1288196289673216
3.8664205151190787 0.09129978957983165 -0.09084979809457241
3.86642048972663 0.1192888159562317 -0.048961038614704515
3.8664204991996574 0.12911732652057517 0.00044999961927645935
3.866420539203458 0.1192889621725831 0.0498611354857041
3.8664204997296827 0.09129978029466981 0.09174979336188901
3.8664205651989993 0.04941116390945308 0.1197390775070595
3.866420479014055 -1.8263656451527702e-11 0.1295673463338239
3.866420565198106 -0.04941116389635403 0.11973907747279966
3.866420499738448 -0.09129978027757321 0.0917497933782232
3.8664205392093995 -0.11928896216137232 0.049861135481955976
3.8664204991964195 -0.1291173265304224 0.00044999962219697143
3.8664204897286973 -0.11928881598857484 -0.0489610386127093
3.866420515141396 -0.0912997896713776 -0.09084979817048527
3.866420496748352 -0.04941108053892319 -0.11883887956166948
3.8664205003608654 -6.733782512607565e-12 -0.12866736915768262
3.8664204967356994 0.0494110805252776 -0.11883887951368685
3.8987714712599315 0.08327559166534328 -0.08282559506773124
3.898771482185537 0.10880482211663671 -0.04461843869457657
3.898771480033586 0.11776949089025139 0.00045003378179291813
3.898771450579513 0.10880473636074497 0.045518413239948444
3.898771463951468 0.08327560625264846 0.08372560970078854
3.8987714346729723 0.045068394980581516 0.10925474360525785
3.898771459863868 1.067847276419041e-11 0.11821953781143353
3.898771434720933 -0.04506839502077514 0.1092547436967902
3.898771463970866 -0.08327560628486899 0.08372560971312906
3.898771450579376 -0.10880473633971113 0.045518413228406066
3.8987714800392346 -0.11776949092078347 0.000450033787305422
3.898771482187455 -0.10880482216788893 -0.044618438716474536
3.898771471214308 -0.0832755916076846 -0.0828255950239477
3.8987714608938413 -0.04506842551743614 -0.10835478681944734
3.898771442899103 -1.3320315276086774e-12 -0.11731940217171355
3.89877146093041 0.04506842554030949 -0.10835478691428804
3.932815698876152 0.07490962300169163 -0.07445962068147477
3.9328156641894223 0.09787406301479422 -0.040090753309997784
3.9328156663454834 0.10593811581045376 0.0004500003012847044
3.9328157148144776 0.09787415919016437 0.040990817299323634
3.932815650822389 0.07490953093223532 0.07535954706691006
3.9328156172593065 0.040540718128758056 0.09832397093247063
3.9328156563520666 -7.998531768383172e-12 0.10638813126340492
3.932815617198929 -0.040540718059560284 0.09832397074383378
3.9328156508157 -0.07490953090081073 0.07535954702552618
3.9328157148600744 -0.09787415928637536 0.040990817329983505
3.932815666346249 -0.10593811582972089 0.0004500002917521218
3.932815664124857 -0.09787406289144805 -0.04009075326087103
3.9328156988863356 -0.07490962306536095 -0.07445962072796099
3.9328156853529133 -0.04054079154610581 -0.09742412308480841
3.9328156784024917 -3.868743527555899e-12 -0.10548816726372266
3.932815685302295 0.04054079148235806 -0.0974241229363713
3.968674427425362 0.06627561213192057 -0.06582560555982521
3.968674465904362 0.08659334271502422 -0.035418129370005914
3.96867448634883 0.09372800006977014 0.000449996229995194
3.9686743864661955 0.08659312685508144 0.036318045768543604
3.9686744864808663 0.0662757152082852 0.06672572976704985
3.9686745144576494 0.03586820516197819 0.08704350465801262
3.968674450332006 -6.544524606097916e-12 0.09417796454811052
3.9686745145279243 -0.0358682052390247 0.0870435048215249
3.9686744865073273 -0.06627571524061229 0.06672572979400233
3.968674386429214 -0.08659312674353567 0.03631804570698781
3.968674486344513 -0.0937280000600618 0.00044999620941954765
3.9686744659536846 -0.08659334286441711 -0.03541812944009084
3.9686744273915 -0.06627561207520823 -0.06582560549388816
3.9686744853058045 -0.0358681687189432 -0.08614341636062492
3.968674451362865 -4.521356980527003e-12 -0.09327795525700347
3.9686744853822913 0.03586816879041042 -0.08614341657023403
4.006437054687502 0.057490360878150674 -0.05704034187392449
4.006437058426216 0.07511472620470805 -0.030663539420972278
4.006437031200111 0.08130348519632126 0.00045000507885637506
4.0064371191896 0.07511492443471475 0.03156361173363908
4.006437012801402 0.05749026895781746 0.05794022716834712
4.006436968116645 0.03111346176456591 0.07556452112383406
4.006437009771979 9.24832204701301e-12 0.08175354353491283
4.006436968091128 -0.03111346172082488 0.07556452104679054
4.006437012789288 -0.057490268935258805 0.05794022713431809
4.0064371192235 -0.07511492455056001 0.031563611767444974
4.00643703120391 -0.08130348520046206 0.0004500050666955741
4.006437058396306 -0.07511472608575857 -0.03066353938947767
4.0064370547190515 -0.05749036090659598 -0.057040341923460865
4.00643698437528 -0.03111348797449197 -0.07466457639324614
4.0064370172192465 -8.491376109734768e-12 -0.08085354501227826
4.006436984313932 0.031113487909568933 -0.07466457623901249
4.046705323663665 0.04861207596506319 -0.048162094868330826
4.046705340642065 0.06351475402706071 -0.02585868744330487
4.046705351259736 0.06874786172997832 0.00044999299807153397
4.046705328984701 0.06351471793058491 0.02675866099286323
4.046705328671865 0.04861210598869493 0.049062113718049395
4.046705306843239 0.02630865687385756 0.06396473709732764
4.046705318889366 -8.97038052348574e-13 0.06919793370383757
4.0467053068505985 -0.026308656889174553 0.06396473715622314
4.046705328656301 -0.048612105960565644 0.049062113709134436
4.046705328959516 -0.06351471790871445 0.026758660989437275
4.046705351253967 -0.06874786173145586 0.0004499930005756539
4.046705340676246 -0.06351475405958408 -0.02585868745104205
4.0467053236702695 -0.048612075936793696 -0.04816209483799566
4.046705333097918 -0.026308696682973885 -0.06306481789649934
4.046705289846214 7.433061996433162e-12 -0.06829784443521772
4.046705333084017 0.026308696702406452 -0.06306481791876904
4.31217947001897 0.01669137169265403 -0.016241355977480165
4.312169668568401 0.021815079661344036 -0.008571476552733551
4.3121690104030845 0.023606957891152792 0.0004500138783325593
4.312169684599178 0.021815157191185378 0.00947152264006773
4.3121794516628125 0.016691316435822834 0.01714130518794525
4.312169697912346 0.009021514974477517 0.022265114574296044
4.312169043339531 1.2587494896459623e-11 0.024056887092529757
4.312169697908944 -0.00902151493368839 0.02226511450139308
4.312179451679081 -0.016691316427731553 0.017141305164723328
4.312169684637946 -0.02181515723425059 0.009471522651790073
4.312169010431754 -0.02360695792282412 0.00045001388936429453
4.312169668550841 -0.02181507961551456 -0.008571476524454818
4.3121794700217 -0.016691371698520058 -0.016241355985076433
4.312169687237438 -0.009021493291126276 -0.021365062346777167
4.312169069870385 -2.4521167649929588e-12 -0.023156920292683233
4.312169687247989 0.009021493284358207 -0.02136506233270858
0.014630905206838053 -0.0416377113074867 -0.041188045441785295
0.014717608289817231 -5.499037356378217e-12 -0.05858417424350301
0.014630905105950002 0.04163771129559232 -0.04118804548358069
0.014717107658763337 -0.059034076203369604 0.00044972568236840516
0.0014992446432429928 -4.851193558424818e-11 0.0004497473606725553
0.014717108214819809 0.059034075985938184 0.0004497257208764197
0.014631726418618835 -0.04163761724390465 0.042087333801306664
0.014717886273164314 -8.779768527333576e-11 0.059483708661979225
0.014631726595687927 0.04163761707179782 0.042087333793897855
4.346543582039387 -0.007911810225833909 -0.007461810096516577
4.346395230456047 -5.4413134042138056e-11 -0.010820818558646646
4.346543582012539 0.007911810113192455 -0.00746181010574189
4.346395274157361 -0.011270851532326336 0.00044998030944990103
4.3545000351234995 -2.5526070507766093e-11 0.0004499700598701292
4.346395274162555 0.011270851501922223 0.00044998026493726554
4.3465435793945035 -0.00791179864352573 0.008361759345304514
4.3463952321243084 2.4663373208949408e-12 0.011720785880532715
4.346543579387084 0.007911798626153243 0.008361759294098497
0.9244318687774153 1.8434029622387583e-11 0.3227969738169728
0.9244295975289212 -2.6138084808454625e-11 0.39139596294147266
0.9244261053915208 2.1119356020549138e-11 0.4599957630286045
0.9858132742747852 -2.4365239909226726e-11 0.32853601607983324
0.9858108137884853 1.9788598707271847e-11 0.40251792451590984
0.9858075472380947 -1.4505022135404903e-11 0.47649878068007695
1.0471950198953324 3.476781799706798e-11 0.3286040124254421
1.0471923079913714 -2.595302525514284e-11 0.4026364435608421
1.0471898006751965 1.7453840631031473e-11 0.47666897986622225
1.1085763548630978 -4.048494044817255e-11 0.328582738962166
1.1085745498738955 3.3426885569203995e-11 0.4025923389576356
1.1085722743193591 -2.6131223536149993e-11 0.47660159972554267
1.1699579964850433 -2.004111179181546e-11 0.32787428209174113
1.1699567602448941 -2.598362897562791e-12 0.40117344796540033
1.1699545312939552 1.3636616142498771e-11 0.47447348947949264
1.2313405320516455 1.9257984161905553e-11 0.3259972459871772
1.2313383592033236 -8.09522718860152e-13 0.3974189707366463
1.2313366532248782 -8.580319763314394e-12 0.4688397539589696
1.2927224505211172 -1.4292372610468565e-11 0.3230535856460431
1.2927208463356301 -7.086507695093505e-14 0.39152982127171226
1.2927180243296652 6.613377046569064e-12 0.46000658928187155
3.822261846494578 0.18486172961889497 0.0004498872717907785
3.837788114801605 0.21815795888948322 0.000450126058903729
3.853314389399586 0.25145419385110424 0.0004499292611155619
3.850384156629533 0.1780423616103917 0.0004499599200363221
3.8646476763489073 0.21474828850011268 0.0004499781449283387
3.8789112070150322 0.25145420667128643 0.00044998398334259457
3.879447358389389 0.17083993964154567 0.0004500400816387606
3.891977686977772 0.2111470778036856 0.00045000077606982027
3.904508026128443 0.2514542210839894 0.0004500440772802309
3.9095455929342653 0.16327514917745872 0.0004500382375291406
3.9198252181677193 0.20736469850213524 0.0004499925847358389
3.930104845937577 0.2514542297616691 0.00044999117886407596
3.9407697399739248 0.15538909507889304 0.00044996551934608164
3.9482356947671224 0.20342166199076706 0.00044998448264297366
3.9557016691220013 0.2514542503786517 0.0004499830438782926
3.9732001143488014 0.14725159481820704 0.00045000105678993105
3.9772492939309703 0.19935294531834497 0.00045003422991612356
3.981298490148201 0.251454243887332 0.00045001611135697396
4.0068953636319495 0.1389726451786101 0.0004499885567934424
4.006895313818373 0.19521343425418478 0.00044998571973965613
4.006895311871999 0.25145426360712086 0.00044997462274821444
3.822261846470173 -0.18486172960237382 0.0004498873025419164
3.8377881147896447 -0.21815795888639325 0.00045012602859975773
3.8533143893872124 -0.25145419385018963 0.00044992927132668465
3.8503841566103065 -0.17804236160745673 0.00044995992409839437
3.8646476763386617 -0.21474828850121921 0.00044997814704476175
3.8789112070059337 -0.2514542066769452 0.0004499839920347821
3.8794473583808973 -0.170839939653972 0.0004500400723700666
3.8919776869731395 -0.21114707781648887 0.0004500007830891542
3.9045080261295015 -0.2514542210983314 0.0004500440610277453
3.9095455929326866 -0.16327514919556674 0.0004500382318794952
3.919825218167792 -0.20736469852247963 0.00044999257765314924
3.930104845955262 -0.25145422977436016 0.0004499911903320303
3.940769739979718 -0.15538909509449847 0.0004499655339529971
3.9482356947666193 -0.20342166199677425 0.0004499844880756807
3.9557016691576594 -0.2514542503848852 0.00044998304061400857
3.9732001143488023 -0.14725159481140515 0.0004500010456690764
3.9772492939358175 -0.19935294531703973 0.00045003422407617134
3.9812984901926365 -0.2514542438555188 0.0004500161129363351
4.006895363626817 -0.13897264516959282 0.00044998855786797557
4.00689531382609 -0.1952134342165729 0.00044998572320842416
4.006895311920548 -0.25145426357097367 0.00044997462269413406
3.8222617892018595 3.3181637736249537e-11 0.1853117764451264
3.837788127530212 -3.222316056662909e-11 0.21860801136830307
3.853314444151083 1.0611008735385417e-11 0.2519042345350286
3.850384105553939 4.968033708217114e-12 0.17849239338780248
3.864647684213924 3.041577824611248e-12 0.21519831446988116
3.8789112608261296 5.2017062873026136e-12 0.2519042203578311
3.879447342597453 -1.3755386307046781e-11 0.171289983281629
3.8919776952296474 5.341623807678896e-12 0.21159708289986107
3.90450807607918 -1.316554815969026e-11 0.2519042131521423
3.9095455789387445 -5.161729186271443e-13 0.16372516080763835
3.919825233373549 -2.3984454970649434e-12 0.2078146899378825
3.9301048908005063 5.446183372083088e-12 0.2519042123539551
3.9407697259002825 5.39277166951254e-12 0.1558390902844479
3.948235710392131 3.831554556303403e-12 0.20387165025377169
3.9557017148495546 3.687056407983086e-12 0.2519042187799454
3.973200099196499 -1.6553355877130642e-12 0.1477015992860321
3.9772493058574123 -5.550381617807861e-12 0.19980291026225938
3.981298540208564 -3.1607671554037056e-12 0.25190421985748523
4.006895338927275 -5.601912583183036e-12 0.1394226150816106
4.006895328039767 4.543990960510821e-12 0.1956634105179904
4.006895363311385 1.8155270365901253e-12 0.2519041950622362
3.8222619001562257 1.774333965108272e-11 -0.18441176676466
3.8377881334837087 -6.789637568677343e-12 -0.21770797605157152
3.8533144140372504 -7.235672990225236e-12 -0.2510041970130574
3.850384198509398 -1.1155529983577397e-11 -0.17759238810203493
3.8646476923739845 1.6067585444994342e-12 -0.2142982866192205
3.878911222821684 6.070389570161129e-12 -0.25100419742962865
3.8794473587198666 -3.7231747923630764e-13 -0.17038990485024114
3.891977692350819 6.563716154623194e-12 -0.210697059496932
3.904508021178294 -8.563056084876496e-12 -0.25100419608418734
3.9095455886595247 -8.548033422042933e-13 -0.1628251361551265
3.919825205887372 -4.966697524369306e-12 -0.20691466184632204
3.9301048152376588 1.8647870284161684e-12 -0.25100421375833865
3.9407697166348434 -5.077776195330102e-13 -0.1549390609192567
3.948235677394183 5.2954868284646455e-12 -0.20297165628125702
3.9557016121192876 4.305216689704806e-12 -0.2510042400941928
3.973200109779526 4.614836465743807e-12 -0.14680162642519753
3.9772492620693187 -4.130988716475623e-12 -0.1989029414027519
3.981298423302465 -4.486242253308892e-12 -0.25100428309609135
4.006895337951131 -9.418192070738199e-13 -0.13852263215963767
4.006895289157796 1.0983197893988571e-12 -0.19476349297317372
4.006895235162016 3.700822084224993e-12 -0.25100429142714215
-0.3 -0.6 0.481289208344275
0.11299999999999999 -0.6 0.481289208344275
0.11299989474605837 -0.29999998660029864 0.48128887465552417
-0.3 -0.3 0.481289208344275
0.11299999999999999 -0.6 0.481289208344275
0.526 -0.6 0.481289208344275
0.5259992965163913 -0.3000002226511794 0.48129078686972926
0.11299987439609092 -0.2999999836290455 0.4812888750226566
0.526 -0.6 0.481289208344275
0.9390000000000001 -0.6 0.481289208344275
0.9389998060515106 -0.30000101709270316 0.4812934880979738
0.5259992325363413 -0.30000027790701883 0.4812907990704354
0.9389999999999998 -0.6 0.481289208344275
1.3519999999999999 -0.6 0.481289208344275
1.352000078080763 -0.3000001304922999 0.48129319120045594
0.9389998059592445 -0.30000107210256677 0.48129349401217186
1.3519999999999999 -0.6 0.481289208344275
1.765 -0.6 0.481289208344275
1.7650000467253748 -0.29999986298410575 0.481290199094557
1.352000072957656 -0.3000001230862219 0.48129318219142914
1.765 -0.6 0.481289208344275
2.178 -0.6 0.481289208344275
2.178000002267991 -0.2999999933975278 0.48128901574258487
1.765000054261782 -0.2999998702253601 0.4812901882679791
2.178 -0.6 0.481289208344275
2.5909999999999997 -0.6 0.481289208344275
2.5910000272063276 -0.3000000207294964 0.4812892509634022
2.1780000030694944 -0.29999998782479015 0.48128901879409236
2.591 -0.6 0.481289208344275
3.004 -0.6 0.481289208344275
3.0040000318373887 -0.30000000802994975 0.4812891959365247
2.591000027405796 -0.30000001755975053 0.48128925073231055
3.004 -0.6 0.481289208344275
3.417 -0.6 0.481289208344275
3.4170000117251367 -0.3000000011570113 0.4812892122683611
3.004000030728646 -0.30000000701381846 0.48128919594396724
3.417 -0.6 0.481289208344275
3.8299999999999996 -0.6 0.481289208344275
3.8300000024378384 -0.3000000004577725 0.48128920752212795
3.417000010506131 -0.3000000007217669 0.4812892120066186
3.83 -0.6 0.481289208344275
4.243 -0.6 0.481289208344275
4.2430000003145 -0.3000000001230475 0.4812892076104675
3.830000001976223 -0.3000000002569781 0.48128920754567645
4.243 -0.6 0.481289208344275
4.656000000000001 -0.6 0.481289208344275
4.656000000000001 -0.3 0.481289208344275
4.243000000231078 -0.3000000000981788 0.4812892080054322
-0.3 -0.3 0.481289208344275
0.11299989346635302 -0.29999998858550064 0.4812888733461229
0.11299986338085224 1.0044868270183794e-09 0.48128893069351814
-0.3 0.0 0.481289208344275
0.11299986666998474 -0.299999977657821 0.48128887270244447
0.5259992505487592 -0.3000002682734256 0.4812907887454886
0.5259996927196525 1.4959260910498406e-07 0.4812884959740801
0.11299982945652298 -7.508207597144012e-09 0.48128893282652385
0.5259991129009511 -0.3000003840794872 0.4812908020994504
0.9389997551442328 -0.3000011970754205 0.48129348489124024
0.9389977123730264 -2.9033820567096876e-06 0.4814763486606667
0.5259996824038976 1.90623994024373e-07 0.48128848205406183
0.9389998284413151 -0.30000129872840203 0.48129349587653664
1.3520000889776365 -0.3000002183212478 0.48129319110236585
1.3519994857117692 2.675072653622247e-08 0.48141367651794525
0.9389977170463364 -3.968338291227365e-06 0.4814771493115528
1.3520000805828636 -0.30000015133575353 0.4812931808069689
1.765000037929025 -0.29999985292935233 0.48129019997518824
1.764999950318658 -1.6283894303868618e-08 0.481288144353512
1.35199956382337 2.6360315713264763e-08 0.48141462364437604
1.7650000460645425 -0.299999872007257 0.4812901876434116
2.178000001016924 -0.2999999961539125 0.48128901503517063
2.178000010617199 -5.694692128320386e-08 0.48128942174363165
1.7649999537881638 -1.650003386041063e-08 0.4812881568389191
2.178000003465676 -0.2999999906651069 0.48128901855559364
2.591000028116206 -0.3000000220557003 0.48128925082723495
2.591000043574363 -6.164858143405264e-10 0.4812891531466108
2.1780000043380174 -6.184636703408634e-08 0.48128941984848683
2.5910000294351785 -0.30000001830451245 0.48128925000281036
3.004000033198792 -0.30000000782090297 0.48128919547431914
3.0040000399058675 1.1749520036640898e-09 0.48128922786002976
2.5910000456953948 -2.7936494521296766e-09 0.4812891547439233
3.0040000317866227 -0.30000000769428525 0.4812891962363539
3.41700001283132 -0.3000000014355737 0.4812892127893111
3.4170000165369983 -1.7933929335188335e-09 0.48128920025645855
3.0040000388255557 2.6760410267592586e-09 0.48128922661921425
3.417000010925478 -0.3000000011564549 0.48128921206175324
3.830000002876075 -0.3000000006607784 0.4812892074776842
3.8300000035385477 1.240382505501441e-10 0.481289212148575
3.417000014397633 -1.4176599143963134e-09 0.48128920031227773
3.8300000021113236 -0.30000000036685076 0.48128920757236304
4.243000000389762 -0.300000000151487 0.48128920756592497
4.243000000449187 8.095632921950228e-11 0.4812892061586286
3.8300000027465146 7.760408911620174e-12 0.4812892121233506
4.243000000253288 -0.30000000010977035 0.4812892078619188
4.656000000000001 -0.3 0.481289208344275
4.656000000000001 0.0 0.481289208344275
4.243000000303646 6.897320746522361e-11 0.481289206196834
-0.3 0.0 0.481289208344275
0.11299986496609232 -2.990982060121339e-09 0.481288929184103
0.11299985670577348 0.30000006431403514 0.481288741549221
-0.3 0.3 0.481289208344275
0.11299983578428566 -1.561382424578333e-08 0.4812889336036351
0.525999692127082 1.6466745881117473e-07 0.48128849703399856
0.5259997785862015 0.2999997737524699 0.4812911718377186
0.11299983824626071 0.30000008151359336 0.48128873566388974
0.525999665446988 2.646555171211983e-07 0.4812884811124273
0.938997355750856 -2.5093023895564006e-06 0.4814766894826776
0.9390002334068253 0.300000622287551 0.48129558100939307
0.5259997515065492 0.29999972053861357 0.4812911944061426
0.9390023548080402 7.67662129243382e-06 0.4821451535164733
1.3519995654502932 -5.256995387399771e-08 0.4814126652690589
1.3520015332876776 0.3000013492811512 0.48129493786999084
0.9390003042212749 0.30000115617720546 0.48129559716131387
1.3519995826923048 6.540962465413906e-08 0.48141442273035157
1.764999967402494 -2.63907314941086e-08 0.4812881434503663
1.7650001561218107 0.299999756139941 0.4812896028601982
1.3520012999790727 0.30000106453895653 0.4812949073403882
1.7649999596445514 -3.099444439769771e-08 0.48128815441659534
2.178000012160505 -7.168553167858046e-08 0.4812894209419477
2.178000016952353 0.30000000169004015 0.4812892709518622
1.7650001320464008 0.29999979898253626 0.4812895972972444
2.1780000058945395 -6.553979871663454e-08 0.4812894207617431
2.591000043892335 1.7076145614443724e-10 0.4812891533141854
2.5910000148651675 0.29999997862716127 0.4812891344595378
2.1780000180072103 0.29999999848123965 0.48128927258350435
2.5910000455605404 -3.0349060580444516e-09 0.4812891540829794
3.0040000403740743 2.1256314909861615e-09 0.4812892276136803
3.004000025293148 0.30000000027542906 0.48128924916551447
2.59100001745148 0.29999998089584984 0.48128913564192627
3.0040000389000254 2.466804274401512e-09 0.4812892269108605
3.417000016441541 -1.7123446082963977e-09 0.4812892008201788
3.4170000126588636 0.30000000435314533 0.4812891893475191
3.004000024184959 0.29999999871185024 0.4812892479711855
3.4170000144262285 -1.5510919558374993e-09 0.4812892002474658
3.8300000034984545 8.348877898354905e-11 0.48128921193966745
3.8300000028336263 0.3000000005782189 0.4812892170761804
3.4170000108544216 0.30000000346389855 0.48128918924764147
3.8300000027343875 -3.8424834581345456e-11 0.48128921210729825
4.243000000449167 6.19408753124583e-11 0.4812892060745592
4.243000000354701 0.30000000003401006 0.48128920415878834
3.8300000021369027 0.30000000048983794 0.48128921689974985
4.243000000301251 5.945588297325694e-11 0.4812892061920816
4.656000000000001 0.0 0.481289208344275
4.656000000000001 0.3 0.481289208344275
4.243000000217463 0.30000000000336313 0.48128920417195864
-0.3 0.29999999999999993 0.481289208344275
0.11299986129879167 0.300000058229694 0.481288743572234
0.11299999999999999 0.5999999999999999 0.481289208344275
-0.3 0.5999999999999999 0.481289208344275
0.11299984728965204 0.30000007622573727 0.4812887387376576
0.5259997850354305 0.29999976771650194 0.481291170073119
0.526 0.5999999999999999 0.481289208344275
0.11299999999999999 0.5999999999999999 0.481289208344275
0.5259997914198756 0.2999997459805584 0.48129118916400104
0.93900025092204 0.30000064979956514 0.4812955900457326
0.9390000000000001 0.5999999999999999 0.481289208344275
0.526 0.5999999999999999 0.481289208344275
0.9390002740292338 0.3000008125641316 0.48129561673069443
1.3520013482867532 0.30000109136942865 0.4812949250034404
1.3519999999999999 0.5999999999999999 0.481289208344275
0.9389999999999998 0.5999999999999999 0.481289208344275
1.3520012149407685 0.30000094978211356 0.4812949041187924
1.7650001554156085 0.29999977542336126 0.48128960558389505
1.765 0.5999999999999999 0.481289208344275
1.3519999999999999 0.5999999999999999 0.481289208344275
1.7650001378261893 0.29999980312031965 0.48128959700929086
2.1780000193953186 0.30000000916605507 0.48128927039249864
2.178 0.5999999999999999 0.481289208344275
1.765 0.5999999999999999 0.481289208344275
2.1780000174899645 0.3000000036056634 0.48128927243383113
2.5910000152232397 0.29999998141904904 0.48128913493207237
2.5909999999999997 0.5999999999999999 0.481289208344275
2.178 0.5999999999999999 0.481289208344275
2.5910000171901624 0.2999999817624521 0.4812891360463708
3.0040000239386857 0.3000000001077958 0.48128924901668346
3.004 0.5999999999999999 0.481289208344275
2.591 0.5999999999999999 0.481289208344275
3.004000023417474 0.29999999803747973 0.4812892479346751
3.417000011549929 0.30000000403535654 0.48128918924096314
3.417 0.5999999999999999 0.481289208344275
3.004 0.5999999999999999 0.481289208344275
3.4170000103505127 0.30000000314248715 0.4812891890523367
3.8300000024456917 0.30000000047287967 0.48128921704108335
3.8299999999999996 0.5999999999999999 0.481289208344275
3.417 0.5999999999999999 0.481289208344275
3.83000000201122 0.300000000404229 0.4812892171106164
4.243000000277673 0.29999999999896465 0.4812892042748466
4.243 0.5999999999999999 0.481289208344275
3.83 0.5999999999999999 0.481289208344275
4.243000000199057 0.2999999999858623 0.48128920400484687
4.656000000000001 0.29999999999999993 0.481289208344275
4.656000000000001 0.5999999999999999 0.481289208344275
4.243 0.5999999999999999 0.481289208344275
CELLS 650 3250
4 0 1 17 16
4 1 2 18 17
4 2 3 19 18
4 3 4 20 19
4 4 5 21 20
4 5 6 22 21
4 6 7 23 22
4 7 8 24 23
4 8 9 25 24
4 9 10 26 25
4 10 11 27 26
4 11 12 28 27
4 12 13 29 28
4 13 14 30 29
4 14 15 31 30
4 15 0 16 31
4 16 17 33 32
4 17 18 34 33
4 18 19 35 34
4 19 20 36 35
4 20 21 37 36
4 21 22 38 37
4 22 23 39 38
4 23 24 40 39
4 24 25 41 40
4 25 26 42 41
4 26 27 43 42
4 27 28 44 43
4 28 29 45 44
4 29 30 46 45
4 30 31 47 46
4 31 16 32 47
4 32 33 49 48
4 33 34 50 49
4 34 35 51 50
4 35 36 52 51
4 36 37 53 52
4 37 38 54 53
4 38 39 55 54
4 39 40 56 55
4 40 41 57 56
4 41 42 58 57
4 42 43 59 58
4 43 44 60 59
4 44 45 61 60
4 45 46 62 61
4 46 47 63 62
4 47 32 48 63
4 48 49 65 64
4 49 50 66 65
4 50 51 67 66
4 51 52 68 67
4 52 53 69 68
4 53 54 70 69
4 54 55 71 70
4 55 56 72 71
4 56 57 73 72
4 57 58 74 73
4 58 59 75 74
4 59 60 76 75
4 60 61 77 76
4 61 62 78 77
4 62 63 79 78
4 63 48 64 79
4 64 65 81 80
4 65 66 82 81
4 66 67 83 82
4 67 68 84 83
4 68 69 85 84
4 69 70 86 85
4 70 71 87 86
4 71 72 88 87
4 72 73 89 88
4 73 74 90 89
4 74 75 91 90
4 75 76 92 91
4 76 77 93 92
4 77 78 94 93
4 78 79 95 94
4 79 64 80 95
4 80 81 97 96
4 81 82 98 97
4 82 83 99 98
4 83 84 100 99
4 84 85 101 100
4 85 86 102 101
4 86 87 103 102
4 87 88 104 103
4 88 89 105 104
4 89 90 106 105
4 90 91 107 106
4 91 92 108 107
4 92 93 109 108
4 93 94 110 109
4 94 95 111 110
4 95 80 96 111
4 96 97 113 112
4 97 98 114 113
4 98 99 115 114
4 99 100 116 115
4 100 101 117 116
4 101 102 118 117
4 102 103 119 118
4 103 104 120 119
4 104 105 121 120
4 105 106 122 121
4 106 107 123 122
4 107 108 124 123
4 108 109 125 124
4 109 110 126 125
4 110 111 127 126
4 111 96 112 127
4 112 113 129 128
4 113 114 130 129
4 114 115 131 130
4 115 116 132 131
4 116 117 133 132
4 117 118 134 133
4 118 119 135 134
4 119 120 136 135
4 120 121 137 136
4 121 122 138 137
4 122 123 139 138
4 123 124 140 139
4 124 125 141 140
4 125 126 142 141
4 126 127 143 142
4 127 112 128 143
4 128 129 145 144
4 129 130 146 145
4 130 131 147 146
4 131 132 148 147
4 132 133 149 148
4 133 134 150 149
4 134 135 151 150
4 135 136 152 151
4 136 137 153 152
4 137 138 154 153
4 138 139 155 154
4 139 140 156 155
4 140 141 157 156
4 141 142 158 157
4 142 143 159 158
4 143 128 144 159
4 144 145 161 160
4 145 146 162 161
4 146 147 163 162
4 147 148 164 163
4 148 149 165 164
4 149 150 166 165
4 150 151 167 166
4 151 152 168 167
4 152 153 169 168
4 153 154 170 169
4 154 155 171 170
4 155 156 172 171
4 156 157 173 172
4 157 158 174 173
4 158 159 175 174
4 159 144 160 175
4 160 161 177 176
4 161 162 178 177
4 162 163 179 178
4 163 164 180 179
4 164 165 181 180
4 165 166 182 181
4 166 167 183 182
4 167 168 184 183
4 168 169 185 184
4 169 170 186 185
4 170 171 187 186
4 171 172 188 187
4 172 173 189 188
4 173 174 190 189
4 174 175 191 190
4 175 160 176 191
4 176 177 193 192
4 177 178 194 193
4 178 179 195 194
4 179 180 196 195
4 180 181 197 196
4 181 182 198 197
4 182 183 199 198
4 183 184 200 199
4 184 185 201 200
4 185 186 202 201
4 186 187 203 202
4 187 188 204 203
4 188 189 205 204
4 189 190 206 205
4 190 191 207 206
4 191 176 192 207
4 192 193 209 208
4 193 194 210 209
4 194 195 211 210
4 195 196 212 211
4 196 197 213 212
4 197 198 214 213
4 198 199 215 214
4 199 200 216 215
4 200 201 217 216
4 201 202 218 217
4 202 203 219 218
4 203 204 220 219
4 204 205 221 220
4 205 206 222 221
4 206 207 223 222
4 207 192 208 223
4 208 209 225 224
4 209 210 226 225
4 210 211 227 226
4 211 212 228 227
4 212 213 229 228
4 213 214 230 229
4 214 215 231 230
4 215 216 232 231
4 216 217 233 232
4 217 218 234 233
4 218 219 235 234
4 219 220 236 235
4 220 221 237 236
4 221 222 238 237
4 222 223 239 238
4 223 208 224 239
4 224 225 241 240
4 225 226 242 241
4 226 227 243 242
4 227 228 244 243
4 228 229 245 244
4 229 230 246 245
4 230 231 247 246
4 231 232 248 247
4 232 233 249 248
4 233 234 250 249
4 234 235 251 250
4 235 236 252 251
4 236 237 253 252
4 237 238 254 253
4 238 239 255 254
4 239 224 240 255
4 240 241 257 256
4 241 242 258 257
4 242 243 259 258
4 243 244 260 259
4 244 245 261 260
4 245 246 262 261
4 246 247 263 262
4 247 248 264 263
4 248 249 265 264
4 249 250 266 265
4 250 251 267 266
4 251 252 268 267
4 252 253 269 268
4 253 254 270 269
4 254 255 271 270
4 255 240 256 271
4 256 257 273 272
4 257 258 274 273
4 258 259 275 274
4 259 260 276 275
4 260 261 277 276
4 261 262 278 277
4 262 263 279 278
4 263 264 280 279
4 264 265 281 280
4 265 266 282 281
4 266 267 283 282
4 267 268 284 283
4 268 269 285 284
4 269 270 286 285
4 270 271 287 286
4 271 256 272 287
4 272 273 289 288
4 273 274 290 289
4 274 275 291 290
4 275 276 292 291
4 276 277 293 292
4 277 278 294 293
4 278 279 295 294
4 279 280 296 295
4 280 281 297 296
4 281 282 298 297
4 282 283 299 298
4 283 284 300 299
4 284 285 301 300
4 285 286 302 301
4 286 287 303 302
4 287 272 288 303
4 288 289 305 304
4 289 290 306 305
4 290 291 307 306
4 291 292 308 307
4 292 293 309 308
4 293 294 310 309
4 294 295 311 310
4 295 296 312 311
4 296 297 313 312
4 297 298 314 313
4 298 299 315 314
4 299 300 316 315
4 300 301 317 316
4 301 302 318 317
4 302 303 319 318
4 303 288 304 319
4 304 305 321 320
4 305 306 322 321
4 306 307 323 322
4 307 308 324 323
4 308 309 325 324
4 309 310 326 325
4 310 311 327 326
4 311 312 328 327
4 312 313 329 328
4 313 314 330 329
4 314 315 331 330
4 315 316 332 331
4 316 317 333 332
4 317 318 334 333
4 318 319 335 334
4 319 304 320 335
4 320 321 337 336
4 321 322 338 337
4 322 323 339 338
4 323 324 340 339
4 324 325 341 340
4 325 326 342 341
4 326 327 343 342
4 327 328 344 343
4 328 329 345 344
4 329 330 346 345
4 330 331 347 346
4 331 332 348 347
4 332 333 349 348
4 333 334 350 349
4 334 335 351 350
4 335 320 336 351
4 336 337 353 352
4 337 338 354 353
4 338 339 355 354
4 339 340 356 355
4 340 341 357 356
4 341 342 358 357
4 342 343 359 358
4 343 344 360 359
4 344 345 361 360
4 345 346 362 361
4 346 347 363 362
4 347 348 364 363
4 348 349 365 364
4 349 350 366 365
4 350 351 367 366
4 351 336 352 367
4 352 353 369 368
4 353 354 370 369
4 354 355 371 370
4 355 356 372 371
4 356 357 373 372
4 357 358 374 373
4 358 359 375 374
4 359 360 376 375
4 360 361 377 376
4 361 362 378 377
4 362 363 379 378
4 363 364 380 379
4 364 365 381 380
4 365 366 382 381
4 366 367 383 382
4 367 352 368 383
4 368 369 385 384
4 369 370 386 385
4 370 371 387 386
4 371 372 388 387
4 372 373 389 388
4 373 374 390 389
4 374 375 391 390
4 375 376 392 391
4 376 377 393 392
4 377 378 394 393
4 378 379 395 394
4 379 380 396 395
4 380 381 397 396
4 381 382 398 397
4 382 383 399 398
4 383 368 384 399
4 384 385 401 400
4 385 386 402 401
4 386 387 403 402
4 387 388 404 403
4 388 389 405 404
4 389 390 406 405
4 390 391 407 406
4 391 392 408 407
4 392 393 409 408
4 393 394 410 409
4 394 395 411 410
4 395 396 412 411
4 396 397 413 412
4 397 398 414 413
4 398 399 415 414
4 399 384 400 415
4 400 401 417 416
4 401 402 418 417
4 402 403 419 418
4 403 404 420 419
4 404 405 421 420
4 405 406 422 421
4 406 407 423 422
4 407 408 424 423
4 408 409 425 424
4 409 410 426 425
4 410 411 427 426
4 411 412 428 427
4 412 413 429 428
4 413 414 430 429
4 414 415 431 430
4 415 400 416 431
4 416 417 433 432
4 417 418 434 433
4 418 419 435 434
4 419 420 436 435
4 420 421 437 436
4 421 422 438 437
4 422 423 439 438
4 423 424 440 439
4 424 425 441 440
4 425 426 442 441
4 426 427 443 442
4 427 428 444 443
4 428 429 445 444
4 429 430 446 445
4 430 431 447 446
4 431 416 432 447
4 432 433 449 448
4 433 434 450 449
4 434 435 451 450
4 435 436 452 451
4 436 437 453 452
4 437 438 454 453
4 438 439 455 454
4 439 440 456 455
4 440 441 457 456
4 441 442 458 457
4 442 443 459 458
4 443 444 460 459
4 444 445 461 460
4 445 446 462 461
4 446 447 463 462
4 447 432 448 463
4 448 449 465 464
4 449 450 466 465
4 450 451 467 466
4 451 452 468 467
4 452 453 469 468
4 453 454 470 469
4 454 455 471 470
4 455 456 472 471
4 456 457 473 472
4 457 458 474 473
4 458 459 475 474
4 459 460 476 475
4 460 461 477 476
4 461 462 478 477
4 462 463 479 478
4 463 448 464 479
4 464 465 481 480
4 465 466 482 481
4 466 467 483 482
4 467 468 484 483
4 468 469 485 484
4 469 470 486 485
4 470 471 487 486
4 471 472 488 487
4 472 473 489 488
4 473 474 490 489
4 474 475 491 490
4 475 476 492 491
4 476 477 493 492
4 477 478 494 493
4 478 479 495 494
4 479 464 480 495
4 11 496 13 12
4 496 497 14 13
4 497 498 15 14
4 498 1 0 15
4 10 499 496 11
4 499 500 497 496
4 500 501 498 497
4 501 2 1 498
4 9 502 499 10
4 502 503 500 499
4 503 504 501 500
4 504 3 2 501
4 8 7 502 9
4 7 6 503 502
4 6 5 504 503
4 5 4 3 504
4 492 493 505 491
4 493 494 506 505
4 494 495 507 506
4 495 480 481 507
4 491 505 508 490
4 505 506 509 508
4 506 507 510 509
4 507 481 482 510
4 490 508 511 489
4 508 509 512 511
4 509 510 513 512
4 510 482 483 513
4 489 511 487 488
4 511 512 486 487
4 512 513 485 486
4 513 483 484 485
4 70 86 517 514
4 514 517 518 515
4 515 518 519 516
4 86 102 520 517
4 517 520 521 518
4 518 521 522 519
4 102 118 523 520
4 520 523 524 521
4 521 524 525 522
4 118 150 526 523
4 523 526 527 524
4 524 527 528 525
4 150 166 529 526
4 526 529 530 527
4 527 530 531 528
4 166 182 532 529
4 529 532 533 530
4 530 533 534 531
4 354 370 538 535
4 535 538 539 536
4 536 539 540 537
4 370 386 541 538
4 538 541 542 539
4 539 542 543 540
4 386 402 544 541
4 541 544 545 542
4 542 545 546 543
4 402 418 547 544
4 544 547 548 545
4 545 548 549 546
4 418 434 550 547
4 547 550 551 548
4 548 551 552 549
4 434 450 553 550
4 550 553 554 551
4 551 554 555 552
4 362 378 559 556
4 556 559 560 557
4 557 560 561 558
4 378 394 562 559
4 559 562 563 560
4 560 563 564 561
4 394 410 565 562
4 562 565 566 563
4 563 566 567 564
4 410 426 568 565
4 565 568 569 566
4 566 569 570 567
4 426 442 571 568
4 568 571 572 569
4 569 572 573 570
4 442 458 574 571
4 571 574 575 572
4 572 575 576 573
4 358 374 580 577
4 577 580 581 578
4 578 581 582 579
4 374 390 583 580
4 580 583 584 581
4 581 584 585 582
4 390 406 586 583
4 583 586 587 584
4 584 587 588 585
4 406 422 589 586
4 586 589 590 587
4 587 590 591 588
4 422 438 592 589
4 589 592 593 590
4 590 593 594 591
4 438 454 595 592
4 592 595 596 593
4 593 596 597 594
4 366 382 601 598
4 598 601 602 599
4 599 602 603 600
4 382 398 604 601
4 601 604 605 602
4 602 605 606 603
4 398 414 607 604
4 604 607 608 605
4 605 608 609 606
4 414 430 610 607
4 607 610 611 608
4 608 611 612 609
4 430 446 613 610
4 610 613 614 611
4 611 614 615 612
4 446 462 616 613
4 613 616 617 614
4 614 617 618 615
4 619 620 621 622
4 623 624 625 626
4 627 628 629 630
4 631 632 633 634
4 635 636 637 638
4 639 640 641 642
4 643 644 645 646
4 647 648 649 650
4 651 652 653 654
4 655 656 657 658
4 659 660 661 662
4 663 664 665 666
4 667 668 669 670
4 671 672 673 674
4 675 676 677 678
4 679 680 681 682
4 683 684 685 686
4 687 688 689 690
4 691 692 693 694
4 695 696 697 698
4 699 700 701 702
4 703 704 705 706
4 707 708 709 710
4 711 712 713 714
4 715 716 717 718
4 719 720 721 722
4 723 724 725 726
4 727 728 729 730
4 731 732 733 734
4 735 736 737 738
4 739 740 741 742
4 743 744 745 746
4 747 748 749 750
4 751 752 753 754
4 755 756 757 758
4 759 760 761 762
4 763 764 765 766
4 767 768 769 770
4 771 772 773 774
4 775 776 777 778
4 779 780 781 782
4 783 784 785 786
4 787 788 789 790
4 791 792 793 794
4 795 796 797 798
4 799 800 801 802
4 803 804 805 806
4 807 808 809 810
CELL_TYPES 650
9
9
9
9
9
9
9
9
9
9
9
9
9
9
9
9
9
9
9
9
9
9
9
9
9
9
9
9
9
9
9
9
9
9
9
9
9
9
9
9
9
9
9
9
9
9
9
9
9
9
9
9
9
9
9
9
9
9
9
9
9
9
9
9
9
9
9
9
9
9
9
9
9
9
9
9
9
9
9
9
9
9
9
9
9
9
9
9
9
9
9
9
9
9
9
9
9
9
9
9
9
9
9
9
9
9
9
9
9
9
9
9
9
9
9
9
9
9
9
9
9
9
9
9
9
9
9
9
9
9
9
9
9
9
9
9
9
9
9
9
9
9
9
9
9
9
9
9
9
9
9
9
9
9
9
9
9
9
9
9
9
9
9
9
9
9
9
9
9
9
9
9
9
9
9
9
9
9
9
9
9
9
9
9
9
9
9
9
9
9
9
9
9
9
9
9
9
9
9
9
9
9
9
9
9
9
9
9
9
9
9
9
9
9
9
9
9
9
9
9
9
9
9
9
9
9
9
9
9
9
9
9
9
9
9
9
9
9
9
9
9
9
9
9
9
9
9
9
9
9
9
9
9
9
9
9
9
9
9
9
9
9
9
9
9
9
9
9
9
9
9
9
9
9
9
9
9
9
9
9
9
9
9
9
9
9
9
9
9
9
9
9
9
9
9
9
9
9
9
9
9
9
9
9
9
9
9
9
9
9
9
9
9
9
9
9
9
9
9
9
9
9
9
9
9
9
9
9
9
9
9
9
9
9
9
9
9
9
9
9
9
9
9
9
9
9
9
9
9
9
9
9
9
9
9
9
9
9
9
9
9
9
9
9
9
9
9
9
9
9
9
9
9
9
9
9
9
9
9
9
9
9
9
9
9
9
9
9
9
9
9
9
9
9
9
9
9
9
9
9
9
9
9
9
9
9
9
9
9
9
9
9
9
9
9
9
9
9
9
9
9
9
9
9
9
9
9
9
9
9
9
9
9
9
9
9
9
9
9
9
9
9
9
9
9
9
9
9
9
9
9
9
9
9
9
9
9
9
9
9
9
9
9
9
9
9
9
9
9
9
9
9
9
9
9
9
9
9
9
9
9
9
9
9
9
9
9
9
9
9
9
9
9
9
9
9
9
9
9
9
9
9
9
9
9
9
9
9
9
9
9
9
9
9
9
9
9
9
9
9
9
9
9
9
9
9
9
9
9
9
9
9
9
9
9
9
9
9
9
9
9
9
9
9
9
9
9
9
9
9
9
9
9
9
9
9
9
9
9
9
9
9
9
9
9
9
9
9
9
9
9
9
9
9
9
9
9
9
9
9
9
9
9
9
9
9
9
9
9
9
9
9
9
9
9
9
9
9
9
9
9
9
9
9
9
9
9
9
9
9
9
9
9
9
9
9
9
9
9
9
9
9
9
9
9
9
9
9
9
9
9
9
9
9
9
9
9
9
9
9
9
9
9
9
9
9
9
9
9
9
CELL_DATA 650
SCALARS component int 1
LOOKUP_TABLE default
0
0
0
0
0
0
0
0
0
0
0
0
0
0
0
0
0
0
0
0
0
0
0
0
0
0
0
0
0
0
0
0
0
0
0
0
0
0
0
0
0
0
0
0
0
0
0
0
0
0
0
0
0
0
0
0
0
0
0
0
0
0
0
0
0
0
0
0
0
0
0
0
0
0
0
0
0
0
0
0
0
0
0
0
0
0
0
0
0
0
0
0
0
0
0
0
0
0
0
0
0
0
0
0
0
0
0
0
0
0
0
0
0
0
0
0
0
0
0
0
0
0
0
0
0
0
0
0
0
0
0
0
0
0
0
0
0
0
0
0
0
0
0
0
0
0
0
0
0
0
0
0
0
0
0
0
0
0
0
0
0
0
0
0
0
0
0
0
0
0
0
0
0
0
0
0
0
0
0
0
0
0
0
0
0
0
0
0
0
0
0
0
0
0
0
0
0
0
0
0
0
0
0
0
0
0
0
0
0
0
0
0
0
0
0
0
0
0
0
0
0
0
0
0
0
0
0
0
0
0
0
0
0
0
0
0
0
0
0
0
0
0
0
0
0
0
0
0
0
0
0
0
0
0
0
0
0
0
0
0
0
0
0
0
0
0
0
0
0
0
0
0
0
0
0
0
0
0
0
0
0
0
0
0
0
0
0
0
0
0
0
0
0
0
0
0
0
0
0
0
0
0
0
0
0
0
0
0
0
0
0
0
0
0
0
0
0
0
0
0
0
0
0
0
0
0
0
0
0
0
0
0
0
0
0
0
0
0
0
0
0
0
0
0
0
0
0
0
0
0
0
0
0
0
0
0
0
0
0
0
0
0
0
0
0
0
0
0
0
0
0
0
0
0
0
0
0
0
0
0
0
0
0
0
0
0
0
0
0
0
0
0
0
0
0
0
0
0
0
0
0
0
0
0
0
0
0
0
0
0
0
0
0
0
0
0
0
0
0
0
0
0
0
0
0
0
0
0
0
0
0
0
0
0
0
0
0
0
0
0
0
0
0
0
0
0
0
0
0
0
0
0
0
0
0
0
0
0
0
0
0
0
0
0
0
0
0
0
0
0
0
0
0
0
0
0
0
0
0
0
0
0
0
0
0
0
0
0
0
0
0
0
0
0
0
0
0
0
0
0
0
0
0
0
0
0
0
0
0
0
0
0
1
1
1
1
1
1
1
1
1
1
1
1
1
1
1
1
1
1
2
2
2
2
2
2
2
2
2
2
2
2
2
2
2
2
2
2
3
3
3
3
3
3
3
3
3
3
3
3
3
3
3
3
3
3
4
4
4
4
4
4
4
4
4
4
4
4
4
4
4
4
4
4
5
5
5
5
5
5
5
5
5
5
5
5
5
5
5
5
5
5
-1
-1
-1
-1
-1
-1
-1
-1
-1
-1
-1
-1
-1
-1
-1
-1
-1
-1
-1
-1
-1
-1
-1
-1
-1
-1
-1
-1
-1
-1
-1
-1
-1
-1
-1
-1
-1
-1
-1
-1
-1
-1
-1
-1
-1
-1
-1
-1
SCALARS final_gauss_von_mises_Pa double 1
LOOKUP_TABLE default
725093.6991230262
796649.3930378393
339647.078324163
524301.7418191831
381710.66899307625
551777.1272425746
552294.9958503821
382387.15565256594
524540.8202835314
335900.98017010425
801171.7897242879
725847.5177629072
1052223.050406284
694840.6952935302
694749.0156394596
1052888.6819579923
332040.0540691491
378385.1948404175
1120582.5419467457
1461581.4604192083
801023.0864165672
1101690.0459876524
1101624.9723211743
801950.2357666092
1461196.9933987474
1120233.539356456
378396.96462255716
331766.8135054816
970927.2222313506
534905.9305167864
535103.2983948354
971261.4239174577
871887.5388170034
829408.113989765
1103560.3470666748
1035719.1662573847
2268992.0293856747
2417970.4682623176
2417917.010932534
2268935.1109527852
1035734.207721609
1103116.9638695703
829487.2538528679
871662.618181855
817076.2115900107
772257.9308970564
772371.5146820134
817478.4553093191
1656565.4629704575
1520768.7146406812
1300426.1248729704
1560142.8974967
2871204.7747704275
2459305.767695873
2459492.4024264496
2870856.7941550952
1560016.2180730624
1300365.7923211697
1520842.4148153982
1656352.206249091
1132579.2600971994
1069160.2211382033
1068998.9115370417
1132686.1454323633
1794091.2446224452
1733271.8616068978
1819532.927197417
1915153.7061466214
2405327.526658146
2074796.204942291
2074708.0646651692
2405289.3994110753
1915492.7858613904
1819534.7002213532
1733129.1076328729
1793838.3924898542
1084453.253845674
1181505.1688101331
1181236.4113195443
1084792.3015815176
1842262.8058639509
1888741.0833224298
1803447.048065704
1497180.498541172
1908953.19209978
2270909.576642777
2270966.829671135
1908788.1572629234
1498074.7376726214
1803069.6105509305
1888899.721960425
1842848.0007693975
1183109.726304172
1195914.4803763025
1195766.2179810384
1182793.4554944467
1436429.963911457
2095545.0909281573
1720604.3359719187
953151.2506686768
1868841.578474773
2484332.2134836297
2484138.7919101394
1869067.6757773836
952386.274813438
1720222.2994000716
2095266.610716273
1436060.7896327064
1132778.8001661946
1184789.4966477219
1184840.7752445687
1132295.0455115568
1702671.989401428
1922101.9785434338
3563598.1966524823
2459324.317908851
2495896.4123228714
2510165.538327841
2511429.8976175436
2494210.3797552027
2457696.0760172145
3561149.33952339
1922207.0388969353
1703153.4059395539
2732568.2382556745
2416250.40478767
2416170.0635978444
2732720.411796881
1558469.2538223022
1688683.0796681794
2110962.9108927785
864392.090074529
1850133.1488607528
1900682.8742437405
1901009.6489528415
1850205.2146660243
864113.0307096238
2110483.186106699
1688346.4485385562
1558336.229264464
1224949.2200025897
1252373.0694877468
1252291.2774648129
1224412.3419024122
1414449.5928358438
1547697.9554379557
1786058.733773852
523852.2248549185
1389770.5063265394
2061952.9480330253
2062394.6052346209
1389797.5063026575
524099.3230646576
1786233.2444853575
1548032.459413155
1414103.0420034654
946867.8237140547
1130697.0761079302
1130422.6260861545
946470.8498198879
1217327.8077840183
946441.2957627355
1510598.7784897266
693551.4549075392
1735579.7738623205
1208059.3283930204
1208241.497569207
1735530.176421885
693484.4348594156
1510553.523670103
946548.9029230084
1217136.2822651372
542874.625686893
1224135.241934239
1223973.512466904
543246.3307209008
1041172.1551283537
910884.6776654827
1422542.565114867
1130341.861646725
1543610.4505490868
1629237.9384166787
1629280.0215658022
1543788.7568810475
1130317.0841671012
1422653.5135053587
910774.9691146686
1041244.6294919626
1026247.3255859886
793820.5765764113
793806.0315171173
1026262.094151533
630460.652630462
976050.2074218343
671046.6523224273
1061871.7495867761
754245.7070247077
953894.0898285027
953886.6852531836
754229.1443766685
1061892.8168302742
671134.3185928041
976102.9700329702
630381.6191122037
534441.5491594088
570681.4529553843
570717.459619163
534496.9949623815
461924.1181113584
284104.81313434546
688781.669784776
711676.0064408694
407296.4483918676
404622.57120306365
404626.60236918327
407356.1352907161
711673.0287715307
688780.5663636463
284134.4713145088
461928.1809894113
418725.33252319373
429962.8725006841
429933.9704227742
418789.0447674916
146110.32532429378
200653.78862237022
479176.7699407616
336143.1398838503
276392.606477728
250146.43331727045
250149.09978990405
276355.1647321136
336182.8654120404
479152.22002838243
200580.16061350357
146058.92494568368
397483.3472536317
599979.2158556139
600007.7141029661
397520.87897053635
182694.77429679243
297986.7557718632
254489.87150009346
311937.94363075594
225096.39145732755
281992.0326751003
282008.61841909704
225084.22543367924
311935.9845807827
254524.4760742526
297928.8211253503
182697.35058547926
207343.25983081278
272628.458985059
272602.76073096256
207346.92620681933
142880.27456262978
164366.60359713584
279197.0733481667
185673.35800528864
164092.07804160303
169689.7964127707
169697.50871577562
164093.52741740135
185685.4759196237
279141.4218593669
164392.56977955368
142818.03870405984
119022.21098471161
300515.5308447437
300518.7903900937
119003.5087426065
134997.52397842202
135969.9479303107
185836.56872235643
149185.88136918523
201914.65845568947
142620.58750136156
142612.23363490147
201895.34185006018
149206.59153539911
185819.07466995876
135926.03833974834
134972.20036380703
133239.86572110956
161980.920902037
161953.06390497848
133326.146829231
103129.93082629796
186212.74039239937
142878.86325045957
211035.48164983062
155992.65131410226
141407.07935758776
141395.86266404847
155944.02898005059
211015.08498498675
142923.776767488
186255.07923851264
103040.91550782966
121552.07995878466
141159.79804871467
141124.3983196141
121659.81227266384
60134.413330461415
101564.01858124959
94706.37391089356
75611.60255410348
74946.29367924645
71782.13528951579
71652.9051458559
74868.83231943903
75705.01388769496
94652.56916788795
101632.05278056876
60119.564727641715
73611.70179970599
162196.70854947364
162220.87835529083
73621.84732418273
95057.43130777091
93195.04851712917
88923.80224708394
220711.7807071568
113233.82021601973
98024.8642196703
97918.38554896967
113046.1358238709
220418.8503660936
88904.62352246382
93258.68480060885
94937.8286782513
107069.72500996813
201310.12577544234
201256.47416994578
107046.90060995832
406234.0977205619
278447.3014441996
276888.9846050776
420030.1513622716
627337.6430520797
384926.6449128991
384958.0839021121
627038.5996488404
420277.4550668265
276517.06063103717
278351.79282055894
405962.1997098149
520498.0227079185
629178.8506441469
629422.0133645185
520318.82693634805
410297.41111976095
308605.88647267036
339425.0861842133
468365.660022921
571195.8314132325
507121.68781570136
507240.97218705603
570914.3894754072
467308.21025879495
339324.7036408866
308588.3739270235
410998.6571848886
456035.00509985274
320211.59427737986
319750.8939961602
456615.0646352941
151341.11834767525
391536.74905623373
392396.10245716077
482191.68286031723
535888.4672040201
402402.47166891163
402024.24005316646
535357.6871558693
481247.31309530995
391793.4456057712
391673.8233034785
151494.59449565306
330034.46096569585
296166.3530713656
296903.4696612569
330422.90206077415
271738.6243793987
233446.45311502868
451536.20902130316
451999.3455077963
246742.313623426
275655.4789807366
275273.2316879963
247337.40557982025
451716.38469857804
451151.1893527711
233774.60218056903
271638.4503553952
251901.56421756267
121111.14591920107
120884.17865412182
251793.86365061713
347221.6315497624
193063.1190843627
338632.07169467845
593152.9567412651
289660.4671379853
274238.0695003264
274125.71907476167
289367.57637474523
592384.5059327822
338350.6729944618
193000.04029773298
347318.58426938107
235827.2416005206
201715.80723354558
201785.21738848725
235856.63735401
368504.2169058793
162833.37942522735
340940.7218472841
432224.9899005347
303877.6535152827
378815.21526416665
379475.8731862937
304255.89499427605
432403.73446764477
341486.53862715204
162699.52277730222
368297.2003103379
246194.50308091365
280159.5925169325
279649.76708931423
246459.71045845153
358130.1818427061
152504.9062089538
274061.5119813973
484912.8197023259
429889.1257072927
276371.3524729842
276862.2987217539
429907.6424755047
485222.394392284
273932.30826709373
152819.13636173512
358507.0898038672
298985.96310060495
248567.3878645403
248972.11773262598
299669.42235852405
368644.32969133067
342963.77382993844
312383.70629922324
433292.74099686905
492010.9553837179
305760.26598098734
305842.68005392415
492515.0024076665
433480.5668834
312452.698770917
342701.9299353804
368535.029141667
292169.5701750304
174118.9257550723
174519.25162211218
293254.248715322
347872.3070292204
294632.520678998
239355.40602946
164085.10709320722
164367.38939787066
239910.36153359356
239961.4957772332
164127.79886300638
164040.06354596603
239663.76088293604
294503.90013263223
348459.90074564575
257128.1558482793
274949.8086080233
275112.38139699685
257620.80835202697
1889330.4119921562
1720526.7178224178
1717930.4730184278
1888240.2920821402
1874328.5689443324
829597.9839951972
831001.8640846319
1876102.1865749606
1579719.7262504157
738559.4937874151
739731.6947743974
1578833.2911581711
1340902.8736063158
467610.85580995353
468491.79546201177
1332401.2153285749
704290.9454043717
470408.6752052914
470450.3168604738
704041.6038234899
612575.7176111055
753947.4261027488
753252.4502822222
612454.6928717132
688334.7673660408
1400026.9215513626
1396722.8460501644
687400.5230138628
771837.0503753375
609006.7983759815
608785.1950426096
770454.4893401548
2880506.2622986147
3123807.1124557876
1592811.9007298334
2627384.5045944666
2890978.3858138532
3142685.116638004
1908686.5022589108
1909219.0191435372
2940930.073478573
1349087.5735780667
1200979.6194037695
1838820.0214890079
2123684.144789756
1855497.1534644354
2752822.1593828485
1506146.3943159694
1440003.1204168745
2680606.087158496
238320.0315515433
288402.16004671215
426444.44264472893
205135.84097269125
132830.5083829624
139061.19521450365
187231.37858153778
158760.37175998706
164225.23918152807
240468.71577755373
139166.16300442733
110875.94925903516
203265.17143658485
194912.669044567
116243.54628538311
335446.03984335973
181140.58998312126
148833.08638518007
238031.9468244564
288268.5011396623
426311.4352388592
205222.84245894608
132741.7667740798
139050.83554045713
187383.0622893508
158684.5886699176
164221.80244232318
240389.72331563637
139206.5265666981
110846.91953172412
203032.8991601508
194978.17512264632
116291.03974088856
335526.6240272812
181218.16462367226
148878.0678511737
788975.5150788273
191988.2722314849
60717.490794053185
633380.3561605766
284986.4854763128
58866.53152898899
262113.10840163252
170913.66176205475
108910.48509704886
343242.89300296863
72791.13008668255
84267.92103895078
97308.1172689695
72709.5940271761
87125.52576677596
50337.08598685016
54997.39791090862
87889.50098191206
1015873.3095716422
251486.67228023306
74595.04097035452
255109.89533181925
365737.4641058618
147197.2655281648
303893.54017808073
113071.52403951883
160639.3530661418
311761.8243883784
96258.55313062858
132122.25477692892
260988.45777063558
97390.90402770549
122825.1275167443
145310.39289324655
172657.82351656898
93285.44706482213
1440.4707318069832
12371.315242110139
24910.216546640448
19597.469041863398
6661.081030657933
4749.588244924155
3092.726883444014
2613.250751683666
1509.4931880689317
632.5832803427801
465.95504560928725
7.520172601457059
4110.224930901813
18740.457201450496
82288.63646762597
98230.76197130806
43624.960048346584
10165.109962247101
5574.615124171011
3002.469678660062
1799.8354700631749
1001.2532169997916
1011.8416286742957
358.63690933316343
4521.495624808441
21787.092794417495
106390.67843322802
356674.6543209689
58398.131882566864
9186.03696206511
6645.4425669285765
4428.170953974486
1739.3546455953606
2094.88075140365
1281.0324902261782
330.01944450364255
2454.9120180438745
3984.893289811703
23689.393982368325
31654.733167471306
44420.817745359476
6474.400832238141
1673.839458925077
679.2222536722245
1581.228332969207
1993.3004487642504
799.9133471241506
11.532601496850106
POINT_DATA 811
VECTORS displacement double
-6.476487595904122e-07 -1.189526112148755e-07 0.0004497367708223363
-3.614981795448529e-07 -2.162272884242603e-07 0.00044974981697363565
-1.8017646989017304e-07 4.1811158107685616e-07 0.00044955167776603125
1.2184392324462804e-07 -3.1852822685856806e-07 0.00044940211542821674
3.401493900870433e-07 -1.5032467592036652e-07 0.00044951178266295987
2.3063986935873572e-07 2.604220144713107e-08 0.0004497917935836058
1.15784741828159e-07 -2.9838540474124425e-11 0.00044978061037183174
2.3058488449012058e-07 -2.6115156164805694e-08 0.00044979199024631225
3.4015250668584403e-07 1.5037512349005596e-07 0.00044951178652987046
1.218887988613437e-07 3.1884168237883657e-07 0.00044940197061998135
-1.8016908291566274e-07 -4.1826263900008696e-07 0.00044955165118851367
-3.6153909227025913e-07 2.162396955325193e-07 0.0004497498599870971
-6.476313293400666e-07 1.1891122910173236e-07 0.00044973678076024043
-1.486134898059032e-07 8.013053261801025e-08 0.00044963451392045364
-2.2329481093388108e-07 4.208982477671648e-12 0.00044920016859447965
-1.4859442419030204e-07 -8.010766884013137e-08 0.0004496344197182015
-1.0189369552713075e-07 2.598897682354231e-07 0.0004493778921489926
-2.7940784931658816e-07 5.537436711506592e-07 0.00044912656605163953
-4.6161488118068275e-07 7.944371197407316e-07 0.0004491114421870264
-2.2088574302750748e-07 8.552359381574769e-07 0.0004490625159499377
4.936724489317295e-07 -3.873553333249258e-07 0.00044816577683440484
7.153784370690801e-07 -3.581701755151931e-07 0.0004482439596335526
3.8430756818386025e-07 3.961019339914292e-12 0.00044971483442238377
7.153881863716851e-07 3.581469891538023e-07 0.0004482440476790985
4.936562692344732e-07 3.8736893679459627e-07 0.00044816582539059657
-2.2080856643804747e-07 -8.550812923018519e-07 0.0004490624498132539
-4.6170312939220027e-07 -7.945816968996578e-07 0.00044911142117698937
-2.792799424848497e-07 -5.536827961390563e-07 0.00044912657930880486
-1.0195237324937074e-07 -2.598774651024509e-07 0.0004493778851491173
-6.502233984042451e-07 -9.133290891758804e-08 0.0004496757220012357
-8.735625878349476e-07 3.244962036741819e-12 0.0004496344471405278
-6.502155380680867e-07 9.134878270371951e-08 0.0004496757133871057
-8.615260249422591e-08 -1.2516479467004178e-07 0.0004497000704807123
-2.4596927757255313e-07 7.809003760970745e-07 0.00044903401014194063
-2.6813235098962714e-07 1.0097737608253643e-06 0.00044892359775249263
1.3343850851202765e-07 3.246289094464189e-06 0.0004494074713856595
-6.16606250663021e-07 3.1523438990188062e-06 0.0004494147587331224
7.137909411170858e-07 6.17501642958425e-07 0.00044562224731395936
2.1845428407041516e-06 -5.1686510052872165e-12 0.0004430042835254443
7.138089353926024e-07 -6.175069578291721e-07 0.00044562227987212353
-6.165753293577394e-07 -3.1523416458056415e-06 0.0004494147410153548
1.3335295909485477e-07 -3.2463304239247436e-06 0.0004494074878519247
-2.680610558302118e-07 -1.00972432275189e-06 0.0004489236008488313
-2.46009482740333e-07 -7.809652105249616e-07 0.0004490339843770236
-8.610393432392582e-08 1.2518816713896046e-07 0.0004497000799915387
-4.967023267766167e-07 1.234716997597759e-07 0.0004498344664916049
-5.823749021282636e-07 -1.1404476487437078e-12 0.0004501505602915885
-4.966471352546784e-07 -1.2349567444514556e-07 0.0004498344892953735
1.2958006770381588e-07 -1.0108902996315486e-06 0.000450667552230324
-2.70882238792779e-07 3.7446824685723957e-07 0.0004496177254856533
-1.5589931579762876e-07 1.1237032247185018e-06 0.0004493886434103027
2.0969252355773902e-07 -1.2282638814551327e-06 0.0004488187721303303
-6.951323527385925e-07 1.0269136311305516e-05 0.00045642248243230916
-5.92875885002364e-09 4.494640786595395e-06 0.0004481119563464166
1.3620107481211887e-06 1.3609399328019717e-11 0.00042680778478396884
-5.935927084876387e-09 -4.494643139396669e-06 0.0004481119237997586
-6.951587594722442e-07 -1.0269159234098373e-05 0.00045642251643440116
2.0973528174723328e-07 1.2282652716574592e-06 0.00044881876900651225
-1.5595005708251833e-07 -1.1237104416199652e-06 0.0004493886528518455
-2.7085120482637026e-07 -3.744235096889617e-07 0.0004496177306278373
1.2954350889234336e-07 1.0108554020870713e-06 0.0004506675290238639
-5.822504739810988e-09 -4.6493125802433243e-07 0.0004486868879143555
1.3148867110393093e-07 -1.496012997704776e-11 0.0004515427930587636
-5.8588952250470896e-09 4.6494541994415035e-07 0.00044868689301917294
-2.3597036543342384e-07 -7.235546429322631e-07 0.000450309958726566
-5.732911854074424e-07 7.370802181737084e-07 0.0004495154469799492
1.4332133392977412e-07 1.3168338301081866e-06 0.00044934947555058116
3.082509693790023e-07 -1.4661571077121463e-06 0.0004485897050908348
-4.3171734723094646e-07 1.1623085165465309e-05 0.00045728643668056606
2.8260189944745803e-07 4.295939675366125e-06 0.00044663992349861935
6.649709845443217e-07 -1.522052423602423e-11 0.0004264609634661945
2.8258118554863864e-07 -4.295943197700922e-06 0.0004466399883754937
-4.3170719154076216e-07 -1.1623116537120708e-05 0.00045728638183768083
3.0827063271213126e-07 1.4663440786534627e-06 0.00044858968520007593
1.4330579838819852e-07 -1.3168817426230553e-06 0.0004493494569585527
-5.733038964766631e-07 -7.371150239407497e-07 0.00044951547485612794
-2.3597372128362463e-07 7.236283595697276e-07 0.0004503099360328322
1.7509230520672603e-07 -4.7414568712684267e-07 0.00044851182244138996
2.760172925524368e-07 2.1377636867603046e-11 0.0004508723946946387
1.7506567131091523e-07 4.74121670048115e-07 0.0004485117184609263
7.12711284731426e-08 -1.0970291688356774e-06 0.0004508690615965569
-2.688100035387807e-07 1.7084242668485779e-06 0.0004490917464005154
-2.3758575735092545e-07 7.648595458484702e-07 0.00044914470925253605
3.1577060463263027e-07 -3.6094042239513356e-07 0.0004488216277083888
-1.3974908455808346e-07 1.1860387329042771e-05 0.00045716437796779874
2.731658821735046e-07 3.953044220343714e-06 0.00044549435568618233
4.669398209510017e-07 -1.1663386792473311e-11 0.0004266143058470551
2.7316557531155073e-07 -3.95303413241502e-06 0.0004454942278136703
-1.3974635821910579e-07 -1.1860292353719751e-05 0.0004571644328934276
3.157862531809827e-07 3.607072190465782e-07 0.00044882163122288404
-2.3759113245820682e-07 -7.648047708783477e-07 0.0004491447530381375
-2.6882420284323484e-07 -1.708382939456675e-06 0.00044909170136469087
7.12715842369045e-08 1.0969317065823278e-06 0.00045086910089046705
-1.1194767727575482e-07 -6.712299658709656e-07 0.00044804875279411577
9.592931577124056e-08 -1.7072703254228826e-11 0.00045147294708148443
-1.119517026993918e-07 6.71270200385497e-07 0.000448048849265692
-2.1093028356365325e-07 -8.17496147333141e-07 0.0004508228771853273
-6.402798970989427e-07 1.8267779612529643e-06 0.000448956545399111
1.5866026518389257e-07 7.770034422330259e-07 0.00044905157369000024
3.8616221175308533e-07 -2.602157115408064e-07 0.0004487313973939842
1.6536179128319102e-07 1.1675241721337688e-05 0.00045684161819223984
5.987109760398375e-08 3.73791906146598e-06 0.0004452313532092924
2.1043750529574613e-07 7.892059993164136e-12 0.000429016130869746
5.986205910395938e-08 -3.7378727000969047e-06 0.00044523144324098936
1.6536148764653799e-07 -1.1675332678545186e-05 0.0004568415431845531
3.86173902183089e-07 2.60368087669413e-07 0.00044873144281227563
1.5865055564341272e-07 -7.770771822072861e-07 0.0004490514852826408
-6.402814702702483e-07 -1.8267972950128466e-06 0.00044895661205322064
-2.1093366547043665e-07 8.176010949682948e-07 0.00045082286748091146
1.9097755324677815e-07 -7.799805120227314e-07 0.0004482417659003744
-6.632474786820852e-08 1.7197724661522134e-11 0.0004511706386318873
1.9097798721407073e-07 7.799375784239206e-07 0.00044824167000518517
-3.152581246221481e-07 -4.243870481972612e-07 0.00045054393653219216
-4.90188412061908e-07 1.4100907408542532e-06 0.0004491603320655194
2.169460121090887e-07 1.3061264413179135e-06 0.00044898956432844856
4.4092057625452644e-07 -5.670921250400085e-07 0.00044886769666740636
3.430687667485472e-07 1.0862589828387951e-05 0.0004562061094803406
-2.0723893403328313e-08 3.238012062697874e-06 0.00044514331589636647
3.4077936795812324e-08 3.222382634749987e-11 0.00043055454164613396
-2.073413225621944e-08 -3.238168628493652e-06 0.00044514332200242646
3.430759452999261e-07 -1.08623394659289e-05 0.0004562060632110171
4.4092580930195556e-07 5.670339753598629e-07 0.0004488675977281746
2.1693390054983734e-07 -1.3060148470959464e-06 0.000448989670645711
-4.901840433797755e-07 -1.4102401192025012e-06 0.00044916018939781583
-3.1527437116928845e-07 4.2428229107480903e-07 0.0004505439512175225
-3.477951149430333e-08 -6.028587882522941e-07 0.00044862429264392077
1.2496974089699944e-07 -4.72161423175018e-11 0.0004503309665980641
-3.479829401645984e-08 6.02939446818373e-07 0.00044862436168961625
-2.666799430678139e-07 -1.0157873648881661e-06 0.0004507331468365906
-4.616090851922574e-07 2.337737856320511e-06 0.0004487776945288745
2.1235469745117799e-07 3.779550929382404e-07 0.000449271904760557
4.267084188039409e-07 1.3106290492693736e-07 0.00044889427235114985
3.694392844390042e-07 1.0241016363691781e-05 0.000455793863194031
-8.242424377454382e-08 2.9833090010223848e-06 0.0004452662757072392
-1.9415309073548732e-08 -1.0866648568904208e-10 0.0004302770705124572
-8.242701772094251e-08 -2.983113981690527e-06 0.0004452662547462422
3.6943993824893085e-07 -1.0241320717611821e-05 0.0004557939688903804
4.267131488323708e-07 -1.3111632713413734e-07 0.00044889442243368425
2.1234372445051384e-07 -3.78121339080098e-07 0.0004492717816856774
-4.6160546765067883e-07 -2.3374605514508225e-06 0.00044877789957460223
-2.6669236805243756e-07 1.0158936884936627e-06 0.0004507331569404737
-7.512778297970838e-08 -1.001982921222041e-06 0.00044824981551713105
9.123579470840172e-08 6.62005379319437e-11 0.00045160542940109535
-7.514258936902785e-08 1.001828523194799e-06 0.0004482498939918771
-7.980471540032927e-08 -7.780285894040684e-07 0.0004508074606761928
-3.894838444805547e-07 2.002016064994264e-06 0.0004488299897806216
1.1547161226849679e-07 6.639606752184259e-07 0.00044918049522129884
3.830146672578047e-07 4.519762816467233e-07 0.0004492371400375919
3.514386708043031e-07 9.196758256415831e-06 0.000455128047001938
-2.738869861533551e-07 2.9812200759508097e-06 0.00044597811905765396
-1.278062753509877e-07 3.702352821043914e-11 0.000432185635290147
-2.738806798121643e-07 -2.981359508221401e-06 0.000445978106125866
3.514244082310199e-07 -9.196614385987889e-06 0.00045512806293420473
3.8301987039654367e-07 -4.5197230208624476e-07 0.00044923702712276444
1.1546935280442415e-07 -6.63929128270469e-07 0.00044918060404735915
-3.894919370058426e-07 -2.0020973711133607e-06 0.00044882987535099723
-7.979273520445395e-08 7.780012999566463e-07 0.00045080751420781165
-9.360489242803074e-08 -7.637315346056476e-07 0.000448212215658644
-1.0833281194075141e-07 -2.9988967690185877e-11 0.0004510175892611123
-9.360226773060637e-08 7.638233556310693e-07 0.000448212153017056
6.420819914298284e-08 -3.5016793531089496e-07 0.0004503008380908793
-2.82890123203664e-07 1.1802787547750404e-06 0.0004490395427980457
-1.7304704496312792e-07 6.529920815286481e-07 0.0004492018175195805
4.408350546276291e-07 5.889455698022374e-07 0.0004493783368320853
3.162093718244077e-07 8.114953918777877e-06 0.0004542756546812586
-5.18188804956374e-07 2.3649499994532285e-06 0.00044584118472907095
-3.7576262102680124e-07 -1.2243564591639857e-11 0.00043377351093418475
-5.181825166664613e-07 -2.364891717647907e-06 0.00044584119859923253
3.161971329228662e-07 -8.115047829609374e-06 0.0004542756441612749
4.408310306514535e-07 -5.889396489419091e-07 0.0004493784083953886
-1.7303997278627818e-07 -6.530013742668936e-07 0.00044920173441053584
-2.8289027993948307e-07 -1.180236438187262e-06 0.0004490396300101177
6.421311619739753e-08 3.501912071403616e-07 0.00045030078864519087
8.420519074856981e-08 -5.894458320865423e-07 0.00044884479346332044
-4.0344984525541463e-07 2.4785260270567072e-11 0.0004504599821807064
8.420767716878658e-08 5.893697264098621e-07 0.00044884482842586616
1.0177709759891472e-07 -1.2140231254155016e-07 0.00045012570634620543
-7.442011839613757e-08 4.513748684873939e-07 0.00044940006543542485
-3.4023688800211083e-07 9.536257365017993e-07 0.0004491316369563787
3.9571249712294026e-07 1.155390723466155e-06 0.0004494283290195407
4.941791295669171e-07 6.815799852353531e-06 0.00045349799663785625
-3.4161907756289156e-07 2.1639668847768657e-06 0.00044579865013990704
-4.6319867478680295e-07 1.6295479563088948e-11 0.0004354597051431298
-3.4162907811035655e-07 -2.1639936750229584e-06 0.0004457986532339059
4.941795331222516e-07 -6.815768241341309e-06 0.00045349800169548207
3.9570604774776666e-07 -1.1553859078042942e-06 0.0004494282902733107
-3.4023394996396913e-07 -9.536152750206944e-07 0.00044913167376003596
-7.442097847724863e-08 -4.513853177097995e-07 0.00044940002089732546
1.0178487118560904e-07 1.2138076701033636e-07 0.0004501257244388413
-7.283098798683465e-09 -4.590122798972008e-07 0.0004492848853565087
-1.9146148636218897e-07 -1.988590678960594e-11 0.00045012507275778326
-7.2850368244390484e-09 4.5905477007954493e-07 0.0004492848640870247
4.1829354314350703e-07 7.928959660076071e-09 0.00045024839363802684
2.360569656892059e-07 3.164701686667725e-07 0.0004498408065277777
-2.6055806083597155e-07 1.2573504768909505e-06 0.00044932770905550367
-7.257539873373442e-08 2.445607376904024e-06 0.0004494575463001355
6.354371721574684e-07 4.847192499240974e-06 0.00045123412966386646
-2.6483340043247604e-07 1.703812798999376e-06 0.00044682724388476824
-1.24376208620102e-06 -4.1036693586135295e-12 0.00043939931041700773
-2.6482863372041236e-07 -1.703803565790807e-06 0.0004468272403297821
6.354429066842056e-07 -4.8472010362582916e-06 0.0004512341314960779
-7.257404056785662e-08 -2.4456043669651838e-06 0.00044945755529199734
-2.6055705651692855e-07 -1.2573546177661579e-06 0.0004493277004622066
2.3605450273359477e-07 -3.164623891994099e-07 0.00044984081778432487
4.182894629889575e-07 -7.923954078084828e-09 0.000450248381398441
-2.358029375188304e-10 -2.3808622918579497e-07 0.000449809586927816
-3.6452478422822003e-07 7.083371696343096e-12 0.0004501840227003845
-2.3286001945670886e-10 2.3807165050828757e-07 0.000449809587108813
1.2149309010685566e-07 1.7535743614427273e-07 0.0004495336941070835
-9.603730419269611e-08 8.19691623034243e-07 0.00044923662064603705
-2.6355826014528195e-08 8.0825916750608e-07 0.0004493032829557109
3.061671636139169e-07 1.4022036712928891e-06 0.00044929474875756874
3.6617149301901416e-07 2.738614530746657e-07 0.00044830730649227595
-2.248071273880319e-07 1.663256216385391e-08 0.0004480892447089886
-5.30323672461262e-07 3.169810042470798e-13 0.0004485284295881853
-2.2480997941850618e-07 -1.6635333661567308e-08 0.0004480892505303241
3.661692826054041e-07 -2.738547901651766e-07 0.00044830730044539486
3.0616915906533294e-07 -1.4022071156773756e-06 0.00044929475009921233
-2.635676325156819e-08 -8.082507997000934e-07 0.00044930328368739017
-9.603720870236356e-08 -8.197022950911496e-07 0.0004492366165162744
1.214921656335955e-07 -1.7535366329787398e-07 0.00044953370026137857
-1.3478199599537206e-07 -1.1231880635378078e-07 0.0004495141352985671
-2.482413167031209e-07 -2.3230278524528894e-12 0.00044978217183158013
-1.3478320766066932e-07 1.1232290978336959e-07 0.000449514137161676
1.9091418467849403e-07 2.0811844255992539e-07 0.000449426589695094
2.2618550116552194e-07 3.0134521880129957e-07 0.00044943661295833686
1.1205969521327121e-07 9.569337849005432e-08 0.0004494089651357366
2.5517849674650997e-07 -1.545090423226475e-07 0.0004493138353727737
-6.235311048862956e-08 -2.810082239139587e-07 0.0004493619471672279
-1.9571590452813735e-07 -8.066980327731346e-08 0.0004496970095741132
-9.126347782051171e-08 8.0429364665754e-13 0.00044960840518386703
-1.9571439978737935e-07 8.066995160603721e-08 0.00044969700296731947
-6.235253872059475e-08 2.8100622928865414e-07 0.0004493619561924514
2.551778894940865e-07 1.5451146156705357e-07 0.00044931383126682183
1.1205985154685384e-07 -9.57011986004207e-08 0.00044940896701384334
2.2618573265499874e-07 -3.0133339605877837e-07 0.00044943661265655765
1.909150101792755e-07 -2.0812740303201028e-07 0.00044942658942846004
-1.4876430845361438e-09 -8.989598885841783e-08 0.00044935145190327946
-3.0698347434063024e-07 -1.3458567878993926e-12 0.0004494796238673592
-1.4871356238983114e-09 8.990023954980276e-08 0.00044935145306151974
1.5447814691744139e-07 -2.516975893084925e-08 0.0004496562058026633
1.1730978803305448e-07 -2.1319100517342183e-07 0.0004496928437453565
1.4113189607275101e-07 -8.332073792994515e-08 0.000449725673114719
1.3095817579342484e-07 -1.8885416976961504e-07 0.0004498137411354088
-8.964342365289457e-08 -1.714678866597822e-08 0.0004499791890543638
1.3096450654519838e-08 -3.024098248258505e-08 0.00044990849263992674
-1.6957015702502867e-07 -1.4557485922781409e-12 0.00045016566158078536
1.3095712102368333e-08 3.0241856443916654e-08 0.0004499084990411841
-8.964343143616993e-08 1.7149178464169066e-08 0.0004499791810312147
1.3095815871509858e-07 1.8885148243411527e-07 0.0004498137458454844
1.4113244641993286e-07 8.332829377767345e-08 0.00044972567008375264
1.173094034415369e-07 2.1318024498672617e-07 0.0004496928436839535
1.5447781488475458e-07 2.51780180255632e-08 0.0004496562068932393
2.1819795802679082e-07 9.970251189682376e-09 0.000449813371715791
1.3233139868897714e-07 3.630558858687527e-12 0.00044964450808626346
2.1819745362387582e-07 -9.976527155782412e-09 0.0004498133702947639
1.2183578951056127e-07 -8.615984996600064e-08 0.00044998719916604114
8.432002623858363e-08 -1.667168522744236e-07 0.0004500893441020057
1.0324714878352127e-07 -8.489869541896087e-08 0.00045001218287800946
-7.818097198539471e-08 -1.0864749532210314e-07 0.00044994373368565337
-2.7223256929089404e-08 6.611913956857608e-08 0.00045003839992570094
-7.774364033062493e-08 1.1966230175329467e-08 0.00045003427359224183
7.425889478271859e-09 1.0584101106515013e-12 0.00045010017623830264
-7.774337359589715e-08 -1.1966241858280728e-08 0.00045003426797146775
-2.7223837187523463e-08 -6.612291006686965e-08 0.00045003840633874395
-7.817967122686434e-08 1.0865105493697328e-07 0.0004499437302580541
1.0324556154222023e-07 8.489120333019092e-08 0.00045001218491239845
8.432086220016414e-08 1.66726590474045e-07 0.0004500893456465685
1.2183537940374604e-07 8.615350199950227e-08 0.00044998719645116583
1.420747727710685e-07 1.5733270953949188e-07 0.0004500730610144363
2.1907223018134984e-07 -2.219420129131255e-12 0.0004500270081711181
1.4207443715163632e-07 -1.5732900592277179e-07 0.0004500730612374369
8.36098366096492e-08 -7.049736605115521e-08 0.0004501602812778461
7.146024362051262e-08 -2.985183717536788e-08 0.0004500459755901043
2.6030153564541085e-08 -8.694624789309601e-08 0.0004500512947507653
-4.585848079393299e-08 -3.053444799163563e-09 0.00045007995092941983
-1.3115298047990426e-08 -9.95434622316828e-08 0.0004499943107236233
-6.609062437894276e-08 -1.5611535553392e-08 0.00045003950042544734
-8.553456503942005e-08 9.171598364444856e-13 0.00044999489013791786
-6.609058418704579e-08 1.5610296642537985e-08 0.0004500395058167124
-1.3114977384464646e-08 9.954628266805301e-08 0.0004499943037073129
-4.5859635121758896e-08 3.049483174778885e-09 0.00045007995222347497
2.603132340375448e-08 8.695383778706034e-08 0.0004500512971443404
7.145933511244597e-08 2.9841935311380355e-08 0.0004500459734408201
8.361051816459557e-08 7.050482535482578e-08 0.000450160282367153
1.1076065846772431e-07 -2.4570660966811648e-08 0.0004500882266241248
1.6335918066964187e-07 -1.970529040332564e-12 0.0004501623216384695
1.1076144252384214e-07 2.4570661329656038e-08 0.0004500882270999448
1.3947488343104712e-07 9.67175040000734e-09 0.0004500392602919405
1.2981410796380294e-07 -1.6605099733575895e-08 0.0004500686533670624
6.854811372603129e-08 -1.550111361582946e-08 0.0004500707248545723
8.167164427288516e-08 -6.031821103189362e-08 0.0004500362029780028
1.0576897763523631e-08 -1.4910539947973282e-09 0.0004500487991170286
1.894764769995237e-08 -1.2193761083102478e-08 0.00045001076885989284
1.2003519090839102e-08 -5.393971422340807e-13 0.00044999194652308995
1.8948963738002606e-08 1.2194978513270392e-08 0.00045001076442991865
1.0576649957183769e-08 1.4876015151772507e-09 0.0004500488045718753
8.167036486918442e-08 6.032273764891763e-08 0.00045003620306683284
6.854827435586862e-08 1.549392887661053e-08 0.00045007072283445864
1.2981524434225172e-07 1.6613679646599954e-08 0.00045006865530374196
1.3947444823308447e-07 -9.677329445002305e-09 0.0004500392580367354
1.6501016500683972e-07 -5.225904308335103e-09 0.00045006632033170674
1.7712746759889025e-07 1.6852846349664768e-12 0.00045002160187407385
1.6501069131642444e-07 5.225362079312224e-09 0.0004500663192666287
2.1645956995089535e-07 4.0973692620206796e-08 0.00044999598097032837
1.8756009468831236e-07 3.702539101887999e-08 0.00045001891122307237
1.6763088181428278e-07 4.0773114346145626e-08 0.00045001885253757076
1.5819235106679908e-07 2.156847127235848e-08 0.00045002593411654974
1.4945306207476312e-07 8.485888739272592e-10 0.0004500327521887169
1.327871364030638e-07 -1.8580088131095587e-08 0.00045001374928642954
1.3651499801383914e-07 -3.3601379791125198e-12 0.0004500290176815578
1.3278396913449578e-07 1.858005272395293e-08 0.00045001375086348643
1.4945298120250574e-07 -8.412731777605118e-10 0.000450032754350421
1.581954535121948e-07 -2.1571602680512108e-08 0.00045002593398360265
1.6763099180624492e-07 -4.076952796249429e-08 0.0004500188463779032
1.8755829742271178e-07 -3.702808214686464e-08 0.00045001890879835504
2.1646022279273332e-07 -4.0976751050065385e-08 0.0004499959892568065
2.2712716578058312e-07 -1.1081718752752131e-08 0.00044997776671620583
2.049759335831894e-07 4.213335671116562e-12 0.00044997483288078643
2.2712544007988238e-07 1.1080243534846119e-08 0.00044997776793523136
1.986824475256084e-07 -6.583395682570366e-09 0.00045001219136474313
1.9158110681304545e-07 5.8679502542337203e-08 0.00044998372127098645
1.9141615771185555e-07 -2.11228916334982e-08 0.000450019788906803
1.859713925695372e-07 5.264368237966674e-08 0.0004500330247824596
1.6271597382529278e-07 -2.3487664811149158e-08 0.000449977145616281
1.7426290181386898e-07 3.0895477039405266e-08 0.0004500665576246907
1.5280771444462244e-07 -3.3019757720595686e-13 0.0004500085148924627
1.7426548506783195e-07 -3.089555912378357e-08 0.00045006655753836785
1.627156520557092e-07 2.348760535152021e-08 0.00044997714720658867
1.8597035601460649e-07 -5.2646170016641684e-08 0.00045003302553082915
1.9141487517809854e-07 2.11238691460009e-08 0.0004500197882033739
1.9158129669263791e-07 -5.868135042182221e-08 0.0004499837243027972
1.9868135156313035e-07 6.5864338799196045e-09 0.00045001218713374054
2.0300374150496353e-07 -4.10875992334263e-08 0.000449943452696033
1.922303532638154e-07 -3.175937749580159e-12 0.0004500080829339441
2.0300304759435658e-07 4.108783103681596e-08 0.0004499434533023589
1.0735877272750976e-07 2.3668224464947435e-08 0.0004499890298809064
1.0526184220105026e-07 -1.742551041328257e-08 0.00045001159190633704
1.1396422644371448e-07 2.7295252908047376e-08 0.0004499891617395518
1.280383651433414e-07 2.45740024684196e-08 0.00044999550071222246
1.0933183557669666e-07 5.650918413589208e-08 0.00045004304586296177
8.413725798908621e-08 7.22843299165024e-09 0.00044999598679960337
1.171646549290468e-07 6.057787039068483e-12 0.00045000526851982954
8.414062536944741e-08 -7.234519821975586e-09 0.0004499959995230323
1.0932415084028868e-07 -5.650469932514497e-08 0.000450043039952393
1.2802862110008217e-07 -2.4558404277842977e-08 0.00044999549654913364
1.1396994946673198e-07 -2.729889141240412e-08 0.0004499891640834189
1.0526593299158757e-07 1.741663737577442e-08 0.0004500115849317421
1.0735896143695873e-07 -2.3660943234243617e-08 0.00044998902786198077
1.0748116866644462e-07 6.585330009666063e-09 0.0004499996446076136
8.621937252610053e-08 7.546637875110559e-12 0.00045000586303216175
1.0748210970114033e-07 -6.583922312001194e-09 0.0004499996407284466
3.158639963176564e-08 -1.3415613355561288e-07 0.0004501182371639065
1.7993769298817635e-07 1.909104476937342e-07 0.00044993424586617934
8.799932229324868e-08 -5.915754905855783e-08 0.0004499854109826491
6.823599006458967e-08 -1.1588337161411942e-07 0.0004499606737077966
3.1114225237877694e-08 -1.0361560316904002e-07 0.00044988687437229753
1.2104766531129653e-07 4.715310349687936e-08 0.0004500924461252527
3.514413464349038e-08 -1.4000861552150403e-11 0.0004497951662322985
1.209890225605031e-07 -4.7079658477419955e-08 0.00045009228439621147
3.11332296574873e-08 1.0357418637242765e-07 0.0004498869330794212
6.828411321625763e-08 1.1574467341785497e-07 0.000449960732009052
8.79853415547251e-08 5.9216144744084535e-08 0.0004499854122456846
1.799117655938824e-07 -1.908557412150176e-07 0.00044993428079323695
3.161018619135388e-08 1.3409458754724583e-07 0.0004501181825679084
1.2807747234769674e-07 -3.4805274349351024e-08 0.00044994632648259774
1.3032546267420774e-07 5.317174713380085e-13 0.0004498142751129766
1.280798378994255e-07 3.481266860795383e-08 0.0004499463400914857
1.3176354585124496e-07 1.0799366911403606e-07 0.0004499091305215799
1.1001342061022484e-07 -9.663019329259828e-09 0.0004499896832992625
9.191837433902636e-08 -3.358830106209543e-08 0.0004500163230015379
1.1763178609410035e-07 3.753642806502713e-08 0.0004500145997050186
1.1758890125403063e-07 7.262380576198864e-08 0.0004500876826192992
4.945610384651308e-08 -3.8924372679440336e-08 0.00044990178748195844
1.1134880788179341e-07 2.3594123807902333e-12 0.0004500590455660722
4.948394569457127e-08 3.887912821930674e-08 0.0004499018536815281
1.175772850847849e-07 -7.260412883024779e-08 0.0004500876438782551
1.1762331798665818e-07 -3.748275003853413e-08 0.00045001461066491316
9.191148158901027e-08 3.360066928053067e-08 0.00045001633980427735
1.1000271971761392e-07 9.681590382115427e-09 0.0004499896812553297
1.3171219139809192e-07 -1.0790435679445215e-07 0.0004499092182159266
9.126094252832689e-08 2.8405364178548923e-08 0.0004500093215790248
5.416145723337479e-08 -4.493325434028391e-12 0.00045005335525971803
9.126523413106927e-08 -2.8419301849336762e-08 0.0004500093207375834
9.79296635099916e-08 1.756622714947888e-08 0.0004499739190320628
7.25372149415205e-08 -8.485840060962089e-08 0.0004500419432951322
8.2010241993547e-08 -4.930263584780518e-08 0.00044999961927645935
1.2201404265798352e-07 6.135795078286158e-08 0.0004500549277044557
8.254026730778487e-08 8.281065325000759e-09 0.00045002134828454166
1.4800958419721528e-07 8.335145342841494e-08 0.0004501766924271896
6.182463979883372e-08 -1.8263664432168908e-11 0.00044997051061289827
1.4800869071678572e-07 -8.333835438278797e-08 0.0004501766581673521
8.254903281033287e-08 -8.263968726652014e-09 0.00045002136461871006
1.2201998434559222e-07 -6.134674000510866e-08 0.0004500549239563134
8.200700412482591e-08 4.9292788588348465e-08 0.00044999962219695577
7.253928207218882e-08 8.482605750299617e-08 0.0004500419452902746
9.795198065466514e-08 -1.765777308872691e-08 0.0004499738431192003
7.955893661177026e-08 1.907642529714884e-11 0.00045002125296283795
8.317145013294581e-08 -6.733758765698215e-12 0.0004500066655283957
7.954628438854495e-08 -3.2721963020580764e-11 0.00045002130094548895
8.992375235334174e-08 -3.698912976315609e-09 0.0004500002965250004
1.0084935792788608e-07 1.3335668609108946e-08 0.00044998875391163973
9.869740697246728e-08 1.4511426158564998e-08 0.00045003378179291813
6.924333394322692e-08 -7.242022313039887e-08 0.00044998579146023337
8.261528864425852e-08 1.0888392208592822e-08 0.0004500143365322947
5.333679309746539e-08 -3.2467906694270674e-08 0.00044993482428974576
7.852768874395794e-08 1.0678465478881383e-11 0.00045006143260829194
5.338475383734118e-08 3.242771306295361e-08 0.00044993491582210156
8.263468704323185e-08 -1.0920612747598009e-08 0.00045001434887280195
6.924319709738009e-08 7.244125696578438e-08 0.00044998577991784506
9.870305537216099e-08 -1.4541958238877537e-08 0.00045003378730540774
1.0085127571746503e-07 -1.3386920818517755e-08 0.0004499887320136087
8.98781289623329e-08 3.756571682427167e-09 0.00045000034030853416
7.955766229241579e-08 1.9310520434325107e-09 0.0004500219615207618
6.156292415121879e-08 -1.332009849558023e-12 0.00045007420711167933
7.959423068966364e-08 -1.908178651740917e-09 0.000450021866680066
1.1273474536783762e-07 4.783621655925161e-08 0.0004499544840002846
7.804801626981442e-08 -1.3611038646292393e-08 0.00045001663316572755
8.020407711442246e-08 -2.1340167839699023e-08 0.0004500003012847044
1.2867307143694607e-07 8.256433151093289e-08 0.0004500473561601267
6.468098291873048e-08 -4.423323975672625e-08 0.0004499719014350018
3.1117900175419e-08 -5.181440545942921e-08 0.000449894306637765
7.021066026103023e-08 -7.998538328651676e-12 0.0004499941127833201
3.105752263708262e-08 5.1883603222483e-08 0.0004498941180009193
6.467429410770174e-08 4.4264664318222455e-08 0.00044997186005110365
1.287186683448767e-07 -8.266054250055243e-08 0.0004500473868199837
8.0204842545446e-08 2.1320900708551406e-08 0.0004500002917521091
7.798345091651572e-08 1.3734384834681835e-08 0.0004500166822924176
1.1274492924182182e-07 -4.789988587073087e-08 0.0004499544375140689
9.921150710670475e-08 -2.1602942329427253e-08 0.0004499535410244583
9.226108553368078e-08 -3.868724048071934e-12 0.00044996988689894154
9.916088863071157e-08 2.1539194618543908e-08 0.0004499536894615851
4.4259638121005947e-08 -6.732747943822956e-08 0.0004500738995747907
8.273863817251928e-08 -5.538645789493631e-09 0.0004500098879607767
1.0318310635257713e-07 3.5322794719187656e-08 0.000449996229995194
3.300471996119084e-09 -2.2139858857930544e-07 0.00044990651057691384
1.0331514279709184e-07 3.574888519144388e-08 0.0004500503076498541
1.3129192579763436e-07 6.590401150019812e-08 0.0004501564043426137
6.716628220677218e-08 -6.544530417953347e-12 0.00044999980113509525
1.3136220076266658e-07 -6.598105801718066e-08 0.0004501565678548772
1.0334160382445664e-07 -3.57812122992372e-08 0.0004500503346023366
3.2634902932226184e-09 2.215101343520013e-07 0.00044990644902111404
1.0317878960284836e-07 -3.531308637160612e-08 0.0004499962094195365
8.278796074028434e-08 5.38925293781416e-09 0.0004500098178757991
4.422577652736006e-08 6.738419176558253e-08 0.000450073965511826
1.0214008069787439e-07 -2.9460976537219477e-08 0.0004499318930451165
6.819714120416586e-08 -4.521339775665601e-12 0.00045000948997195837
1.0221656754616671e-07 2.953244379128197e-08 0.00044993168343601333
1.0372131133004951e-07 8.32158849919111e-08 0.0004499357883411773
1.0746002538348081e-07 5.8570732081846566e-08 0.0004499746461679305
8.023392045491801e-08 -4.517824985066625e-08 0.00045000507885637506
1.6822341071738141e-07 2.5680073878156614e-07 0.0004500976664988724
6.18352118868735e-08 -8.704448219688085e-09 0.00044994950608145295
1.7150455487086287e-08 -5.230257430587293e-08 0.0004498534898581022
5.880578877719271e-08 9.248316981151807e-12 0.0004500131603417285
1.712493817994204e-08 5.2346315321499755e-08 0.0004498534128145767
6.182309792383665e-08 8.727006860391914e-09 0.0004499494720524094
1.6825731010292798e-07 -2.569165840493266e-07 0.00045009770030475814
8.023771982874118e-08 4.51741090500623e-08 0.00045000506669556434
1.0743011565537052e-07 -5.8451782595759845e-08 0.00044997467766249015
1.0375286148789558e-07 -8.324433029584234e-08 0.0004499357388048009
3.3409089484305934e-08 2.609264821997523e-08 0.00045009124072982964
6.625305642685625e-08 -8.491361227113053e-12 0.00044998536229285205
3.3347741381961794e-08 -2.6157571228520923e-08 0.0004500913949634949
6.382366769756206e-08 -1.3768860573621727e-08 0.000449994865592929
8.080206814555133e-08 -2.0645311897488823e-09 0.00044998594065164243
9.141973952793716e-08 -1.4867034551558096e-08 0.000449992998071534
6.914470430496474e-08 -3.8161006972506745e-08 0.0004499876089067167
6.883186809787684e-08 1.6254771170847034e-08 0.0004500239841256427
4.7003242572580176e-08 -1.6510098959558202e-08 0.0004499810057357501
5.904936902734026e-08 -8.970422724609675e-13 0.00045005710682470307
4.701060151524761e-08 1.6494781956184464e-08 0.00044998106463125
6.881630345031585e-08 -1.622664188958517e-08 0.0004500239752106734
6.911951943544929e-08 3.818287744400861e-08 0.0004499876054807533
9.141396975663721e-08 1.4865557001043905e-08 0.0004499930005756455
8.083624882280431e-08 2.0320078286427992e-09 0.0004499859329144249
6.383027275844241e-08 1.3797130072037606e-08 0.0004499948959280885
7.32579219294643e-08 -2.329901739024816e-08 0.00044993819509255316
3.000621665183236e-08 7.433074537393434e-12 0.00045003216179514895
7.324401960476591e-08 2.331844998098163e-08 0.00044993817282286126
4.718578912566546e-08 5.794552205456792e-08 0.0004499577696518049
1.4807814950513235e-08 -2.0269540634608153e-08 0.0004500176260795808
1.105847642511113e-09 7.711829639123246e-10 0.0004500138783325594
3.08385925134084e-08 5.72603007041489e-08 0.0004500284612545963
2.8829632070574774e-08 2.6886908592710225e-09 0.000449991440813278
4.415175925183041e-08 2.079566438339946e-08 0.0004500146434113718
3.404229456269351e-08 1.2587493453586536e-11 0.00044992997255993104
4.4148358148449864e-08 -2.0754875257443994e-08 0.00045001457050840483
2.8845900608457032e-08 -2.68059958408457e-09 0.000449991417591355
3.087735989860937e-08 -5.7303365916037076e-08 0.00045002847297693745
1.1345178116954505e-09 -8.0285429486834e-10 0.00045001388936429166
1.479025530835251e-08 2.031537012010161e-08 0.00045001765435830044
4.7188519410224656e-08 -5.795138807972974e-08 0.00044995776205553696
3.3476852578401095e-08 8.876868489159452e-10 0.0004500375841075091
6.057314825024306e-08 -2.4521125138514685e-12 0.00045003682728659455
3.348740329542661e-08 -8.944549116651729e-10 0.0004500375981761
-6.321317012784131e-07 -2.1607047044510153e-08 0.00044964425865433706
4.469998607023316e-08 -5.499026388509675e-12 0.00044988851484488505
-6.322325893299956e-07 2.1595152676917426e-08 0.00044964421685894423
-4.5593106782345725e-07 -1.3445021704509096e-08 0.00044972568236839795
-7.55356757007229e-07 -4.851193557618352e-11 0.0004497473606725553
-4.5537501135213023e-07 1.3227590289242587e-08 0.0004497257208764197
1.8908007950381447e-07 7.24565349892875e-08 0.00044964410086701886
3.226833331534783e-07 -8.779768895645145e-11 0.0004496459036313258
1.8925714859504172e-07 -7.262864182350943e-08 0.00044964409345821997
3.0016736124180687e-08 -1.0088506149744104e-08 0.00044999004081117816
8.652702661289366e-09 -5.4413131875690866e-11 0.0004500021217455058
2.99898874916667e-08 9.975864698671863e-09 0.0004499900315858647
5.235401617896703e-08 -3.085193418380732e-08 0.00044998030944989984
3.5123499997577205e-08 -2.5526070507766093e-11 0.0004499700598701292
5.235921066758816e-08 3.082153007154758e-08 0.00044998026493726554
2.73718525444924e-08 1.4938020256046582e-09 0.00044995920797675625
1.0320963829910769e-08 2.4663365644152695e-12 0.00044996520014056317
2.736443279620115e-08 -1.5111745137381116e-09 0.0004499591567707419
-1.020401992413847e-06 1.8434029622387583e-11 0.0004256079542145602
-3.291650486588173e-06 -2.6138084808454625e-11 0.00042485931704211205
-6.783787887013754e-06 2.1119356020549138e-11 0.00042492164250176027
-1.520738280767608e-06 -2.4365239909226726e-11 0.0004274457898266257
-3.981224580586418e-06 1.9788598707271847e-11 0.0004283537213105819
-7.247774971220808e-06 -1.4505022135404903e-11 0.00042820938088489825
-1.680951391648752e-06 3.476781799706798e-11 0.00042937160434385497
-4.392855352569489e-06 -2.595302525514284e-11 0.0004295189781555177
-6.900171527394794e-06 1.7453840631031473e-11 0.00042977152194720867
-2.251817284407495e-06 -4.048494044817255e-11 0.0004308612829058654
-4.056806486834358e-06 3.3426885569203995e-11 0.0004309406586252687
-6.332361023104878e-06 -2.6131223536149993e-11 0.000430680806782041
-2.516028996950441e-06 -2.004111179181546e-11 0.0004324470208732082
-3.7522691461629083e-06 -2.598362897562791e-12 0.0004321348831743945
-5.981220084936658e-06 1.3636616142498771e-11 0.00043269838590866556
-1.8862960528209976e-06 1.9257984161905553e-11 0.00043344098861209653
-4.059144374799797e-06 -8.09522718860152e-13 0.0004337177990259553
-5.765122820329873e-06 -8.580319763314394e-12 0.00043305308229402205
-1.8736602394840673e-06 -1.4292372610468565e-11 0.00043506714433553574
-3.477845726619275e-06 -7.086507695093505e-14 0.00043514132780712796
-6.29985169150372e-06 6.613377046569064e-12 0.0004357478957687192
4.450658892672966e-08 -4.8535632094455986e-08 0.0004498872717907785
1.8268420047567372e-08 -4.0957993467878166e-08 0.000450126058903729
-1.6787950095301347e-09 -2.768932205688458e-08 0.0004499292611155619
5.1270647816893695e-08 -3.456025012857055e-08 0.0004499599200363221
2.037979964858172e-08 -2.0355421374954524e-08 0.0004499781449283387
4.3570279291103947e-10 -1.4869139886534681e-08 0.00044998398334259457
5.633703322171592e-08 -9.697065658614791e-09 0.0004500400816387606
2.491145409772945e-08 -7.635833216605703e-09 0.00045000077606982027
4.048164000576748e-09 -4.5643690022781435e-10 0.0004500440772802309
5.748372370702177e-08 -5.605863973100502e-09 0.0004500382375291406
3.1651834991566247e-08 1.0340260744970942e-08 0.0004499925847358389
8.356349512684784e-09 8.221242803704784e-09 0.00044999117886407596
6.878756339077149e-08 1.8651664280074937e-08 0.00044996551934608164
3.263285315321872e-08 1.3006939534804327e-08 0.00044998448264297366
1.603982460466556e-08 2.8838225419449748e-08 0.0004499830438782926
6.541971890334565e-08 -1.1523062672635013e-09 0.00045000105678993105
3.5174866273260034e-08 3.6562875182301076e-08 0.00045003422991612356
2.1565075470097822e-08 2.2346905703111337e-08 0.00045001611135697396
7.954787451588365e-08 4.345260621624577e-08 0.0004499885567934424
2.9734298855579353e-08 2.26209696679239e-08 0.00044998571973965613
2.778792506626131e-08 4.2066694547290245e-08 0.00044997462274821444
4.4482183956317346e-08 4.855215324210566e-08 0.0004498873025418937
1.8256459799979713e-08 4.096108343065008e-08 0.000450126028599731
-1.6911686509045797e-09 2.7690236686291708e-08 0.00044992927132665386
5.1251421225228045e-08 3.456318508894757e-08 0.0004499599240983726
2.0369553850193432e-08 2.035431485317711e-08 0.00044997814704473546
4.266042371490909e-10 1.4863481115058431e-08 0.0004499839920347513
5.6328541318252325e-08 9.68463932224323e-09 0.0004500400723700457
2.4906821816226625e-08 7.623029950037516e-09 0.00045000078308912836
4.049222769857476e-09 4.420949200810999e-10 0.0004500440610277145
5.7482144830389614e-08 5.587755947364272e-09 0.0004500382318794752
3.165190776810434e-08 -1.0360605148272906e-08 0.00044999257765312387
8.374034550126995e-09 -8.233933888640784e-09 0.0004499911903319995
6.879335619933521e-08 -1.866726969314471e-08 0.00044996553395297806
3.2632350028431114e-08 -1.3012946709988482e-08 0.00044998448807565574
1.6075482761206372e-08 -2.8844458919301134e-08 0.0004499830406139778
6.541971992505663e-08 1.159108178365939e-09 0.00045000104566905833
3.517971354441792e-08 -3.656156994831511e-08 0.00045003422407614694
2.1609511245575424e-08 -2.2315092519393335e-08 0.0004500161129363043
7.954274260534388e-08 -4.3443588930054626e-08 0.00044998855786795855
2.9742015342945056e-08 -2.258335780760474e-08 0.00044998572320840025
2.783647377616318e-08 -4.2030547362818654e-08 0.00044997462269410327
-1.2786129467362865e-08 3.3181626416730294e-11 0.0004499982905993344
3.099702715735382e-08 -3.2223173924953906e-11 0.00045001152082638213
5.307270234028631e-08 1.061099333825504e-11 0.00045001299460227886
1.9505375569418407e-10 4.968022806264585e-12 0.00044999721716065333
2.8244816337093285e-08 3.041564675069795e-12 0.0004500056143470935
5.4246799769239755e-08 5.201690890172236e-12 0.0004499988174047911
4.054509708764055e-08 -1.3755396767976638e-11 0.0004500339430176782
3.3163329834383165e-08 5.341610878648779e-12 0.00044999746034224696
5.3998901370215394e-08 -1.3165563556820637e-11 0.00044999161171598663
4.34882027895136e-08 -5.161829163469285e-13 0.00045000602431566783
4.6857664528104006e-08 -2.398458194490024e-12 0.00045000177600800634
5.3219278760932754e-08 5.446167974952711e-12 0.0004499908135288315
5.471392110299668e-08 5.392762154675787e-12 0.00045001385721912536
4.82578616210044e-08 3.8315421003198374e-12 0.00045000126994414414
6.176737778749853e-08 3.687041010852709e-12 0.00044999723951909677
5.026741647958572e-08 -1.655344604272848e-12 0.00045000331551879076
4.710130806044187e-08 -5.550393824652941e-12 0.0004500015067895775
7.162543857672449e-08 -3.1607825525340828e-12 0.00044999831705892616
5.4843200373369914e-08 -5.60192109280063e-12 0.00045001335560670774
4.395569202031687e-08 4.543979007136836e-12 0.000449998884775329
7.922731044069587e-08 1.8155116394597481e-12 0.0004499735218099145
9.81682364643093e-08 1.7743373609640455e-11 0.00045001138986704284
3.6950523847031076e-08 -6.78959749370291e-12 0.00045002379590516656
2.2958869508748167e-08 -7.235626798834105e-12 0.0004500245273689358
9.31505124295643e-08 -1.115549727771981e-11 0.0004500080686068902
3.6404876957147966e-08 1.6067979931237936e-12 0.0004500222363135367
1.6242354545124108e-08 6.070435761552261e-12 0.0004500241107976565
5.666751080720661e-08 -3.7228609644673904e-13 0.0004500444883701843
3.0284501574499355e-08 6.563754941713544e-12 0.00045002594258683595
-9.019848948183231e-10 -8.563009893485364e-12 0.00045002545623892896
5.3208982917151186e-08 -8.547733490449404e-13 0.0004500186281961854
1.9371487453036553e-08 -4.966659432094064e-12 0.00045002631555244975
-2.2343568792407186e-08 1.8648332198072995e-12 0.000450007782087637
4.5448481965269015e-08 -5.077490750227498e-13 0.0004500155079720741
1.5259913833864445e-08 5.295524196415341e-12 0.00044999270257050196
-4.096288900147557e-08 4.305262881095937e-12 0.0004499814462334551
6.085044388210556e-08 4.6148635154231585e-12 0.00044996954531578893
3.3132144532173667e-09 -4.130952095940382e-12 0.00044996735271790855
-4.528066071548593e-08 -4.486196061917761e-12 0.0004499384443349651
5.386705616861509e-08 -9.41793678221039e-13 0.00044996956636623065
5.073720887733403e-09 1.0983556495208131e-12 0.00044991866004136363
-4.892205845963199e-08 3.700868275616125e-12 0.0004499301132841271
0.0 0.0 0.0
0.0 0.0 0.0
-1.0525394162285514e-07 1.3399701337318662e-08 -3.336887508432931e-07
0.0 0.0 0.0
0.0 0.0 0.0
0.0 0.0 0.0
-7.034836086926691e-07 -2.2265117944811284e-07 1.5785254542476794e-06
-1.2560390905884098e-07 1.6370954495359826e-08 -3.3332161844237684e-07
0.0 0.0 0.0
0.0 0.0 0.0
-1.9394848953306627e-07 -1.0170927031759354e-06 4.279753698789908e-06
-7.674636586800775e-07 -2.7790701884047814e-07 1.5907261604220358e-06
0.0 0.0 0.0
0.0 0.0 0.0
7.808076316632876e-08 -1.304922999132901e-07 3.982856180939085e-06
-1.9404075540671875e-07 -1.0721025667744035e-06 4.285667896846357e-06
0.0 0.0 0.0
0.0 0.0 0.0
4.672537500613501e-08 1.370158942387476e-07 9.907502819912366e-07
7.295765621182761e-08 -1.2308622191638314e-07 3.973847154132803e-06
0.0 0.0 0.0
0.0 0.0 0.0
2.267991083178218e-09 6.602472185767464e-09 -1.9260169015333745e-07
5.4261782205687654e-08 1.297746398775742e-07 9.799237040735772e-07
0.0 0.0 0.0
0.0 0.0 0.0
2.7206327722225783e-08 -2.0729496384512756e-08 4.261912717572184e-08
3.0694946161270355e-09 1.2175209845953133e-08 -1.8955018268065725e-07
0.0 0.0 0.0
0.0 0.0 0.0
3.1837388841437276e-08 -8.029949737648838e-09 -1.24077503300696e-08
2.740579577859639e-08 -1.7559750520079202e-08 4.238803551042747e-08
0.0 0.0 0.0
0.0 0.0 0.0
1.1725136702119853e-08 -1.157011335362502e-09 3.924086034643818e-09
3.072864569902507e-08 -7.013818463319424e-09 -1.2400307794473041e-08
0.0 0.0 0.0
0.0 0.0 0.0
2.4378387206197345e-09 -4.577724787966732e-10 -8.221470672021229e-10
1.0506131204702901e-08 -7.217669479138366e-10 3.6623436187199884e-09
0.0 0.0 0.0
0.0 0.0 0.0
3.144996613092539e-10 -1.230475258522286e-10 -7.33807492592844e-10
1.976222860682167e-09 -2.5697813249291047e-10 -7.985985607019255e-10
0.0 0.0 0.0
0.0 0.0 0.0
0.0 0.0 0.0
2.3107750297438842e-10 -9.81787748718761e-11 -3.388428630982213e-10
0.0 0.0 0.0
-1.0653364697069076e-07 1.1414499345179597e-08 -3.349981521075033e-07
-1.3661914773955314e-07 1.0044868270183794e-09 -2.776507568876588e-07
0.0 0.0 0.0
-1.333300152509313e-07 2.2342178978883644e-08 -3.356418305380586e-07
-7.49451240893457e-07 -2.6827342556569475e-07 1.5804012135646817e-06
-3.072803475398774e-07 1.4959260910498406e-07 -7.123701949254869e-07
-1.7054347701165039e-07 -7.508207597144012e-09 -2.755177511956836e-07
-8.870990488841917e-07 -3.8407948723137126e-07 1.5937551753663066e-06
-2.4485576723915476e-07 -1.1970754205237414e-06 4.276546965220173e-06
-2.2876269736548097e-06 -2.9033820567096876e-06 0.00018714031639168458
-3.175961024556554e-07 1.90623994024373e-07 -7.26290213166309e-07
-1.7155868469652853e-07 -1.298728402040406e-06 4.28753226159787e-06
8.89776365709185e-08 -2.1832124782637814e-07 3.982758090799696e-06
-5.142882306387011e-07 2.675072653622247e-08 0.0001244681736702147
-2.2829536634395806e-06 -3.968338291227365e-06 0.00018794096727773907
8.058286364759461e-08 -1.5133575356396407e-07 3.972462693908456e-06
3.792902507927999e-08 1.4707064764360165e-07 9.916309131966702e-07
-4.968134200911377e-08 -1.6283894303868618e-08 -1.0639907630146108e-06
-4.3617662983504053e-07 2.6360315713264763e-08 0.00012541530010101644
4.60645425940472e-08 1.2799274304033766e-07 9.792991365773261e-07
1.0169237363294476e-09 3.846087502041957e-09 -1.9330910437004493e-07
1.061719904156124e-08 -5.694692128320386e-08 2.133993566386649e-07
-4.621183603534495e-08 -1.650003386041063e-08 -1.0515053558907052e-06
3.465676199356413e-09 9.334893068770846e-09 -1.8978868140152108e-07
2.8116206080934244e-08 -2.2055700347744952e-08 4.2482959930658016e-08
4.357436301998499e-08 -6.164858143405264e-10 -5.519766422779393e-08
4.338017596998953e-09 -6.184636703408634e-08 2.1150421182714076e-07
2.943517835611259e-08 -1.830451244136604e-08 4.1658535325255785e-08
3.319879228461237e-08 -7.820902980390977e-09 -1.2869955879706343e-08
3.9905867474588564e-08 1.1749520036640898e-09 1.9515754730437885e-08
4.569539469191683e-08 -2.7936494521296766e-09 -5.360035168928454e-08
3.178662270928469e-08 -7.69428527960516e-09 -1.2107921134589607e-08
1.2831319838757698e-08 -1.4355736898129175e-09 4.4450360489900466e-09
1.6536998356339105e-08 -1.7933929335188335e-09 -8.087816480685e-09
3.8825555463442325e-08 2.6760410267592586e-09 1.827493921113938e-08
1.0925478499044355e-08 -1.1564549462246643e-09 3.7174782273127657e-09
2.8760754958787476e-09 -6.60778447215012e-10 -8.66590790400813e-10
3.5385480163476318e-09 1.240382505501441e-10 3.804299993367145e-09
1.4397633201032917e-08 -1.4176599143963134e-09 -8.031997300793823e-09
2.1113233523928056e-09 -3.6685076670832315e-10 -7.719119723146357e-10
3.8976186376955146e-10 -1.5148698681112898e-10 -7.783500569966058e-10
4.491861455186512e-10 8.095632921950228e-11 -2.1856464606396217e-09
2.7465146131952816e-09 7.760408911620174e-12 3.779075551653714e-09
2.5328792202393374e-10 -1.0977038183334898e-10 -4.823562133753693e-10
0.0 0.0 0.0
0.0 0.0 0.0
3.036463417113718e-10 6.897320746522361e-11 -2.1474409933614414e-09
0.0 0.0 0.0
-1.3503390766905036e-07 -2.990982060121339e-09 -2.791601720298095e-07
-1.4329422651895693e-07 6.431403514584539e-08 -4.667950540054386e-07
0.0 0.0 0.0
-1.6421571433602497e-07 -1.561382424578333e-08 -2.747406398978154e-07
-3.078729180462514e-07 1.6466745881117473e-07 -7.113102764309167e-07
-2.2141379847956404e-07 -2.262475300939066e-07 1.963493443574922e-06
-1.6175373927894832e-07 8.151359339801078e-08 -4.726803852905208e-07
-3.34553012117888e-07 2.646555171211983e-07 -7.27231847748062e-07
-2.6442491440691336e-06 -2.5093023895564006e-06 0.00018748113840254976
2.3340682520170072e-07 6.222875509651284e-07 6.372665118068328e-06
-2.484934507954153e-07 -2.794613864165249e-07 1.986061867570986e-06
2.354808040377881e-06 7.67662129243382e-06 0.000855945172198307
-4.3454970669577084e-07 -5.256995387399771e-08 0.00012345692478386578
1.5332876777258523e-06 1.3492811511871105e-06 5.729525715822751e-06
3.042212751019945e-07 1.1561772054785506e-06 6.3888170388626055e-06
-4.173076950978601e-07 6.540962465413906e-08 0.00012521438607654284
-3.259750586177009e-08 -2.63907314941086e-08 -1.0648939087422983e-06
1.561218108192632e-07 -2.438600589684646e-07 3.945159231620999e-07
1.299979072943185e-06 1.0645389565644564e-06 5.698996113199588e-06
-4.035544862972347e-08 -3.099444439769771e-08 -1.0539276796574089e-06
1.216050506909454e-08 -7.168553167858046e-08 2.1259767267748727e-07
1.695235265430051e-08 1.6900401767656126e-09 6.260758719492381e-08
1.3204640088516752e-07 -2.0101746373178558e-07 3.8895296940536156e-07
5.894539419614562e-09 -6.553979871663454e-08 2.1241746805257697e-07
4.3892334922088485e-08 1.7076145614443724e-10 -5.5030089572226934e-08
1.4865167846995553e-08 -2.1372838703134805e-08 -7.38847372399149e-08
1.800721030864593e-08 -1.5187603320154285e-09 6.423922932639637e-08
4.556054042872316e-08 -3.0349060580444516e-09 -5.4261295628598116e-08
4.037407425943946e-08 2.1256314909861615e-09 1.9269405289162575e-08
2.5293148234390293e-08 2.7542908040703623e-10 4.082123943618729e-08
1.745147979017159e-08 -1.910415013855914e-08 -7.270234875409323e-08
3.8900025517452086e-08 2.466804274401512e-09 1.856658551443649e-08
1.6441541203363047e-08 -1.7123446082963977e-09 -7.524096257425215e-09
1.2658863874572689e-08 4.353145370347421e-09 -1.8996755968959233e-08
2.4184959058604576e-08 -1.2881497494287682e-09 3.962691047869476e-08
1.4426228714426604e-08 -1.5510919558374993e-09 -8.096809213726374e-09
3.4984546987133238e-09 8.348877898354905e-11 3.5953924365078015e-09
2.8336266776528866e-09 5.78218934576031e-10 8.731905392105851e-09
1.0854421821711648e-08 3.4638985584270733e-09 -1.9096633537320887e-08
2.734387230441465e-09 -3.8424834581345456e-11 3.76302320094049e-09
4.4916732997812025e-10 6.19408753124583e-11 -2.2697158097767287e-09
3.5470065356258596e-10 3.401004988081543e-11 -4.1854866530282325e-09
2.136902480993035e-09 4.898379305124201e-10 8.555474845640786e-09
3.0125082524991124e-10 5.945588297325694e-11 -2.152193396279043e-09
0.0 0.0 0.0
0.0 0.0 0.0
2.1746242081373507e-10 3.3631220921414064e-12 -4.172316376237165e-09
0.0 0.0 0.0
-1.3870120832016594e-07 5.822969406066378e-08 -4.647720410211772e-07
0.0 0.0 0.0
0.0 0.0 0.0
-1.5271034794386926e-07 7.622573734178737e-08 -4.6960661743527953e-07
-2.1496456950267847e-07 -2.322834979983608e-07 1.961728843977382e-06
0.0 0.0 0.0
0.0 0.0 0.0
-2.085801243816237e-07 -2.54019441518781e-07 1.980819726028921e-06
2.509220398871983e-07 6.497995652337831e-07 6.381701457574556e-06
0.0 0.0 0.0
0.0 0.0 0.0
2.7402923399529886e-07 8.125641316371522e-07 6.408386419396009e-06
1.34828675330267e-06 1.0913694287159877e-06 5.716659165383857e-06
0.0 0.0 0.0
0.0 0.0 0.0
1.214940768562184e-06 9.497821136501691e-07 5.695774517370731e-06
1.5541560863771483e-07 -2.245766386637864e-07 3.972396200290868e-07
0.0 0.0 0.0
0.0 0.0 0.0
1.3782618924771844e-07 -1.968796802546269e-07 3.88665015861081e-07
1.9395318507992907e-08 9.166055124069358e-09 6.204822360504879e-08
0.0 0.0 0.0
0.0 0.0 0.0
1.7489964439452447e-08 3.6056634938961367e-09 6.408955608382735e-08
1.5223239853644413e-08 -1.8580950885355312e-08 -7.341220263223202e-08
0.0 0.0 0.0
0.0 0.0 0.0
1.7190162087405623e-08 -1.823754787671093e-08 -7.229790423792622e-08
2.39386857994996e-08 1.0779586282798301e-10 4.0672408433149316e-08
0.0 0.0 0.0
0.0 0.0 0.0
2.3417474014554093e-08 -1.9625202231669856e-09 3.959040007984485e-08
1.1549929090877076e-08 4.035356622529481e-09 -1.91033118790841e-08
0.0 0.0 0.0
0.0 0.0 0.0
1.0350512673032706e-08 3.1424871924199794e-09 -1.929193834716542e-08
2.4456921462620224e-09 4.72879759233763e-10 8.696808305158439e-09
0.0 0.0 0.0
0.0 0.0 0.0
2.0112199823225237e-09 4.042290633142292e-10 8.766341394591318e-09
2.77673331309215e-10 -1.0352572877915879e-12 -4.069428419483767e-09
0.0 0.0 0.0
0.0 0.0 0.0
1.9905671892578485e-10 -1.4137642002434312e-11 -4.339428148637995e-09
0.0 0.0 0.0
0.0 0.0 0.0
0.0 0.0 0.0
