# vtk DataFile Version 3.0
SUBOFF appended initial ice impact; displacement scale 1
ASCII
DATASET UNSTRUCTURED_GRID
POINTS 811 double
0.06585747415272131 0.08344190801634233 -0.08310417764989932
0.06592306662422119 0.1090557759605197 -0.04480764114184524
0.06592640159722252 0.11803180974667618 0.00033774038765726957
0.06592352808612442 0.10905595201978557 0.04548314547041822
0.0658577463499637 0.08344184921916001 0.08377958156196204
0.06592321617670484 0.045145468974905484 0.10939372845214264
0.06592715476619881 9.518530359431416e-12 0.11836992349548754
0.06592321626155817 -0.045145468951546114 0.10939372840431955
0.06585774629046663 -0.08344184928843403 0.08377958162987517
0.06592352802294253 -0.10905595192490858 0.04548314542706662
0.06592640161671465 -0.1180318098031511 0.0003377403853213341
0.06592306662092831 -0.10905577588670372 -0.04480764109376239
0.06585747408347288 -0.08344190809421444 -0.08310417770680541
0.06592302569835089 -0.04514542737971434 -0.10871815464304299
0.06592629582910281 1.553267425391556e-11 -0.1176941175854436
0.06592302565641642 0.04514542742473828 -0.10871815475606265
0.33108249411822227 0.141704858333943 -0.14136784104523104
0.33108252423077494 0.18514646523814784 -0.07635321253463259
0.33108255086613053 0.20040123478822236 0.0003368331292805112
0.33108214785719 0.18514645908874805 0.07702705636278329
0.33108273967314933 0.1417047831534377 0.14204188962924263
0.3310827630029123 0.07669013531079828 0.18548368465131568
0.3310821691503185 -7.125027277924741e-12 0.20073831010705284
0.331082762940128 -0.07669013535660854 0.1854836847496862
0.3310827397036804 -0.14170478310596948 0.14204188960674327
0.3310821479085316 -0.18514645905831872 0.07702705634524948
0.331082550795523 -0.20040123482740027 0.00033683312492955014
0.3310825242717583 -0.18514646526441167 -0.07635321254696403
0.33108249411710455 -0.14170485831423432 -0.1413678410207343
0.3310824560870442 -0.07669003195657721 -0.18480914682698213
0.33108263134933663 1.0298872684236944e-12 -0.20006362353108173
0.3310824561308059 0.07669003195379903 -0.18480914683027486
0.5963676781690418 0.1650015994749259 -0.164664732039185
0.5963676168215029 0.21558581187725467 -0.08896162596478087
0.5963676373495579 0.23334824495526868 0.00033683863745657727
0.5963671186263343 0.2155865192216167 0.08963515288798853
0.5963670820325598 0.16500269889173308 0.16533819799195346
0.5963680741185562 0.0892983458283698 0.21592044776185132
0.5963687939086166 7.651980316459382e-14 0.2336834745951927
0.5963680741679761 -0.0892983458216029 0.21592044775739178
0.5963670820300153 -0.16500269890521105 0.16533819800538796
0.596367118561604 -0.21558651920872005 0.08963515288489143
0.5963676374242616 -0.2333482449362415 0.0003368386357693653
0.5963676167891316 -0.2155858118758675 -0.08896162596257488
0.5963676781816944 -0.16500159947177592 -0.16466473205731852
0.5963680990519967 -0.08929827708875651 -0.21524829304367882
0.5963683128860893 -2.616166108004122e-12 -0.23301033260773965
0.5963680990601256 0.08929827707636527 -0.21524829302873066
0.8617569424373499 0.17752712415197003 -0.17718960300283118
0.8617567876788048 0.23194999097579147 -0.09573945790308547
0.8617569227851449 0.25106298050742115 0.0003368918667537658
0.8617573054221205 0.23195042284251186 0.09641348452790076
0.861756378264459 0.17753348902954652 0.17786767004033432
0.8617571136757792 0.09608031063028868 0.23228596253726758
0.8617586813151431 9.983944530061013e-12 0.2513795113330763
0.8617571136585693 -0.09608031063362894 0.23228596252378275
0.8617563782644144 -0.17753348903144892 0.17786767003776346
0.8617573054571747 -0.23195042283957787 0.09641348452643948
0.8617569227404557 -0.25106298053303727 0.00033689187777189827
0.8617567877111515 -0.23194999095538366 -0.09573945790726314
0.8617569424247636 -0.17752712416573685 -0.1771896029996063
0.8617575753198506 -0.09607699455220085 -0.23161274336386486
0.8617580400965245 -8.143330844035558e-14 -0.2507233471396591
0.8617575753087051 0.09607699456912293 -0.23161274338353705
0.9244516926157009 0.1783830079929181 -0.1780455320607812
0.9244513992217112 0.2330684240238962 -0.09620267310035382
0.924451648240986 0.25227412029573143 0.00033698936550105325
0.9244516885059345 0.2330672373519367 0.09687647148133918
0.9244514091455889 0.17839064043556346 0.17872518370382517
0.9244519810178284 0.09654404809941695 0.2334045280931075
0.9244524616809421 -1.0093679050317615e-11 0.25258738453672297
0.9244519809978383 -0.09654404805950109 0.23340452805758052
0.924451409149682 -0.17839064044188604 0.1787251836927161
0.9244516885226467 -0.2330672374282221 0.09687647153107314
0.9244516482257843 -0.252274120269672 0.00033698933412992647
0.9244513992255179 -0.23306842405410574 -0.09620267307447196
0.9244516926139428 -0.1783830079785043 -0.17804553208433896
0.9244521328442136 -0.09654055237868374 -0.23273171420197086
0.9244526212955735 1.3902030250765274e-11 -0.2519336299455392
0.9244521328387577 0.09654055235786721 -0.23273171421570032
0.9858192699760676 0.17863399302325034 -0.1782965689389902
0.9858191041980516 0.23339754514473018 -0.09633893375285557
0.9858190791118253 0.2526293709696263 0.00033701069124356906
0.9858191722754122 0.2333951338189894 0.0970125935612464
0.9858192315271075 0.17864211388615633 0.17897685244989248
0.9858193199122233 0.09668036576050937 0.23373358589038215
0.9858194569380195 1.8735589046572192e-11 0.25294430974150606
0.9858193199021046 -0.09668036582298598 0.23373358595979857
0.9858192315274009 -0.17864211386766687 0.17897685247030481
0.9858191722846329 -0.23339513373244647 0.09701259348133555
0.9858190791073546 -0.25262937102038685 0.0003370107388128432
0.9858191041921246 -0.23339754513594937 -0.09633893379312716
0.9858192699767732 -0.1786339930174729 -0.17829656888453727
0.9858194866347135 -0.0966770029375443 -0.23306121408732344
0.9858201013833296 -1.6160098917972284e-11 -0.25228861539944786
0.9858194866297049 0.09667700297060822 -0.2330612140834349
1.0471968313710809 0.17864393008565324 -0.17830652001538677
1.0471965170158541 0.23341176603693173 -0.09634489150195773
1.047196733985863 0.25264319996870177 0.0003370878774722929
1.0471966057094577 0.23340925672617358 0.09701840547959058
1.0471973118021534 0.17865254148894458 0.17898732413248364
1.0471969441920963 0.09668564560988516 0.23374685561597267
1.0471961112457677 -4.0434758341047545e-11 0.2529611105088875
1.0471969441912061 -0.09668564555652462 0.23374685558813021
1.0471973118047204 -0.1786525414987078 0.178987324117863
1.0471966057102584 -0.23340925675758842 0.09701840553836139
1.047196733981223 -0.25264319994810125 0.000337087803365584
1.0471965170189694 -0.2334117660331733 -0.09634489145532342
1.0471968313693418 -0.1786439300932056 -0.17830652003186406
1.047197245112268 -0.09668286154640032 -0.2330754533749845
1.0471974262570418 1.6234572184221673e-11 -0.2523027801163433
1.0471972451137346 0.09668286150863847 -0.2330754533354831
1.1085785393510879 0.17864417146967965 -0.1783067623333184
1.1085785805195638 0.23341145770042482 -0.09634474985442172
1.1085782262815995 0.25264306828323546 0.0003368854730258727
1.1085782120337666 0.23340958544288118 0.09701849772947212
1.108579099223078 0.17865223240680803 0.17898672772214402
1.108578854156251 0.09668535284920764 0.23374706154705313
1.1085775522242098 4.172558188276287e-11 0.2529634301436948
1.108578854147661 -0.09668535295767482 0.2337470617001437
1.1085790992227322 -0.17865223241045655 0.17898672774176003
1.1085782120384622 -0.23340958542881382 0.09701849767435014
1.1085782262828863 -0.25264306819568155 0.00033688553811271203
1.1085785805139388 -0.23341145787457812 -0.09634474994875333
1.1085785393474183 -0.17864417141372993 -0.17830676231117956
1.108579034617922 -0.09668262715423748 -0.23307495119193192
1.1085789806059207 -2.8520229411001423e-11 -0.25230325892341066
1.1085790346091524 0.09668262723595633 -0.23307495135142448
1.1271149607309057 0.1786442661180111 -0.1783069973611273
1.1271150115899873 0.23341133823086951 -0.09634478899921377
1.1271146230739375 0.25264294079846916 0.00033713624456381357
1.1271145784277823 0.23340980704626438 0.09701813155550577
1.1271155275510862 0.1786524837926094 0.17898727130519898
1.127115207382745 0.09668474875786523 0.23374571543356834
1.127113874504817 -3.0797358264885747e-11 0.25296454065386126
1.1271152073756825 -0.09668474864273593 0.2337457152054102
1.1271155275507354 -0.17865248375261236 0.1789872712685117
1.1271145784328187 -0.23340980707510314 0.09701813160902233
1.127114623074055 -0.2526429409428931 0.0003371361992131811
1.1271150115857198 -0.23341133794463448 -0.09634478889723809
1.1271149607280455 -0.1786442661885036 -0.1783069973426336
1.1271154170335005 -0.09668262998597198 -0.2330746778262318
1.1271153616473562 2.7673451617025476e-11 -0.2523033987177528
1.127115417026509 0.09668262988793179 -0.23307467757892905
1.1699605503568118 0.17864438304917007 -0.1783069147009534
1.1699605537802542 0.23341121107600757 -0.09634474030452334
1.1699602289580675 0.252642871154961 0.0003367737779827125
1.169960073042182 0.2334104298509083 0.097018431759652
1.1699611263480243 0.178651652868791 0.1789862218593474
1.1699605159902016 0.09668478127729968 0.2337465285069823
1.169959259569796 3.227214273490073e-11 0.25296523530468534
1.1699605159921629 -0.09668478134191909 0.23374652858113737
1.1699611263482295 -0.17865165288904242 0.17898622187458652
1.1699600730458064 -0.23341042982908425 0.09701843171750617
1.1699602289544604 -0.25264287109811207 0.00033677382881974933
1.1699605537826485 -0.23341121114603808 -0.09634474033720175
1.1699605503561286 -0.17864438304055558 -0.17830691473726948
1.1699608830448505 -0.09668254850766297 -0.23307464268605163
1.1699608771310661 -7.392794061189518e-12 -0.2523036984775884
1.169960883047655 0.09668254852270776 -0.2330746427415796
1.2313424867469795 0.1786446917622746 -0.17830725104109219
1.231342423341783 0.23341101510070636 -0.09634473452088871
1.2313422290252687 0.25264323169902353 0.0003367998916062891
1.231342331187889 0.2334110833672987 0.09701833071231027
1.2313428061965466 0.17865094824345507 0.17898536634985948
1.2313424457740012 0.0966842790513862 0.2337463789859777
1.231340802319001 -2.871266136530697e-11 0.2529665587698649
1.2313424457805426 -0.09668427901487825 0.23374637893550151
1.2313428061984688 -0.17865094822241914 0.17898536632734063
1.2313423311878997 -0.2334110834053971 0.09701833075319383
1.2313422290248528 -0.2526432317046988 0.0003367998581945778
1.2313424233399075 -0.23341101507905962 -0.09634473449287018
1.23134248674946 -0.1786446917522399 -0.17830725102676964
1.2313428555068107 -0.09668234890193517 -0.23307415007906077
1.2313426799934382 1.0741879592692776e-11 -0.25230399950268245
1.2313428555094386 0.09668234888135743 -0.23307415004853982
1.2927244981157915 0.17864512054629672 -0.17830767487926624
1.292724545290224 0.23341073714652572 -0.09634461801820464
1.2927241704288441 0.25264375715294246 0.00033670926929147386
1.2927240244277685 0.2334114842372603 0.09701833870346044
1.2927246767974139 0.1786498255939441 0.17898445693039405
1.2927246841371094 0.09668373131235043 0.23374642548908534
1.292722967540646 1.2304797951585529e-11 0.25296747110050066
1.2927246841430244 -0.09668373133411488 0.2337464255128858
1.2927246767987084 -0.17864982559846967 0.17898445693864554
1.292724024427234 -0.23341148422329155 0.09701833868361974
1.2927241704291423 -0.2526437571379485 0.00033670928990895484
1.2927245452919636 -0.23341073716603186 -0.09634461804011239
1.292724498115359 -0.17864512055409948 -0.17830767487832697
1.2927246567448862 -0.09668209479713936 -0.2330736570221094
1.2927245550829067 -9.690446486861469e-12 -0.2523046812682793
1.292724656747683 0.09668209481596864 -0.2330736570337926
1.3925588938581157 0.17864522599191462 -0.17830791940275478
1.392558951269442 0.2334112946765685 -0.0963448661889912
1.3925588325011955 0.25264346936739307 0.00033689046540441743
1.3925585770595503 0.23341229962403282 0.09701872483913988
1.3925590108363837 0.17864755945786692 0.17898250940422106
1.3925591734950438 0.09668284380233981 0.2337461811287545
1.3925586485870145 -2.5886732153827107e-12 0.2529739760034717
1.3925591734951301 -0.0966828437910589 0.23374618112276727
1.3925590108364738 -0.17864755946382732 0.1789825094048245
1.3925585770577642 -0.23341229961726517 0.09701872484290429
1.3925588325011213 -0.252643469380281 0.0003368904590629006
1.392558951269959 -0.2334112946656612 -0.09634486617771508
1.3925588938583224 -0.1786452259905433 -0.1783079194113842
1.3925590000617534 -0.09668195661129077 -0.2330736173054289
1.3925590340848597 4.469545249100681e-12 -0.25230491469570415
1.392559000061511 0.09668195660340129 -0.23307361730731727
1.658002646556202 0.1786449734857539 -0.1783079653040718
1.6580026176705411 0.23341114058149265 -0.09634524321004762
1.6580025439418935 0.2526425294630796 0.000336711180845552
1.6580024345171436 0.2334115018822635 0.09701888784687816
1.6580024709993468 0.1786451216003943 0.17898173881096896
1.6580021569090995 0.09668203618309207 0.23374772422933296
1.6580019750423332 1.757246511968792e-12 0.25297951362528176
1.6580021569074312 -0.09668203618945467 0.23374772423374532
1.6580024709987915 -0.17864512159428025 0.17898173880938684
1.6580024345181819 -0.23341150188845086 0.09701888784614927
1.6580025439414723 -0.25264252945362015 0.00033671118372836467
1.6580026176700746 -0.23341114058965026 -0.09634524321692924
1.6580026465558384 -0.17864497348545985 -0.17830796529741583
1.6580026269910582 -0.0966819913456401 -0.23307382007973984
1.6580027193640794 -2.7217179748426675e-12 -0.25230495168557404
1.6580026269901664 0.09668199135053321 -0.2330738200773859
1.9234465137657533 0.178645076615132 -0.17830785068166188
1.9234464718768725 0.2334110800834267 -0.0963447443482148
1.923446268680567 0.25264225144248403 0.0003373350085179227
1.92344612307054 0.2334109108558366 0.09701925143249518
1.9234460655272743 0.17864508336429805 0.1789823255793494
1.9234459532679327 0.09668209049461747 0.23374846511802264
1.9234459172162999 -9.846492245844326e-13 0.25297959987711394
1.923445953268703 -0.0966820904906907 0.23374846511310424
1.9234460655274725 -0.17864508336862342 0.1789823255818988
1.9234461230700723 -0.23341091085082313 0.09701925143183807
1.9234462686805471 -0.2526422514510424 0.0003373350070599459
1.923446471877189 -0.23341108007522024 -0.09634474434341245
1.9234465137657748 -0.17864507661727563 -0.1783078506858335
1.9234465141067787 -0.0966820126861222 -0.23307380882252587
1.9234464956824622 1.4255648829432757e-12 -0.25230502718032
1.9234465141070087 0.09668201268418264 -0.23307380882351875
2.1888903336187475 0.17864518856962158 -0.1783077163222987
2.188890203881384 0.23341111277984739 -0.09634456703162768
2.188890073464492 0.25264229905867885 0.00033747265648027667
2.188890013076611 0.23341102538493252 0.09701951319363943
2.1888899025412174 0.1786449908853586 0.1789825769213224
2.1888898324262565 0.09668193529259207 0.23374851400475033
2.1888898174519076 2.8841002390356765e-13 0.25297982441797656
2.1888898324258528 -0.09668193529519532 0.23374851400980431
2.1888899025413777 -0.178644990881745 0.17898257691838285
2.188890013076625 -0.2334110253895582 0.09701951319503407
2.188890073464718 -0.25264229905046603 0.00033747265701640505
2.188890203881112 -0.23341111278782575 -0.09634456703564784
2.1888903336187115 -0.17864518856679054 -0.17830771631887388
2.188890337017794 -0.09668207946098775 -0.23307375396666424
2.1888903407861133 -2.587478846227077e-13 -0.2523050381349255
2.1888903370175616 0.09668207946117402 -0.23307375396623137
2.4543340052556575 0.17864515579227394 -0.17830769786725345
2.4543339571315097 0.23341115730583087 -0.09634460732368255
2.4543339311208054 0.2526423678119945 0.0003374778012622701
2.454333900514521 0.23341111359233505 0.0970195373368943
2.454333854180613 0.17864513885680053 0.17898259767056446
2.454333823366861 0.09668206734272376 0.2337485626692141
2.4543338628211533 3.2255283500333125e-15 0.2529797351107579
2.45433382336704 -0.09668206734066306 0.23374856266431834
2.4543338541803075 -0.17864513886008052 0.17898259767354477
2.454333900514932 -0.23341111358786923 0.09701953733535029
2.4543339311203076 -0.25264236781986615 0.00033747780098584697
2.454333957131898 -0.2334111572981641 -0.0963446073200784
2.4543340052554976 -0.17864515579515497 -0.17830769787038134
2.4543340448821365 -0.09668208745300187 -0.23307372935160067
2.454334040544157 6.922503827667432e-14 -0.2523049671065428
2.4543340448821547 0.09668208745315796 -0.2330737293519355
2.7197776584245434 0.17864514648386973 -0.17830769677478894
2.7197776633786273 0.23341113010821618 -0.09634460132784244
2.7197776595108976 0.2526423832015588 0.0003374487460045343
2.719777643121238 0.2334111329282068 0.09701949682159404
2.7197776312678266 0.17864511108663153 0.1789825663806289
2.7197776628189803 0.09668204149631929 0.23374858316299926
2.719777613272931 2.636739937790022e-13 0.2529798812394687
2.719777662818811 -0.09668204149838437 0.23374858316762567
2.7197776312681197 -0.1786451110835857 0.17898256637770574
2.7197776431206844 -0.23341113293265395 0.0970194968228212
2.719777659511582 -0.25264238319392357 0.00033744874663029775
2.719777663378029 -0.23341113011566536 -0.0963446013310746
2.719777658424872 -0.17864514648086002 -0.17830769677207553
2.7197776721517126 -0.09668205326649015 -0.23307368692088618
2.7197776731558183 -4.4062678180578184e-13 -0.25230494171990814
2.7197776721518827 0.09668205326669205 -0.23307368692048666
2.9852213249778914 0.17864514967341413 -0.17830769176794298
2.9852213244986574 0.23341109279396785 -0.0963445877983036
2.9852213186330436 0.25264239362706775 0.00033744986036832896
2.9852213253489395 0.23341109111866715 0.09701949749351747
2.9852213300749133 0.17864517533927118 0.17898262884496324
2.985221317471244 0.09668204941002558 0.23374854131341563
2.985221331314172 -1.2794700002239785e-13 0.2529798058324954
2.985221317471452 -0.09668204940776096 0.23374854130959338
2.9852213300746975 -0.17864517534276694 0.17898262884715296
2.9852213253493494 -0.23341109111402072 0.09701949749210984
2.9852213186325978 -0.25264239363418883 0.0003374498603053419
2.985221324499183 -0.23341109278738578 -0.09634458779487662
2.9852213249773474 -0.17864514967540024 -0.17830769177149855
2.985221319407599 -0.09668204091998867 -0.23307363626700162
2.9852213249725326 1.0143557392931291e-13 -0.25230493668867177
2.98522131940688 0.09668204091969898 -0.2330736362677896
3.250608263116934 0.17864560747877484 -0.17830815449058218
3.2506082562208443 0.23341178539978677 -0.09634487163007746
3.250608261686786 0.25264304546700656 0.0003374599902011793
3.2506082554517866 0.23341178272970695 0.09701978653934451
3.2506082672924195 0.1786455947244732 0.17898305454376398
3.2506082624365065 0.09668232433818366 0.2337492529225666
3.2506082638023845 2.0422766460013076e-13 0.25298052603422855
3.2506082624364283 -0.09668232434005601 0.23374925292531942
3.250608267292014 -0.17864559472175354 0.17898305454221236
3.250608255452939 -0.23341178273308108 0.09701978654045328
3.2506082616862693 -0.2526430454617474 0.0003374599905241597
3.250608256221742 -0.2334117854038107 -0.0963448716342927
3.250608263116928 -0.17864560747869165 -0.17830815448600854
3.250608257801933 -0.09668232914574203 -0.23307433040699543
3.2506082595085095 -1.7496456205213426e-13 -0.25230558837735934
3.250608257802583 0.0966823291466281 -0.23307433040591508
3.5158626682428733 0.16414397492621216 -0.16380651592475984
3.515862668933219 0.21446441203957797 -0.08849661464336768
3.5158626672923217 0.23213463969026013 0.0003374526744233524
3.5158626631121184 0.2144644297337006 0.08917152136773869
3.5158626540756766 0.164143978676212 0.1644814350778036
3.5158626572993756 0.08883406452862812 0.21480187641297582
3.515862656566416 -5.411882123286013e-12 0.23247211552435762
3.515862657300329 -0.08883406452535829 0.21480187641056736
3.515862654075844 -0.1641439786738168 0.16448143508213656
3.515862663111466 -0.2144644297326862 0.08917152136971437
3.5158626672927937 -0.23213463969302653 0.0003374526685875105
3.5158626689315926 -0.21446441203672229 -0.08849661464179279
3.515862668243104 -0.16414397493063398 -0.16380651592362316
3.5158626566335833 -0.08883406988106711 -0.21412695426791925
3.515862660207631 1.3253981468506802e-12 -0.23179717462845015
3.5158626566337583 0.08883406988203568 -0.21412695426682113
3.7811464518533233 0.11226671957125295 -0.11192926381381396
3.7811464551497798 0.14668352978543822 -0.06042085221333702
3.7811464655877627 0.15876912858611994 0.00033744685982229754
3.78114646086661 0.1466835582179035 0.0610957766323429
3.7811464490782765 0.11226673533761913 0.11260418238952184
3.78114645376264 0.06075832965161975 0.14702100872909568
3.7811464360354403 3.3528776601116077e-12 0.15910653980627554
3.781146453767205 -0.060758329659083524 0.14702100874950644
3.7811464490759534 -0.11226673534420624 0.11260418238791488
3.781146460863284 -0.14668355820611256 0.06109577662900213
3.781146465587192 -0.15876912858091655 0.0003374468700655564
3.7811464551529395 -0.146683529799211 -0.06042085222123631
3.781146451852425 -0.11226671956935622 -0.1119292638162212
3.7811464537697432 -0.06075831704799714 -0.1463460980797966
3.7811464494691265 -3.408517058581738e-12 -0.15843167126985472
3.7811464537703814 0.06075831706002378 -0.14634609808912497
3.806245226485128 0.10617064555466033 -0.10583318980491661
3.806245265381794 0.13871872243341857 -0.05712173178248867
3.80624523146215 0.15014795210702342 0.0003374691493914756
3.8062451387397225 0.13871839785801357 0.05779648580860105
3.80624525591919 0.10617071804980019 0.10650816566835149
3.8062451585332577 0.05745906328995021 0.1390559254811424
3.8062452180855018 5.113032617349658e-13 0.1504853822977578
3.8062451584738723 -0.05745906323204059 0.13905592532224254
3.8062452559183004 -0.10617071803453448 0.10650816567094745
3.806245138767875 -0.13871839795322813 0.05779648584861259
3.806245231464378 -0.1501479520948346 0.0003374691344335203
3.80624526534086 -0.13871872233892357 -0.057121731727174586
3.8062452264949713 -0.10617064556886381 -0.1058331898270281
3.806245213520633 -0.05745912067338118 -0.1383811449478032
3.806245217607367 2.5169087634307644e-11 -0.14981050354427228
3.8062452134829066 0.05745912060146993 -0.1383811448317226
3.8356257455803644 0.09893870475539612 -0.0986012605215716
3.8356257119109984 0.1292695558111873 -0.053207742879342684
3.835625731260535 0.13992040454821056 0.0003374350725235312
3.8356257942291587 0.1292697958357456 0.05388277322677745
3.835625705448551 0.09893861984963759 0.0992760912947173
3.8356257096491975 0.05354522411296774 0.12960704192518469
3.8356257899185913 -1.4210708960881359e-12 0.14025802494649645
3.835625709647428 -0.05354522410545959 0.12960704192591224
3.8356257054409664 -0.09893861983701854 0.09927609125922458
3.8356257942217407 -0.12926979582178877 0.05388277322433148
3.8356257312654565 -0.13992040455036292 0.00033743509650084136
3.8356257119126402 -0.12926955583059743 -0.05320774289848066
3.8356257455739398 -0.09893870474380272 -0.0986012605140096
3.8356257264663984 -0.0535452222688599 -0.12893213342202864
3.8356257223727344 -2.963054875200051e-11 -0.13958296568508083
3.8356257264965037 0.05354522231891089 -0.12893213347893642
3.866420436869593 0.09129979672846773 -0.09096232551475354
3.866420389790403 0.1192888184904459 -0.04907359470175117
3.866420426614659 0.12911736986707592 0.00033747881444152957
3.8664203629007683 0.11928876064430488 0.049748472837778855
3.8664204406241223 0.09129984571142075 0.09163729427483687
3.8664204875227197 0.04941115183491292 0.11962656856492675
3.8664203987557744 4.479813645869446e-12 0.1294547636874118
3.866420487550532 -0.04941115187427646 0.11962656864509677
3.8664204406401717 -0.09129984573499803 0.09163729430221138
3.8664203628875797 -0.11928876060319138 0.049748472821452436
3.8664204266111764 -0.12911736986099873 0.0003374788050681064
3.866420389795088 -0.1192888185183583 -0.049073594712303124
3.8664204368575477 -0.09129979671220989 -0.0909623254991501
3.8664204002184785 -0.049411049345801886 -0.11895138470873053
3.8664204313259725 1.605977603303354e-11 -0.12877996009251697
3.866420400214543 0.0494110493238349 -0.1189513846949925
3.898771382992939 0.08327558125151234 -0.08293812715677952
3.898771425398882 0.1088049275395128 -0.04473100473887202
3.8987713878898975 0.11776947642548845 0.00033746267771016047
3.898771431512492 0.1088049459953833 0.04540595486782111
3.898771342787748 0.08327553945241864 0.08361301140239599
3.898771313982768 0.045068363556267296 0.10914210513619209
3.8987714071182844 -4.984503824177326e-12 0.11810697892314172
3.898771313957263 -0.04506836352678018 0.10914210507039843
3.8987713427791415 -0.08327553942727443 0.0836130113779396
3.8987714315282918 -0.1088049460386444 0.04540595488393625
3.898771387891587 -0.11776947644037443 0.00033746267952341086
3.898771425382436 -0.10880492751328427 -0.044731004727115165
3.898771383001506 -0.0832755812748755 -0.08293812718360737
3.898771377129456 -0.045068413778073246 -0.10846732425829508
3.8987713902574628 -1.1959136188325569e-11 -0.11743202752417817
3.8987713771318475 0.045068413780648214 -0.10846732425372616
3.9328155765102375 0.07490955134972703 -0.07457207973240441
3.932815534735553 0.0978739301152567 -0.04020324625242499
3.9328155905939113 0.10593815663843237 0.0003374705871590678
3.9328155670559126 0.09787403175155363 0.04087821606580083
3.9328155688218867 0.07490956964121537 0.07524702892192295
3.932815605221279 0.04054080022936735 0.09821161348975625
3.932815579618534 1.6161269385477126e-12 0.10627552350289167
3.9328156052370695 -0.04054080024910004 0.09821161353115149
3.9328155688325173 -0.07490956966874067 0.07524702894190738
3.932815567048816 -0.0978740317345982 0.040878216052736165
3.9328155905923534 -0.10593815664589505 0.0003374705850900442
3.932815534736557 -0.09787393013502545 -0.040203246261444614
3.9328155764923554 -0.07490955132253327 -0.07457207969961242
3.932815596953662 -0.04054077410741366 -0.09753662113713736
3.9328155956730884 1.5171941255417818e-12 -0.10560069416982035
3.9328155969546903 0.040540774106264575 -0.09753662114956216
3.9686744147404833 0.06627573599401168 -0.06593826745581828
3.9686744359985613 0.0865934984683993 -0.03553073740580027
3.9686743731610106 0.09372794825509732 0.00033745937924066857
3.9686743727649025 0.08659335114466946 0.036205608360741395
3.9686743876253283 0.06627571370505199 0.06661318202947937
3.968674380983074 0.03586815105566954 0.08693082157237128
3.968674395808747 -2.0312644153223854e-13 0.09406546687519284
3.9686743809641785 -0.035868151039063156 0.08693082152962653
3.9686743876132 -0.06627571369041022 0.06661318201004601
3.968674372771909 -0.08659335117078207 0.036205608367984
3.9686743731572047 -0.093727948254844 0.0003374593757780769
3.9686744359873587 -0.08659349844665111 -0.035530737396730974
3.9686744147560744 -0.06627573602571483 -0.065938267485778
3.9686743785649776 -0.0358681343093937 -0.08625586233705083
3.9686743783592777 -2.2024169564232264e-12 -0.0933904753917096
3.968674378557579 0.035868134301978154 -0.08625586232804998
4.00643692848164 0.05749022317135073 -0.057152764297324736
4.006436916356573 0.07511457307772657 -0.030776007772916586
4.006436945773875 0.08130354018893918 0.0003374708460050117
4.006436952353502 0.0751147174999175 0.03145099381418001
4.0064369236117034 0.05749025128989776 0.05782770194747117
4.006436928779199 0.03111350173405928 0.07545210678500196
4.00643694341237 -4.956751821230501e-13 0.08164100580466029
4.006436928786034 -0.031113501753693616 0.0754521068278978
4.006436923613826 -0.05749025131480712 0.057827701975201797
4.00643695233883 -0.07511471746185415 0.031450993799264755
4.006436945770638 -0.0813035401914202 0.0003374708447174434
4.00643691636163 -0.07511457309650385 -0.030776007780069708
4.006436928477643 -0.057490223145350766 -0.05715276426837306
4.006436951734486 -0.03111350373590322 -0.07477719809786872
4.006436958755778 8.54946005041536e-13 -0.08096607744903893
4.0064369517393965 0.03111350375426136 -0.07477719814023324
4.046705260586394 0.04861208664106095 -0.04827463017761073
4.046705268818204 0.06351477073133979 -0.02597122533347001
4.04670523938064 0.0687478421960362 0.0003374566502538192
4.0467052497670615 0.06351476436107427 0.026646134095728823
4.046705239424097 0.04861208155758716 0.048949536263070206
4.046705232210351 0.02630866209156812 0.0638521943693065
4.046705252591227 1.2272945995591573e-12 0.06908535733140755
4.046705232180847 -0.02630866208819233 0.06385219437508005
4.046705239414834 -0.04861208154582799 0.04894953626148842
4.046705249762089 -0.06351476435668274 0.0266461340995955
4.046705239379154 -0.06874784219684531 0.0003374566524059529
4.046705268812443 -0.06351477073510517 -0.025971225333502174
4.046705260598256 -0.04861208664784476 -0.04827463018459499
4.046705264428034 -0.02630867490664191 -0.06317730249287963
4.046705278018056 4.566565912439886e-12 -0.06841041779568283
4.046705264393063 0.026308674913076705 -0.06317730249756592
4.312179422533539 0.01669131141495725 -0.016353864857770278
4.312169636560611 0.02181505657002669 -0.008684015357641258
4.31216901990482 0.023606984183101302 0.0003374659499280032
4.312169654025393 0.021815120761710778 0.00935896104675814
4.312179415752608 0.016691299889705045 0.01702875750251366
4.312169650933937 0.009021491424844949 0.022152559595305616
4.312168995536968 -8.328172150309939e-12 0.023944434878401366
4.312169650977558 -0.00902149145704825 0.02215255967270882
4.312179415764874 -0.016691299882418267 0.017028757519592156
4.312169654017962 -0.02181512066134132 0.009358960999942243
4.312169019909972 -0.02360698417077384 0.00033746592166431763
4.312169636589053 -0.021815056679981824 -0.008684015409597519
4.312179422526579 -0.016691311430343213 -0.01635386484338117
4.312169653868886 -0.009021492375102339 -0.02147765520380106
4.312168996095389 1.4666434535649975e-11 -0.02326952453937251
4.312169653922192 0.009021492428304412 -0.021477655319366722
0.014631729610336913 -0.04163763304717609 -0.04129979703740823
0.014717777372877583 -1.2934031931526085e-11 -0.058696147440738165
0.01463172954520353 0.04163763306346264 -0.04129979707886939
0.014717677730369976 -0.05903419969963005 0.0003378915844201844
0.0015000167433274131 5.653971066609148e-12 0.00033784743750994343
0.014717678146871995 0.05903419952089855 0.0003378916109000374
0.014632066024990061 -0.04163756650950465 0.04197549041505301
0.014718226010931732 -3.761213209653991e-11 0.05937174201392287
0.014632065918706291 0.04163756651345608 0.04197549049113946
4.346543538422537 -0.00791178604112967 -0.0075743254237520576
4.346395239427284 -2.4316484173514805e-12 -0.010933371380016517
4.3465435384171025 0.00791178602913095 -0.0075743253872772075
4.3463951970301755 -0.011270789304351598 0.0003374733325517295
4.354500015278688 -2.5377124278147557e-11 0.0003374736910295367
4.34639519703111 0.011270789254016178 0.0003374733720338593
4.3465435451514125 -0.007911795926051656 0.008249279006187177
4.346395230517928 -4.36586621902286e-11 0.011608304025352942
4.346543545149941 0.007911795839937591 0.008249279028359988
0.924430902116533 -8.830211850961175e-12 0.32268687060107215
0.9244300049845368 -1.0407714751900828e-12 0.3912867122621165
0.9244268620766866 3.4618766105784557e-12 0.45988625291418816
0.9858127587597508 -8.836439272002196e-13 0.3284256083409147
0.9858109207181949 2.925689074426412e-12 0.4024068886462771
0.9858085985795879 -3.5828674306542066e-12 0.4763888252006363
1.0471945232319655 7.222419309322841e-12 0.32849351510319963
1.0471925577610846 -8.038992450646169e-12 0.4025265671701058
1.0471903077889422 7.666200819086678e-12 0.47655806846364895
1.1085757760327437 -1.7510057249011767e-11 0.3284732057911204
1.1085743344066448 1.7731814020370977e-11 0.40248325792960193
1.1085713270579762 -1.6616863576318322e-11 0.4764931388616593
1.1699570325300743 5.5490477606367114e-12 0.32776508550709943
1.1699554469437465 -1.0778280990870994e-11 0.4010660781905151
1.1699533063099903 1.4374513800713974e-11 0.4743651933541676
1.2313383097595891 -1.0285109417751406e-11 0.3258890042137445
1.2313367206206762 1.0975652011807699e-11 0.39731109639162926
1.2313361586272988 -1.183359176965875e-11 0.4687329708163337
1.292719769836556 1.1402440278706294e-11 0.32294464885570284
1.2927189119658913 -9.947567836800846e-12 0.39142143510127986
1.2927177127499163 9.177085801524908e-12 0.45989802658951034
3.8222618105560366 0.18486175226146787 0.0003372721190730056
3.8377880985793364 0.21815797990404634 0.0003376013164457431
3.8533143893871027 0.2514542064152486 0.00033736846982233425
3.850384112090535 0.1780423779648778 0.0003374468982025937
3.8646476596060872 0.21474829704563292 0.00033745641378958623
3.8789112078993977 0.2514542124821219 0.00033744770681230904
3.8794473034462476 0.17083994087037355 0.0003375024331464323
3.8919776691163883 0.211147082643036 0.000337435997504808
3.904508031046017 0.25145421855734024 0.0003375027921155897
3.9095455392453324 0.1632751607209285 0.0003374598999006433
3.91982519731576 0.20736469093987772 0.0003374748440727402
3.930104857001143 0.25145421980450483 0.0003374255047542299
3.9407696757832165 0.155389084278718 0.00033746593865478417
3.9482356776445573 0.2034216507191076 0.0003374399850303073
3.955701682473527 0.2514542155987867 0.00033746718974889036
3.9732000494350106 0.14725159645844677 0.00033745918903008783
3.977249278864021 0.19935290271161035 0.000337470737780051
3.981298504614635 0.2514542074003823 0.0003374629220224587
4.006895277738272 0.13897258568543963 0.000337463703339354
4.006895305589554 0.1952133915948465 0.00033744549262595746
4.006895322505707 0.25145420203496194 0.0003374560552279264
3.8222618105553336 -0.18486175225974968 0.00033727212329235235
3.8377880985802837 -0.21815797990269545 0.0003376013226398381
3.853314389385758 -0.25145420641552346 0.0003373684567939479
3.850384112090916 -0.17804237796404454 0.00033744689031320075
3.8646476596077854 -0.2147482970476174 0.00033745640901886866
3.878911207899339 -0.2514542124851358 0.0003374477182333246
3.8794473034488117 -0.1708399408766762 0.00033750244458842645
3.891977669120056 -0.21114708264919035 0.0003374360026020688
3.90450803104966 -0.2514542185641037 0.00033750278417756424
3.9095455392466723 -0.16327516072788703 0.00033745988237160186
3.9198251973213187 -0.20736469094905438 0.0003374748400181923
3.9301048570107957 -0.25145421981376115 0.00033742550716983264
3.940769675785539 -0.15538908428494236 0.0003374659556171237
3.948235677650044 -0.2034216507286982 0.0003374399893877103
3.955701682490354 -0.2514542156023425 0.0003374671889757889
3.9732000494372417 -0.1472515964647945 0.00033745917958094
3.9772492788685057 -0.19935290270897202 0.0003374707333146753
3.9812985046365474 -0.2514542074032009 0.0003374629238012514
4.0068952777392735 -0.13897258567993526 0.0003374637078977102
4.0068953055947665 -0.19521339159563086 0.0003374454945184636
4.006895322529286 -0.25145420201648433 0.00033745605468886105
3.8222618239191233 5.893307514919181e-12 0.18519930552802952
3.8377881606549575 -2.8075955427009386e-12 0.21849547069150674
3.853314456937454 -6.481377950364658e-12 0.25179167418127146
3.850384126690546 -3.856313562404698e-12 0.1783798551101624
3.864647710796575 6.844261886526288e-13 0.21508575532873156
3.8789112628800315 4.99616750167936e-12 0.251791658183241
3.879447340386728 7.007459902288589e-12 0.17117740513627822
3.891977701909892 -4.4247153263512834e-12 0.2114845045748338
3.904508051259179 1.306996653931871e-12 0.25179165200066855
3.909545558821606 -9.583562647114042e-12 0.16361256285075848
3.9198252177452537 3.1119812818533006e-12 0.20770211406111677
3.9301048310791447 -2.845085138581451e-12 0.2517916545066569
3.9407697094801706 8.641212872489176e-12 0.15572652817323707
3.9482356780477486 -7.627139034460533e-13 0.20375908327693365
3.9557016181900986 2.1900775762238183e-12 0.2517916837049524
3.973200078769857 -3.81258994689518e-12 0.14758904848541834
3.977249273536482 -1.7952627008922331e-12 0.19969038751111146
3.9812984094848973 2.6361428101277648e-14 0.25179171103540954
4.006895326276421 2.0781929926870797e-12 0.1393100915561042
4.006895290890968 4.719335459017209e-13 0.19555091628388815
4.0068952204854975 4.612976058100892e-13 0.25179175711858276
3.822261779477399 2.8997178910334967e-12 -0.1845243113417123
3.8377880730861698 -4.306806996708144e-12 -0.21782055218225538
3.853314384006497 1.5422193766212882e-12 -0.25111677106038754
3.8503840849649795 -1.922329283985483e-12 -0.1777049500324684
3.864647634091656 1.1684415852879576e-12 -0.21441085429694953
3.8789111992057763 -1.6240690810841796e-12 -0.2511167619919901
3.8794472837895566 1.3719624231462514e-12 -0.1705024982000342
3.891977645912375 -2.0476980867755283e-12 -0.21080962721841415
3.904508014147172 3.856967079285813e-12 -0.25111675294799646
3.9095455333351588 3.241390370552284e-13 -0.16293771018935002
3.919825173883252 1.0663591395795484e-12 -0.2070272194233414
3.9301048293831644 -2.560965844236828e-12 -0.2511167510232251
3.9407696740555966 -6.105637725163605e-13 -0.1550516094700754
3.948235655841265 -5.183290690191671e-13 -0.2030841818547062
3.955701641967452 2.0150374368075335e-12 -0.25111674280807333
3.973200057889969 1.4045995548954867e-12 -0.14691413221858396
3.9772492538527535 -2.3343577853187603e-13 -0.1990154295892534
3.981298456122101 -1.4275392235093926e-12 -0.25111675401233485
4.0068952857943145 9.081595829331058e-13 -0.13863511407911186
4.00689528382163 -6.850288732884235e-13 -0.19487595067531074
4.006895268729339 1.538694330316866e-12 -0.25111674541338636
-0.3 -0.6 0.481289208344275
0.11299999999999999 -0.6 0.481289208344275
0.11299983316575313 -0.2999999934924168 0.4812890925041475
-0.3 -0.3 0.481289208344275
0.11299999999999999 -0.6 0.481289208344275
0.526 -0.6 0.481289208344275
0.525999420639731 -0.3000002079288243 0.48128976270282825
0.11299981602288378 -0.2999999932354349 0.48128909377652435
0.526 -0.6 0.481289208344275
0.9390000000000001 -0.6 0.481289208344275
0.9389997406888264 -0.30000070374589266 0.4812907162907385
0.5259993765311101 -0.3000002508615239 0.4812897725114319
0.9389999999999998 -0.6 0.481289208344275
1.3519999999999999 -0.6 0.481289208344275
1.3519999460613652 -0.30000002830606237 0.48129060997836887
0.9389997419852818 -0.3000007414176583 0.4812907230915651
1.3519999999999999 -0.6 0.481289208344275
1.765 -0.6 0.481289208344275
1.764999886950384 -0.2999999823921313 0.48128955250982813
1.3519999439547927 -0.30000002657393304 0.4812906029912839
1.765 -0.6 0.481289208344275
2.178 -0.6 0.481289208344275
2.1780000166916453 -0.30000005316062883 0.4812891436463267
1.7649998945235383 -0.29999998613823453 0.4812895444629803
2.178 -0.6 0.481289208344275
2.5909999999999997 -0.6 0.481289208344275
2.5910000230834513 -0.30000000759306694 0.48128922238272837
2.1780000167935767 -0.30000004925711904 0.48128914484781443
2.591 -0.6 0.481289208344275
3.004 -0.6 0.481289208344275
3.00400000268408 -0.2999999992296246 0.48128920418885646
2.5910000208112547 -0.3000000071957504 0.4812892224753139
3.004 -0.6 0.481289208344275
3.417 -0.6 0.481289208344275
3.417000000301464 -0.30000000023697376 0.4812892096688056
3.0040000019980253 -0.29999999927180465 0.4812892044567748
3.417 -0.6 0.481289208344275
3.8299999999999996 -0.6 0.481289208344275
3.8300000000092114 -0.2999999999909141 0.48128920803712494
3.417000000196663 -0.30000000015519085 0.48128920942376563
3.83 -0.6 0.481289208344275
4.243 -0.6 0.481289208344275
4.243000000000339 -0.3000000000003809 0.4812892083711628
3.8300000000046532 -0.2999999999954028 0.48128920810360626
4.243 -0.6 0.481289208344275
4.656000000000001 -0.6 0.481289208344275
4.656000000000001 -0.3 0.481289208344275
4.243000000000149 -0.3000000000001596 0.4812892082873223
-0.3 -0.3 0.481289208344275
0.11299983157223643 -0.29999999337209426 0.4812890918806612
0.11299980610818204 7.489687982668344e-08 0.48128910905144145
-0.3 0.0 0.481289208344275
0.11299980920526934 -0.2999999826813511 0.48128909234018674
0.5259993860080732 -0.3000002361911358 0.4812897639697894
0.5259997563792435 9.775735003114447e-08 0.4812889615256128
0.1129997833144607 6.808457711205573e-08 0.4812891101915747
0.5259992961825195 -0.30000032045757197 0.48128977390372474
0.9389997045977692 -0.30000083026713725 0.48129071346430224
0.9389984516072539 -2.0863606206024657e-06 0.4814234068913924
0.5259997476200554 1.373167206962006e-07 0.4812889515979488
0.9389997591044413 -0.3000008890905982 0.48129072297304437
1.3519999577846757 -0.30000009203973277 0.48129061025865855
1.3519997055442465 4.619742280023295e-08 0.48137838557748436
0.9389985247538261 -2.7644087653719915e-06 0.48142374100045593
1.3519999474984306 -0.3000000394414675 0.4812906023802792
1.764999880095987 -0.29999998490588986 0.4812895529194766
1.7650000811275004 -8.644045646354186e-08 0.48128884058662214
1.3519997621221749 5.591454010850672e-08 0.4813771853689618
1.7649998944802223 -0.2999999860107652 0.48128954383840306
2.178000019349586 -0.3000000597889184 0.4812891431591507
2.178000104223518 -3.6800957780175786e-08 0.4812892801844183
1.7650000881497017 -8.424655821439026e-08 0.48128884956734647
2.1780000199953444 -0.30000005249863837 0.4812891453695536
2.59100002671603 -0.3000000098531743 0.4812892227252546
2.5910000210361144 -1.216029047067415e-09 0.481289190339111
2.1780001027384723 -3.211152016231816e-08 0.48128927853598125
2.59100002214781 -0.3000000084187994 0.48128922224070086
3.0040000032453253 -0.2999999994564065 0.4812892040433055
3.004000004931095 -1.795589430840453e-09 0.4812892148858285
2.5910000183748454 7.711806825492388e-10 0.4812891908815957
3.0040000021284574 -0.2999999994399817 0.4812892044916973
3.4170000004203716 -0.30000000032265406 0.48128920972532635
3.417000000404423 2.756976876312666e-10 0.48128920556182947
3.0040000035934287 -1.5373236605271653e-09 0.4812892141494327
3.41700000023102 -0.30000000017640344 0.4812892092779815
3.830000000013199 -0.29999999998895294 0.48128920782436596
3.8300000000191075 -1.6751033184299e-11 0.48128920935456965
3.417000000234787 1.6760039507853289e-10 0.4812892058791058
3.8300000000053855 -0.29999999999529176 0.48128920804616937
4.243000000000646 -0.30000000000069055 0.48128920841657863
4.24300000000057 6.500257654346642e-13 0.48128920806408504
3.83000000000904 -8.066866960451023e-12 0.481289209476462
4.243000000000214 -0.3000000000002184 0.4812892084111247
4.656000000000001 -0.3 0.481289208344275
4.656000000000001 0.0 0.481289208344275
4.243000000000203 2.3093877205334933e-13 0.4812892077696128
-0.3 0.0 0.481289208344275
0.11299981061351631 6.908280382715902e-08 0.48128910805096486
0.11299995038435538 0.30000004027993643 0.4812890470693501
-0.3 0.3 0.481289208344275
0.1129997895692795 6.678616177023856e-08 0.4812891107883304
0.525999758416599 1.133447998718871e-07 0.48128896275036553
0.5259998971958822 0.29999988111142994 0.48128989862813754
0.11299993855503303 0.3000000536764163 0.48128904136022393
0.5259997370853771 1.9211362896598744e-07 0.4812889513813635
0.9389982097963936 -1.8537770273073871e-06 0.4814199027440698
0.9390001319692479 0.3000003848358942 0.48129142162879
0.525999882940191 0.2999998384011089 0.4812899146691683
0.9390017041989023 5.293003091527104e-06 0.4818876534648346
1.3519997656314104 -5.552706217926954e-09 0.48137750926824624
1.352001008189516 0.30000095459323556 0.4812912169148189
0.9390001789360078 0.300000761532002 0.48129143468944163
1.35199978066595 8.207051867296864e-08 0.4813762221182528
1.7650000909507262 -8.088146176033052e-08 0.48128884048525633
1.7650002032557712 0.29999986642011867 0.4812893485399895
1.352000853870114 0.3000007494013356 0.4812911956202756
1.7650000943607045 -8.791767220543328e-08 0.4812888480830901
2.178000113872461 -3.485536821825002e-08 0.4812892801065279
2.178000067797673 0.30000000507319075 0.48128922960709436
1.7650001903458004 0.2999998932866825 0.4812893446296052
2.1780001061676835 -3.1578751709098685e-08 0.4812892787419147
2.591000023387181 5.447676409553216e-10 0.4812891903911569
2.5910000244895848 0.29999999668187777 0.48128918386779446
2.1780000633104226 0.300000005160496 0.4812892296276839
2.5910000190184923 9.917613415910648e-10 0.4812891904747877
3.004000005058281 -2.1557626404314328e-09 0.4812892146500581
3.0040000038679535 0.30000000228393675 0.4812892221127059
2.591000019950272 0.29999999607988564 0.481289183692922
3.004000003672661 -1.6793555944810556e-09 0.48128921436203426
3.417000000391236 2.5999887097248896e-10 0.4812892057512366
3.4170000002985166 0.29999999985651127 0.4812892019169872
3.004000002761582 0.30000000175859715 0.48128922118422585
3.4170000002267353 1.612226831873769e-10 0.48128920580670986
3.8300000000208634 -1.9040039151684558e-11 0.4812892091690769
3.8300000000211187 0.3000000000204124 0.4812892109244171
3.417000000157199 0.2999999999089216 0.4812892024254898
3.8300000000096674 -8.67470231946151e-12 0.48128920952370413
4.243000000000489 5.995763753160498e-13 0.4812892081528071
4.243000000000361 0.2999999999995544 0.48128920723028723
3.830000000008976 0.30000000000863 0.48128921107067135
4.2430000000001815 2.1960103468142446e-13 0.48128920767598216
4.656000000000001 0.0 0.481289208344275
4.656000000000001 0.3 0.481289208344275
4.243000000000118 0.2999999999998513 0.4812892071077446
-0.3 0.29999999999999993 0.481289208344275
0.11299995355280082 0.3000000324343914 0.48128904680009343
0.11299999999999999 0.5999999999999999 0.481289208344275
-0.3 0.5999999999999999 0.481289208344275
0.11299994585911093 0.30000004239421646 0.4812890429410023
0.5259999035094933 0.2999998789619707 0.48128989761832697
0.526 0.5999999999999999 0.481289208344275
0.11299999999999999 0.5999999999999999 0.481289208344275
0.525999905593709 0.29999985926530337 0.4812899111944399
0.9390001426867213 0.3000004142457521 0.481291428615348
0.9390000000000001 0.5999999999999999 0.481289208344275
0.526 0.5999999999999999 0.481289208344275
0.9390001575702186 0.30000053195815346 0.48129144842391014
1.3520008792958245 0.30000077363025157 0.4812912082820061
1.3519999999999999 0.5999999999999999 0.481289208344275
0.9389999999999998 0.5999999999999999 0.481289208344275
1.3520007911265832 0.30000067437524036 0.4812911939556415
1.7650002001396674 0.2999998831857835 0.48128935054746713
1.765 0.5999999999999999 0.481289208344275
1.3519999999999999 0.5999999999999999 0.481289208344275
1.765000189650224 0.29999989761076223 0.4812893444509353
2.1780000671752924 0.30000001084554945 0.48128922924636897
2.178 0.5999999999999999 0.481289208344275
1.765 0.5999999999999999 0.481289208344275
2.1780000623362277 0.3000000062258207 0.4812892298477903
2.5910000217674063 0.2999999964713112 0.4812891840730834
2.5909999999999997 0.5999999999999999 0.481289208344275
2.178 0.5999999999999999 0.481289208344275
2.5910000192304294 0.29999999542300776 0.4812891836769097
3.004000003364793 0.3000000021667419 0.4812892219926448
3.004 0.5999999999999999 0.481289208344275
2.591 0.5999999999999999 0.481289208344275
3.004000002565922 0.30000000171160585 0.4812892210467003
3.417000000219936 0.2999999998525362 0.4812892017717437
3.417 0.5999999999999999 0.481289208344275
3.004 0.5999999999999999 0.481289208344275
3.4170000001411815 0.29999999989911963 0.48128920241783407
3.8300000000132646 0.30000000001347127 0.4812892110345251
3.8299999999999996 0.5999999999999999 0.481289208344275
3.417 0.5999999999999999 0.481289208344275
3.8300000000070145 0.3000000000071539 0.48128921139956626
4.243000000000229 0.2999999999996788 0.4812892074218341
4.243 0.5999999999999999 0.481289208344275
3.83 0.5999999999999999 0.481289208344275
4.243000000000095 0.299999999999868 0.48128920669198294
4.656000000000001 0.29999999999999993 0.481289208344275
4.656000000000001 0.5999999999999999 0.481289208344275
4.243 0.5999999999999999 0.481289208344275
CELLS 650 3250
4 0 1 17 16
4 1 2 18 17
4 2 3 19 18
4 3 4 20 19
4 4 5 21 20
4 5 6 22 21
4 6 7 23 22
4 7 8 24 23
4 8 9 25 24
4 9 10 26 25
4 10 11 27 26
4 11 12 28 27
4 12 13 29 28
4 13 14 30 29
4 14 15 31 30
4 15 0 16 31
4 16 17 33 32
4 17 18 34 33
4 18 19 35 34
4 19 20 36 35
4 20 21 37 36
4 21 22 38 37
4 22 23 39 38
4 23 24 40 39
4 24 25 41 40
4 25 26 42 41
4 26 27 43 42
4 27 28 44 43
4 28 29 45 44
4 29 30 46 45
4 30 31 47 46
4 31 16 32 47
4 32 33 49 48
4 33 34 50 49
4 34 35 51 50
4 35 36 52 51
4 36 37 53 52
4 37 38 54 53
4 38 39 55 54
4 39 40 56 55
4 40 41 57 56
4 41 42 58 57
4 42 43 59 58
4 43 44 60 59
4 44 45 61 60
4 45 46 62 61
4 46 47 63 62
4 47 32 48 63
4 48 49 65 64
4 49 50 66 65
4 50 51 67 66
4 51 52 68 67
4 52 53 69 68
4 53 54 70 69
4 54 55 71 70
4 55 56 72 71
4 56 57 73 72
4 57 58 74 73
4 58 59 75 74
4 59 60 76 75
4 60 61 77 76
4 61 62 78 77
4 62 63 79 78
4 63 48 64 79
4 64 65 81 80
4 65 66 82 81
4 66 67 83 82
4 67 68 84 83
4 68 69 85 84
4 69 70 86 85
4 70 71 87 86
4 71 72 88 87
4 72 73 89 88
4 73 74 90 89
4 74 75 91 90
4 75 76 92 91
4 76 77 93 92
4 77 78 94 93
4 78 79 95 94
4 79 64 80 95
4 80 81 97 96
4 81 82 98 97
4 82 83 99 98
4 83 84 100 99
4 84 85 101 100
4 85 86 102 101
4 86 87 103 102
4 87 88 104 103
4 88 89 105 104
4 89 90 106 105
4 90 91 107 106
4 91 92 108 107
4 92 93 109 108
4 93 94 110 109
4 94 95 111 110
4 95 80 96 111
4 96 97 113 112
4 97 98 114 113
4 98 99 115 114
4 99 100 116 115
4 100 101 117 116
4 101 102 118 117
4 102 103 119 118
4 103 104 120 119
4 104 105 121 120
4 105 106 122 121
4 106 107 123 122
4 107 108 124 123
4 108 109 125 124
4 109 110 126 125
4 110 111 127 126
4 111 96 112 127
4 112 113 129 128
4 113 114 130 129
4 114 115 131 130
4 115 116 132 131
4 116 117 133 132
4 117 118 134 133
4 118 119 135 134
4 119 120 136 135
4 120 121 137 136
4 121 122 138 137
4 122 123 139 138
4 123 124 140 139
4 124 125 141 140
4 125 126 142 141
4 126 127 143 142
4 127 112 128 143
4 128 129 145 144
4 129 130 146 145
4 130 131 147 146
4 131 132 148 147
4 132 133 149 148
4 133 134 150 149
4 134 135 151 150
4 135 136 152 151
4 136 137 153 152
4 137 138 154 153
4 138 139 155 154
4 139 140 156 155
4 140 141 157 156
4 141 142 158 157
4 142 143 159 158
4 143 128 144 159
4 144 145 161 160
4 145 146 162 161
4 146 147 163 162
4 147 148 164 163
4 148 149 165 164
4 149 150 166 165
4 150 151 167 166
4 151 152 168 167
4 152 153 169 168
4 153 154 170 169
4 154 155 171 170
4 155 156 172 171
4 156 157 173 172
4 157 158 174 173
4 158 159 175 174
4 159 144 160 175
4 160 161 177 176
4 161 162 178 177
4 162 163 179 178
4 163 164 180 179
4 164 165 181 180
4 165 166 182 181
4 166 167 183 182
4 167 168 184 183
4 168 169 185 184
4 169 170 186 185
4 170 171 187 186
4 171 172 188 187
4 172 173 189 188
4 173 174 190 189
4 174 175 191 190
4 175 160 176 191
4 176 177 193 192
4 177 178 194 193
4 178 179 195 194
4 179 180 196 195
4 180 181 197 196
4 181 182 198 197
4 182 183 199 198
4 183 184 200 199
4 184 185 201 200
4 185 186 202 201
4 186 187 203 202
4 187 188 204 203
4 188 189 205 204
4 189 190 206 205
4 190 191 207 206
4 191 176 192 207
4 192 193 209 208
4 193 194 210 209
4 194 195 211 210
4 195 196 212 211
4 196 197 213 212
4 197 198 214 213
4 198 199 215 214
4 199 200 216 215
4 200 201 217 216
4 201 202 218 217
4 202 203 219 218
4 203 204 220 219
4 204 205 221 220
4 205 206 222 221
4 206 207 223 222
4 207 192 208 223
4 208 209 225 224
4 209 210 226 225
4 210 211 227 226
4 211 212 228 227
4 212 213 229 228
4 213 214 230 229
4 214 215 231 230
4 215 216 232 231
4 216 217 233 232
4 217 218 234 233
4 218 219 235 234
4 219 220 236 235
4 220 221 237 236
4 221 222 238 237
4 222 223 239 238
4 223 208 224 239
4 224 225 241 240
4 225 226 242 241
4 226 227 243 242
4 227 228 244 243
4 228 229 245 244
4 229 230 246 245
4 230 231 247 246
4 231 232 248 247
4 232 233 249 248
4 233 234 250 249
4 234 235 251 250
4 235 236 252 251
4 236 237 253 252
4 237 238 254 253
4 238 239 255 254
4 239 224 240 255
4 240 241 257 256
4 241 242 258 257
4 242 243 259 258
4 243 244 260 259
4 244 245 261 260
4 245 246 262 261
4 246 247 263 262
4 247 248 264 263
4 248 249 265 264
4 249 250 266 265
4 250 251 267 266
4 251 252 268 267
4 252 253 269 268
4 253 254 270 269
4 254 255 271 270
4 255 240 256 271
4 256 257 273 272
4 257 258 274 273
4 258 259 275 274
4 259 260 276 275
4 260 261 277 276
4 261 262 278 277
4 262 263 279 278
4 263 264 280 279
4 264 265 281 280
4 265 266 282 281
4 266 267 283 282
4 267 268 284 283
4 268 269 285 284
4 269 270 286 285
4 270 271 287 286
4 271 256 272 287
4 272 273 289 288
4 273 274 290 289
4 274 275 291 290
4 275 276 292 291
4 276 277 293 292
4 277 278 294 293
4 278 279 295 294
4 279 280 296 295
4 280 281 297 296
4 281 282 298 297
4 282 283 299 298
4 283 284 300 299
4 284 285 301 300
4 285 286 302 301
4 286 287 303 302
4 287 272 288 303
4 288 289 305 304
4 289 290 306 305
4 290 291 307 306
4 291 292 308 307
4 292 293 309 308
4 293 294 310 309
4 294 295 311 310
4 295 296 312 311
4 296 297 313 312
4 297 298 314 313
4 298 299 315 314
4 299 300 316 315
4 300 301 317 316
4 301 302 318 317
4 302 303 319 318
4 303 288 304 319
4 304 305 321 320
4 305 306 322 321
4 306 307 323 322
4 307 308 324 323
4 308 309 325 324
4 309 310 326 325
4 310 311 327 326
4 311 312 328 327
4 312 313 329 328
4 313 314 330 329
4 314 315 331 330
4 315 316 332 331
4 316 317 333 332
4 317 318 334 333
4 318 319 335 334
4 319 304 320 335
4 320 321 337 336
4 321 322 338 337
4 322 323 339 338
4 323 324 340 339
4 324 325 341 340
4 325 326 342 341
4 326 327 343 342
4 327 328 344 343
4 328 329 345 344
4 329 330 346 345
4 330 331 347 346
4 331 332 348 347
4 332 333 349 348
4 333 334 350 349
4 334 335 351 350
4 335 320 336 351
4 336 337 353 352
4 337 338 354 353
4 338 339 355 354
4 339 340 356 355
4 340 341 357 356
4 341 342 358 357
4 342 343 359 358
4 343 344 360 359
4 344 345 361 360
4 345 346 362 361
4 346 347 363 362
4 347 348 364 363
4 348 349 365 364
4 349 350 366 365
4 350 351 367 366
4 351 336 352 367
4 352 353 369 368
4 353 354 370 369
4 354 355 371 370
4 355 356 372 371
4 356 357 373 372
4 357 358 374 373
4 358 359 375 374
4 359 360 376 375
4 360 361 377 376
4 361 362 378 377
4 362 363 379 378
4 363 364 380 379
4 364 365 381 380
4 365 366 382 381
4 366 367 383 382
4 367 352 368 383
4 368 369 385 384
4 369 370 386 385
4 370 371 387 386
4 371 372 388 387
4 372 373 389 388
4 373 374 390 389
4 374 375 391 390
4 375 376 392 391
4 376 377 393 392
4 377 378 394 393
4 378 379 395 394
4 379 380 396 395
4 380 381 397 396
4 381 382 398 397
4 382 383 399 398
4 383 368 384 399
4 384 385 401 400
4 385 386 402 401
4 386 387 403 402
4 387 388 404 403
4 388 389 405 404
4 389 390 406 405
4 390 391 407 406
4 391 392 408 407
4 392 393 409 408
4 393 394 410 409
4 394 395 411 410
4 395 396 412 411
4 396 397 413 412
4 397 398 414 413
4 398 399 415 414
4 399 384 400 415
4 400 401 417 416
4 401 402 418 417
4 402 403 419 418
4 403 404 420 419
4 404 405 421 420
4 405 406 422 421
4 406 407 423 422
4 407 408 424 423
4 408 409 425 424
4 409 410 426 425
4 410 411 427 426
4 411 412 428 427
4 412 413 429 428
4 413 414 430 429
4 414 415 431 430
4 415 400 416 431
4 416 417 433 432
4 417 418 434 433
4 418 419 435 434
4 419 420 436 435
4 420 421 437 436
4 421 422 438 437
4 422 423 439 438
4 423 424 440 439
4 424 425 441 440
4 425 426 442 441
4 426 427 443 442
4 427 428 444 443
4 428 429 445 444
4 429 430 446 445
4 430 431 447 446
4 431 416 432 447
4 432 433 449 448
4 433 434 450 449
4 434 435 451 450
4 435 436 452 451
4 436 437 453 452
4 437 438 454 453
4 438 439 455 454
4 439 440 456 455
4 440 441 457 456
4 441 442 458 457
4 442 443 459 458
4 443 444 460 459
4 444 445 461 460
4 445 446 462 461
4 446 447 463 462
4 447 432 448 463
4 448 449 465 464
4 449 450 466 465
4 450 451 467 466
4 451 452 468 467
4 452 453 469 468
4 453 454 470 469
4 454 455 471 470
4 455 456 472 471
4 456 457 473 472
4 457 458 474 473
4 458 459 475 474
4 459 460 476 475
4 460 461 477 476
4 461 462 478 477
4 462 463 479 478
4 463 448 464 479
4 464 465 481 480
4 465 466 482 481
4 466 467 483 482
4 467 468 484 483
4 468 469 485 484
4 469 470 486 485
4 470 471 487 486
4 471 472 488 487
4 472 473 489 488
4 473 474 490 489
4 474 475 491 490
4 475 476 492 491
4 476 477 493 492
4 477 478 494 493
4 478 479 495 494
4 479 464 480 495
4 11 496 13 12
4 496 497 14 13
4 497 498 15 14
4 498 1 0 15
4 10 499 496 11
4 499 500 497 496
4 500 501 498 497
4 501 2 1 498
4 9 502 499 10
4 502 503 500 499
4 503 504 501 500
4 504 3 2 501
4 8 7 502 9
4 7 6 503 502
4 6 5 504 503
4 5 4 3 504
4 492 493 505 491
4 493 494 506 505
4 494 495 507 506
4 495 480 481 507
4 491 505 508 490
4 505 506 509 508
4 506 507 510 509
4 507 481 482 510
4 490 508 511 489
4 508 509 512 511
4 509 510 513 512
4 510 482 483 513
4 489 511 487 488
4 511 512 486 487
4 512 513 485 486
4 513 483 484 485
4 70 86 517 514
4 514 517 518 515
4 515 518 519 516
4 86 102 520 517
4 517 520 521 518
4 518 521 522 519
4 102 118 523 520
4 520 523 524 521
4 521 524 525 522
4 118 150 526 523
4 523 526 527 524
4 524 527 528 525
4 150 166 529 526
4 526 529 530 527
4 527 530 531 528
4 166 182 532 529
4 529 532 533 530
4 530 533 534 531
4 354 370 538 535
4 535 538 539 536
4 536 539 540 537
4 370 386 541 538
4 538 541 542 539
4 539 542 543 540
4 386 402 544 541
4 541 544 545 542
4 542 545 546 543
4 402 418 547 544
4 544 547 548 545
4 545 548 549 546
4 418 434 550 547
4 547 550 551 548
4 548 551 552 549
4 434 450 553 550
4 550 553 554 551
4 551 554 555 552
4 362 378 559 556
4 556 559 560 557
4 557 560 561 558
4 378 394 562 559
4 559 562 563 560
4 560 563 564 561
4 394 410 565 562
4 562 565 566 563
4 563 566 567 564
4 410 426 568 565
4 565 568 569 566
4 566 569 570 567
4 426 442 571 568
4 568 571 572 569
4 569 572 573 570
4 442 458 574 571
4 571 574 575 572
4 572 575 576 573
4 358 374 580 577
4 577 580 581 578
4 578 581 582 579
4 374 390 583 580
4 580 583 584 581
4 581 584 585 582
4 390 406 586 583
4 583 586 587 584
4 584 587 588 585
4 406 422 589 586
4 586 589 590 587
4 587 590 591 588
4 422 438 592 589
4 589 592 593 590
4 590 593 594 591
4 438 454 595 592
4 592 595 596 593
4 593 596 597 594
4 366 382 601 598
4 598 601 602 599
4 599 602 603 600
4 382 398 604 601
4 601 604 605 602
4 602 605 606 603
4 398 414 607 604
4 604 607 608 605
4 605 608 609 606
4 414 430 610 607
4 607 610 611 608
4 608 611 612 609
4 430 446 613 610
4 610 613 614 611
4 611 614 615 612
4 446 462 616 613
4 613 616 617 614
4 614 617 618 615
4 619 620 621 622
4 623 624 625 626
4 627 628 629 630
4 631 632 633 634
4 635 636 637 638
4 639 640 641 642
4 643 644 645 646
4 647 648 649 650
4 651 652 653 654
4 655 656 657 658
4 659 660 661 662
4 663 664 665 666
4 667 668 669 670
4 671 672 673 674
4 675 676 677 678
4 679 680 681 682
4 683 684 685 686
4 687 688 689 690
4 691 692 693 694
4 695 696 697 698
4 699 700 701 702
4 703 704 705 706
4 707 708 709 710
4 711 712 713 714
4 715 716 717 718
4 719 720 721 722
4 723 724 725 726
4 727 728 729 730
4 731 732 733 734
4 735 736 737 738
4 739 740 741 742
4 743 744 745 746
4 747 748 749 750
4 751 752 753 754
4 755 756 757 758
4 759 760 761 762
4 763 764 765 766
4 767 768 769 770
4 771 772 773 774
4 775 776 777 778
4 779 780 781 782
4 783 784 785 786
4 787 788 789 790
4 791 792 793 794
4 795 796 797 798
4 799 800 801 802
4 803 804 805 806
4 807 808 809 810
CELL_TYPES 650
9
9
9
9
9
9
9
9
9
9
9
9
9
9
9
9
9
9
9
9
9
9
9
9
9
9
9
9
9
9
9
9
9
9
9
9
9
9
9
9
9
9
9
9
9
9
9
9
9
9
9
9
9
9
9
9
9
9
9
9
9
9
9
9
9
9
9
9
9
9
9
9
9
9
9
9
9
9
9
9
9
9
9
9
9
9
9
9
9
9
9
9
9
9
9
9
9
9
9
9
9
9
9
9
9
9
9
9
9
9
9
9
9
9
9
9
9
9
9
9
9
9
9
9
9
9
9
9
9
9
9
9
9
9
9
9
9
9
9
9
9
9
9
9
9
9
9
9
9
9
9
9
9
9
9
9
9
9
9
9
9
9
9
9
9
9
9
9
9
9
9
9
9
9
9
9
9
9
9
9
9
9
9
9
9
9
9
9
9
9
9
9
9
9
9
9
9
9
9
9
9
9
9
9
9
9
9
9
9
9
9
9
9
9
9
9
9
9
9
9
9
9
9
9
9
9
9
9
9
9
9
9
9
9
9
9
9
9
9
9
9
9
9
9
9
9
9
9
9
9
9
9
9
9
9
9
9
9
9
9
9
9
9
9
9
9
9
9
9
9
9
9
9
9
9
9
9
9
9
9
9
9
9
9
9
9
9
9
9
9
9
9
9
9
9
9
9
9
9
9
9
9
9
9
9
9
9
9
9
9
9
9
9
9
9
9
9
9
9
9
9
9
9
9
9
9
9
9
9
9
9
9
9
9
9
9
9
9
9
9
9
9
9
9
9
9
9
9
9
9
9
9
9
9
9
9
9
9
9
9
9
9
9
9
9
9
9
9
9
9
9
9
9
9
9
9
9
9
9
9
9
9
9
9
9
9
9
9
9
9
9
9
9
9
9
9
9
9
9
9
9
9
9
9
9
9
9
9
9
9
9
9
9
9
9
9
9
9
9
9
9
9
9
9
9
9
9
9
9
9
9
9
9
9
9
9
9
9
9
9
9
9
9
9
9
9
9
9
9
9
9
9
9
9
9
9
9
9
9
9
9
9
9
9
9
9
9
9
9
9
9
9
9
9
9
9
9
9
9
9
9
9
9
9
9
9
9
9
9
9
9
9
9
9
9
9
9
9
9
9
9
9
9
9
9
9
9
9
9
9
9
9
9
9
9
9
9
9
9
9
9
9
9
9
9
9
9
9
9
9
9
9
9
9
9
9
9
9
9
9
9
9
9
9
9
9
9
9
9
9
9
9
9
9
9
9
9
9
9
9
9
9
9
9
9
9
9
9
9
9
9
9
9
9
9
9
9
9
9
9
9
9
9
9
9
9
9
9
9
9
9
9
9
9
9
9
9
9
9
9
9
9
9
9
9
9
9
9
9
9
9
9
9
9
9
9
9
9
9
9
9
9
9
9
9
9
9
9
9
9
9
9
9
9
9
9
9
9
9
9
9
9
9
9
9
9
9
9
9
9
CELL_DATA 650
SCALARS component int 1
LOOKUP_TABLE default
0
0
0
0
0
0
0
0
0
0
0
0
0
0
0
0
0
0
0
0
0
0
0
0
0
0
0
0
0
0
0
0
0
0
0
0
0
0
0
0
0
0
0
0
0
0
0
0
0
0
0
0
0
0
0
0
0
0
0
0
0
0
0
0
0
0
0
0
0
0
0
0
0
0
0
0
0
0
0
0
0
0
0
0
0
0
0
0
0
0
0
0
0
0
0
0
0
0
0
0
0
0
0
0
0
0
0
0
0
0
0
0
0
0
0
0
0
0
0
0
0
0
0
0
0
0
0
0
0
0
0
0
0
0
0
0
0
0
0
0
0
0
0
0
0
0
0
0
0
0
0
0
0
0
0
0
0
0
0
0
0
0
0
0
0
0
0
0
0
0
0
0
0
0
0
0
0
0
0
0
0
0
0
0
0
0
0
0
0
0
0
0
0
0
0
0
0
0
0
0
0
0
0
0
0
0
0
0
0
0
0
0
0
0
0
0
0
0
0
0
0
0
0
0
0
0
0
0
0
0
0
0
0
0
0
0
0
0
0
0
0
0
0
0
0
0
0
0
0
0
0
0
0
0
0
0
0
0
0
0
0
0
0
0
0
0
0
0
0
0
0
0
0
0
0
0
0
0
0
0
0
0
0
0
0
0
0
0
0
0
0
0
0
0
0
0
0
0
0
0
0
0
0
0
0
0
0
0
0
0
0
0
0
0
0
0
0
0
0
0
0
0
0
0
0
0
0
0
0
0
0
0
0
0
0
0
0
0
0
0
0
0
0
0
0
0
0
0
0
0
0
0
0
0
0
0
0
0
0
0
0
0
0
0
0
0
0
0
0
0
0
0
0
0
0
0
0
0
0
0
0
0
0
0
0
0
0
0
0
0
0
0
0
0
0
0
0
0
0
0
0
0
0
0
0
0
0
0
0
0
0
0
0
0
0
0
0
0
0
0
0
0
0
0
0
0
0
0
0
0
0
0
0
0
0
0
0
0
0
0
0
0
0
0
0
0
0
0
0
0
0
0
0
0
0
0
0
0
0
0
0
0
0
0
0
0
0
0
0
0
0
0
0
0
0
0
0
0
0
0
0
0
0
0
0
0
0
0
0
0
0
0
0
0
0
0
0
0
0
0
0
0
0
0
0
0
0
0
0
0
0
0
1
1
1
1
1
1
1
1
1
1
1
1
1
1
1
1
1
1
2
2
2
2
2
2
2
2
2
2
2
2
2
2
2
2
2
2
3
3
3
3
3
3
3
3
3
3
3
3
3
3
3
3
3
3
4
4
4
4
4
4
4
4
4
4
4
4
4
4
4
4
4
4
5
5
5
5
5
5
5
5
5
5
5
5
5
5
5
5
5
5
-1
-1
-1
-1
-1
-1
-1
-1
-1
-1
-1
-1
-1
-1
-1
-1
-1
-1
-1
-1
-1
-1
-1
-1
-1
-1
-1
-1
-1
-1
-1
-1
-1
-1
-1
-1
-1
-1
-1
-1
-1
-1
-1
-1
-1
-1
-1
-1
POINT_DATA 811
VECTORS displacement double
5.222122077730563e-08 1.3999920330842052e-08 0.0003377163665226526
-3.69942839790742e-09 -3.6778914650189096e-09 0.0003377048613184841
-1.905477622241998e-08 -1.6143894170037133e-07 0.00033774038765726957
4.5776247483040724e-07 1.723813744094357e-07 0.0003377994672544996
3.2441846317869354e-07 -4.479726198701502e-08 0.00033768754554006704
1.458530552476094e-07 1.2297174175364194e-07 0.00033794881373148115
7.341142000723647e-07 9.51852299923898e-12 0.0003379523098696586
1.459379085814403e-07 -1.2294838239522261e-07 0.00033794876590838985
3.243589661065039e-07 4.4727987958311075e-08 0.0003376876134531771
4.576992929325087e-07 -1.722864974138765e-07 0.00033779942390288156
-1.9035284095492863e-08 1.6138246678376735e-07 0.00033774038532131994
-3.702721275487198e-09 3.751707472785887e-09 0.00033770490940127274
5.215197235667542e-08 -1.4077792438665322e-08 0.000337716309616564
-4.4625298707724886e-08 -8.137655065023438e-08 0.0003376249953681885
-1.2482289593239052e-07 1.5532696028719064e-11 0.0003378536001742906
-4.466723317301726e-08 8.142157463112033e-08 0.0003376248823485413
5.679667660165563e-09 -4.217029741535852e-08 0.0003370594590093824
3.5792220334006907e-08 9.029781555108961e-08 0.00033692698986718554
6.24275759402056e-08 2.426403955128761e-07 0.0003368331292805112
-3.405813645995776e-07 8.414841575095347e-08 0.0003369168382835035
2.5123459475634065e-07 -1.1735080271430292e-07 0.00033698912500221875
2.745643577167665e-07 -4.213701510856856e-09 0.0003373097109834018
-3.1928823609364717e-07 -7.12503965551357e-12 0.0003373179592259942
2.7450157340704054e-07 4.167891228864778e-09 0.00033730980935391645
2.5126512579931106e-07 1.1739827094182622e-07 0.0003369891025028575
-3.4053002301325694e-07 -8.411798644904954e-08 0.0003369168207496851
6.235696843585356e-08 -2.4267957343027345e-07 0.0003368331249295259
3.5833203754976966e-08 -9.032407932909807e-08 0.00033692697753563564
5.678549958336992e-09 4.219000613310117e-08 0.00033705948350612084
-3.235151038933292e-08 1.0756792251355243e-07 0.0003372281133501961
1.4291078204139241e-07 1.0299241196935892e-12 0.0003373686167450963
-3.2307748690435276e-08 -1.0757070061936738e-07 0.0003372281100574805
-5.6354096488808215e-08 -1.2235990558715595e-07 0.00033698979564647795
-1.1770163539112985e-07 6.72987030096998e-07 0.00033666240963751455
-9.717358035438213e-08 5.721215371367812e-07 0.00033683863745657727
-6.158968040467867e-07 1.38033139214109e-06 0.0003368645135701354
-6.524905784944657e-07 9.770569015868538e-07 0.0003364761571219892
3.395954179458514e-07 5.7453951407626156e-08 0.0003353088716267399
1.0593854783878454e-06 7.650542329432632e-14 0.0003358017614611627
3.39644837821059e-07 -5.7447184510596997e-08 0.0003353088671671944
-6.524931229452612e-07 -9.770703795877282e-07 0.00033647617055645285
-6.159615343583261e-07 -1.3803184954882937e-06 0.0003368645104730176
-9.709887676168369e-08 -5.721025099859934e-07 0.00033683863576933703
-1.1773400665894363e-07 -6.729856428876651e-07 0.0003366624118433863
-5.6341443852847445e-08 1.2236305561799313e-07 0.0003369897775129462
3.645288584570935e-07 1.1285661819399176e-08 0.00033684584654577223
5.783629509260855e-07 -2.616123216775927e-12 0.0003373402259918766
3.6453698721980074e-07 -1.1298052975603056e-08 0.0003368458614939569
-2.603662924488087e-07 2.846920253938997e-07 0.0003372364571134119
-4.151248374996471e-07 -2.734126286391988e-09 0.0003373752839165552
-2.800184973631737e-07 2.116457936362001e-06 0.0003368918667537658
1.0261847815120977e-07 4.29132594090445e-07 0.00033665134089872867
-8.24539183283957e-07 6.649569601884501e-06 0.00034083058038973424
-8.91278630355537e-08 3.4774432866448153e-06 0.0003359688273498238
1.4785115008370129e-06 9.983929065319242e-12 0.00031864728359151407
-8.914507293889927e-08 -3.477446626932227e-06 0.0003359688138649837
-8.245392278868863e-07 -6.649571504309925e-06 0.0003408305778188431
1.0265353232799124e-07 -4.2912966010830954e-07 0.0003366513394374334
-2.8006318664919776e-07 -2.1164835524707466e-06 0.0003368918777718678
-4.150924907800806e-07 2.754534160266191e-09 0.0003373752797387426
-2.603788786699013e-07 -2.847057921845171e-07 0.0003372364603383067
3.72516208315361e-07 -1.613651988934305e-07 0.00033725034605291537
8.372928821861146e-07 -8.138714589363054e-14 0.0003375169098257142
3.725050628503229e-07 1.6138212104940653e-07 0.0003372503263807666
-1.3930413655056573e-07 -5.5518135781725186e-08 0.0003375314502726467
-4.32698126370178e-07 -2.8032083731478754e-07 0.0003375452039599168
-1.8367885148394354e-07 2.3725807378583013e-06 0.00033698936550105325
-1.4341390297575525e-07 -1.466992796798228e-06 0.0003362531770254411
-4.227742486612729e-07 7.5769245095943445e-06 0.00034212019277133867
1.4909799091508193e-07 3.829795103208486e-06 0.00033582374837397316
6.29761104607391e-07 -1.0093694575848198e-11 0.00031563682172938777
1.4907800086934356e-07 -3.8297551873643965e-06 0.0003358237128470292
-4.227701554763529e-07 -7.576930832184839e-06 0.00034212018166220585
-1.4339719073344318e-07 1.4669165114066224e-06 0.00033625322675936726
-1.8369405317831575e-07 -2.3725546784475494e-06 0.0003369893341298958
-4.3269431954864525e-07 2.8029062781033956e-07 0.00033754522984163294
-1.3930589470794876e-07 5.5532549605088756e-08 0.0003375314267148948
3.0092437607162613e-07 -3.3407437008455326e-07 0.00033699014276267105
7.893757359720663e-07 1.3902076651856752e-11 0.00033811776945433735
3.009189201884434e-07 3.34053553637705e-07 0.000336990129033246
-5.327868421312539e-08 -6.795197730920711e-07 0.0003381036040332009
-2.190567002714257e-07 9.775719685160809e-08 0.0003374543783216221
-2.441429265028305e-07 1.7943492058124818e-06 0.00033701069124356906
-1.5097933970568756e-07 -2.3135685438975086e-06 0.0003362054300692134
-9.172764433823167e-08 7.441343132905345e-06 0.0003421799068690754
-3.342528555308803e-09 3.977629332160975e-06 0.00033613850284881867
1.336832677205343e-07 1.873557349937292e-11 0.00031673312108559823
-3.352647225611364e-09 -3.977691808799814e-06 0.00033613857226524126
-9.172735091200938e-08 -7.441324643483218e-06 0.00034217992728137627
-1.5097011890726468e-07 2.3136550868513874e-06 0.00033620535015832644
-2.441473972507992e-07 -1.7943999663892241e-06 0.0003370107388128125
-2.19062627269843e-07 -9.774841599556346e-08 0.0003374543380498985
-5.327797872020526e-08 6.795255505579418e-07 0.0003381036584861432
1.6337996163383525e-07 -6.148063671840238e-07 0.0003362333002099042
7.781285778133132e-07 -1.6160052453518647e-11 0.0003389612209725817
1.6337495301896e-07 6.14839431178398e-07 0.0003362333040984772
-5.0152570869041425e-08 -1.1938137735891794e-06 0.00033860388404004184
-3.6450779740909577e-07 6.632941890071646e-07 0.00033715286254624186
-1.4753778864943907e-07 8.428983104070626e-07 0.0003370878774722929
-2.758141939646332e-07 -1.8460165691273468e-06 0.00033636111508661957
4.3027850174565425e-07 7.417589517749028e-06 0.00034220023305683357
6.266844468271652e-08 3.601245381185406e-06 0.00033575287322994666
-7.702778840199821e-07 -4.043477390277875e-11 0.0003187534384961514
6.266755449426205e-08 -3.601192020668285e-06 0.0003357528453875072
4.3028106879988304e-07 -7.417599280986956e-06 0.00034220021843617217
-2.758133931357929e-07 1.8459851543008108e-06 0.0003363611738573993
-1.4754242877312573e-07 -8.428777098832413e-07 0.0003370878033655533
-3.6450468231762714e-07 -6.632904305147423e-07 0.00033715290918039727
-5.015430970681007e-08 1.193806221254358e-06 0.00033860386756273724
3.6358861630365136e-07 -8.171818964275456e-07 0.00033564936775823205
5.447333901472737e-07 1.623461865147338e-11 0.00033957695404808485
3.635900828297102e-07 8.171441346796584e-07 0.0003356494072596628
-6.73292943831318e-08 -9.524220528623145e-07 0.0003383615584140619
-2.616081849079261e-08 3.549677352049315e-07 0.00033729450591811586
-3.8039878269345356e-07 7.112237255078797e-07 0.0003368854730258727
-3.9464661571898185e-07 -1.5172898084439911e-06 0.00033645336913228497
4.925426957182039e-07 7.108515075521181e-06 0.00034160383041153153
2.4747586860010663e-07 3.3084888677884192e-06 0.0003359588143635273
-1.0544561723239686e-06 4.1725566321031665e-11 0.00032107308418486606
2.474672787917862e-07 -3.30859733499588e-06 0.0003359589674540822
4.925423499108133e-07 -7.108518724072887e-06 0.0003416038500275188
-3.9464191998104533e-07 1.5173038757801242e-06 0.0003364533140102799
-3.8039749589808755e-07 -7.111361716009563e-07 0.00033688553811268135
-2.6166443539862772e-08 -3.551418884620161e-07 0.00033729441158635026
-6.733296394515894e-08 9.524780026160945e-07 0.00033836158055291935
4.279375397626987e-07 -5.82793897707046e-07 0.0003361515407577208
3.739255385569254e-07 -2.8520182935044858e-11 0.00033909813609925564
4.27928770290728e-07 5.828756166667124e-07 0.0003361513812651791
-3.926909430727595e-08 -8.577737214091313e-07 0.00033812653060518095
1.158998734731776e-08 2.3549817991070552e-07 0.00033725536112606276
-3.7692606236416136e-07 5.837389592312289e-07 0.00033713624456381357
-4.2157221755691694e-07 -1.2956864252314758e-06 0.000336087195165933
5.275510864407288e-07 7.359900876873727e-06 0.00034214741346648523
2.07382745241101e-07 2.704397525382278e-06 0.0003346127008787222
-1.1254951828228658e-06 -3.079737382661695e-11 0.00032218359435131613
2.0737568272343943e-07 -2.7042823961112855e-06 0.00033461247272059035
5.275507355929235e-07 -7.3598608798723945e-06 0.00034214737677917535
-4.215671812250194e-07 1.2956575864574321e-06 0.000336087248682469
-3.7692594499530255e-07 -5.838833831585644e-07 0.0003371361992131504
1.1585719986098062e-08 -2.3521194481515342e-07 0.0003372554631015961
-3.92719543225185e-08 8.577032289391287e-07 0.0003381265490988638
4.170335007208561e-07 -5.856256322141283e-07 0.00033642490645781846
3.616473562363164e-07 2.767349808428035e-11 0.00033895834175711956
4.170265090856375e-07 5.855275921171072e-07 0.00033642515376060793
3.7842771650908914e-08 -7.408425624270672e-07 0.0003382091907791025
4.1266214012820276e-08 1.0834331795417922e-07 0.0003373040558164983
-2.8355597277430096e-07 5.140954510246547e-07 0.0003367737779827125
-4.3947185831170396e-07 -6.728817813302707e-07 0.00033638739931216407
6.13833984032151e-07 6.528977058493755e-06 0.00034109796761491447
3.476161363146695e-09 2.7369169598269246e-06 0.00033542577429267374
-1.2529442441309275e-06 3.2272127173169527e-11 0.0003228782451754021
3.478122709624378e-09 -2.736981579271505e-06 0.00033542584844774536
6.138341892393015e-07 -6.5289973099441385e-06 0.00034109798285400473
-4.394682338706351e-07 6.729036053505046e-07 0.00033638735716629974
-2.8355957971405125e-07 -5.140386021356784e-07 0.00033677382881971865
4.1268608219499044e-08 -1.0841334841063337e-07 0.00033730402313793934
3.7842088254489776e-08 7.408511769748421e-07 0.0003382091544630044
3.705308103098365e-07 -5.041473232048092e-07 0.00033646004663800494
3.6461702586043253e-07 -7.392747592585007e-12 0.00033865858192156213
3.7053361498434197e-07 5.041623680850026e-07 0.00033645999111007254
6.839928122465998e-08 -4.321294578974471e-07 0.00033787285064030843
4.994084547599388e-09 -8.763198324473604e-08 0.00033730983945113295
-1.8932242977534093e-07 8.74639513569988e-07 0.0003367998916062891
-8.715980934148913e-08 -1.9365390890553785e-08 0.0003362863519704232
3.8784884808480396e-07 5.824351722569197e-06 0.0003402424581270036
2.7426302869870217e-08 2.2346910463515702e-06 0.0003352762532880742
-1.6160286975536458e-06 -2.8712676927038176e-11 0.0003242017103549415
2.7432844264835665e-08 -2.2346545384240107e-06 0.00033527620281188926
3.878507703503808e-07 -5.824330686671222e-06 0.00034024243560811657
-8.715979876090745e-08 1.9327292503085622e-08 0.00033628639285396777
-1.8932284571312644e-07 -8.746451888903696e-07 0.0003367998581945471
4.99220908613734e-09 8.765363005049201e-08 0.0003373098674695014
6.840176160378285e-08 4.321394926272907e-07 0.00033787286496282914
4.371591123283463e-07 -3.045415954051303e-07 0.00033695265362887624
2.616457398205675e-07 1.0741926059947652e-11 0.00033835755682751163
4.3716174022213555e-07 3.0452101775827185e-07 0.0003369526841498382
1.7393443494787734e-07 -3.345435791527192e-09 0.00033744901246625353
2.211088675001383e-07 -3.655861638871763e-07 0.0003374263421351974
-1.5375251243062177e-07 1.4000934325126045e-06 0.00033670926929147386
-2.99753588090655e-07 3.815045706944979e-07 0.00033629434312060897
3.5261605726413455e-07 4.701702211598604e-06 0.0003393330386615669
3.5995575269672483e-07 1.6869520105887092e-06 0.00033532275639571547
-1.3566407106489813e-06 1.2304782389854323e-11 0.0003251140409906987
3.59961667721108e-07 -1.6869737750618315e-06 0.00033532278019617664
3.526173517937157e-07 -4.701706737192592e-06 0.00033933304691301355
-2.9975412256249477e-07 -3.81490601935196e-07 0.0003362943232798815
-1.537522142651503e-07 -1.4000784385749887e-06 0.00033670928990892416
2.211106068526354e-07 3.655666578102554e-07 0.000337426320227294
1.7393400238415597e-07 3.3376330513573136e-09 0.00033744901340550547
3.3256352962141857e-07 -5.043679959544316e-08 0.000337445710580257
2.3090155012263753e-07 -9.690400019486512e-12 0.0003376757912305998
3.3256632653620254e-07 5.045562896858989e-08 0.0003374456988970607
1.438581155582996e-07 1.0210018211925724e-07 0.000337204488977695
2.012694420415526e-07 1.919438788786711e-07 0.00033717817134863666
8.250119538707968e-08 1.1123078831569912e-06 0.00033689046540441743
-1.7294044976731277e-07 1.1968913432028843e-06 0.0003366804788000486
2.6083638363455373e-07 2.435566134420751e-06 0.0003373855124885712
4.234950436316598e-07 7.994419999547802e-07 0.0003350783960648815
-1.0141298557256695e-07 -2.588688777113916e-12 0.00033161894396174926
4.234951301093868e-07 -7.994307190864903e-07 0.0003350783900776587
2.6083647385776985e-07 -2.4355720948453463e-06 0.00033738551309198036
-1.729422359458058e-07 -1.196884575546768e-06 0.0003366804825644226
8.250112130446567e-08 -1.11232077103242e-06 0.0003368904590628699
2.0126995892062612e-07 -1.9193297154011207e-07 0.00033717818262460873
1.4385832229777009e-07 -1.0209881076378952e-07 0.00033720448034826525
2.5006175340343026e-07 8.774904900375469e-08 0.0003374854272607417
2.840848596637935e-07 4.469591709979887e-12 0.0003374423638057632
2.50061510730865e-07 -8.775693837808402e-08 0.00033748542537240765
1.4655620228814917e-07 -1.504059786041538e-07 0.0003371585876606803
1.17670541395506e-07 3.7848803035517663e-08 0.00033680115029222416
4.3941893771173086e-08 1.7240356965099264e-07 0.000336711180845552
-6.548285628435682e-08 3.991495738937971e-07 0.0003368434865383243
-2.9000652999040664e-08 -2.2913382127556986e-09 0.00033661491923648326
-3.4309090042616363e-07 -8.177247783492753e-09 0.0003366214966433565
-5.249576667434883e-07 1.757230950237587e-12 0.00033715656577182964
-3.4309256860552435e-07 8.170885150246971e-09 0.000336621501055697
-2.9001208237290794e-08 2.2974522251550563e-09 0.000336614917654333
-6.548181796449876e-08 -3.991557612442473e-07 0.0003368434858094092
4.3941472412509626e-08 -1.723941102016133e-07 0.000336711183728334
1.1767007472903534e-07 -3.785696058429643e-08 0.0003368011434104427
1.4655583861660073e-07 1.5040627269548055e-07 0.0003371585943166539
1.269910583023995e-07 5.301469967799645e-08 0.00033728265294979466
2.1936407966018015e-07 -2.7216715164343078e-12 0.00033740537393586923
1.2699016655063385e-07 -5.3009806463233684e-08 0.00033728265530376487
2.6376575327570794e-07 -4.7276600530895044e-08 0.0003372732100705928
2.2187687245121321e-07 -2.2649262901329867e-08 0.00033730001212503016
1.8680566792761923e-08 -1.056170259160684e-07 0.0003373350085179227
-1.2692946004454704e-07 -1.9187685302286307e-07 0.0003372070721553449
-1.8447272584019736e-07 -4.0527434470817734e-08 0.0003372016876169159
-2.9673206733393074e-07 4.613427761610414e-08 0.0003373623853330295
-3.3278370015160886e-07 -9.846647863156376e-13 0.0003372428176039772
-2.9673129712378135e-07 -4.613035087578157e-08 0.0003373623804146326
-1.8447252757364503e-07 4.05231090601444e-08 0.00033720169016630765
-1.2692992777197133e-07 1.9188186648102812e-07 0.00033720707149820255
1.8680547071347625e-08 1.0560846752682012e-07 0.00033733500705991523
2.2187718899929844e-07 2.2657469437063154e-08 0.00033730001692723984
2.637657747745498e-07 4.727445689758627e-08 0.0003372732058989814
2.641067786117862e-07 3.167421757504304e-08 0.0003372939101637786
2.4568246206837356e-07 1.4256113413516356e-12 0.0003373298791899329
2.641070086672252e-07 -3.167615703241441e-08 0.0003372939091709181
3.336187477728185e-07 6.46778890855931e-08 0.00033740756943378606
2.0388138431176563e-07 1.0047157782524099e-08 0.0003374773287121634
7.346449221736626e-08 -5.800083107187299e-08 0.00033747265648027667
1.307661120878609e-08 -7.734775708474928e-08 0.00033746883329958315
-9.745878243176494e-08 -1.3300637390981526e-07 0.0003374530295899372
-1.6757374347871566e-07 -1.0906774778423066e-07 0.000337411272060711
-1.8254809239079307e-07 2.883944621723626e-13 0.0003374673584666069
-1.6757414689028633e-07 1.0906514450597568e-07 0.0003374112771146902
-9.745862195911239e-08 1.3300998747658362e-07 0.000337453026650323
1.3076625318477876e-08 7.734313139905904e-08 0.0003374688346942115
7.346471824273403e-08 5.800904387830958e-08 0.00033747265701637437
2.0388111237160734e-07 -1.0055136071133162e-08 0.00033747732469185173
3.3361871187162e-07 -6.46750580132355e-08 0.0003374075728585987
3.3701779397192687e-07 -3.5100647980805424e-08 0.0003373487660254104
3.4078611365751674e-07 -2.587014262143478e-13 0.00033731892458444977
3.370175620488967e-07 3.510083434396358e-08 0.0003373487664583076
2.55255657583067e-07 3.190054142335148e-08 0.0003374260244790336
2.0713150992792846e-07 5.45731412683286e-08 0.0003374370366572882
1.8112080544667994e-07 1.0752484583119709e-08 0.0003374778012622701
1.5051452098436838e-07 1.0859645435897642e-08 0.00033749297655445915
1.0418061282944086e-07 1.4965068026995602e-08 0.00033747377883198233
7.336686090486074e-08 2.298238390676356e-08 0.00033745993652449085
1.1282115317958427e-07 3.209966618828278e-15 0.00033737805124794593
7.336703992982525e-08 -2.2980323248024182e-08 0.00033745993162873154
1.0418030728201909e-07 -1.4968348039251405e-08 0.0003374737818122715
1.5051493191595134e-07 -1.0855179620087002e-08 0.00033749297501043415
1.8112030751268845e-07 -1.0760356222987036e-08 0.0003374778009858163
2.071318976493273e-07 -5.456547444932391e-08 0.0003374370402612834
2.552554977823537e-07 -3.1903422444671664e-08 0.0003374260213511399
2.948821364358609e-07 -4.309266210341898e-08 0.00033737338108896374
2.905441572268075e-07 6.927149668503423e-14 0.00033738995296710703
2.948821546851095e-07 4.3092818289565614e-08 0.00033737338075418526
1.584245434484893e-07 2.259213721745858e-08 0.0003374271169435292
1.6337862719858012e-07 2.7375526578437335e-08 0.0003374430324973999
1.595108975662506e-07 2.6142048835308356e-08 0.0003374487460045343
1.4312123801931716e-07 3.019551718589846e-08 0.0003374524612541976
1.3126782640082532e-07 -1.2805100978679825e-08 0.00033744248889641573
1.628189799269228e-07 -2.86402056031265e-09 0.0003374804303096632
1.1327293091197193e-07 2.636584320477972e-13 0.0003375241799587573
1.6281881104762697e-07 2.861955451698147e-09 0.0003374804349360502
1.3126811942095406e-07 1.2808146797331297e-08 0.00033744248597321585
1.431206841443727e-07 -3.019996433099989e-08 0.0003374524624813349
1.595115815398298e-07 -2.6134413614357543e-08 0.00033744874663026706
1.6337802905091917e-07 -2.7382975705460472e-08 0.0003374430292650784
1.5842487206729733e-07 -2.258912749240282e-08 0.00033742711965695243
1.7215171265026778e-07 -8.906150386655769e-09 0.00033741581180347403
1.7315581825016358e-07 -4.4058032339742194e-13 0.0003374153396017937
1.7215188238546983e-07 8.906352376299749e-09 0.00033741581220299305
7.600563386827707e-08 2.578168137619835e-08 0.0003374321237897547
7.552639966864871e-08 -9.938722101552106e-09 0.0003374565620363719
6.966078621521815e-08 3.656755750269391e-08 0.00033744986036832896
7.637668168664046e-08 -1.1614022786471825e-08 0.00033745313317750487
8.110265573931726e-08 5.144753843634234e-08 0.0003375049532305183
6.849898628892201e-08 5.049685586591643e-09 0.00033743858072567834
8.234191459525875e-08 -1.279625617536029e-13 0.00033744877298513685
6.849919436587075e-08 -5.047420994690394e-09 0.00033743857690344626
8.110243994874025e-08 -5.14510342157092e-08 0.0003375049554201932
7.637709197824887e-08 1.161866922416235e-08 0.0003374531317698336
6.96603401088975e-08 -3.657467853979793e-08 0.00033744986030531123
7.552692580646005e-08 9.94530421452846e-09 0.00033745656546321014
7.600508976185374e-08 -2.578366744992749e-08 0.00033743212023419335
7.043534157803608e-08 3.4403512434512094e-09 0.00033746646568837027
7.600027486780147e-08 1.0148203233759167e-13 0.00033742037083851165
7.043462272975253e-08 -3.440640829415516e-09 0.0003374664649004053
2.823189855492798e-08 -1.8977588694958022e-08 0.00033747196578131467
2.1335808727992553e-08 2.6034762802217292e-08 0.0003374447162807504
2.6801750719951228e-08 -2.2326220531548728e-08 0.0003374599902011793
2.056675085149556e-08 2.3364682956846526e-08 0.00033747019298629674
3.2407384089437174e-08 -3.1731890351164806e-08 0.000337428087400485
2.7551470976927823e-08 7.991825442132384e-09 0.0003374935575426299
2.8917348888318963e-08 2.0421210289119861e-13 0.00033745824100145957
2.7551392770358707e-08 -7.993697835116108e-09 0.00033749356029543517
3.2406978313696144e-08 3.173460996470973e-08 0.0003374280858488194
2.0567903511307063e-08 -2.336805709796847e-08 0.0003374701940950347
2.6801233861584766e-08 2.233147970476216e-08 0.000337459990524129
2.1336706786844563e-08 -2.603878666079397e-08 0.000337444712065367
2.8231892204481396e-08 1.897767191492974e-08 0.00033747197035497177
2.2916897049395626e-08 -1.27993838984115e-08 0.0003374289580285672
2.462347413431509e-08 -1.7491809536928255e-13 0.00033747941586773994
2.291754740986378e-08 1.2800270046639701e-08 0.00033742895910896
1.278825978131285e-08 6.607144973466826e-09 0.000337452394307317
1.3478605503758754e-08 -1.7873956432904376e-08 0.0003374608734323808
1.18377080838762e-08 1.3511695718992746e-08 0.0003374526744233524
7.65750501254901e-09 -1.7983377565341085e-10 0.0003374458509386323
-1.3789368284993218e-09 1.0357144819779671e-08 0.00033746675873645336
1.8447620708056878e-09 -1.0988171949796738e-08 0.0003374464994414276
1.1118026817158313e-09 -5.4118964137048366e-12 0.00033748934579320587
1.8457156512935855e-09 1.0991441751224351e-08 0.0003374464970329653
-1.3787695745760255e-09 -1.0354749627486512e-08 0.0003374667630693707
7.656852339575607e-09 1.8084819424161752e-10 0.00033744585291430496
1.1838180023599581e-08 -1.3514462108478384e-08 0.00033745266858748233
1.3476978916815439e-08 1.7876812183113288e-08 0.0003374608750071383
1.2788490211169938e-08 -6.611566769821071e-09 0.00033745239544399707
1.1789696513759676e-09 5.635732883807346e-09 0.00033747564561516273
4.7530174908810396e-09 1.3254409034553729e-12 0.0003374515501142662
1.1791449210493275e-09 -5.634764225767183e-09 0.00033747564671331853
-5.027585877742837e-09 -1.015298157092742e-08 0.000337465910420522
-1.731129319910365e-09 -2.1460032451248447e-08 0.000337464089585832
8.706853364278138e-09 -3.1931671712951775e-09 0.0003374468598222976
3.985700805979345e-09 6.972432813153804e-09 0.00033746032942004234
-7.802632894018049e-09 5.613384618785177e-09 0.0003374526652873482
-3.1182691541092227e-09 1.3348696889661712e-08 0.0003374574836250023
-2.0845469127261687e-08 3.3528678790071998e-12 0.00033740802698842894
-3.1137044592433226e-09 -1.3356160687381024e-08 0.00033745750403577903
-7.804955971234503e-09 -5.619971751675395e-09 0.00033745266368036606
3.982375020302536e-09 -6.960641903249434e-09 0.0003374603260792684
8.706282788759345e-09 3.1983705813074844e-09 0.00033744687006553723
-1.7279699126693104e-09 2.1446259686346534e-08 0.00033746408168645165
-5.028484160774455e-09 1.0154878309778904e-08 0.00033746590801328106
-3.1111660129388866e-09 -7.450743326974418e-10 0.0003374531656740913
-7.411782597842347e-09 -3.4084877152685138e-12 0.00033746050943238873
-3.1105277257168402e-09 7.571010273026383e-10 0.0003374531563457193
6.7655989517832454e-09 1.4389621564610858e-08 0.0003374413601221405
4.566226466644539e-08 1.0779562930711085e-07 0.0003373997540905919
1.1742620870228654e-08 5.58771402620045e-09 0.0003374691493914756
-8.097980685088472e-08 -2.167797756760814e-07 0.00033735427202178606
3.61996604398252e-08 8.688476143168632e-08 0.0003375345033127378
-6.11862714406943e-08 -6.824662906532482e-08 0.0003373108433531537
-1.6340274087516743e-09 5.112939688199326e-13 0.0003374357784483727
-6.124565702639213e-08 6.83045386626883e-08 0.00033731068445327266
3.6198770918921724e-08 -8.686949573072965e-08 0.00033753450590868496
-8.095165447256128e-08 2.1668456112463757e-07 0.00033735431203331384
1.1744848466805412e-08 -5.575525195148125e-09 0.0003374691344335021
4.562133058797733e-08 -1.0770113430186147e-07 0.00033739980940459744
6.775442160939888e-09 -1.4403825033898151e-08 0.00033744133801063723
-6.1988964289984085e-09 1.0863198040477585e-08 0.0003374696899860366
-2.1121623188310266e-09 2.5169115220220244e-11 0.0003374429750371363
-6.2366225849790655e-09 -1.0935109238448587e-08 0.0003374698060667028
8.090289246198105e-09 6.99405990045461e-09 0.00033743723976459034
-2.5579076820644405e-08 -8.247687186083924e-08 0.0003374945026357408
-6.229539892230284e-09 -4.366940368565093e-08 0.0003374350725235312
5.6739083770098724e-08 1.5754768645767123e-07 0.00033753584479903175
-3.204152426809152e-08 -7.791169861946585e-08 0.00033739353338110335
-2.7840877404310433e-08 -1.3269010692089245e-08 0.00033740363712553815
5.2428516092909804e-08 -1.4210795504517412e-12 0.00033757672888220613
-2.7842647064590213e-08 1.3276518828494297e-08 0.00033740363785308037
-3.204910877640565e-08 7.792431765827686e-08 0.0003373934978883769
5.673166564485007e-08 -1.5753372962603367e-07 0.00033753584235303663
-6.224618736608004e-09 4.366725132528629e-08 0.0003374350965008244
-2.5577434655668005e-08 8.245746173681383e-08 0.00033749448349769043
8.083864781889871e-09 -6.9824664905138215e-09 0.00033743724732659394
-1.102367645872667e-08 1.5113118488473302e-08 0.0003375048660305003
-1.511734088957917e-08 -2.963052309606803e-11 0.00033748253253340757
-1.0993571526496529e-08 -1.506306745006725e-08 0.00033750480912276816
1.96801777103206e-08 2.471486324423011e-08 0.0003374464988509436
-2.7399012206397064e-08 -8.232418640828783e-08 0.00033748585624847886
9.425243823625848e-09 -5.9561350865904996e-09 0.00033747881444152957
-5.428864685244772e-08 -1.4017032743305694e-07 0.00033739227977920295
2.3434707057681862e-08 7.369781625556782e-08 0.00033752226123239193
7.033330438852486e-08 7.127691325796703e-08 0.00033766775029443806
-1.8433641053850202e-08 4.479805665228242e-12 0.0003373878642007812
7.036111682949328e-08 -7.131627681633561e-08 0.00033766783046446726
2.3450756349662878e-08 -7.372139355165522e-08 0.000337522288606888
-5.4301835562474024e-08 1.4021144092882236e-07 0.0003373922634527694
9.421761345446267e-09 5.962212275210699e-09 0.00033747880506809075
-2.739432726983605e-08 8.229627403316293e-08 0.00033748584569644923
1.9668132431260704e-08 -2.4698605377545297e-08 0.00033744651445437074
-1.6970936661285854e-08 3.121219773100331e-08 0.0003375161059017961
1.413655733790635e-08 1.6059799779942888e-11 0.0003374157306940353
-1.697487206718443e-08 -3.1234164663543396e-08 0.00033751611963983715
1.6567601016184107e-09 -1.4112743917156296e-08 0.00033746820747672477
4.406270265468363e-08 1.1875854470920331e-07 0.0003374227096161961
6.553718432270207e-09 4.6663216350725425e-11 0.00033746267771016047
5.0176312954616586e-08 1.372144152091312e-07 0.0003375274193328973
-3.8548431315042355e-08 -5.591183762058966e-08 0.00033741603813974543
-6.735341081318849e-08 -6.38922209144171e-08 0.0003372963552239879
2.5782105383248136e-08 -4.9845111094863544e-12 0.00033750254431648657
-6.737891601973343e-08 6.39217080215682e-08 0.00033729628943032764
-3.85570376109739e-08 5.593698181390433e-08 0.00033741601368334487
5.019211288655658e-08 -1.372576763116708e-07 0.00033752743544803034
6.5554076998707786e-09 -6.154919900556079e-11 0.0003374626795233966
4.404625681730369e-08 -1.1873231616521697e-07 0.0003374227213729794
1.6653268665833344e-09 1.408938076910092e-08 0.00033746818064888073
-4.20672287715435e-09 1.367041493040362e-08 0.0003374845226730089
8.921283910670313e-09 -1.1959114510274915e-11 0.00033744885464707177
-4.2043316760626965e-09 -1.3667839918916773e-08 0.0003374845272419593
-9.631168868204049e-09 -2.3815748033493892e-08 0.0003374954330706414
-5.1405853304692396e-08 -1.4651057615072232e-07 0.0003375236907385244
4.452504874894142e-09 1.948781076757705e-08 0.0003374705871590678
-1.90854937435244e-08 -4.48742792425005e-08 0.0003374461226373207
-1.7319519507964995e-08 -5.5242597040454745e-09 0.00033745375644789075
1.9079872702749734e-08 3.02862038374668e-08 0.00033753686392338686
-6.522872574999893e-09 1.6161203782792077e-12 0.0003373863522700743
1.909566316812823e-08 -3.030593653642858e-08 0.0003375369053186201
-1.730888900548631e-08 5.496734385953349e-09 0.00033745377643231236
-1.909259024648151e-08 4.489123466575219e-08 0.0003374461095726399
4.450947312811367e-09 -1.9495273447451287e-08 0.0003374705850900315
-5.140484940831884e-08 1.4649080744224294e-07 0.0003375236817188304
-9.64905100434144e-09 2.3842941804193755e-08 0.00033749546586263053
1.081225550837312e-08 -4.164250177659915e-09 0.0003374554886955097
9.531682275559869e-09 1.5172136050257467e-12 0.00033744298080125605
1.0813284025981705e-08 4.163101127129548e-09 0.00033745547627073516
3.157475948127456e-08 5.653461166841767e-08 0.000337412003581718
5.283283746470816e-08 1.5021472927825087e-07 0.00033740185216641933
-1.0004713250029702e-08 -1.649187810185258e-08 0.00033745937924066857
-1.0400820973099402e-08 2.890999435190169e-09 0.00033746910277470397
4.459604730721616e-09 3.424565198085514e-08 0.0003375025700793731
-2.1826496065200336e-09 1.1797702851105705e-08 0.0003374733187012662
1.2643023544241345e-08 -2.0313225338766983e-13 0.0003375021282174141
-2.2015451399026627e-09 -1.1781096474299256e-08 0.00033747327595651374
4.447476233628721e-09 -3.4231010216009793e-08 0.0003375025506460194
-1.0393814863246492e-08 -2.9171120499218805e-09 0.00033746911001729797
-1.000851911824054e-08 1.649213142356549e-08 0.00033745937577806575
5.282163487226942e-08 -1.501929810617358e-07 0.0003374018612356568
3.159035091653948e-08 -5.656631484540227e-08 0.0003374119736219957
-4.6007461675991405e-09 4.948572964388293e-09 0.00033748591661919087
-4.806446013917325e-09 -2.2023997515618247e-12 0.00033748935526582355
-4.608144408381328e-09 -4.955988472964072e-09 0.0003374859256200661
-2.2484550548931823e-08 -5.449091494997618e-08 0.00033751336494092704
-3.4609617323879694e-08 -9.455624940150526e-08 0.00033750629422362285
-5.192315289549726e-09 9.814368072957167e-09 0.0003374708460050117
1.3873117967385364e-09 4.986594153111988e-08 0.0003374797470398057
-2.7354486405458523e-08 -2.6372367921380603e-08 0.00033742428520550495
-2.2186990654856976e-08 -1.2333080933801008e-08 0.00033743915102599795
-7.553820038960124e-09 -4.95680247984252e-13 0.000337475430089181
-2.2180155985737994e-08 1.2313446586164947e-08 0.00033743919392183
-2.7352363667590472e-08 2.6347458547513747e-08 0.0003374243129361169
1.37264001907972e-09 -4.982787818373101e-08 0.0003374797321245374
-5.195552193018671e-09 -9.81684909089571e-09 0.0003374708447174336
-3.4604560083179274e-08 9.453747213444843e-08 0.0003375062870704516
-2.2488546699374774e-08 5.451691491701697e-08 0.0003375133938926041
7.682956978220761e-10 1.033123696785843e-08 0.00033746953610724607
7.789587292374632e-09 8.549608876632502e-13 0.00033745292553217983
7.732061983918235e-10 -1.0312878802322385e-08 0.00033746949374273053
7.463964457954739e-10 -3.0928628090054132e-09 0.0003374595563130202
8.978207417778074e-09 1.4639747906101383e-08 0.00033744805048650605
-2.045935672034829e-08 -3.4400976660445324e-08 0.00033745665025381924
-1.0072935351038676e-08 8.269482381299537e-09 0.00033746071177230937
-2.041590021584689e-08 -8.176336599136152e-09 0.00033744652914645667
-2.7629646265251808e-08 -1.1292388396047456e-08 0.0003374382777146114
-7.248769483888975e-09 1.2272903794467638e-12 0.0003374807343946893
-2.7659149221723508e-08 1.1295764181692761e-08 0.00033743828348816585
-2.042516331920325e-08 8.188095767121626e-09 0.00033744652756466067
-1.0077908027360198e-08 -8.26509084344093e-09 0.0003374607156389787
-2.0460842935335076e-08 3.44001675551939e-08 0.0003374566524059445
8.97244558283175e-09 -1.4643513268843843e-08 0.0003374480504543014
7.582588202108564e-10 3.086079001529659e-09 0.00033745954932876284
4.58803791575093e-09 -1.5226854137275816e-09 0.00033745359871226817
1.8178059032044644e-08 4.566578453400158e-12 0.00033745880133004047
4.5530661621518365e-09 1.529120234572586e-09 0.00033745359402597976
-2.996409968556461e-10 -2.3321747267722953e-09 0.00033744888936169167
-1.719997445696942e-08 -4.3360857985203084e-08 0.00033747882117187344
1.0607583167257056e-08 2.7063131474409443e-08 0.0003374659499280033
2.6480704996695427e-10 2.083082610628464e-08 0.0003374668679450074
-7.080572764764203e-09 -1.3857426928399529e-08 0.00033744375538169246
-2.826648795130008e-09 -2.7539681848629612e-09 0.0003374596644209446
-1.3760268739818738e-08 -8.328173593183026e-12 0.00033747775843154
-2.7830277575921562e-09 2.7217648835168917e-09 0.0003374597418241477
-7.068306597108469e-09 1.3864713703198752e-08 0.0003374437724601813
2.5737636934109564e-10 -2.073045664599673e-08 0.00033746682112910685
1.0612735307421652e-08 -2.7050804014551125e-08 0.00033746592166431476
-1.7171532275919424e-08 4.3250902856668215e-08 0.0003374787692156005
-3.0660183188963304e-10 2.3167887659312904e-09 0.00033744890375080055
1.0829991944172288e-10 1.8037107872786494e-09 0.00033744472708361337
-1.3201847387166254e-08 1.4666438786791466e-11 0.0003374325805973167
1.616062606415812e-10 -1.7505087073257247e-09 0.0003374446115179562
1.9227179757974235e-07 5.665326355663516e-08 0.0003378926630314098
2.137830464210288e-07 -1.2934020963657542e-11 0.00033791531760973224
1.9220666419789153e-07 -5.663697700127089e-08 0.0003378926215702427
1.1414053881534193e-07 -1.3694128215679252e-07 0.0003378915844201772
1.674332741310775e-08 5.653971074673812e-12 0.00033784743750994343
1.1455704083445363e-07 1.3676255065006663e-07 0.0003378916109000374
5.286864507300096e-07 1.2319093499035106e-07 0.0003378007146133658
6.624211005705491e-07 -3.761213577965561e-11 0.0003376792555749722
5.28580166958777e-07 -1.2318698356235427e-07 0.0003378007906998274
-1.3600113568048686e-08 1.409619808857945e-08 0.0003374747135756977
1.7623938311174636e-08 -2.4316462509042897e-12 0.00033744930037563477
-1.3605548706029698e-08 -1.4108196807148532e-08 0.00033747475005054797
-2.477316965443765e-08 3.137604055336021e-08 0.0003374733325517283
1.5278688233878132e-08 -2.5377124278147557e-11 0.0003374736910295367
-2.477223524154544e-08 -3.1426375973423766e-08 0.0003374733720338593
-6.8712383673426305e-09 4.211276098145755e-09 0.00033747886885942033
8.714582672830258e-09 -4.365866294670827e-11 0.00033748334496079064
-6.872710304228569e-09 -4.297390165369312e-09 0.00033747889103223334
-1.987062874842457e-06 -8.830211850961175e-12 0.00031550473831385887
-2.8841948710475948e-06 -1.0407714751900828e-12 0.00031560863768595346
-6.027102721287986e-06 3.4618766105784557e-12 0.00031541152808537294
-2.036253315107882e-06 -8.836439272002196e-13 0.00031703805090808467
-3.874294871030337e-06 2.925689074426412e-12 0.0003173178516778147
-6.19643347802359e-06 -3.5828674306542066e-12 0.00031825390144421794
-2.1776147586175595e-06 7.222419309322841e-12 0.00031887428210133917
-4.143085639562747e-06 -8.038992450646169e-12 0.00031964258741923866
-6.393057781827798e-06 7.666200819086678e-12 0.00031886011937394716
-2.830647638490675e-06 -1.7510057249011767e-11 0.0003213281118602717
-4.272273737412011e-06 1.7731814020370977e-11 0.00032185963059158906
-7.2796224060033635e-06 -1.6616863576318322e-11 0.000322219942898687
-3.4799839658398072e-06 5.5490477606367114e-12 0.0003232504362314912
-5.065570293702354e-06 -1.0778280990870994e-11 0.00032476510828918776
-7.206204049991149e-06 1.4374513800713974e-11 0.00032440226058360564
-4.108588109214407e-06 -1.0285109417751406e-11 0.0003251992151793793
-5.697727022142613e-06 1.0975652011807699e-11 0.00032584345400895996
-6.259720399599309e-06 -1.183359176965875e-11 0.0003262699396581003
-4.554344800663475e-06 1.1402440278706294e-11 0.0003261303539953276
-5.4122154652748945e-06 -9.947567836800846e-12 0.0003267551573747434
-6.611431440342085e-06 9.177085801524908e-12 0.0003271852034075252
8.568047795255297e-09 -2.5893059196717964e-08 0.0003372721190730056
2.0461516996441115e-09 -1.9943430342365278e-08 0.0003376013164457431
-1.6912780883048366e-09 -1.5125177639444305e-08 0.00033736846982233425
6.731650090870322e-09 -1.8205764048051996e-08 0.0003374468982025937
3.6369798057371964e-09 -1.1809901134400696e-08 0.00033745641378958623
1.3200682662888692e-09 -9.058304380045232e-09 0.00033744770681230904
1.3938918482883094e-09 -8.46823778649971e-09 0.0003375024331464323
7.050070665540852e-09 -2.7964828251361873e-09 0.000337435997504808
8.965738493088345e-09 -2.9830860745919728e-09 0.0003375027921155897
3.794790579845069e-09 5.937605821976794e-09 0.0003374598999006433
1.0799875711628044e-08 2.7780032578800082e-09 0.0003374748440727402
1.9419915351478665e-08 -1.735921448855498e-09 0.0003374255047542299
4.596855005691477e-09 7.851489250417954e-09 0.00033746593865478417
1.5510287943600004e-08 1.7352800608499168e-09 0.0003374399850303073
2.9391350156770837e-08 -5.941639553441383e-09 0.00033746718974889036
5.059283790497356e-10 4.879334342671944e-10 0.00033745918903008783
2.010791654906914e-08 -6.043859429158601e-09 0.000337470737780051
3.603150966055308e-08 -1.4140043979641582e-08 0.0003374629220224587
-6.345803107710988e-09 -1.604056427723577e-08 0.000337463703339354
2.1505478819322916e-08 -2.0038368601377542e-08 0.00033744549262595746
3.8421632390889e-08 -1.9505464358156256e-08 0.0003374560552279264
8.567344698159085e-09 2.5894777372909027e-08 0.0003372721232923297
2.0470990453468677e-09 1.9944781252672195e-08 0.0003376013226398114
-1.692622912285008e-09 1.512490283893852e-08 0.0003373684567939171
6.732030956854585e-09 1.8206597280751816e-08 0.00033744689031317896
3.638678005654596e-09 1.1807916668170858e-08 0.00033745640901884237
1.3200095214348856e-09 9.055290514630984e-09 0.0003374477182332938
1.3964559345196702e-09 8.461935120833924e-09 0.00033750244458840553
7.053738314732737e-09 2.7903284760074722e-09 0.0003374360026020429
8.969381351848124e-09 2.976322566309688e-09 0.00033750278417753345
3.796130610571076e-09 -5.944564329732071e-09 0.00033745988237158186
1.0805434449124836e-08 -2.7871799024741322e-09 0.00033747484001816694
1.9429568051165687e-08 1.726665164387866e-09 0.00033742550716980184
4.599177320967952e-09 -7.857713579572397e-09 0.00033746595561710466
1.5515775051315297e-08 -1.744870673447321e-09 0.00033743998938768537
2.9408177417289608e-08 5.9380838219986535e-09 0.0003374671889757581
5.081595090246857e-10 -4.942811675129425e-10 0.00033745917958092193
2.0112401543118754e-08 6.046497772313258e-09 0.0003374707333146509
3.6053421980314293e-08 1.4137225409527723e-08 0.0003374629238012206
-6.344800813136717e-09 1.60460686496544e-08 0.0003374637078976932
2.1510691824274238e-08 2.003758424402075e-08 0.00033744549451843967
3.8445211446790605e-08 1.9523941943701338e-08 0.00033745605468883026
2.1931134333330354e-08 5.893296195399936e-12 0.00033752737350246914
6.412177276325218e-08 -2.8076089010257498e-12 0.0003374708440300597
6.585907292841936e-08 -6.481393347495035e-12 0.0003374526408451796
2.1331661056939692e-08 -3.856324464357227e-12 0.00033745893952058086
5.482746759812312e-08 6.844130391111757e-13 0.0003374464731975037
5.630070165883684e-08 4.996152104548983e-12 0.0003374366428147397
3.83343720939085e-08 7.007449441358733e-12 0.00033745579766688937
3.984357435512471e-08 -4.4247282553814005e-12 0.00033741913531498506
2.9178900229770873e-08 1.3069812568014939e-12 0.00033743046024228146
2.3371064129476267e-08 -9.583572644833826e-12 0.0003374080674357929
3.1229369507103964e-08 3.11196858442822e-12 0.0003374258992422803
-6.502083043191989e-09 -2.845100535711828e-12 0.00033743296623062874
3.8293808893952316e-08 8.641203357652423e-12 0.00033745174600830505
1.5913479493380597e-08 -7.627263594296186e-13 0.0003374342931061137
-3.489207820924694e-08 2.190062179093441e-12 0.00033746216452614565
2.9840774600594663e-08 -3.812598963454964e-12 0.0003374525149050221
1.4780377842786753e-08 -1.7952749077373136e-12 0.0003374787556416753
-5.9098228035869355e-08 2.634603097090057e-14 0.00033748949498325356
4.219234661336786e-08 2.0781844830694862e-12 0.0003374898301002812
6.806893358053319e-09 4.719215925277355e-13 0.00033750465067306564
-6.359857746034152e-08 4.612822086797122e-13 0.00033753557815649173
-2.251058961470556e-08 2.899751849591232e-12 0.00033746681281477607
-2.34470150663602e-08 -4.306766921733711e-12 0.00033744766522130474
-7.0718840880858156e-09 1.5422655680124196e-12 0.0003374504800387296
-2.0393905599300308e-08 -1.922296578127896e-12 0.00033744613817342835
-2.187745205327011e-08 1.168481033912317e-12 0.00033745455858453203
-7.373553544934828e-09 -1.6240228896930483e-12 0.00033745954843616234
-1.8262799343810033e-08 1.37199380593582e-12 0.00033745113857710336
-1.6153942720152863e-08 -2.0476592996851784e-12 0.0003374582211046689
-7.9331065223091e-09 3.857013270676945e-12 0.0003374685924298171
-2.1153827673841955e-09 3.2416903021458123e-13 0.0003374445939726588
-1.2632632387068346e-08 1.0663972318547904e-12 0.0003374687385330686
-8.198063116713702e-09 -2.560919652845697e-12 0.00033747051720117737
2.869235015493111e-09 -6.105352280061001e-13 0.0003374669571533768
-6.293004250988901e-09 -5.182917010684713e-13 0.0003374671291213363
-1.1114724835435159e-08 2.0150836281986646e-12 0.0003374787323529573
8.960886864257094e-09 1.404626604574838e-12 0.0003374637519293646
-4.903350717584138e-09 -2.333991579966348e-13 0.00033747916621639277
-1.2461024159592521e-08 -1.4274930321182613e-12 0.0003374675280914351
1.710240348299155e-09 9.081851117858867e-13 0.000337487646892034
-2.624438631214107e-10 -6.849930131664674e-13 0.00033746095790435906
-1.5354735477325753e-08 1.5387405217079973e-12 0.00033747612703991523
0.0 0.0 0.0
0.0 0.0 0.0
-1.668342468631382e-07 6.507583198246108e-09 -1.1584012753585538e-07
0.0 0.0 0.0
0.0 0.0 0.0
0.0 0.0 0.0
-5.793602690055898e-07 -2.0792882430837521e-07 5.543585532096311e-07
-1.8397711620621102e-07 6.764565050747225e-09 -1.1456775069453986e-07
0.0 0.0 0.0
0.0 0.0 0.0
-2.5931117364817204e-07 -7.037458926947357e-07 1.5079464634631736e-06
-6.234688899555497e-07 -2.5086152388978686e-07 5.641671569076114e-07
0.0 0.0 0.0
0.0 0.0 0.0
-5.393863466078126e-08 -2.830606238377771e-08 1.4016340938474367e-06
-2.5801471801030366e-07 -7.41417658298762e-07 1.514747290123835e-06
0.0 0.0 0.0
0.0 0.0 0.0
-1.1304961596181094e-07 1.7607868657466407e-08 3.441655531129733e-07
-5.604520713198167e-08 -2.6573933052255887e-08 1.3946470088551575e-06
0.0 0.0 0.0
0.0 0.0 0.0
1.669164529468578e-08 -5.316062883137273e-08 -6.469794834336315e-08
-1.0547646153480067e-07 1.3861765478529649e-08 3.361187052703399e-07
0.0 0.0 0.0
0.0 0.0 0.0
2.3083451586216793e-08 -7.593066966271365e-09 1.4038453326547396e-08
1.679357694795029e-08 -4.925711904090142e-08 -6.349646059927192e-08
0.0 0.0 0.0
0.0 0.0 0.0
2.6840800535707502e-09 7.703753574078173e-10 -4.1554185645384645e-09
2.0811254684729287e-08 -7.195750364628066e-09 1.4131038912760745e-08
0.0 0.0 0.0
0.0 0.0 0.0
3.0146419346126786e-10 -2.3697374622928473e-10 1.3245305719777945e-09
1.998025466971283e-09 7.281953111915983e-10 -3.887500213080947e-09
0.0 0.0 0.0
0.0 0.0 0.0
9.211634836982673e-12 9.085912917386794e-12 -3.071501108997651e-10
1.9666298513414373e-10 -1.5519085978877508e-10 1.0794906298615979e-09
0.0 0.0 0.0
0.0 0.0 0.0
3.387989298829278e-13 -3.809137647787905e-13 2.688774278768632e-11
4.65302287267127e-12 4.59721390471691e-12 -2.406687863393582e-10
0.0 0.0 0.0
0.0 0.0 0.0
0.0 0.0 0.0
1.4843060586808795e-13 -1.596168828478792e-13 -5.695269848924242e-11
0.0 0.0 0.0
-1.68427763550456e-07 6.627905746592521e-09 -1.1646361382977788e-07
-1.9389181794435558e-07 7.489687982668344e-08 -9.929283355431366e-08
0.0 0.0 0.0
-1.9079473065890448e-07 1.7318648924879052e-08 -1.1600408828358822e-07
-6.139919268843341e-07 -2.361911358252472e-07 5.556255143584673e-07
-2.436207565631834e-07 9.775735003114447e-08 -2.4681866220956596e-07
-2.1668553928688228e-07 6.808457711205573e-08 -9.815270028279987e-08
-7.038174804914222e-07 -3.2045757199750346e-07 5.655594496964972e-07
-2.954022308505551e-07 -8.30267137254157e-07 1.5051200272325776e-06
-1.548392746158957e-06 -2.0863606206024657e-06 0.00013419854711736975
-2.5237994462261686e-07 1.373167206962006e-07 -2.5674632622539846e-07
-2.4089555848376897e-07 -8.890905982202247e-07 1.5146287693463896e-06
-4.2215324061179914e-08 -9.20397327998395e-08 1.4019143835449349e-06
-2.944557534005601e-07 4.619742280023295e-08 8.917723320933058e-05
-1.4752461737717143e-06 -2.7644087653719915e-06 0.00013453265618090546
-5.2501569269465156e-08 -3.9441467539444303e-08 1.3940360042108651e-06
-1.1990401293924577e-07 1.509411011392215e-08 3.4457520162091537e-07
8.112750043697801e-08 -8.644045646354186e-08 -3.6775765291150815e-07
-2.378778250106072e-07 5.591454010850672e-08 8.79770246867757e-05
-1.0551977753195099e-07 1.39892347468658e-08 3.354941280379167e-07
1.93495858370517e-08 -5.97889184481135e-08 -6.518512432214377e-08
1.0422351815996044e-07 -3.6800957780175786e-08 7.18401432796298e-08
8.814970176833825e-08 -8.424655821439026e-08 -3.587769285820441e-07
1.999534444870386e-08 -5.249863840722706e-08 -6.297472141889114e-08
2.671603015061448e-08 -9.853174319375697e-09 1.438097955547735e-08
2.103611477222456e-08 -1.216029047067415e-09 -1.8005164051789703e-08
1.027384722233697e-07 -3.211152016231816e-08 7.019170620230807e-08
2.2147809979209963e-08 -8.418799440378696e-09 1.3896425828594981e-08
3.2453254106960514e-09 5.435934767188185e-10 -4.300969529556012e-09
4.931095166025215e-09 -1.795589430840453e-09 6.541553464056405e-09
1.837484499830117e-08 7.711806825492388e-10 -1.7462679307947198e-08
2.128457486572125e-09 5.600182912482078e-10 -3.852577690910279e-09
4.203716201995993e-10 -3.226540473561723e-10 1.381051349462072e-09
4.044233667210081e-10 2.756976876312666e-10 -2.782445547970764e-09
3.593428876480957e-09 -1.5373236605271653e-09 5.805157698914074e-09
2.3102030667144598e-10 -1.7640346774110877e-10 9.33706495922788e-10
1.3199131867854656e-11 1.104704817511121e-11 -5.199090604782532e-10
1.9107946399191253e-11 -1.6751033184299e-11 1.0102946200509563e-09
2.347874769825241e-10 1.6760039507853289e-10 -2.4651692439361104e-09
5.3856345891581814e-12 4.7082511842449366e-12 -2.9810565282948975e-10
6.459205426296872e-13 -6.905314722711455e-13 7.230363169513039e-11
5.691841990438482e-13 6.500257654346642e-13 -2.8018996073866864e-10
9.039810422310025e-12 -8.066866960451023e-12 1.1321869329463538e-09
2.1380151412939603e-13 -2.184474877243859e-13 6.68496836965448e-11
0.0 0.0 0.0
0.0 0.0 0.0
2.0287561401984475e-13 2.3093877205334933e-13 -5.746622102391685e-10
0.0 0.0 0.0
-1.8938648367749274e-07 6.908280382715902e-08 -1.002933101391097e-07
-4.961564460193686e-08 4.027993641941143e-08 -1.6127492489063204e-07
0.0 0.0 0.0
-2.1043072049226265e-07 6.678616177023856e-08 -9.755594462202377e-08
-2.4158340103572465e-07 1.133447998718871e-07 -2.4559390946514535e-07
-1.0280411775996296e-07 -1.1888857004211153e-07 6.902838625034083e-07
-6.144496696691443e-08 5.367641632666738e-08 -1.669840510712063e-07
-2.6291462300826567e-07 1.9211362896598744e-07 -2.5696291148285173e-07
-1.7902036064142882e-06 -1.8537770273073871e-06 0.00013069439979479356
1.3196924785328903e-07 3.848358941827925e-07 2.213284514997044e-06
-1.170598090236583e-07 -1.61598891109675e-07 7.063248933002243e-07
1.7041989024453839e-06 5.293003091527104e-06 0.0005984451205595704
-2.343685894321506e-07 -5.552706217926954e-09 8.830092397121987e-05
1.0081895160557702e-06 9.545932355612439e-07 2.0085705439077183e-06
1.7893600799306496e-07 7.615320020219309e-07 2.226345166615365e-06
-2.193340497483132e-07 8.207051867296864e-08 8.70137739777959e-05
9.095072622649259e-08 -8.088146176033052e-08 -3.67859018684091e-07
2.0325577142430183e-07 -1.3357988130631208e-07 1.401957144806305e-07
8.538701141064878e-07 7.494013355953199e-07 1.9872760005928267e-06
9.436070451005417e-08 -8.791767220543328e-08 -3.6026118492780895e-07
1.1387246124339732e-07 -3.485536821825002e-08 7.176225283538081e-08
6.779767314781726e-08 5.073190768936405e-09 2.126281933692994e-08
1.9034580038325447e-07 -1.0671331752672721e-07 1.3628533017239962e-07
1.0616768334876665e-07 -3.1578751709098685e-08 7.039763968525186e-08
2.3387181122552146e-08 5.447676409553216e-10 -1.795311807892717e-08
2.4489585001162863e-08 -3.3181222133793643e-09 -2.447648055933571e-08
6.331042267540091e-08 5.160496056192061e-09 2.128340884180076e-08
1.901849227310924e-08 9.917613415910648e-10 -1.786948735327255e-08
5.058281121760844e-09 -2.1557626404314328e-09 6.3057830507412645e-09
3.867953326514478e-09 2.283936752926706e-09 1.3768430914649545e-08
1.995027154279494e-08 -3.920114319185333e-09 -2.46513529965736e-08
3.6726608192848274e-09 -1.6793555944810556e-09 6.0177592470294355e-09
3.912364072482278e-10 2.5999887097248896e-10 -2.5930384193606477e-09
2.985166174051988e-10 -1.4348873859229846e-10 -6.4272878334581225e-09
2.7615821109150346e-09 1.7585971763441687e-09 1.2839950809090164e-08
2.2673529852574558e-10 1.612226831873769e-10 -2.537565130480122e-09
2.086369143548839e-11 -1.9040039151684558e-11 8.248018957429208e-10
2.11190551529229e-11 2.0412374353927437e-11 2.5801421252430186e-09
1.5719916343592085e-10 -9.107839020110887e-11 -5.918785214261394e-09
9.66758975868628e-12 -8.67470231946151e-12 1.179429097789455e-09
4.887944205708974e-13 5.995763753160498e-13 -1.9146790085139334e-10
3.604854748114831e-13 -4.455878178640351e-13 -1.1139878115735682e-09
8.976020218383547e-12 8.629959662956617e-12 2.7263963116043283e-09
1.8104981431434905e-13 2.1960103468142446e-13 -6.682928423011764e-10
0.0 0.0 0.0
0.0 0.0 0.0
1.1711629481952387e-13 -1.4871661273682464e-13 -1.236530429405146e-09
0.0 0.0 0.0
-4.644719917513665e-08 3.243439142983864e-08 -1.615441815964266e-07
0.0 0.0 0.0
0.0 0.0 0.0
-5.414088906388529e-08 4.239421654752913e-08 -1.6540327274429888e-07
-9.649050672679683e-08 -1.2103802922309882e-07 6.892740519673268e-07
0.0 0.0 0.0
0.0 0.0 0.0
-9.440629101865508e-08 -1.4073469655130177e-07 7.028501648766154e-07
1.4268672126516311e-07 4.142457521365976e-07 2.2202710730196276e-06
0.0 0.0 0.0
0.0 0.0 0.0
1.5757021873393321e-07 5.319581535264217e-07 2.240079635139644e-06
8.792958246925015e-07 7.736302516569526e-07 1.9999377310818724e-06
0.0 0.0 0.0
0.0 0.0 0.0
7.911265834314786e-07 6.74375240416133e-07 1.9856113664870474e-06
2.0013966760843004e-07 -1.1681421640416314e-07 1.4220319209097309e-07
0.0 0.0 0.0
0.0 0.0 0.0
1.8965022418891323e-07 -1.0238923770187575e-07 1.361066602515137e-07
6.717529256175006e-08 1.0845549511610714e-08 2.0902093946612828e-08
0.0 0.0 0.0
0.0 0.0 0.0
6.233622773818064e-08 6.2258207621704404e-09 2.1503515289428918e-08
2.176740647469097e-08 -3.5286887384472988e-09 -2.42711916287748e-08
0.0 0.0 0.0
0.0 0.0 0.0
1.923042914092285e-08 -4.57699219820132e-09 -2.4667365329390826e-08
3.3647927818754533e-09 2.166741956335261e-09 1.364836978686439e-08
0.0 0.0 0.0
0.0 0.0 0.0
2.5659220800940346e-09 1.711605888049216e-09 1.2702425274376598e-08
2.1993621932678878e-10 -1.4746371375970048e-10 -6.572531321668958e-09
0.0 0.0 0.0
0.0 0.0 0.0
1.4118177453535114e-10 -1.0088031932372806e-10 -5.926440958322685e-09
1.3264833550114723e-11 1.3471354680416964e-11 2.6902500628650903e-09
0.0 0.0 0.0
0.0 0.0 0.0
7.0144709299867725e-12 7.153932290681864e-12 3.055291252072821e-09
2.28537027106516e-13 -3.211268925968882e-13 -9.224408889540177e-10
0.0 0.0 0.0
0.0 0.0 0.0
9.51061895525333e-14 -1.3195737768527813e-13 -1.6522921032110092e-09
0.0 0.0 0.0
0.0 0.0 0.0
0.0 0.0 0.0
