# vtk DataFile Version 3.0
SUBOFF appended initial ice impact; displacement scale 1
ASCII
DATASET UNSTRUCTURED_GRID
POINTS 811 double
0.0658574253582086 0.08344182626114809 -0.08321688703150132
0.06592302802385112 0.10905576182472944 -0.04492036930413466
0.06592637203584192 0.11803192755166932 0.0002249877362305016
0.06592299552494688 0.10905572101978649 0.045370336237947596
0.0658574186194759 0.08344186672090728 0.08366690402544555
0.06592296805880812 0.04514534888513473 0.10928081354803185
0.06592619874762919 -8.45503712237994e-12 0.11825713709605391
0.06592296796430656 -0.04514534894084239 0.10928081370348376
0.06585741860246595 -0.08344186670432505 0.08366690405641909
0.0659229957273696 -0.10905572070556059 0.04537033607854558
0.06592637185455687 -0.11803192782109546 0.0002249877211498872
0.06592302814910043 -0.10905576164276816 -0.04492036920559239
0.06585742530484094 -0.08344182629445378 -0.08321688707514809
0.06592292113493482 -0.045145361525355886 -0.10883089304761846
0.06592637088031734 -6.5349471161510465e-12 -0.11780698998856493
0.06592292115577385 0.04514536150470434 -0.10883089301260113
0.3310823352819942 0.14170495089845234 -0.141479962668524
0.3310824139097918 0.18514636178864277 -0.07646515248010588
0.3310824467796215 0.20040102749588876 0.00022498125855113392
0.33108252015062106 0.18514628312797748 0.07691509058544913
0.3310824641774424 0.14170485088856613 0.14192989581673868
0.33108258820458286 0.07669009614054542 0.18537141468075843
0.33108259215105845 -2.3291330292166048e-12 0.20062581990065836
0.3310825882278628 -0.07669009614280917 0.18537141468381876
0.33108246420058657 -0.14170485088019025 0.14192989582195742
0.33108252007304717 -0.18514628315882775 0.07691509060229036
0.33108244686692123 -0.2004010274919039 0.00022498125543122846
0.33108241385905085 -0.18514636180686198 -0.07646515249287966
0.33108233530759906 -0.14170495089565596 -0.1414799626709378
0.3310824355027244 -0.07669014012522973 -0.18492136634082312
0.33108236581005107 4.552021845199758e-12 -0.20017604429637126
0.3310824355043176 0.07669014013030741 -0.18492136635730497
0.5963675523166829 0.1650017695642311 -0.16477678344270386
0.5963675471860569 0.2155852557640594 -0.08907333758876915
0.5963677143995936 0.23334768767067526 0.00022497255161314095
0.5963679071510775 0.21558520370389464 0.0895232113941843
0.5963679237197285 0.16500168153407982 0.16522644464367972
0.5963682453815088 0.0892982114554223 0.21580972548140354
0.5963687918876308 4.96960189213122e-12 0.2335727086390442
0.5963682453862534 -0.08929821146019083 0.21580972548990232
0.5963679237064272 -0.16500168153984462 0.1652264446411388
0.5963679071781072 -0.21558520368192166 0.08952321138528871
0.596367714366852 -0.23334768767736777 0.00022497255697117487
0.5963675472125555 -0.21558525575381313 -0.08907333758650414
0.5963675523091815 -0.16500176956796053 -0.16477678344545893
0.5963675992003517 -0.08929833826573193 -0.21536031796184207
0.5963676131665875 -1.2595623121774768e-12 -0.23312279933274316
0.5963675992029374 0.08929833826191824 -0.2153603179447779
0.8617570403232369 0.17752712956352298 -0.17730230737387254
0.861757156717613 0.23194992732580968 -0.09585197204719303
0.861757216322587 0.2510617334542807 0.00022468932369583736
0.8617577502629965 0.2319503780468381 0.09630124960769038
0.8617574446783208 0.1775289626225989 0.17775207633470652
0.8617566401282002 0.09607820372687444 0.23217382733063674
0.8617572176326816 -3.351583569684197e-12 0.2512798906884803
0.8617566401279473 -0.09607820370891443 0.23217382729358949
0.8617574446843274 -0.17752896261262271 0.1777520763270464
0.8617577502504863 -0.2319503781105901 0.09630124963540426
0.861757216333653 -0.25106173342843624 0.00022468931914050073
0.8617571567078025 -0.23194992735296227 -0.09585197205317894
0.8617570403273374 -0.17752712955383784 -0.1773023073686671
0.8617571349255756 -0.09607672864248086 -0.23172492496927785
0.86175710651437 3.4206531932125297e-12 -0.2508362147388283
0.8617571349236094 0.0960767286541091 -0.23172492500975747
0.9244517000787715 0.17838377115631485 -0.17815895093268627
0.9244518462101556 0.2330678745822724 -0.09631503691551288
0.9244518829293595 0.252273676254789 0.00022461489740527882
0.9244524935668974 0.23306804010359838 0.09676422693370187
0.9244519866865237 0.17838657932218166 0.17860988193158983
0.9244512722225704 0.09654249544744213 0.23329424973536111
0.924452115456045 9.630264621351327e-12 0.25248047268473933
0.924451272218214 -0.09654249551765515 0.23329424988082037
0.9244519866891143 -0.17838657935217442 0.17860988196754962
0.924452493564425 -0.2330680398912207 0.09676422683831215
0.9244518829338086 -0.25227367634602255 0.00022461490538350473
0.9244518462064936 -0.23306787451139652 -0.09631503689853933
0.9244517000797561 -0.1783837711888343 -0.17815895094366013
0.9244518092316604 -0.09653999288537143 -0.23284329488451042
0.9244517340727761 -5.628062204643364e-12 -0.2520478268181917
0.9244518092326036 0.09653999285695862 -0.23284329478186727
0.9858192652393969 0.1786353924044549 -0.17841058810384483
0.9858193557680184 0.23339672505434744 -0.09645123569528566
0.9858195148034192 0.25262994769575975 0.00022459481047305046
0.9858199061481189 0.23339662798245034 0.09690043801022094
0.9858193219283943 0.17863927174016234 0.17886281626784864
0.9858189590531989 0.09667952883093507 0.23362335044554913
0.9858199255184888 -1.4396614139130812e-11 0.2528380332547483
0.9858189590516074 -0.09667952877160715 0.23362335033805254
0.9858193219280471 -0.17863927171260635 0.17886281623988726
0.9858199061462458 -0.23339662814432147 0.09690043808774716
0.9858195148088748 -0.2526299476148028 0.00022459479697792202
0.985819355763562 -0.23339672510571807 -0.09645123570271244
0.985819265239474 -0.17863539236706413 -0.1784105881022442
0.9858192905958216 -0.09667614621470437 -0.233172027995873
0.985819294212219 4.746784954299423e-12 -0.2524032888017115
0.9858192905937883 0.09667614621878641 -0.23317202806067847
1.0471968974113963 0.17864570093633103 -0.17842087754028563
1.0471969282089182 0.23341054918199333 -0.09645699088074343
1.04719717200173 0.2526443824400802 0.00022462036626671197
1.0471971970620688 0.23341077687007852 0.09690645540273751
1.047197059138262 0.1786494778824528 0.17887296056049357
1.0471968942360763 0.09668515976643792 0.23363703420891652
1.0471969362012494 1.0806467304980662e-11 0.25285352945824524
1.047196894236767 -0.09668515981068061 0.2336370342714228
1.0471970591370687 -0.178649477893886 0.17887296059030539
1.0471971970619234 -0.23341077676393648 0.09690645534632165
1.0471971720019242 -0.25264438250667104 0.00022462037784745206
1.0471969282088576 -0.23341054913711906 -0.09645699088312396
1.047196897410502 -0.17864570097508795 -0.17842087753392893
1.047196876879084 -0.09668190821102955 -0.23318586742150083
1.047196868988718 -1.1246938646042936e-11 -0.25241809381429475
1.0471968768771625 0.09668190822139182 -0.23318586736776184
1.108578717162939 0.17864587629664672 -0.1784211003709445
1.108578702325197 0.23341046357547568 -0.0964569429637568
1.1085789029083128 0.2526445198597258 0.0002246372014798602
1.1085788214679386 0.23341081554165583 0.0969065057441814
1.1085788184739858 0.1786493517584682 0.17887280537063807
1.1085785699673418 0.0966842707991311 0.23363608667057692
1.108578399162764 -7.751421959746248e-12 0.25285556794587244
1.1085785699642063 -0.09668427078806484 0.23363608669834204
1.108578818474246 -0.1786493517767872 0.17887280536078395
1.1085788214690666 -0.23341081557902027 0.09690650576940968
1.1085789029077724 -0.25264451979184527 0.00022463718765399848
1.1085787023236529 -0.2334104636300122 -0.09645694295220494
1.1085787171646178 -0.1786458762177702 -0.17842110036753547
1.1085785591883002 -0.0966817892069469 -0.23318565269910188
1.1085786928571268 1.4279109867813786e-11 -0.25241815641294857
1.1085785591835933 0.09668178918337923 -0.23318565276305245
1.1271151277519693 0.17864535898267514 -0.17842051761270972
1.1271151051779467 0.23341106994879462 -0.09645724937136457
1.12711531809493 0.2526438895498651 0.00022466406765601882
1.1271151581369765 0.23341153480958318 0.09690667439852516
1.1271152241212359 0.17864880681117695 0.17887259017689988
1.1271149335203074 0.0966841787684362 0.23363554713931906
1.1271148013150496 5.2150248908938665e-14 0.2528574621902208
1.1271149335186172 -0.09668417872026401 0.2336355469669334
1.127115224121413 -0.17864880675982764 0.17887259016798923
1.1271151581382253 -0.2334115348703444 0.09690667441328524
1.1271153180934135 -0.2526438895993963 0.00022466407837129273
1.12711510517731 -0.23341106988084978 -0.09645724938192152
1.1271151277533162 -0.17864535909044857 -0.17842051763045544
1.1271149585740086 -0.09668206058036258 -0.23318631873056878
1.1271150924947761 -1.671744682519862e-11 -0.25241778100799594
1.1271149585701663 0.09668206061314381 -0.23318631866327755
1.169960639821519 0.1786454282843979 -0.17842064282140738
1.1699606625150196 0.23341105517727637 -0.09645720332323122
1.1699608874094802 0.2526438251765019 0.00022462070154080735
1.1699605534040716 0.23341144212407036 0.0969066678068534
1.1699607072088098 0.17864841485756827 0.17887185157959712
1.169960453097263 0.09668399454035627 0.23363625216225598
1.1699603080961314 1.8611545631001634e-12 0.2528572580916782
1.1699604530964263 -0.09668399455985065 0.2336362522450027
1.169960707209735 -0.17864841488408514 0.17887185156620405
1.1699605534044644 -0.23341144210066994 0.09690666781044296
1.1699608874083587 -0.2526438251494329 0.0002246206976421987
1.1699606625154695 -0.23341105521672614 -0.09645720332352187
1.1699606398216784 -0.17864542823862473 -0.1784206428216003
1.1699605333577845 -0.09668198382587716 -0.23318619336333918
1.169960567531824 1.3017372991320195e-11 -0.2524176018412694
1.169960533358749 0.0966819838011251 -0.23318619339179256
1.2313425638422797 0.17864538045882794 -0.17842061801817105
1.2313426641749714 0.23341110808567428 -0.09645726877102208
1.2313427749731396 0.2526435488756749 0.00022462396553738826
1.231342529331092 0.23341164644691498 0.09690657659455973
1.231342426192363 0.17864766690268025 0.1788712064750453
1.2313424353568705 0.09668372300063116 0.2336359562069897
1.231342109940656 -1.9259689029631313e-12 0.2528595118097147
1.231342435356331 -0.09668372298900192 0.23363595615409377
1.2313424261903856 -0.17864766689316958 0.17887120648874846
1.2313425293329698 -0.23341164644650753 0.0969065765870864
1.2313427749752457 -0.25264354890722673 0.0002246239671262928
1.231342664172578 -0.2334111080513126 -0.09645726876397766
1.2313425638418256 -0.17864538049048212 -0.17842061802370232
1.231342476314117 -0.09668200633783716 -0.23318621330758937
1.2313424849108665 -5.790193841003868e-12 -0.2524177457715869
1.2313424763138971 0.09668200635156068 -0.23318621329202302
1.2927245052817926 0.17864542874217293 -0.1784206989621518
1.2927246148571563 0.2334110203838121 -0.09645726051897513
1.2927247794324228 0.25264348451685503 0.00022461948351178788
1.2927245055379535 0.23341136722377856 0.09690647248113486
1.2927242786922395 0.1786470969104494 0.17887062818442628
1.2927241430997705 0.09668324888299142 0.23363560057866298
1.2927237084642853 -4.0303974273707137e-13 0.2528595385006025
1.2927241431016143 -0.096683248891553 0.23363560060790137
1.2927242786944821 -0.1786470969116899 0.1788706281775699
1.2927245055360257 -0.2334113672256053 0.09690647248481915
1.2927247794328183 -0.2526434844973068 0.00022461948277879785
1.2927246148572362 -0.23341102040527376 -0.09645726052443865
1.292724505282188 -0.1786454287255105 -0.17842069895491353
1.292724401942397 -0.09668192041364172 -0.2331860850250206
1.2927244069973969 2.3101321903007003e-12 -0.2524177665981243
1.2927244019442017 0.09668192040887338 -0.23318608502986996
1.3925589884524492 0.17864512168373825 -0.17842046037995898
1.392559089435323 0.2334112707411561 -0.09645744445335731
1.392559289500159 0.25264277256017237 0.00022464734441462848
1.3925591026808752 0.23341155244614153 0.09690676231056267
1.3925587737911505 0.17864575583891407 0.1788699051009864
1.3925584418827845 0.09668243234139252 0.2336354061360058
1.392558069006259 6.031653855645546e-13 0.2528657605153801
1.3925584418834853 -0.09668243233943234 0.23363540612966863
1.3925587737905922 -0.17864575583941608 0.17886990510319328
1.392559102680925 -0.23341155244469317 0.09690676230904288
1.3925592894995995 -0.25264277256563294 0.00022464734538741582
1.3925590894367703 -0.23341127073553306 -0.09645744445222042
1.3925589884517962 -0.17864512168728872 -0.1784204603821664
1.392558856536733 -0.09668198762499405 -0.23318631504906978
1.3925588729840157 -1.107895228155556e-12 -0.25241750099348
1.3925588565366003 0.09668198762642705 -0.23318631504821485
1.6580026795767544 0.17864510295968444 -0.17842028457233985
1.6580028294380347 0.23341120956038786 -0.09645726618704063
1.658002870119213 0.2526424855036023 0.00022482899200721793
1.6580028430756566 0.23341127030353756 0.09690696970109254
1.658002643300858 0.17864507686544118 0.17887002615986555
1.6580025480067035 0.09668191225106815 0.23363596473795967
1.6580026675078186 -3.9029334138418823e-13 0.2528672236001452
1.6580025480061928 -0.09668191225177797 0.23363596474038553
1.6580026433011659 -0.17864507686473008 0.17887002615900954
1.6580028430754747 -0.2334112703044438 0.09690696970203122
1.6580028701195142 -0.25264248550096496 0.00022482899113215088
1.6580028294374107 -0.23341120956289077 -0.0964572661874655
1.6580026795772498 -0.1786451029586033 -0.17842028457132525
1.6580026325875499 -0.09668202592710663 -0.2331862427398192
1.6580025760691324 6.11624546433443e-13 -0.2524174135393498
1.6580026325875805 0.09668202592656558 -0.23318624274010796
1.9234463541341182 0.17864514025666345 -0.17842021920137568
1.9234463877867294 0.23341108641440775 -0.09645711866545545
1.9234464238283298 0.2526424364229673 0.0002249251540611226
1.9234464097193307 0.23341110015864316 0.09690698253212193
1.9234464585804643 0.17864519752986788 0.1788701193935417
1.923446510062776 0.09668210412275521 0.23363604348902728
1.9234464180023545 3.153419269308552e-13 0.25286734610527034
1.9234465100629865 -0.0966821041220006 0.23363604348681805
1.923446458580306 -0.17864519753070948 0.17887011939411793
1.9234464097194248 -0.23341110015766214 0.09690698253136966
1.923446423828188 -0.25264243642541545 0.00022492515472463591
1.9234463877869477 -0.23341108641217614 -0.09645711866481482
1.9234463541339755 -0.17864514025763045 -0.17842021920239526
1.9234463081429323 -0.09668201774100972 -0.23318611480249923
1.9234463059021238 -2.53345585290399e-13 -0.2524174262918093
1.9234463081429232 0.09668201774121486 -0.23318611480225848
2.1888900335984443 0.17864510669109118 -0.17842012973996837
2.1888900433451353 0.23341112277534476 -0.0964570734152409
2.188890049827594 0.2526423423806911 0.00022498236787691324
2.188890062329434 0.23341113654353451 0.09690703572239541
2.1888900808669196 0.17864511745892958 0.1788700921184589
2.1888900541851024 0.09668204577887496 0.23363614047016742
2.1888900943631975 -2.515412240373465e-13 0.25286738742047427
2.188890054185053 -0.09668204577958693 0.23363614047223633
2.188890080866976 -0.17864511745818953 0.17887009211787241
2.188890062329384 -0.23341113654449044 0.09690703572305716
2.1888900498276467 -0.2526423423783788 0.00022498236743338462
2.1888900433450877 -0.23341112277742393 -0.09645707341591019
2.188890033598483 -0.17864510669010797 -0.1784201297390795
2.1888900235768043 -0.09668204737436559 -0.2331861322105748
2.188890019971743 1.5410161288741804e-13 -0.2524173459838902
2.188890023576829 0.09668204737420225 -0.23318613221083326
2.4543337564649845 0.17864512704484517 -0.17842013028560533
2.4543337585078095 0.2334110975667908 -0.09645704504323416
2.4543337585114005 0.25264236539311913 0.00022499605623389085
2.4543337650567 0.23341109828300963 0.09690703909378928
2.4543337571482766 0.17864514106524504 0.17887013976527694
2.4543337695290313 0.0966820476310789 0.23363608523897386
2.454333757428669 2.2463269527507262e-13 0.2528673243603362
2.4543337695290295 -0.09668204763042303 0.23363608523705195
2.4543337571482517 -0.1786451410659199 0.17887013976586538
2.454333765056751 -0.23341109828207046 0.09690703909315546
2.4543337585113583 -0.25264236539531676 0.0002249960565945824
2.4543337585078286 -0.2334110975648421 -0.09645704504258223
2.45433375646497 -0.17864512704579252 -0.17842013028643253
2.4543337567756383 -0.09668204153984607 -0.23318610049072422
2.4543337548150577 -1.4297128720702673e-13 -0.2524173653870092
2.4543337567756223 0.09668204154001256 -0.2331861004904694
2.7197775013901415 0.17864512384246797 -0.1784201240033063
2.7197775007928477 0.23341110321606803 -0.09645704463336467
2.719777502360614 0.25264235572703914 0.0002250001405842138
2.7197775005909843 0.23341110508836374 0.0969070455817369
2.719777502829401 0.17864511243525077 0.17887011346322915
2.7197775004241405 0.09668204289864057 0.23363611450637584
2.7197775034695084 -1.9143851732201976e-13 0.252867392417845
2.7197775004241898 -0.09668204289928946 0.23363611450812796
2.719777502829395 -0.1786451124345656 0.1788701134626843
2.719777500590935 -0.23341110508933313 0.09690704558234198
2.719777502360641 -0.2526423557249275 0.0002250001402638357
2.71977750079286 -0.23341110321789416 -0.09645704463402444
2.7197775013901375 -0.17864512384161063 -0.17842012400246063
2.7197775007052276 -0.0966820445988872 -0.23318610276941515
2.71977750147625 1.233796649851243e-13 -0.2524173559580301
2.7197775007052343 0.09668204459876704 -0.23318610276963156
2.9852212492175916 0.17864512296635654 -0.17842012252722425
2.9852212501827884 0.23341110387258207 -0.09645704457528016
2.9852212486050793 0.2526423567354733 0.0002250002808882184
2.9852212511105667 0.23341110263238332 0.09690704412308694
2.985221249642559 0.178645133031447 0.17887013141189312
2.98522125022985 0.09668204607791257 0.23363609344526987
2.9852212489317695 1.189993280077348e-13 0.25286732429043085
2.985221250229695 -0.09668204607728859 0.23363609344369488
2.9852212496426924 -0.17864513303208768 0.17887013141245436
2.9852212511104987 -0.23341110263134487 0.09690704412245393
2.985221248605271 -0.25264235673748786 0.00022500028113734056
2.9852212501825477 -0.2334111038709191 -0.09645704457454626
2.985221249217682 -0.17864512296705404 -0.1784201225281921
2.9852212498776662 -0.09668204447701484 -0.2331861040178991
2.98522124913936 -1.2826331049957546e-13 -0.2524173564538546
2.98522124987761 0.09668204447704944 -0.2331861040177844
3.2506082361542514 0.17864562642397713 -0.17842062719233545
3.25060823602504 0.23341175821402574 -0.09645731541899365
3.2506082373936294 0.25264306812331583 0.0002250003503948839
3.250608231643879 0.23341175813130688 0.0969073185886485
3.250608238806312 0.1786456197486811 0.17887062292607192
3.2506082332209405 0.09668231760265404 0.23363676994846794
3.250608238990793 1.9661925008474605e-13 0.2528680936290389
3.250608233221071 -0.09668231760322768 0.23363676994996002
3.2506082388059587 -0.17864561974857487 0.17887062292522318
3.250608231644419 -0.2334117581321589 0.09690731858907896
3.250608237393027 -0.2526430681215933 0.0002250003506995849
3.2506082360256823 -0.23341175821549276 -0.0964573154196426
3.2506082361538535 -0.1786456264233239 -0.1784206271915563
3.25060823620768 -0.09668231581827866 -0.23318675799296237
3.2506082344847322 9.735155098771865e-14 -0.25241806702881203
3.250608236207913 0.09668231581829946 -0.23318675799296604
3.5158626573405356 0.1641439671726528 -0.16391896553290863
3.515862660449631 0.2144644269335169 -0.08860907799164822
3.5158626555104213 0.23213462514597413 0.00022499601064719215
3.5158626538918836 0.21446443612343655 0.08905907084121478
3.515862651689001 0.16414397079904128 0.1643689691560535
3.5158626511169397 0.08883407234854282 0.21468942730260993
3.5158626463497007 -6.98332823648503e-13 0.23235961960762297
3.5158626511165085 -0.08883407234800643 0.21468942730125418
3.515862651689254 -0.1641439707981496 0.16436896915768665
3.5158626538909092 -0.21446443612337124 0.08905907084124276
3.5158626555108325 -0.2321346251472195 0.0002249960091495636
3.5158626604489505 -0.21446442693245082 -0.08860907799123063
3.515862657341164 -0.1641439671742038 -0.16391896553271298
3.515862653749472 -0.08883407740393226 -0.2142394293204434
3.5158626596844638 5.675456052241089e-13 -0.23190962533565299
3.515862653749837 0.08883407740417582 -0.21423942931992385
3.781146461937273 0.11226673298279363 -0.11204173686292986
3.7811464626846303 0.14668354120524646 -0.06053331541476777
3.7811464631774334 0.15876914144195858 0.00022499353647516412
3.7811464548387024 0.1466835533975648 0.06098331429357351
3.7811464416036364 0.11226671739274617 0.11249171026866
3.7811464603103873 0.06075832674058021 0.1469085679905888
3.7811464559783436 9.96938436857359e-13 0.1589941603730445
3.7811464603119025 -0.06075832674210544 0.14690856799721003
3.781146441602852 -0.1122667173947661 0.11249171026947186
3.781146454838838 -0.1466835533960185 0.06098331429307908
3.7811464631759817 -0.15876914143813978 0.00022499353691024835
3.781146462686424 -0.1466835412090126 -0.0605333154169689
3.781146461935294 -0.11226673297796401 -0.11204173686182509
3.781146453525014 -0.060758314166149886 -0.14645854714411027
3.7811464573705056 -4.209693850028665e-13 -0.15854412768605267
3.781146453525669 0.06075831416678998 -0.14645854714925788
3.8062452066380987 0.10617058744817803 -0.10594559970074978
3.8062452286168256 0.13871861737938748 -0.057234140383623705
3.80624522432388 0.1501479461257538 0.00022500715629040615
3.8062451925274887 0.13871855339347205 0.057684094883367426
3.806245260664682 0.10617072544517502 0.10639572691837391
3.8062451192691324 0.05745901489196497 0.13894336582967795
3.8062451651943996 3.204524517921425e-12 0.15037273180696795
3.8062451192591347 -0.0574590148846735 0.1389433658071086
3.806245260661747 -0.10617072544144326 0.10639572691416198
3.806245192531985 -0.13871855340242384 0.05768409488824211
3.8062452243253193 -0.1501479461330059 0.00022500715617742006
3.8062452286051025 -0.1387186173431238 -0.05723414037449392
3.8062452066501957 -0.10617058748076057 -0.10594559972258594
3.8062451914277977 -0.05745909998641003 -0.13849353312283136
3.8062451900772283 9.494084255898705e-14 -0.14992282933130432
3.8062451914169464 0.057459099976785256 -0.13849353308841103
3.8356257550812507 0.09893872534908935 -0.09871372050182867
3.8356257238248923 0.129269580330096 -0.05332021219113313
3.835625734791265 0.13992042605640723 0.0002249886049919082
3.8356257561592653 0.12926969209472974 0.053770272795474736
3.8356256982587973 0.09893862035520444 0.09916362037976205
3.8356257691823146 0.053545295996633206 0.12949472899699876
3.8356257867219323 -2.377289176555933e-12 0.1401455504113309
3.8356257691699773 -0.05354529598176722 0.12949472896773467
3.835625698256104 -0.09893862034944734 0.0991636203771698
3.8356257561631404 -0.1292696921051879 0.053770272798025466
3.835625734791908 -0.13992042605745073 0.00022498860445332403
3.8356257238270244 -0.1292695803410179 -0.0533202121915865
3.83562575507826 -0.09893872533904771 -0.0987137205049489
3.835625759532323 -0.05354525617046569 -0.12904468193612145
3.835625739391021 -3.6220897083966274e-13 -0.13969543439180632
3.8356257595331233 0.05354525616474185 -0.12904468193656282
3.8664204223082725 0.09129976447252287 -0.09107477358266476
3.8664204349478983 0.1192889328606928 -0.049186097390966334
3.8664204197484002 0.1291173693034812 0.00022501360439857292
3.866420381591686 0.1192888065610895 0.04963604161230898
3.8664204411396663 0.09129982724646592 0.09152483067411506
3.866420427579002 0.04941108831625848 0.11951393186534226
3.8664203925855194 2.965340591080842e-12 0.12934230098728197
3.8664204275966703 -0.0494110883379097 0.1195139319150935
3.8664204411429037 -0.09129982725667363 0.09152483068213867
3.8664203815837395 -0.1192888065404655 0.04963604160381859
3.8664204197493754 -0.1291173693036186 0.0002250136046415767
3.866420434947211 -0.11928893286224672 -0.04918609739614226
3.866420422301347 -0.09129976446246445 -0.09107477356877622
3.8664204004972436 -0.04941105685067612 -0.1190638446927259
3.8664204352512455 -2.1624679814540168e-12 -0.1288924276321258
3.866420400506907 0.049411056863977385 -0.11906384471993775
3.89877137397705 0.08327556977247216 -0.08305056727703733
3.8987713706393228 0.10880476760829526 -0.04484340850292373
3.898771381587105 0.11776946968300984 0.0002249975680371728
3.898771412810103 0.10880489679704973 0.0452934723093212
3.898771369889831 0.08327557486475562 0.08350058191498735
3.89877137967902 0.04506843093687461 0.1090298069108518
3.8987713891544784 -2.3091557259075684e-12 0.11799448133419876
3.8987713796605137 -0.04506843091602455 0.10902980686291766
3.898771369884703 -0.08327557485443406 0.08350058190588724
3.8987714128187747 -0.10880489682006658 0.045293472319954134
3.8987713815870966 -0.11776946968320864 0.00022499756634022553
3.898771370636831 -0.10880476760453187 -0.04484340850015868
3.8987713739846024 -0.08327556979052812 -0.08305056729386094
3.8987713886755944 -0.0450684277239781 -0.10857982625502148
3.898771387634758 1.307470360146077e-12 -0.11754450392945778
3.898771388661487 0.045068427706715854 -0.10857982621669678
3.932815598936195 0.07490959622070818 -0.07468460264966643
3.9328155976299306 0.0978741013390495 -0.04031577855702423
3.932815586930098 0.10593813915834485 0.00022500771933143054
3.9328155581374764 0.09787400384339943 0.04076574152072358
3.9328155807964427 0.0749095712156496 0.0751345715133381
3.9328155929060555 0.04054077846578043 0.09809909309673626
3.932815581362067 1.886163345914179e-12 0.10616309702885286
3.932815592920583 -0.04054077848234817 0.0980990931366251
3.9328155807997196 -0.07490957122358796 0.0751345715210343
3.9328155581310797 -0.0978740038280335 0.040765741511904256
3.932815586931043 -0.10593813916084441 0.00022500771926033456
3.9328155976315404 -0.09787410134456918 -0.040315778559510525
3.932815598925577 -0.07490959619860615 -0.07468460262872713
3.9328155841131074 -0.04054076419174257 -0.09764907487322376
3.9328155903191964 -6.622291744470783e-13 -0.1057131683202602
3.932815584127945 0.04054076420881253 -0.09764907491388326
3.9686743669554745 0.0662756435817977 -0.066050646717909
3.9686743690517328 0.08659331187810583 -0.0356431252752129
3.9686743808016205 0.09372796020057184 0.0002250001454491256
3.968674407299908 0.08659342393546864 0.03609317262319296
3.968674395473954 0.06627571520059747 0.06650071255106564
3.9686743879839934 0.035868148459369635 0.08681836176289126
3.968674392317411 7.898134367765652e-14 0.0939529793154554
3.9686743879722344 -0.035868148446172775 0.08681836173303221
3.9686743954702157 -0.06627571519583715 0.06650071254507213
3.9686744073053672 -0.08659342394996118 0.036093172630689854
3.968674380801287 -0.09372796020053045 0.0002250001457956592
3.9686743690502064 -0.08659331187458638 -0.03564312527426395
3.9686743669657445 -0.06627564360386952 -0.06605064673974308
3.9686743737072474 -0.03586812782807239 -0.08636832885903241
3.968674375779394 1.7222434538694932e-13 -0.09350294794944776
3.9686743736926355 0.035868127811921516 -0.08636832882076037
4.00643696421115 0.057490304275370524 -0.05726530844382884
4.006436959594969 0.07511469432747152 -0.030888532090075995
4.006436949787202 0.08130353697020082 0.00022499164723606817
4.006436928936153 0.0751146223252975 0.03133848833875641
4.0064369311958465 0.05749024682835112 0.057715244187103915
4.006436938426031 0.031113500655191927 0.07533963988082183
4.006436952039929 -7.964077070522916e-13 0.08152852805646142
4.006436938431595 -0.031113500664298775 0.07533963990059217
4.00643693119851 -0.05749024683292111 0.05771524419496956
4.006436928930962 -0.07511462230804132 0.031338488333333414
4.00643694978637 -0.08130353696996381 0.00022499164888503055
4.006436959592675 -0.07511469432661791 -0.030888532088041137
4.006436964204072 -0.057490304257821034 -0.05726530842614258
4.006436960291639 -0.03111352692486356 -0.07488969442728846
4.006436947021415 9.491880071985166e-13 -0.08107851877180325
4.0064369603015 0.031113526939887403 -0.07488969445985723
4.046705255189983 0.048612086553021655 -0.04838708360085167
4.046705261173327 0.06351475425245 -0.026083670023542026
4.046705252546059 0.06874787456386246 0.00022500255396027189
4.046705256901867 0.06351476914621088 0.026533678958476494
4.046705254381871 0.048612078573057785 0.048837080063566844
4.0467052569649615 0.02630867338077729 0.06373976423305497
4.046705267729712 2.1631178579395494e-13 0.0689728887477197
4.046705256960706 -0.02630867337925044 0.06373976423075481
4.046705254381446 -0.04861207857238463 0.04883708006427438
4.046705256903941 -0.06351476914381074 0.026533678958392096
4.046705252544126 -0.06874787456312442 0.00022500255330595116
4.04670526117051 -0.06351475425388242 -0.026083670024785195
4.046705255193356 -0.0486120865587705 -0.048387083605741794
4.046705257277027 -0.026308669958541378 -0.06328974664986738
4.0467052572224365 3.8124424075805645e-13 -0.06852287761418151
4.046705257268444 0.026308669958680392 -0.06328974665161974
4.312179430025732 0.01669131761385155 -0.016466323213147897
4.3121696505671405 0.02181509034660131 -0.008796492444566739
4.312169015294936 0.02360696208693278 0.00022500014889119697
4.31216965550458 0.021815095720387954 0.00924649337549974
4.312179421341522 0.016691311604716232 0.016916315260039692
4.312169653497583 0.009021490443469019 0.02204010099979503
4.312169003178156 -1.8417329720844014e-12 0.023831982491839293
4.312169653504216 -0.009021490450054508 0.02204010101309869
4.312179421344346 -0.016691311608620512 0.016916315268131515
4.312169655499598 -0.021815095700325297 0.009246493366675141
4.312169015295151 -0.023606962077741996 0.0002250001425774428
4.312169650575752 -0.021815090375920276 -0.008796492458544554
4.312179430024991 -0.01669131761877827 -0.01646632321058096
4.312169660202118 -0.009021499157624882 -0.02159011388810375
4.312169015613137 4.980834661522494e-12 -0.02338195436089908
4.312169660215189 0.009021499174246293 -0.021590113922021568
0.014631555494258246 -0.04163766164049798 -0.04141270113035337
0.014717469190532255 -3.22468407227312e-11 -0.058809116896799025
0.014631555539245023 0.04163766158799386 -0.04141270113229044
0.014717565770229934 -0.05903403090015347 0.00022497449854539306
0.0014999276247006285 -9.186077717904268e-12 0.0002249779595842194
0.01471756603632921 0.05903403079841158 0.00022497451603830943
0.01463152842804497 -0.04163768078911773 0.04186268375421508
0.014717668806001102 -3.6462190111461476e-11 0.05925897329423169
0.014631528434821028 0.04163768075245958 0.04186268377913864
4.34654355804947 -0.007911801769394681 -0.007686808243718791
4.346395221695989 3.02333657529588e-12 -0.011045829159843083
4.3465435580590475 0.007911801779237513 -0.007686808245610123
4.346395219128798 -0.011270816306529863 0.00022499141587698225
4.354500010709868 -8.795069838589525e-12 0.00022499661145098827
4.346395219125634 0.011270816281927219 0.00022499142372972824
4.3465435423428405 -0.007911793731545635 0.008136789013486195
4.346395223214223 -1.1896647159964918e-11 0.011495808815563313
4.346543542343421 0.007911793709591837 0.008136789020403701
0.9244319020492727 -6.447067742646309e-12 0.32258075461876357
0.9244295204982725 2.492174846436203e-12 0.39118069559346763
0.9244269563810675 -7.446319824650068e-13 0.4597807537134982
0.9858128735462636 1.747813727769493e-12 0.32831912576694855
0.9858106797083601 -1.8414672017491277e-13 0.4023007553444982
0.9858082088089748 -5.312732962387011e-13 0.47628219263360405
1.0471940423242556 2.0876549254960871e-13 0.3283862901849116
1.0471918263661333 -1.3881304862880218e-12 0.402419712455282
1.0471907571649193 1.928233327153798e-12 0.47645313097564645
1.1085758848888014 7.840285293966588e-13 0.32836512194814627
1.108572990210531 1.5174963382166264e-12 0.4023750278436595
1.1085722743942523 -2.5851630039851223e-12 0.47638506044835544
1.1699575085079665 7.963660170147393e-12 0.3276568509913437
1.1699548334589396 -5.7251179342490055e-12 0.4009552629963992
1.1699532587759278 4.385444712813852e-12 0.47425443355682717
1.2313396782381918 -6.4102782208993275e-12 0.32578000393625717
1.2313368343428415 4.3295405967992045e-12 0.3972013496980288
1.2313348616820796 -3.0433667985868883e-12 0.46862261482418893
1.2927225625562413 8.333665155350779e-12 0.3228368041217221
1.2927189023559424 -4.953361564319428e-12 0.3913121869233656
1.2927165966186456 3.13515670026361e-12 0.4597882975606257
3.822261803314515 0.18486176215328806 0.0002249128867403537
3.837788092527748 0.21815798621912497 0.00022505694652759763
3.8533143843495132 0.25145420983999556 0.00022497320876092554
3.8503841060529016 0.1780423843893429 0.0002250031906016568
3.864647652763053 0.21474829874049672 0.00022500593866805267
3.878911200345989 0.25145421260737777 0.00022498895116690194
3.8794473002714085 0.17083994048401863 0.00022501634118316126
3.891977659900627 0.21114707896265925 0.0002249769841468355
3.9045080173915454 0.2514542158400642 0.0002250252360835869
3.9095455344635415 0.1632751517471907 0.00022501253670715576
3.919825185078623 0.20736468472843345 0.00022500429382883336
3.930104835116838 0.2514542178972702 0.00022498456054997082
3.940769669594093 0.15538907536225663 0.00022500459634246085
3.9482356620647923 0.20342164753415443 0.00022498724689055103
3.9557016525558764 0.25145421853966105 0.00022501338246089844
3.9732000465091604 0.14725159656857398 0.00022499664418061614
3.977249259876234 0.19935290712991227 0.0002250071639984676
3.9812984693505724 0.2514542189469581 0.00022499556309914164
4.006895280479502 0.13897259963288927 0.0002250000844676203
4.006895285685184 0.19521340896052009 0.00022499715412180524
4.006895285208916 0.2514542196706958 0.0002250009213299037
3.8222618033188747 -0.1848617621556839 0.00022491289116836205
3.8377880925307406 -0.21815798621970545 0.00022505694285679314
3.853314384351071 -0.2514542098411068 0.00022497321320304414
3.8503841060563007 -0.17804238439004405 0.0002250031895320713
3.864647652766179 -0.2147482987422194 0.00022500594048155217
3.8789112003476682 -0.2514542126091598 0.00022498894793720206
3.8794473002738075 -0.1708399404853274 0.00022501634304790042
3.891977659903301 -0.21114707896445925 0.0002249769821002169
3.9045080173936855 -0.2514542158428043 0.00022502523883163576
3.909545534464975 -0.16327515174826082 0.00022501253505248628
3.9198251850810895 -0.20736468473117842 0.00022500429517908647
3.930104835119321 -0.2514542178995048 0.00022498455878553408
3.9407696695949106 -0.15538907536444843 0.00022500459771590997
3.948235662066888 -0.20342164753602063 0.0002249872462041687
3.955701652558895 -0.2514542185424312 0.0002250133832749798
3.9732000465096635 -0.14725159656928286 0.00022499664316209843
3.9772492598779112 -0.199352907132112 0.00022500716440398491
3.9812984693540887 -0.25145421894857 0.00022499556291098144
4.006895280479731 -0.13897259963399428 0.0002250000827796675
4.006895285686357 -0.19521340896084877 0.00022499715488697412
4.006895285212836 -0.25145421967176845 0.00022500092085543771
3.8222617599923887 -5.279860386127009e-12 0.18508679791468743
3.8377881157015064 1.8518870281496695e-12 0.21838299206814016
3.853314410038425 1.2941383952903708e-13 0.25167920340074534
3.8503840729438394 -2.2214361859365136e-12 0.1782673728730195
3.8646476678220893 2.0245679562141432e-12 0.21497328464746154
3.878911218757558 -1.516085271373278e-12 0.25167919766477576
3.8794473123259077 3.528043062441529e-12 0.17106494265076805
3.891977664131042 -2.5621979313558015e-12 0.21137205005317813
3.9045080170872 1.2754404985474023e-12 0.25167920137893063
3.909545533872102 -4.004465214972168e-12 0.16350011072082113
3.9198251888477724 2.5867736078407945e-12 0.2075896695336991
3.930104810440871 -1.5019358056747742e-12 0.2516792058236725
3.940769685999169 2.693899758262666e-12 0.15561406827609606
3.9482356498504774 -1.5619922431487717e-12 0.20364662983238277
3.9557016141266934 1.3259519013324703e-12 0.25167923651915763
3.9732000591266337 -2.6019648642082886e-12 0.1474765815459963
3.977249246401696 1.2298316706706897e-12 0.19957793124922182
3.9812984155163593 -9.050048624887032e-13 0.251679232953539
4.006895300500686 4.09692614620502e-13 0.13919762498862714
4.006895266802505 -4.543119647452453e-14 0.19543843043269088
4.006895229396659 9.259374727542685e-14 0.251679277369839
3.8222617558599508 -8.536716524085895e-12 -0.18463675642029131
3.8377880779261355 3.788795345130962e-12 -0.21793301738259402
3.853314399066409 -1.1880500355308287e-12 -0.25122924145363895
3.850384065198235 3.2714128111401927e-12 -0.17781740682885472
3.864647640370328 -7.101464701590924e-13 -0.21452332253943848
3.8789112170390028 -7.901233197975803e-13 -0.2512292327633111
3.8794472863382863 -2.432462849432519e-12 -0.17061497967034392
3.8919776572533613 -3.475784168100301e-13 -0.2109221017502995
3.9045080411375377 1.7648693904283072e-12 -0.251229229173882
3.909545537272414 1.5628258380629064e-12 -0.1630501876476944
3.9198251948627445 1.0404172737108689e-12 -0.2071397028071466
3.9301048684406625 -1.9955172616892313e-12 -0.2512292234469247
3.9407696781459616 -1.5650786743141322e-12 -0.15516408908132
3.9482356794049887 -7.273651302282927e-13 -0.20319665259871159
3.9557016962824583 1.510291089087631e-12 -0.2512292151449323
3.9732000568110966 2.5896695907229165e-13 -0.1470265897173664
3.9772492798232033 6.69052013031507e-13 -0.19912789613737786
3.981298520501974 -9.012304907566823e-13 -0.2512291991379659
4.006895286490982 5.661208749495114e-13 -0.13874757626340828
4.006895306963653 -6.565991711454218e-13 -0.19498838099393836
4.006895338912991 5.412903714712053e-13 -0.2512291841681855
-0.3 -0.6 0.481289208344275
0.11299999999999999 -0.6 0.481289208344275
0.11299998009145401 -0.2999999738001256 0.4812891869648334
-0.3 -0.3 0.481289208344275
0.11299999999999999 -0.6 0.481289208344275
0.526 -0.6 0.481289208344275
0.525999719452918 -0.30000015550692116 0.4812893139643042
0.11299997422545435 -0.29999996818264346 0.4812891873307046
0.526 -0.6 0.481289208344275
0.9390000000000001 -0.6 0.481289208344275
0.9389999579143401 -0.3000005700843055 0.48128951230506206
0.5259996911785114 -0.3000001688806438 0.4812893181550856
0.9389999999999998 -0.6 0.481289208344275
1.3519999999999999 -0.6 0.481289208344275
1.352000065456508 -0.3000001199982339 0.48128949040720287
0.9389999546341636 -0.30000058968898374 0.48128951532209807
1.3519999999999999 -0.6 0.481289208344275
1.765 -0.6 0.481289208344275
1.7650000134369803 -0.2999999743552141 0.48128927194323173
1.3520000596760364 -0.3000001207625859 0.48128948597976307
1.765 -0.6 0.481289208344275
2.178 -0.6 0.481289208344275
2.17800000082575 -0.30000000154428225 0.4812891967936376
1.7650000140330793 -0.2999999782436179 0.4812892675028914
2.178 -0.6 0.481289208344275
2.5909999999999997 -0.6 0.481289208344275
2.591000000121445 -0.30000000002798566 0.48128921087470655
2.1780000004776485 -0.30000000103601493 0.4812891969566384
2.591 -0.6 0.481289208344275
3.004 -0.6 0.481289208344275
3.0040000000014073 -0.3000000000001753 0.4812892076281054
2.591000000059277 -0.30000000000860255 0.48128921097334154
3.004 -0.6 0.481289208344275
3.417 -0.6 0.481289208344275
3.4170000000000122 -0.29999999999999843 0.48128920859056046
3.004000000000419 -0.30000000000018756 0.48128920756488386
3.417 -0.6 0.481289208344275
3.8299999999999996 -0.6 0.481289208344275
3.8299999999999996 -0.30000000000000004 0.4812892082473609
3.417000000000003 -0.299999999999999 0.48128920862255564
3.83 -0.6 0.481289208344275
4.243 -0.6 0.481289208344275
4.243 -0.3 0.48128920836702016
3.83 -0.3 0.48128920823329574
4.243 -0.6 0.481289208344275
4.656000000000001 -0.6 0.481289208344275
4.656000000000001 -0.3 0.481289208344275
4.243 -0.3 0.48128920837799094
-0.3 -0.3 0.481289208344275
0.11299998055808652 -0.29999997478708357 0.48128918550754246
0.11299997525926628 -2.3665553555394145e-08 0.48128918723852854
-0.3 0.0 0.481289208344275
0.11299997249717524 -0.2999999656388387 0.48128918578089336
0.52599970207385 -0.300000170138717 0.4812893135110026
0.5259999283363248 1.0571729745962713e-07 0.48128916934102345
0.11299996487972473 -3.0290269152750426e-08 0.481289187800235
0.5259996455735355 -0.3000002080484583 0.48128931958073784
0.9389999333236735 -0.3000006384230641 0.48128951116535607
0.9389990871800098 -1.1898070206358518e-06 0.48136469051897607
0.525999927962135 1.180832332495651e-07 0.4812891624373246
0.9389999692096223 -0.3000006779310771 0.4812895142688365
1.3520000701409896 -0.30000015702367233 0.48128949075150357
1.3519998523614054 -2.2166894936094195e-08 0.4813406938466896
0.9389991410807152 -1.6285226864332716e-06 0.4813642703367234
1.3520000662612142 -0.30000013302865314 0.4812894864439602
1.7650000120360037 -0.2999999712539735 0.481289272250599
1.7650000082264614 1.9013623933115704e-08 0.4812891435930718
1.3519998852928847 -1.8923299459783585e-08 0.48133918315726115
1.76500001301895 -0.299999977245763 0.48128926741498446
2.178000000558686 -0.3000000011409403 0.48128919647886165
2.1780000074458323 -3.5646452696500463e-09 0.48128922032258975
1.765000009278274 1.900844193072119e-08 0.4812891479870219
2.1780000004449063 -0.30000000101459134 0.4812891970014756
2.591000000276486 -0.30000000016486356 0.4812892107881856
2.591000000124505 9.837692000123987e-11 0.4812892055643014
2.178000004777904 -2.4758114934047405e-09 0.48128921944006137
2.591000000092274 -0.3000000000374766 0.481289210725226
3.004000000002175 -0.29999999999925636 0.48128920751925475
3.0040000000042513 -1.7169924432788646e-12 0.4812892092138091
2.591000000048012 4.506693265044371e-11 0.4812892058288018
3.004000000000565 -0.3000000000000659 0.48128920768828093
3.4170000000000393 -0.3000000000000199 0.4812892087267299
3.4170000000000256 1.5520548460759454e-14 0.48128920809287873
3.0040000000012776 -5.374124742000144e-13 0.48128920900597116
3.4170000000000065 -0.3000000000000016 0.48128920856038754
3.8299999999999996 -0.3 0.48128920816701193
3.8299999999999996 -1.2876121476161129e-17 0.4812892083969231
3.4170000000000043 2.958292045279316e-15 0.4812892082499893
3.83 -0.3 0.48128920828362876
4.243 -0.3 0.48128920842033657
4.243 -4.038597271358922e-20 0.4812892083179654
3.83 -2.452735170088873e-18 0.4812892083076508
4.243 -0.3 0.4812892083307635
4.656000000000001 -0.3 0.481289208344275
4.656000000000001 0.0 0.481289208344275
4.243 -6.726151082548027e-21 0.48128920836786104
-0.3 0.0 0.481289208344275
0.11299997531737693 -2.5493633947266156e-08 0.481289186520339
0.11299997799112663 0.3000000227707901 0.4812891779928067
-0.3 0.3 0.481289208344275
0.11299996844405426 -3.3906707522474906e-08 0.4812891883665197
0.5259999288550316 1.1915495483553888e-07 0.481289169628436
0.5259999757478888 0.2999998829050964 0.481289340075587
0.1129999729330273 0.3000000328124123 0.48128917511715935
0.5259999189534302 1.6174371590942237e-07 0.48128916182422415
0.9389989101088495 -1.006637764079899e-06 0.48136948105923194
0.9390001383572149 0.3000003928050342 0.48128963800226665
0.5259999617447972 0.2999998586199127 0.4812893489977806
0.939000757055504 3.0331498411209932e-06 0.4816259874547522
1.3519998803140107 -2.6277173184698198e-08 0.4813402018174684
1.3520007549166275 0.30000070014993885 0.48128961543566434
0.939000172083138 0.30000059057027617 0.481289644282835
1.3519998919621885 1.5782439519341013e-08 0.4813378769105028
1.765000017492484 2.2764753868264602e-08 0.48128914375579157
1.7650000678413367 0.2999998979032196 0.48128923247989447
1.3520006757027923 0.30000060639647524 0.4812896011713377
1.7650000112886575 1.5653222517340817e-08 0.4812891474581201
2.178000009375993 -7.507454731099288e-09 0.48128922000782093
2.178000004237567 0.300000007274153 0.48128921219209564
1.765000051716276 0.29999992127663816 0.4812892300733486
2.1780000053326636 -3.4285877577208664e-09 0.4812892195263291
2.591000000140729 2.399839873331343e-10 0.4812892054643733
2.591000000212611 0.2999999998016586 0.48128920414808385
2.1780000024812782 0.30000000414134226 0.48128921205257996
2.591000000050032 7.441828773077364e-11 0.48128920576141204
3.00400000000527 -5.2732283926641286e-12 0.4812892092902691
3.0040000000040616 0.30000000000541494 0.4812892103608058
2.5910000000750575 0.29999999992293064 0.4812892042410406
3.0040000000014717 -1.2067061623839312e-12 0.48128920911432693
3.4170000000000225 4.307195026697299e-14 0.4812892081147414
3.4170000000000282 0.2999999999999623 0.48128920758123805
3.004000000001034 0.3000000000014335 0.4812892103526787
3.417000000000004 7.587063267732231e-15 0.48128920812065557
3.83 -2.8671789006629517e-16 0.481289208314234
3.8299999999999996 0.30000000000000027 0.4812892086215061
3.4170000000000047 0.2999999999999922 0.4812892076924214
3.83 -3.911177163849148e-17 0.48128920840504424
4.243 8.804509919024756e-19 0.4812892084049439
4.243 0.3 0.48128920822937077
3.83 0.30000000000000004 0.4812892084762913
4.243 9.73814663963481e-20 0.48128920828892874
4.656000000000001 0.0 0.481289208344275
4.656000000000001 0.3 0.481289208344275
4.243 0.3 0.4812892083438722
-0.3 0.29999999999999993 0.481289208344275
0.11299997959043222 0.30000002241970886 0.4812891777089943
0.11299999999999999 0.5999999999999999 0.481289208344275
-0.3 0.5999999999999999 0.481289208344275
0.11299997613624133 0.3000000298429286 0.4812891757782776
0.5259999767748924 0.2999998804515363 0.4812893386729362
0.526 0.5999999999999999 0.481289208344275
0.11299999999999999 0.5999999999999999 0.481289208344275
0.5259999792524058 0.29999986386015953 0.48128934670261
0.9390001471920975 0.30000040722617183 0.4812896426283473
0.9390000000000001 0.5999999999999999 0.481289208344275
0.526 0.5999999999999999 0.481289208344275
0.9390001545951109 0.3000004590266122 0.48128965128329704
1.352000694394882 0.30000060966211 0.4812896103866914
1.3519999999999999 0.5999999999999999 0.481289208344275
0.9389999999999998 0.5999999999999999 0.481289208344275
1.3520006390352273 0.30000055929852887 0.4812896003533512
1.7650000651531252 0.2999999029568386 0.48128923342559043
1.765 0.5999999999999999 0.481289208344275
1.3519999999999999 0.5999999999999999 0.481289208344275
1.7650000534873318 0.29999992026735783 0.481289229969666
2.178000004078106 0.30000000711642405 0.4812892118447015
2.178 0.5999999999999999 0.481289208344275
1.765 0.5999999999999999 0.481289208344275
2.1780000023048616 0.30000000413588523 0.48128921209920966
2.5910000001198523 0.29999999981750336 0.48128920433381767
2.5909999999999997 0.5999999999999999 0.481289208344275
2.178 0.5999999999999999 0.481289208344275
2.591000000056957 0.2999999999225529 0.48128920448523516
3.004000000002141 0.3000000000033239 0.4812892105626385
3.004 0.5999999999999999 0.481289208344275
2.591 0.5999999999999999 0.481289208344275
3.004000000000672 0.3000000000010813 0.48128921031570027
3.4170000000000114 0.2999999999999755 0.48128920741561065
3.417 0.5999999999999999 0.481289208344275
3.004 0.5999999999999999 0.481289208344275
3.4170000000000025 0.29999999999999405 0.48128920757064403
3.8299999999999996 0.30000000000000004 0.48128920858330404
3.8299999999999996 0.5999999999999999 0.481289208344275
3.417 0.5999999999999999 0.481289208344275
3.83 0.29999999999999993 0.48128920858669816
4.243 0.29999999999999993 0.4812892083329204
4.243 0.5999999999999999 0.481289208344275
3.83 0.5999999999999999 0.481289208344275
4.243 0.29999999999999993 0.48128920825190813
4.656000000000001 0.29999999999999993 0.481289208344275
4.656000000000001 0.5999999999999999 0.481289208344275
4.243 0.5999999999999999 0.481289208344275
CELLS 650 3250
4 0 1 17 16
4 1 2 18 17
4 2 3 19 18
4 3 4 20 19
4 4 5 21 20
4 5 6 22 21
4 6 7 23 22
4 7 8 24 23
4 8 9 25 24
4 9 10 26 25
4 10 11 27 26
4 11 12 28 27
4 12 13 29 28
4 13 14 30 29
4 14 15 31 30
4 15 0 16 31
4 16 17 33 32
4 17 18 34 33
4 18 19 35 34
4 19 20 36 35
4 20 21 37 36
4 21 22 38 37
4 22 23 39 38
4 23 24 40 39
4 24 25 41 40
4 25 26 42 41
4 26 27 43 42
4 27 28 44 43
4 28 29 45 44
4 29 30 46 45
4 30 31 47 46
4 31 16 32 47
4 32 33 49 48
4 33 34 50 49
4 34 35 51 50
4 35 36 52 51
4 36 37 53 52
4 37 38 54 53
4 38 39 55 54
4 39 40 56 55
4 40 41 57 56
4 41 42 58 57
4 42 43 59 58
4 43 44 60 59
4 44 45 61 60
4 45 46 62 61
4 46 47 63 62
4 47 32 48 63
4 48 49 65 64
4 49 50 66 65
4 50 51 67 66
4 51 52 68 67
4 52 53 69 68
4 53 54 70 69
4 54 55 71 70
4 55 56 72 71
4 56 57 73 72
4 57 58 74 73
4 58 59 75 74
4 59 60 76 75
4 60 61 77 76
4 61 62 78 77
4 62 63 79 78
4 63 48 64 79
4 64 65 81 80
4 65 66 82 81
4 66 67 83 82
4 67 68 84 83
4 68 69 85 84
4 69 70 86 85
4 70 71 87 86
4 71 72 88 87
4 72 73 89 88
4 73 74 90 89
4 74 75 91 90
4 75 76 92 91
4 76 77 93 92
4 77 78 94 93
4 78 79 95 94
4 79 64 80 95
4 80 81 97 96
4 81 82 98 97
4 82 83 99 98
4 83 84 100 99
4 84 85 101 100
4 85 86 102 101
4 86 87 103 102
4 87 88 104 103
4 88 89 105 104
4 89 90 106 105
4 90 91 107 106
4 91 92 108 107
4 92 93 109 108
4 93 94 110 109
4 94 95 111 110
4 95 80 96 111
4 96 97 113 112
4 97 98 114 113
4 98 99 115 114
4 99 100 116 115
4 100 101 117 116
4 101 102 118 117
4 102 103 119 118
4 103 104 120 119
4 104 105 121 120
4 105 106 122 121
4 106 107 123 122
4 107 108 124 123
4 108 109 125 124
4 109 110 126 125
4 110 111 127 126
4 111 96 112 127
4 112 113 129 128
4 113 114 130 129
4 114 115 131 130
4 115 116 132 131
4 116 117 133 132
4 117 118 134 133
4 118 119 135 134
4 119 120 136 135
4 120 121 137 136
4 121 122 138 137
4 122 123 139 138
4 123 124 140 139
4 124 125 141 140
4 125 126 142 141
4 126 127 143 142
4 127 112 128 143
4 128 129 145 144
4 129 130 146 145
4 130 131 147 146
4 131 132 148 147
4 132 133 149 148
4 133 134 150 149
4 134 135 151 150
4 135 136 152 151
4 136 137 153 152
4 137 138 154 153
4 138 139 155 154
4 139 140 156 155
4 140 141 157 156
4 141 142 158 157
4 142 143 159 158
4 143 128 144 159
4 144 145 161 160
4 145 146 162 161
4 146 147 163 162
4 147 148 164 163
4 148 149 165 164
4 149 150 166 165
4 150 151 167 166
4 151 152 168 167
4 152 153 169 168
4 153 154 170 169
4 154 155 171 170
4 155 156 172 171
4 156 157 173 172
4 157 158 174 173
4 158 159 175 174
4 159 144 160 175
4 160 161 177 176
4 161 162 178 177
4 162 163 179 178
4 163 164 180 179
4 164 165 181 180
4 165 166 182 181
4 166 167 183 182
4 167 168 184 183
4 168 169 185 184
4 169 170 186 185
4 170 171 187 186
4 171 172 188 187
4 172 173 189 188
4 173 174 190 189
4 174 175 191 190
4 175 160 176 191
4 176 177 193 192
4 177 178 194 193
4 178 179 195 194
4 179 180 196 195
4 180 181 197 196
4 181 182 198 197
4 182 183 199 198
4 183 184 200 199
4 184 185 201 200
4 185 186 202 201
4 186 187 203 202
4 187 188 204 203
4 188 189 205 204
4 189 190 206 205
4 190 191 207 206
4 191 176 192 207
4 192 193 209 208
4 193 194 210 209
4 194 195 211 210
4 195 196 212 211
4 196 197 213 212
4 197 198 214 213
4 198 199 215 214
4 199 200 216 215
4 200 201 217 216
4 201 202 218 217
4 202 203 219 218
4 203 204 220 219
4 204 205 221 220
4 205 206 222 221
4 206 207 223 222
4 207 192 208 223
4 208 209 225 224
4 209 210 226 225
4 210 211 227 226
4 211 212 228 227
4 212 213 229 228
4 213 214 230 229
4 214 215 231 230
4 215 216 232 231
4 216 217 233 232
4 217 218 234 233
4 218 219 235 234
4 219 220 236 235
4 220 221 237 236
4 221 222 238 237
4 222 223 239 238
4 223 208 224 239
4 224 225 241 240
4 225 226 242 241
4 226 227 243 242
4 227 228 244 243
4 228 229 245 244
4 229 230 246 245
4 230 231 247 246
4 231 232 248 247
4 232 233 249 248
4 233 234 250 249
4 234 235 251 250
4 235 236 252 251
4 236 237 253 252
4 237 238 254 253
4 238 239 255 254
4 239 224 240 255
4 240 241 257 256
4 241 242 258 257
4 242 243 259 258
4 243 244 260 259
4 244 245 261 260
4 245 246 262 261
4 246 247 263 262
4 247 248 264 263
4 248 249 265 264
4 249 250 266 265
4 250 251 267 266
4 251 252 268 267
4 252 253 269 268
4 253 254 270 269
4 254 255 271 270
4 255 240 256 271
4 256 257 273 272
4 257 258 274 273
4 258 259 275 274
4 259 260 276 275
4 260 261 277 276
4 261 262 278 277
4 262 263 279 278
4 263 264 280 279
4 264 265 281 280
4 265 266 282 281
4 266 267 283 282
4 267 268 284 283
4 268 269 285 284
4 269 270 286 285
4 270 271 287 286
4 271 256 272 287
4 272 273 289 288
4 273 274 290 289
4 274 275 291 290
4 275 276 292 291
4 276 277 293 292
4 277 278 294 293
4 278 279 295 294
4 279 280 296 295
4 280 281 297 296
4 281 282 298 297
4 282 283 299 298
4 283 284 300 299
4 284 285 301 300
4 285 286 302 301
4 286 287 303 302
4 287 272 288 303
4 288 289 305 304
4 289 290 306 305
4 290 291 307 306
4 291 292 308 307
4 292 293 309 308
4 293 294 310 309
4 294 295 311 310
4 295 296 312 311
4 296 297 313 312
4 297 298 314 313
4 298 299 315 314
4 299 300 316 315
4 300 301 317 316
4 301 302 318 317
4 302 303 319 318
4 303 288 304 319
4 304 305 321 320
4 305 306 322 321
4 306 307 323 322
4 307 308 324 323
4 308 309 325 324
4 309 310 326 325
4 310 311 327 326
4 311 312 328 327
4 312 313 329 328
4 313 314 330 329
4 314 315 331 330
4 315 316 332 331
4 316 317 333 332
4 317 318 334 333
4 318 319 335 334
4 319 304 320 335
4 320 321 337 336
4 321 322 338 337
4 322 323 339 338
4 323 324 340 339
4 324 325 341 340
4 325 326 342 341
4 326 327 343 342
4 327 328 344 343
4 328 329 345 344
4 329 330 346 345
4 330 331 347 346
4 331 332 348 347
4 332 333 349 348
4 333 334 350 349
4 334 335 351 350
4 335 320 336 351
4 336 337 353 352
4 337 338 354 353
4 338 339 355 354
4 339 340 356 355
4 340 341 357 356
4 341 342 358 357
4 342 343 359 358
4 343 344 360 359
4 344 345 361 360
4 345 346 362 361
4 346 347 363 362
4 347 348 364 363
4 348 349 365 364
4 349 350 366 365
4 350 351 367 366
4 351 336 352 367
4 352 353 369 368
4 353 354 370 369
4 354 355 371 370
4 355 356 372 371
4 356 357 373 372
4 357 358 374 373
4 358 359 375 374
4 359 360 376 375
4 360 361 377 376
4 361 362 378 377
4 362 363 379 378
4 363 364 380 379
4 364 365 381 380
4 365 366 382 381
4 366 367 383 382
4 367 352 368 383
4 368 369 385 384
4 369 370 386 385
4 370 371 387 386
4 371 372 388 387
4 372 373 389 388
4 373 374 390 389
4 374 375 391 390
4 375 376 392 391
4 376 377 393 392
4 377 378 394 393
4 378 379 395 394
4 379 380 396 395
4 380 381 397 396
4 381 382 398 397
4 382 383 399 398
4 383 368 384 399
4 384 385 401 400
4 385 386 402 401
4 386 387 403 402
4 387 388 404 403
4 388 389 405 404
4 389 390 406 405
4 390 391 407 406
4 391 392 408 407
4 392 393 409 408
4 393 394 410 409
4 394 395 411 410
4 395 396 412 411
4 396 397 413 412
4 397 398 414 413
4 398 399 415 414
4 399 384 400 415
4 400 401 417 416
4 401 402 418 417
4 402 403 419 418
4 403 404 420 419
4 404 405 421 420
4 405 406 422 421
4 406 407 423 422
4 407 408 424 423
4 408 409 425 424
4 409 410 426 425
4 410 411 427 426
4 411 412 428 427
4 412 413 429 428
4 413 414 430 429
4 414 415 431 430
4 415 400 416 431
4 416 417 433 432
4 417 418 434 433
4 418 419 435 434
4 419 420 436 435
4 420 421 437 436
4 421 422 438 437
4 422 423 439 438
4 423 424 440 439
4 424 425 441 440
4 425 426 442 441
4 426 427 443 442
4 427 428 444 443
4 428 429 445 444
4 429 430 446 445
4 430 431 447 446
4 431 416 432 447
4 432 433 449 448
4 433 434 450 449
4 434 435 451 450
4 435 436 452 451
4 436 437 453 452
4 437 438 454 453
4 438 439 455 454
4 439 440 456 455
4 440 441 457 456
4 441 442 458 457
4 442 443 459 458
4 443 444 460 459
4 444 445 461 460
4 445 446 462 461
4 446 447 463 462
4 447 432 448 463
4 448 449 465 464
4 449 450 466 465
4 450 451 467 466
4 451 452 468 467
4 452 453 469 468
4 453 454 470 469
4 454 455 471 470
4 455 456 472 471
4 456 457 473 472
4 457 458 474 473
4 458 459 475 474
4 459 460 476 475
4 460 461 477 476
4 461 462 478 477
4 462 463 479 478
4 463 448 464 479
4 464 465 481 480
4 465 466 482 481
4 466 467 483 482
4 467 468 484 483
4 468 469 485 484
4 469 470 486 485
4 470 471 487 486
4 471 472 488 487
4 472 473 489 488
4 473 474 490 489
4 474 475 491 490
4 475 476 492 491
4 476 477 493 492
4 477 478 494 493
4 478 479 495 494
4 479 464 480 495
4 11 496 13 12
4 496 497 14 13
4 497 498 15 14
4 498 1 0 15
4 10 499 496 11
4 499 500 497 496
4 500 501 498 497
4 501 2 1 498
4 9 502 499 10
4 502 503 500 499
4 503 504 501 500
4 504 3 2 501
4 8 7 502 9
4 7 6 503 502
4 6 5 504 503
4 5 4 3 504
4 492 493 505 491
4 493 494 506 505
4 494 495 507 506
4 495 480 481 507
4 491 505 508 490
4 505 506 509 508
4 506 507 510 509
4 507 481 482 510
4 490 508 511 489
4 508 509 512 511
4 509 510 513 512
4 510 482 483 513
4 489 511 487 488
4 511 512 486 487
4 512 513 485 486
4 513 483 484 485
4 70 86 517 514
4 514 517 518 515
4 515 518 519 516
4 86 102 520 517
4 517 520 521 518
4 518 521 522 519
4 102 118 523 520
4 520 523 524 521
4 521 524 525 522
4 118 150 526 523
4 523 526 527 524
4 524 527 528 525
4 150 166 529 526
4 526 529 530 527
4 527 530 531 528
4 166 182 532 529
4 529 532 533 530
4 530 533 534 531
4 354 370 538 535
4 535 538 539 536
4 536 539 540 537
4 370 386 541 538
4 538 541 542 539
4 539 542 543 540
4 386 402 544 541
4 541 544 545 542
4 542 545 546 543
4 402 418 547 544
4 544 547 548 545
4 545 548 549 546
4 418 434 550 547
4 547 550 551 548
4 548 551 552 549
4 434 450 553 550
4 550 553 554 551
4 551 554 555 552
4 362 378 559 556
4 556 559 560 557
4 557 560 561 558
4 378 394 562 559
4 559 562 563 560
4 560 563 564 561
4 394 410 565 562
4 562 565 566 563
4 563 566 567 564
4 410 426 568 565
4 565 568 569 566
4 566 569 570 567
4 426 442 571 568
4 568 571 572 569
4 569 572 573 570
4 442 458 574 571
4 571 574 575 572
4 572 575 576 573
4 358 374 580 577
4 577 580 581 578
4 578 581 582 579
4 374 390 583 580
4 580 583 584 581
4 581 584 585 582
4 390 406 586 583
4 583 586 587 584
4 584 587 588 585
4 406 422 589 586
4 586 589 590 587
4 587 590 591 588
4 422 438 592 589
4 589 592 593 590
4 590 593 594 591
4 438 454 595 592
4 592 595 596 593
4 593 596 597 594
4 366 382 601 598
4 598 601 602 599
4 599 602 603 600
4 382 398 604 601
4 601 604 605 602
4 602 605 606 603
4 398 414 607 604
4 604 607 608 605
4 605 608 609 606
4 414 430 610 607
4 607 610 611 608
4 608 611 612 609
4 430 446 613 610
4 610 613 614 611
4 611 614 615 612
4 446 462 616 613
4 613 616 617 614
4 614 617 618 615
4 619 620 621 622
4 623 624 625 626
4 627 628 629 630
4 631 632 633 634
4 635 636 637 638
4 639 640 641 642
4 643 644 645 646
4 647 648 649 650
4 651 652 653 654
4 655 656 657 658
4 659 660 661 662
4 663 664 665 666
4 667 668 669 670
4 671 672 673 674
4 675 676 677 678
4 679 680 681 682
4 683 684 685 686
4 687 688 689 690
4 691 692 693 694
4 695 696 697 698
4 699 700 701 702
4 703 704 705 706
4 707 708 709 710
4 711 712 713 714
4 715 716 717 718
4 719 720 721 722
4 723 724 725 726
4 727 728 729 730
4 731 732 733 734
4 735 736 737 738
4 739 740 741 742
4 743 744 745 746
4 747 748 749 750
4 751 752 753 754
4 755 756 757 758
4 759 760 761 762
4 763 764 765 766
4 767 768 769 770
4 771 772 773 774
4 775 776 777 778
4 779 780 781 782
4 783 784 785 786
4 787 788 789 790
4 791 792 793 794
4 795 796 797 798
4 799 800 801 802
4 803 804 805 806
4 807 808 809 810
CELL_TYPES 650
9
9
9
9
9
9
9
9
9
9
9
9
9
9
9
9
9
9
9
9
9
9
9
9
9
9
9
9
9
9
9
9
9
9
9
9
9
9
9
9
9
9
9
9
9
9
9
9
9
9
9
9
9
9
9
9
9
9
9
9
9
9
9
9
9
9
9
9
9
9
9
9
9
9
9
9
9
9
9
9
9
9
9
9
9
9
9
9
9
9
9
9
9
9
9
9
9
9
9
9
9
9
9
9
9
9
9
9
9
9
9
9
9
9
9
9
9
9
9
9
9
9
9
9
9
9
9
9
9
9
9
9
9
9
9
9
9
9
9
9
9
9
9
9
9
9
9
9
9
9
9
9
9
9
9
9
9
9
9
9
9
9
9
9
9
9
9
9
9
9
9
9
9
9
9
9
9
9
9
9
9
9
9
9
9
9
9
9
9
9
9
9
9
9
9
9
9
9
9
9
9
9
9
9
9
9
9
9
9
9
9
9
9
9
9
9
9
9
9
9
9
9
9
9
9
9
9
9
9
9
9
9
9
9
9
9
9
9
9
9
9
9
9
9
9
9
9
9
9
9
9
9
9
9
9
9
9
9
9
9
9
9
9
9
9
9
9
9
9
9
9
9
9
9
9
9
9
9
9
9
9
9
9
9
9
9
9
9
9
9
9
9
9
9
9
9
9
9
9
9
9
9
9
9
9
9
9
9
9
9
9
9
9
9
9
9
9
9
9
9
9
9
9
9
9
9
9
9
9
9
9
9
9
9
9
9
9
9
9
9
9
9
9
9
9
9
9
9
9
9
9
9
9
9
9
9
9
9
9
9
9
9
9
9
9
9
9
9
9
9
9
9
9
9
9
9
9
9
9
9
9
9
9
9
9
9
9
9
9
9
9
9
9
9
9
9
9
9
9
9
9
9
9
9
9
9
9
9
9
9
9
9
9
9
9
9
9
9
9
9
9
9
9
9
9
9
9
9
9
9
9
9
9
9
9
9
9
9
9
9
9
9
9
9
9
9
9
9
9
9
9
9
9
9
9
9
9
9
9
9
9
9
9
9
9
9
9
9
9
9
9
9
9
9
9
9
9
9
9
9
9
9
9
9
9
9
9
9
9
9
9
9
9
9
9
9
9
9
9
9
9
9
9
9
9
9
9
9
9
9
9
9
9
9
9
9
9
9
9
9
9
9
9
9
9
9
9
9
9
9
9
9
9
9
9
9
9
9
9
9
9
9
9
9
9
9
9
9
9
9
9
9
9
9
9
9
9
9
9
9
9
9
9
9
9
9
9
9
9
9
9
9
9
9
9
9
9
9
9
9
9
9
9
9
9
9
9
9
9
9
9
9
9
9
9
9
9
9
9
9
9
9
9
9
9
9
9
9
9
9
9
9
9
9
9
9
9
9
9
9
9
9
9
9
9
9
9
9
9
9
9
9
9
9
9
9
9
9
9
9
9
9
9
9
9
9
9
9
9
9
CELL_DATA 650
SCALARS component int 1
LOOKUP_TABLE default
0
0
0
0
0
0
0
0
0
0
0
0
0
0
0
0
0
0
0
0
0
0
0
0
0
0
0
0
0
0
0
0
0
0
0
0
0
0
0
0
0
0
0
0
0
0
0
0
0
0
0
0
0
0
0
0
0
0
0
0
0
0
0
0
0
0
0
0
0
0
0
0
0
0
0
0
0
0
0
0
0
0
0
0
0
0
0
0
0
0
0
0
0
0
0
0
0
0
0
0
0
0
0
0
0
0
0
0
0
0
0
0
0
0
0
0
0
0
0
0
0
0
0
0
0
0
0
0
0
0
0
0
0
0
0
0
0
0
0
0
0
0
0
0
0
0
0
0
0
0
0
0
0
0
0
0
0
0
0
0
0
0
0
0
0
0
0
0
0
0
0
0
0
0
0
0
0
0
0
0
0
0
0
0
0
0
0
0
0
0
0
0
0
0
0
0
0
0
0
0
0
0
0
0
0
0
0
0
0
0
0
0
0
0
0
0
0
0
0
0
0
0
0
0
0
0
0
0
0
0
0
0
0
0
0
0
0
0
0
0
0
0
0
0
0
0
0
0
0
0
0
0
0
0
0
0
0
0
0
0
0
0
0
0
0
0
0
0
0
0
0
0
0
0
0
0
0
0
0
0
0
0
0
0
0
0
0
0
0
0
0
0
0
0
0
0
0
0
0
0
0
0
0
0
0
0
0
0
0
0
0
0
0
0
0
0
0
0
0
0
0
0
0
0
0
0
0
0
0
0
0
0
0
0
0
0
0
0
0
0
0
0
0
0
0
0
0
0
0
0
0
0
0
0
0
0
0
0
0
0
0
0
0
0
0
0
0
0
0
0
0
0
0
0
0
0
0
0
0
0
0
0
0
0
0
0
0
0
0
0
0
0
0
0
0
0
0
0
0
0
0
0
0
0
0
0
0
0
0
0
0
0
0
0
0
0
0
0
0
0
0
0
0
0
0
0
0
0
0
0
0
0
0
0
0
0
0
0
0
0
0
0
0
0
0
0
0
0
0
0
0
0
0
0
0
0
0
0
0
0
0
0
0
0
0
0
0
0
0
0
0
0
0
0
0
0
0
0
0
0
0
0
0
0
0
0
0
0
0
0
0
0
0
0
0
0
0
0
0
0
0
0
0
0
0
0
0
0
0
0
0
0
1
1
1
1
1
1
1
1
1
1
1
1
1
1
1
1
1
1
2
2
2
2
2
2
2
2
2
2
2
2
2
2
2
2
2
2
3
3
3
3
3
3
3
3
3
3
3
3
3
3
3
3
3
3
4
4
4
4
4
4
4
4
4
4
4
4
4
4
4
4
4
4
5
5
5
5
5
5
5
5
5
5
5
5
5
5
5
5
5
5
-1
-1
-1
-1
-1
-1
-1
-1
-1
-1
-1
-1
-1
-1
-1
-1
-1
-1
-1
-1
-1
-1
-1
-1
-1
-1
-1
-1
-1
-1
-1
-1
-1
-1
-1
-1
-1
-1
-1
-1
-1
-1
-1
-1
-1
-1
-1
-1
POINT_DATA 811
VECTORS displacement double
3.4267080655394897e-09 -6.775527391181682e-08 0.0002250069849206487
-4.229979846758643e-08 -1.7813681726924897e-08 0.00022497669902906282
-4.8616156817514187e-08 -4.363394856361556e-08 0.00022498773623050156
-7.479870271506789e-08 -5.86186246730677e-08 0.00022499023478387713
-3.3120246213327615e-09 -2.7295514715161057e-08 0.0002250100090235656
-1.0226484147199508e-07 2.881971002771414e-09 0.00022503390962067915
-2.2190436955584826e-07 -8.455044482572377e-12 0.00022516591043603168
-1.0235934303434507e-07 -2.9376786753983893e-09 0.00022503406507260034
-3.3290345759328524e-09 2.731209692711772e-08 0.0002250100399971036
-7.459627999485961e-08 5.89328505670145e-08 0.00022499007538183822
-4.8797441882815525e-08 4.3364522424233015e-08 0.00022498772114987303
-4.217454916289124e-08 1.7995643035701926e-08 0.00022497679757126537
3.3733404126651336e-09 6.772196823298428e-08 0.00022500694127388813
-1.4918871477065638e-07 -1.5522192198242688e-08 0.00022488659079271514
-4.9771681402183464e-08 -6.534925341347543e-12 0.000224981197052953
-1.491678757456963e-07 1.550154068766756e-08 0.00022488662581006963
-1.5315656038297585e-07 5.039421190319114e-08 0.00022493783571640892
-7.452876276616981e-08 -1.315168951142627e-08 0.00022498704439390482
-4.165893309181924e-08 3.5348061916620234e-08 0.0002249812585511339
3.1712066466911236e-08 -9.181235480069049e-08 0.00022495106094934204
-2.4261112147272607e-08 -4.9615674304215656e-08 0.0002249953124982453
9.9766028292204e-08 -4.338395436963947e-08 0.00022503974042615207
1.0371250384980008e-07 -2.3291454068054336e-12 0.00022482775283154397
9.978930820286368e-08 4.33816906075081e-08 0.00022503974348648417
-2.423796800427667e-08 4.96240501617475e-08 0.00022499531771700838
3.1634492580878673e-08 9.178150452391147e-08 0.00022495107779057247
-4.1571633343633957e-08 -3.5344077044083066e-08 0.00022498125543120426
-7.457950374764056e-08 1.313347035669114e-08 0.00022498703162001358
-1.5313095550637146e-07 -5.0391415515999105e-08 0.00022493783330264057
-5.293583016391178e-08 -6.007300078651785e-10 0.00022500859950918149
-1.2262850351819507e-07 4.552058696469653e-12 0.00022494785145558575
-5.293423698752993e-08 6.05807749084912e-10 0.00022500858302737343
-1.8220645541834475e-07 4.77293996077606e-08 0.00022493839212762667
-1.873370813650944e-07 1.1687383482023808e-07 0.00022495078564924612
-2.012354467496606e-08 1.4836943716989267e-08 0.00022497255161314095
1.72627939195864e-07 6.481367007516631e-08 0.00022492301976590826
1.8919659017119284e-07 -4.030075167232603e-08 0.00022472280884824363
5.108583704930064e-07 -7.691899610251636e-08 0.000224586591178964
1.0573644924927523e-06 4.969587512260953e-12 0.0002250358053126674
5.108631151962027e-07 7.691422755002769e-08 0.00022458659967773695
1.8918328893993972e-07 4.029498683979148e-08 0.00022472280630731167
1.7265496887228493e-07 -6.479169709123827e-08 0.00022492301087029167
-2.0156286298325067e-08 -1.484363623453776e-08 0.00022497255697114657
-1.873105827945371e-07 -1.1686358850704751e-07 0.00022495078791412524
-1.8221395677357808e-07 -4.7733129005489474e-08 0.00022493838937253155
-1.353227866496534e-07 -4.9891313591765954e-08 0.00022482092838251283
-1.2135655076001447e-07 -1.259519420949282e-12 0.00022487350098836646
-1.353202009425202e-07 4.9887499995465604e-08 0.00022482094544672588
-1.624804054850801e-07 2.901035783632189e-07 0.00022453208607207034
-4.608602928879943e-08 -6.63841080786801e-08 0.00022486113980899026
1.3518944581167322e-08 8.694047958607953e-07 0.00022468932369583736
5.474593541725615e-07 3.8433692035666727e-07 0.00022441642068834848
2.418746785632444e-07 2.1231626542749186e-06 0.00022523687476192283
-5.626754421324181e-07 1.3705398723910133e-06 0.00022383362071898378
1.4829039278112046e-08 -3.351599034425968e-12 0.00021902663899547813
-5.62675695039472e-07 -1.37052191241614e-06 0.00022383358367173217
2.418806849829241e-07 -2.1231526781091007e-06 0.00022523686710176316
5.474468439583345e-07 -3.8440067236135344e-07 0.00022441644840221503
1.353001063107124e-08 -8.69378951433679e-07 0.00022468931914047024
-4.609583979647078e-08 6.635695555265177e-08 0.00022486113382294128
-1.6247630497706452e-07 -2.900938931986071e-07 0.00022453209127751536
-6.787806670540423e-08 1.0454452109877332e-07 0.00022506874063993763
-9.628927232023199e-08 3.420699355759255e-12 0.00022464931065649583
-6.788003288013656e-08 -1.0453289276543896e-07 0.0002250687001603374
-1.3184106597992762e-07 7.076452609771741e-07 0.00022411257836757928
1.4290318158506266e-08 -8.297624610891945e-07 0.0002251813888008558
5.1009522098222647e-08 1.9285397954472964e-06 0.00022461489740527882
6.616470598810359e-07 -6.642411351100881e-07 0.00022400862938813987
1.5476668626059453e-07 3.5158111277744724e-06 0.00022681842053599106
-5.596972671061468e-07 2.2771431283835432e-06 0.00022554539062759644
2.835362074856553e-07 9.630249095820744e-12 0.00020872496974575405
-5.597016234959327e-07 -2.277213341421965e-06 0.0002255455360868511
1.5476927685324823e-07 -3.5158411205824583e-06 0.00022681845649575696
6.616445875836272e-07 6.644535128066133e-07 0.00022400853399838158
5.1013971165838235e-08 -1.9286310289657314e-06 0.00022461490538347407
1.428665612457926e-08 8.298333370421179e-07 0.00022518140577424756
-1.3184008144920333e-07 -7.076777804033911e-07 0.00022411256739371187
-2.2688177110747316e-08 2.254189422211221e-07 0.00022540946022312896
-9.78470612970663e-08 -5.6280158035518846e-12 0.00022392089680185872
-2.2687233843337956e-08 -2.2544735494442321e-07 0.00022540956286629734
-5.8015354947418866e-08 7.19861431471506e-07 0.0002240844391785687
3.251326657058615e-08 -7.223331858792973e-07 0.0002251524358915437
1.9154866738793394e-07 2.3710753392637767e-06 0.0002245948104730505
5.828933670647497e-07 -8.194050829855163e-07 0.0002240498790437494
-1.3263576210538654e-09 4.599197138910885e-06 0.00022814372482525213
-3.6420155293234077e-07 3.1406997578550058e-06 0.00022590305801582214
6.022637370427007e-07 -1.4396629686330082e-11 0.00021045663432781806
-3.642031444119375e-07 -3.140640429967757e-06 0.00022590295051921083
-1.3267047491073049e-09 -4.599169582964238e-06 0.0002281436968638263
5.828914939087192e-07 8.192432118603085e-07 0.00022404995656994292
1.9155412294139386e-07 -2.3709943823106883e-06 0.0002245947969778913
3.250881015113454e-08 7.222818152903513e-07 0.00022515242846462348
-5.8015277777136675e-08 -7.198240406677245e-07 0.00022408444077920298
-3.2658930275195094e-08 2.419164727505254e-07 0.0002254193916603437
-2.9042532792804618e-08 4.74683141875306e-12 0.00022428781870896303
-3.2660963636840446e-08 -2.419123906342215e-07 0.0002254193268548972
1.588774465021525e-08 5.77036904205534e-07 0.00022424635914118093
4.6685266511993766e-08 -5.53560749365812e-07 0.00022505348376053357
2.9047807815268945e-07 2.0253696888266223e-06 0.00022462036626671197
3.1553841709613777e-07 -3.258726641885715e-07 0.0002244110382335502
1.7761461025279204e-07 4.353983025991541e-06 0.00022783666106677609
1.2712424632022093e-08 3.1154019339381093e-06 0.00022593146617381007
5.467759776662726e-08 1.0806451743249456e-11 0.00021117238785389126
1.2713115393423547e-08 -3.1154461766684298e-06 0.00022593152868009286
1.7761341712122468e-07 -4.353994459198802e-06 0.0002278366908785613
3.155382717262359e-07 3.259788062371593e-07 0.0002244109818176633
2.9047827263972944e-07 -2.0254362796769412e-06 0.00022462037784742138
4.668520597673814e-08 5.536056237159829e-07 0.00022505348137985984
1.5886850312164795e-08 -5.770756610935029e-07 0.00022424636549785645
-4.6445675278568215e-09 1.3615347434314563e-07 0.00022523532124191055
-1.2534933563818997e-08 -1.124689217879123e-11 0.00022426325609661228
-4.6464891386690826e-09 -1.3614311197676524e-07 0.00022523537498091297
1.1048255694740221e-07 7.524049142108066e-07 0.00022402352078799498
9.564481479632796e-08 -6.391572139194027e-07 0.0002251013965830418
2.9622793058571604e-07 2.162800215873647e-06 0.0002246372014798602
2.1478755633842173e-07 -2.871910337971246e-07 0.00022446138384155882
2.1179360354661195e-07 4.227866735687069e-06 0.00022768147890557576
-3.671304046852551e-08 2.2264387912501176e-06 0.0002249839378872952
-2.0751761813715865e-07 -7.751437521477454e-12 0.00021321088636247818
-3.671617592244631e-08 -2.226427725015289e-06 0.00022498396565243066
2.117938636848277e-07 -4.227885054728856e-06 0.00022768146905145618
2.1478868443747968e-07 2.8715366935441674e-07 0.0002244614090698213
2.9622739019821556e-07 -2.162732335318276e-06 0.0002246371876539678
9.564327072763232e-08 6.391026774789391e-07 0.00022510140813473476
1.1048423556729841e-07 -7.523260376670293e-07 0.00022402352419701734
-4.749208205075604e-08 2.5515339287832904e-07 0.00022545003358775308
8.617674453207885e-08 1.4279156343770353e-11 0.00022420064656136784
-4.749678902595861e-08 -2.551769604424889e-07 0.00022544996963720756
1.2775196953515212e-07 2.3509094263150073e-07 0.0002246062790227599
1.0517794686772226e-07 -3.278389499289449e-08 0.00022479498897526686
3.180949302620063e-07 1.5324903551719523e-06 0.00022466406765601882
1.5813697657505046e-07 4.320768935776331e-07 0.00022463003818531659
2.2412123590381063e-07 3.6829194444434566e-06 0.00022746628516738648
-6.647969246219435e-08 2.1344080963437463e-06 0.00022444440662944598
-1.9868495032673845e-07 5.213468717773363e-14 0.0002151051307109063
-6.648138261107839e-08 -2.134359924192466e-06 0.00022444423424377698
2.2412141321228931e-07 -3.6828680951535746e-06 0.00022746627625673389
1.5813822535893776e-07 -4.321376547987657e-07 0.00022463005294536982
3.18093413614163e-07 -1.5325398863569865e-06 0.00022466407837126205
1.0517731012035894e-07 3.285183989726117e-08 0.0002247949784181706
1.2775331629869235e-07 -2.3519871603378334e-07 0.00022460626127704993
-4.1425991405791975e-08 -1.6220022815625832e-08 0.00022478400212086602
9.249477624941288e-08 -1.6717400357943747e-11 0.00022457605151398612
-4.142983362305299e-08 1.6252804150743963e-08 0.00022478406941212834
1.2730747877149e-07 3.0439266537685737e-07 0.0002244810703251003
1.5000097944995115e-07 -4.7555413256377405e-08 0.00022484103710861163
3.7489544003903967e-07 1.4681169920006378e-06 0.00022462070154080735
4.0890031259441186e-08 3.393913807586775e-07 0.0002246234465135635
1.9469476966234858e-07 3.290965835767275e-06 0.00022672768786463412
-5.941677719828286e-08 1.950180016412517e-06 0.00022514942956636074
-2.044179088956014e-07 1.861139001368958e-12 0.00021490103216824174
-5.941761395027163e-08 -1.9501995108277453e-06 0.00022514951231309235
1.9469569494653932e-07 -3.2909923526743036e-06 0.00022672767447155337
4.089042417481729e-08 -3.3936798031745803e-07 0.0002246234501031006
3.7489431856098053e-07 -1.4680899229872555e-06 0.00022462069764216802
1.5000142921823255e-07 4.7515963520350046e-08 0.00022484103681782056
1.2730763816051132e-07 -3.043468921826345e-07 0.00022448107013218558
2.0843744317880218e-08 6.053446261029041e-08 0.00022490936935045611
5.501778388652192e-08 1.3017419459924706e-11 0.00022475521824053942
2.0844708938338598e-08 -6.055921457854918e-08 0.00022490934089712037
1.4549458125079122e-07 2.5656709543950064e-07 0.00022450587356142538
2.45827272975314e-07 5.352984657346739e-09 0.00022477558931775215
3.5662544108532413e-07 1.1918161650025085e-06 0.00022462396553738826
1.1098339366083613e-07 5.437142253699796e-07 0.0002245322342198862
7.844664422404768e-09 2.5430109477295025e-06 0.00022608258331284354
1.7009171969323347e-08 1.6786402913090637e-06 0.0002248534743001035
-3.0840704236856247e-07 -1.9259844646943365e-12 0.00021715475020481117
1.7008632567460623e-08 -1.6786286621027471e-06 0.00022485342140415065
7.8426871954272e-09 -2.543001437096124e-06 0.00022608259701596407
1.1098527131848267e-07 -5.437138179013229e-07 0.00022453222674653108
3.5662754727164615e-07 -1.1918477168183321e-06 0.00022462396712626213
2.458248796701778e-07 -5.318622918593981e-09 0.00022477559636202444
1.4549412727747362e-07 -2.565987495843975e-07 0.0002245058680301636
5.796641855051938e-08 3.802250261128362e-08 0.00022488942510025367
6.656316806813904e-08 -5.790147373748993e-12 0.00022461128792304006
5.796619871084061e-08 -3.800877899182004e-08 0.00022488944066664112
1.8110043600524697e-07 3.0485044040564036e-07 0.00022442492958068652
2.906757996860167e-07 -8.234887751210076e-08 0.000224783841364706
4.5525106612005083e-07 1.1274573451104082e-06 0.00022461948351178788
1.8135659683295906e-07 2.6449108894535673e-07 0.0002244281207950241
-4.548911723797981e-08 1.9730187168910072e-06 0.00022550429269379408
-1.810815862569457e-07 1.204522651570607e-06 0.00022449784597336443
-6.157170714096131e-07 -4.030553044682764e-13 0.0002171814410925812
-1.8107974227555718e-07 -1.2045312131702442e-06 0.00022449787521174175
-4.548687445597252e-08 -1.973019957418058e-06 0.00022550428583738936
1.813546690523928e-07 -2.6449291567744403e-07 0.00022442812447928722
4.552514617023294e-07 -1.1274377968707853e-06 0.00022461948277876717
2.9067587963526734e-07 8.23274159112903e-08 0.00022478383590103894
1.8110083142731764e-07 -3.0483377797417545e-07 0.00022442493681896488
7.776104023256316e-08 1.2394669803957003e-07 0.00022501770766903916
8.281604018013886e-08 2.3101786576756575e-12 0.00022459046138562295
7.776284515775872e-08 -1.2395146629065686e-07 0.0002250177028197226
2.3845244910451006e-07 -2.2079942720353107e-09 0.0002246635117735089
3.394353228687912e-07 1.6800846650045404e-07 0.00022459990698251814
5.395001589715082e-07 4.1550066241035994e-07 0.00022464734441462848
3.526808751267253e-07 4.497134519309703e-07 0.00022471795022282575
2.3791150377625164e-08 6.319471815634332e-07 0.00022478120925391749
-3.081172155492023e-07 3.87981052677383e-07 0.0002243034033161857
-6.809937410876794e-07 6.031498238333496e-13 0.0002234034558701817
-3.081165146503165e-07 -3.879790925142337e-07 0.00022430339697900443
2.3790592222117873e-08 -6.319476835913885e-07 0.00022478121146076685
3.5268092493037847e-07 -4.4971200356210227e-07 0.00022471794870302498
5.394995993357076e-07 -4.155061230059923e-07 0.00022464734538738513
3.394367701888045e-07 -1.6800284339376043e-07 0.00022459990811926294
2.384517961664725e-07 2.204443820328607e-09 0.00022466350956607532
1.065367330741939e-07 5.673534570961758e-08 0.00022478768361985734
1.2298401565834896e-07 -1.1078487672763503e-12 0.00022485606602996646
1.0653660011517967e-07 -5.6733912622093424e-08 0.00022478768447482206
1.795767545060897e-07 -2.0932048062231074e-08 0.00022483931939262385
3.2943803487831147e-07 1.0682769824486736e-07 0.00022477817329920782
3.70119213224345e-07 1.2844409237790788e-07 0.00022482899200721793
3.4307565682096465e-07 1.6757084794190986e-07 0.00022492534075270324
1.4330085814086257e-07 -4.702629134031421e-08 0.0002249022681330576
4.8006703718841686e-08 -1.3210927170256921e-07 0.0002248620052700561
1.6750781883192735e-07 -3.9030890311539327e-13 0.00022486654063524013
4.8006193008088726e-08 1.3210856185627286e-07 0.00022486200769591039
1.43301166031689e-07 4.7027002394555877e-08 0.000224902267277038
3.430754749713338e-07 -1.6757175419081195e-07 0.00022492534169136209
3.7011951439514073e-07 -1.284414550301621e-07 0.0002248289911321202
3.2943741100272887e-07 -1.0683020110959001e-07 0.00022477817287418615
1.795772499967711e-07 2.0933129222898184e-08 0.00022483932040722525
1.325875501135297e-07 1.843323313597995e-08 0.00022485999287043368
7.606913257909775e-08 6.11671004841803e-13 0.0002249435201601033
1.3258758077177408e-07 -1.8433774087421356e-08 0.00022485999258169264
1.0413411832582982e-07 1.6364930932838148e-08 0.00022490469035680625
1.377867292571786e-07 -1.6318281871115743e-08 0.000224925694884385
1.7382832972196937e-07 7.936345737655714e-08 0.0002249251540611226
1.5971933067017893e-07 -2.5740464559042e-09 0.00022493817178208998
2.0858046419280148e-07 7.3638135369112e-08 0.00022499550180920944
2.6006277600266537e-07 5.976241535836736e-08 0.0002249407563376661
1.6800235442874112e-07 3.1532636519965014e-13 0.00022498904576042093
2.600629864973903e-07 -5.976166077342626e-08 0.0002249407541284251
2.0858030594815423e-07 -7.363897700920047e-08 0.00022499550238540823
1.5971942489425454e-07 2.57502748168688e-09 0.0002249381710297948
1.738281880322536e-07 -7.936590551030051e-08 0.00022492515472460523
1.377869477025328e-07 1.6320513529799115e-08 0.0002249256955248651
1.0413397538957071e-07 -1.6365897921296448e-08 0.00022490468933721673
5.814293227259156e-08 2.6619330051121748e-08 0.0002249879301903998
5.59021239159937e-08 -2.532991268820391e-13 0.00022493076770064465
5.8142923037467436e-08 -2.661912481014703e-08 0.00022498793043117756
3.3598444305918956e-08 -1.720064133918016e-08 0.000224994151764112
4.334513533137828e-08 2.004265514892582e-08 0.0002249709450989305
4.9827594268442804e-08 -1.4678818845829542e-08 0.00022498236787691324
6.232943386280758e-08 3.381084489399816e-08 0.00022499136205557258
8.086691977339073e-08 -6.432802936346457e-09 0.00022496822672641374
5.41851025273048e-08 1.418535115480095e-09 0.0002250377374778074
9.436319760965589e-08 -2.5155678576855154e-13 0.00022503036096431132
5.418505337668516e-08 -1.419247105718637e-09 0.0002250377395467101
8.08669760205382e-08 6.4335429534844e-09 0.00022496822613991482
6.23293843754233e-08 -3.38118008242706e-08 0.0002249913627172887
4.9827646763395644e-08 1.4681131122207753e-08 0.00022498236743335393
4.334508801062314e-08 -2.004473425391685e-08 0.00022497094442950084
3.359848326293306e-08 1.7201624570915304e-08 0.0002249941526529778
2.3576804287649934e-08 -3.014025821285e-09 0.00022497052211483144
1.997174350636686e-08 1.5414807129577796e-13 0.00022501107561973823
2.3576829589728834e-08 3.0138625760111648e-09 0.00022497052185640142
6.464984452745819e-09 3.153112647565143e-09 0.0002249936061271486
8.507809413054921e-09 -5.1658988177216e-09 0.0002249993171056767
8.511400527608805e-09 8.3336091862566e-09 0.00022499605623389085
1.505669993206336e-08 -4.449679989138632e-09 0.00022499473344944658
7.1482765478398974e-09 1.717351252177398e-08 0.00022501587354444334
1.9529031325008787e-08 3.270739049312339e-09 0.0002249825062842557
7.428669420782694e-09 2.2461713354386758e-13 0.00022496730082628122
1.9529029706097096e-08 -3.2700832038765337e-09 0.00022498250436233215
7.1482519826515954e-09 -1.7174187414170946e-08 0.0002250158741328664
1.505675095960262e-08 4.450619154982913e-09 0.00022499473281559521
8.511358481856165e-09 -8.335806832736514e-09 0.00022499605659455173
8.507828783864207e-09 5.167847556404832e-09 0.00022499931775744748
6.464969726257091e-09 -3.1540599943337745e-09 0.00022499360529994669
6.77563845057294e-09 2.8204936986183122e-09 0.00022500224196541027
4.815057638794706e-09 -1.429248287986668e-13 0.00022499167250073743
6.775622409751865e-09 -2.8203271063208947e-09 0.00022500224222028685
1.3901413510712334e-09 -4.926453748813194e-11 0.00022499988842615605
7.928474052434834e-10 4.833784265336056e-10 0.00022499972697516003
2.3606137153273368e-09 -1.332470822989495e-09 0.0002250001405842138
5.909841229079018e-10 2.355674117489345e-09 0.00022500122139706695
2.829400796095482e-09 -1.1456481739677922e-08 0.0002249895714966523
4.241402700486168e-10 -1.4616992748315033e-09 0.00022501177368621474
3.4695080434059905e-09 -1.914540790532248e-13 0.00022503535833506204
4.2418935498747585e-10 1.461050357359705e-09 0.00022501177543836226
2.829395039164152e-09 1.1457166884704557e-08 0.00022498957095178708
5.909349041304528e-10 -2.3566435064306743e-09 0.00022500122200211692
2.360641136363639e-09 1.3345824187383033e-09 0.000225000140263805
7.928600201235568e-10 -4.852044945232095e-10 0.00022499972631524965
1.3901372686609716e-09 5.012191433699165e-11 0.00022499988927185944
7.052272889855999e-10 -2.385474382272657e-10 0.00022499996327449593
1.4762496377600815e-09 1.2342612339348423e-13 0.00022500110147981122
7.05234020948867e-10 2.384273813587735e-10 0.00022499996305810836
2.4533404720073304e-10 -9.2537623063092e-10 0.00022500136450847712
1.2105308715436126e-09 1.1398921355535625e-09 0.0002249997850598174
-3.671781303501967e-10 -3.240369901210668e-10 0.0002250002808882184
2.138309021195692e-09 -1.0030661325215866e-10 0.00022499976274696412
6.703017809842759e-10 9.139714226439268e-09 0.00022500752016037725
1.2575922330478278e-09 1.717572577709414e-09 0.0002249907125799094
-4.0488049943903486e-11 1.1898376627652976e-13 0.00022496723092058047
1.2574371164596061e-09 -1.7169486237398018e-09 0.00022499071100492716
6.704347422342753e-10 -9.140354958061346e-09 0.0002250075207216134
2.1382411699814214e-09 1.0134506837382196e-10 0.0002249997621139296
-3.66986469942913e-10 3.220224258402738e-10 0.00022500028113730988
1.2102901061311367e-09 -1.1382290842707181e-09 0.00022499978579356564
2.454243946970398e-10 9.24678759269107e-10 0.00022500136354064942
9.054087622330247e-10 -1.1667493882320277e-10 0.00022499871479086535
1.6710251856779455e-10 -1.282168520912967e-13 0.00022500060565564613
9.053520727992247e-10 1.1670962336475098e-10 0.000224998714905607
1.269215827310011e-09 -3.238639858857103e-11 0.00022499926402804853
1.1400043255641985e-09 -1.1509982486545745e-09 0.00022500092736456762
2.508593705262358e-09 3.300887316699804e-10 0.0002250003503948839
-3.2411565622589806e-09 -1.233717099468664e-09 0.00022500224229029132
3.92127635008692e-09 -6.707682434501953e-09 0.000224996469708414
-1.6640951442134332e-09 1.256295819960863e-09 0.00022501058344394375
4.1057575819896304e-09 1.966036883758139e-13 0.00022502583581180866
-1.6639646509071373e-09 -1.2568694904312051e-09 0.00022501058493604328
3.920923221055131e-09 6.707788636863621e-09 0.00022499646885966028
-3.2406167230832824e-09 1.2328650798970614e-09 0.00022500224272072468
2.5079915164185907e-09 -3.283662391933414e-10 0.00022500035069955422
1.140646741512276e-09 1.1495312676378387e-09 0.0002250009267154762
1.268818136162304e-09 3.303964251658953e-11 0.0002249992648071982
1.322644399709465e-09 5.28079471673289e-10 0.00022500137206163794
-4.003034361593384e-10 9.739801767057035e-14 0.00022500076441503712
1.3228771949147265e-09 -5.280585832481786e-10 0.0002250013720580043
1.885922080749006e-09 -1.1464143746439713e-09 0.00022500278615852532
4.995017281245465e-09 -2.980017501672529e-09 0.00022499752515184893
5.5807696239481855e-11 -1.0325902967022651e-09 0.00022499601064719218
-1.5627297861214468e-09 6.209902142168057e-09 0.00022499532441472932
-3.7656127599801345e-09 2.479974090855073e-09 0.00022500083698634107
-4.337673741505408e-09 -3.1682572575140805e-09 0.00022499738907553595
-9.104912844409768e-09 -6.983471140673264e-13 0.0002249934290585389
-4.338104851170443e-09 3.1687936209282598e-09 0.0002249973877197857
-3.765359689468948e-09 -2.4790824304509246e-09 0.00022500083861945526
-1.563704180260287e-09 -6.209836825562029e-09 0.00022499532444269225
5.621916397162884e-11 1.0313449358377628e-09 0.00022499600914953542
4.994337066635462e-09 2.98108363451668e-09 0.00022499752556928989
1.8865506884337937e-09 1.1448634311872636e-09 0.00022500278635418803
-1.705141538719721e-09 -1.887132270260364e-09 0.00022500059309102632
4.229850466948163e-09 5.675883618288017e-13 0.00022500084291144617
-1.7047764325036073e-09 1.887375902024448e-09 0.00022500059361062126
5.056363895931939e-09 3.258559113779263e-09 0.00022499286130463775
5.803720841367725e-09 -1.0040224207855065e-08 0.00022500088815507763
6.296524337441907e-09 9.662671480298756e-09 0.00022499353647516414
-2.0422068925307034e-09 2.152094146857639e-09 0.0002249979906506592
-1.527727268573892e-08 -1.2331488346168904e-08 0.00022498054442551886
3.429477993098209e-09 1.0437657349217541e-08 0.00022501674511813102
-9.025656120264026e-10 9.96928655752951e-13 0.00022502859375739037
3.4309932633374637e-09 -1.04391826004579e-08 0.00022501675173936062
-1.527805705492269e-08 1.2329468392154608e-08 0.00022498054523734012
-2.0420712205873688e-09 -2.1505478359918555e-09 0.0002249979901562125
6.295072348133615e-09 -9.658852673170635e-09 0.00022499353691022913
5.805514564197335e-09 1.0036458069388483e-08 0.00022500088595386303
5.054384803583398e-09 -3.2537294741500516e-09 0.00022499286240939615
-3.3558952568989275e-09 2.1367729170137937e-09 0.00022500410136042288
4.895963340595339e-10 -4.209400416896425e-13 0.00022500409323444298
-3.3552401497920035e-09 -2.136132769092359e-09 0.0002250040962128115
-1.3081430574780421e-08 -4.371686072820018e-08 0.00022503146428896298
8.897296121930309e-09 2.7415982287030303e-09 0.00022499115295556015
4.604350680470141e-09 -3.9355561480014354e-10 0.00022500715629040615
-2.7192040758010717e-08 -6.124431720754214e-08 0.00022496334678816308
4.0945152612877554e-08 9.428013624992369e-08 0.00022509575333516877
-1.0045039675849325e-07 -1.1664461430137705e-07 0.00022475119188868618
-5.4525129536144617e-08 3.2045152250063915e-12 0.0002247852876585372
-1.004603948010122e-07 1.1665190575929856e-07 0.0002247511693193325
4.0942217622243006e-08 -9.427640451000619e-08 0.0002250957491232169
-2.7187544261714366e-08 6.123536541138245e-08 0.00022496335166283314
4.605789820382673e-09 3.86303530791513e-10 0.00022500715617740184
8.885573014284131e-09 -2.7053345020290827e-09 0.00022499116208526127
-1.306933363636704e-08 4.368427821439836e-08 0.000225031442452808
-2.829173148384677e-08 3.155016919421871e-08 0.0002250815149579083
-2.964230102163563e-08 9.496842847158762e-14 0.00022511718800508304
-2.8302582731654e-08 -3.155979391542197e-08 0.00022508154937825583
1.7591175716734608e-08 2.7587753119964025e-08 0.00022497725950753402
-1.3665182723123835e-08 -5.7957963150868016e-08 0.0002250251908452976
-2.6988098462757968e-09 -2.216120700002044e-08 0.0002249886049919082
1.866919019088346e-08 5.3806670580747614e-08 0.00022503541349631217
-3.9231277660505514e-08 -7.740613177178033e-08 0.00022492261842586018
3.1692239359136024e-08 5.861465477818309e-08 0.00022509070893961334
4.923185731018888e-08 -2.3772978309195383e-12 0.00022510219371664952
3.167990244514386e-08 -5.8599788803783115e-08 0.0002250906796755177
-3.9233971376638335e-08 7.741188887773269e-08 0.00022492261583359274
1.8673065505655745e-08 -5.3817128763970494e-08 0.00022503541604701835
-2.698166886359677e-09 2.2160163505715966e-08 0.0002249886044533071
-1.366305078926405e-08 5.79470412764778e-08 0.00022502519039184832
1.758818503746412e-08 -2.757771149371036e-08 0.00022497725638728113
2.2042247972368888e-08 -1.8788487301625288e-08 0.00022495635193769294
1.900946128343297e-09 -3.621833149071842e-13 0.0002250138258079093
2.2043048288242367e-08 1.8782763508592252e-08 0.0002249563514963624
5.1188572596450155e-09 -7.541081621544552e-09 0.00022499843093971817
1.7758482915475447e-08 3.2046060483892486e-08 0.00022498316703331616
2.5589848857790647e-09 -6.519729799249102e-09 0.00022501360439857292
-3.559772913013322e-08 -9.425354280419433e-08 0.0002249610543093306
2.395025090017512e-08 5.5232861419533666e-08 0.00022505866051057555
1.0389586920237263e-08 7.758258821355867e-09 0.00022503105070994817
-2.4603895882870646e-08 2.965332610439638e-12 0.00022492516407096908
1.0407254898504456e-08 -7.779910059755657e-09 0.0002250311004612017
2.3953488613598356e-08 -5.524306914041891e-08 0.00022505866853417402
-3.560567565984231e-08 9.427416680879202e-08 0.00022496104581893117
2.559960030848258e-09 6.519592393702749e-09 0.00022501360464156106
1.775779573859762e-08 -3.204761438772092e-08 0.00022498316185731
5.111931769934882e-09 7.551140054458638e-09 0.00022499844482826013
-1.6692171758249667e-08 2.370732349485323e-08 0.00022505612190642152
1.8061830274392633e-08 -2.162444234544667e-12 0.00022494819108520716
-1.668250836915235e-08 -2.3694022185103275e-08 0.00022505609469458608
-7.359128745929647e-09 -2.559178409927471e-08 0.000225028087218916
-1.0696856296856249e-08 -4.117267283667705e-08 0.00022501894556448406
2.5092579204914304e-10 -6.695815388697013e-09 0.0002249975680371728
3.147392398567992e-08 8.80160816250857e-08 0.0002250448608329923
-1.1446347652768952e-08 -2.049950063595855e-08 0.00022498655073111053
-1.6571586352353125e-09 3.4883863990897182e-09 0.00022499812988369954
7.81829929881799e-09 -2.309163011216597e-12 0.00022500495537353774
-1.6756654728543337e-09 -3.4675363397919947e-09 0.00022499808194956363
-1.1451476011688802e-08 2.050982219374222e-08 0.00022498654163098978
3.148259546361888e-08 -8.803909849025983e-08 0.00022504487146591322
2.509175174469175e-10 6.6956165875133805e-09 0.00022499756634021127
-1.0699348078567393e-08 4.117643624638406e-08 0.00022501894832946455
-7.351576776904273e-09 2.557372814404117e-08 0.0002250280703953019
7.3394152601598645e-09 -2.754899230177567e-10 0.0002249825259466192
6.298578958093402e-09 1.3074920381967313e-12 0.00022497244936745564
7.325307905499997e-09 2.5822771385421423e-10 0.00022498256427133835
1.2794788696978784e-08 2.1055233107269626e-08 0.00022497251580861762
1.1488524408463047e-08 2.471321663439422e-08 0.00022499138613928316
7.886917146075429e-10 2.007723253318452e-09 0.00022500771933143054
-2.8003929986264727e-08 -7.278243342073165e-08 0.00022497157756006474
-5.3449636535627695e-09 -3.9498254669906765e-09 0.00022499634786304296
6.764649392693406e-09 8.522616912060182e-09 0.0002250164709033914
-4.779339288611081e-09 1.8861567856456738e-12 0.00022495987823126757
6.779176667743112e-09 -8.539184665624085e-09 0.00022501651079223826
-5.341686743331617e-09 3.941887094403076e-09 0.00022499635555922156
-2.8010326312204025e-08 7.279779936012474e-08 0.0002249715687407341
7.89636713076163e-10 -2.0102228142047237e-09 0.00022500771926032184
1.1490134234263692e-08 -2.4718736293976188e-08 0.00022499138365292127
1.2784170413444996e-08 -2.103313108546188e-08 0.00022497253674792658
-2.028298729808836e-09 5.751420907767355e-09 0.00022500175260912022
4.177790231321444e-09 -6.622096949631133e-13 0.00022496883036139198
-2.0134614160745366e-09 -5.73435091937692e-09 0.0002250017119496237
-1.6210249271214094e-08 -3.587760230815518e-08 0.0002250327414909997
-1.4113990988585419e-08 -3.637556417894743e-08 0.00022501398275378876
-2.364103216926486e-09 -4.54640358674938e-09 0.00022500014544912564
2.4134184470560047e-08 7.568179862364499e-08 0.00022503336522627278
1.2308230550069584e-08 3.5741197456918624e-08 0.00022503309166564542
4.81826960506065e-09 9.20140294467953e-09 0.00022501350922123916
9.15168719079287e-09 7.897553182222524e-14 0.0002250145684799773
4.806510743595906e-09 -9.188206091333513e-09 0.0002250134793622006
1.2304492235583295e-08 -3.573643715795754e-08 0.00022503308567213488
2.413964365229293e-08 -7.56962911688634e-08 0.00022503337272315757
-2.3644364825096108e-09 4.546444972420437e-09 0.00022500014579564804
-1.4115517135731134e-08 3.637908365821046e-08 0.00022501398370268637
-1.61999792502555e-08 3.585553047060855e-08 0.0002250327196569231
-9.458476365581684e-09 1.1429894275160734e-08 0.0002250193946376163
-7.386329873414682e-09 1.7224155024835085e-13 0.00022501679752766059
-9.473087952671056e-09 -1.1446045113659763e-08 0.00022501943290967541
1.3244959981907438e-08 2.6613104841503634e-08 0.00022496921843682518
8.628778555490094e-09 2.6693495554097973e-08 0.00022498197706421317
-1.1789886374156764e-09 6.595629705455081e-09 0.00022499164723606817
-2.2030037681138455e-08 -4.530867846608566e-08 0.0002249742716162036
-1.9770343452489793e-08 -3.0833914561600144e-08 0.00022496652483824684
-1.2540159417279753e-08 -1.341194828673472e-08 0.00022497224684586839
1.0737381721871437e-09 -7.964127729134936e-13 0.00022499768189031724
-1.2534594812004388e-08 1.3402841428284232e-08 0.00022497226661621003
-1.9767679691376845e-08 3.082934455451687e-08 0.0002249665327038845
-2.2035228156012274e-08 4.53259346464027e-08 0.00022497426619319768
-1.179819421341336e-09 -6.5953927026519575e-09 0.00022499164888502082
8.62648514683597e-09 -2.6692641926490674e-08 0.00022498197909902388
1.3237881485292439e-08 -2.6595555348601355e-08 0.00022496923612308305
9.325449225982105e-09 -1.2857723372169184e-08 0.00022497320668749893
-3.9447750525164656e-09 9.492028898202308e-13 0.00022501160276785712
9.335310664175493e-09 1.2872747244601113e-08 0.00022497317411875325
-4.650013302856564e-09 -3.180902102545133e-09 0.00022500613307207783
1.3333296289440618e-09 -1.8391418945736086e-09 0.0002250033604144875
-7.293937639779525e-09 -2.033150412773247e-09 0.00022500255396027197
-2.9381301224235666e-09 1.305461897676139e-08 0.00022500557451998087
-5.458125564732073e-09 -1.1160865973742945e-08 0.00022499032964309038
-2.8750352431647516e-09 -3.1792277901870505e-12 0.00022500814146307732
7.889715585949542e-09 2.1630756568156148e-13 0.00022501215070682833
-2.879290245129496e-09 4.706067714292475e-12 0.0002250081391629186
-5.458551197399683e-09 1.1161539122691053e-08 0.00022499033035062373
-2.9360560025085483e-09 -1.3052218844649767e-08 0.00022500557443557435
-7.295870693973399e-09 2.0338884422144328e-09 0.00022500255330594278
1.3305132335103902e-09 1.837709485769319e-09 0.00022500335917128013
-4.646640690393914e-09 3.1751532620172547e-09 0.0002250061281819591
-2.562970359539205e-09 3.4254151179084136e-09 0.00022500944172451214
-2.6175604165197766e-09 3.812567817183286e-13 0.00022499898283136007
-2.5715529418868943e-09 -3.4252760792107314e-09 0.0002250094399721624
7.192551256177626e-09 3.8667195735892024e-09 0.0002249905339840719
-3.193445447106504e-09 -9.58428336332728e-09 0.0002250017342463942
5.997699303806436e-09 4.966962951834038e-09 0.00022500014889119705
1.7439944972527503e-09 -4.210496718121394e-09 0.0002249991966866079
-1.4916586804285845e-09 -2.1424157427755985e-09 0.00022500151290772105
-2.6300329062325675e-10 -3.735344115661591e-09 0.00022500106891036018
-6.119080508640947e-09 -1.8417344149574888e-12 0.00022502537186946635
-2.5636995827301717e-10 3.7287586245807735e-09 0.00022500108221401783
-1.4888350563770493e-09 2.1385114593536727e-09 0.00022500152099953953
1.7390118053794212e-09 4.230559374718037e-09 0.00022499918786200599
5.997914405145114e-09 -4.957772169573982e-09 0.00022500014257743995
-3.184834047363448e-09 9.554964404311224e-09 0.00022500172026856455
7.191811038701235e-09 -3.87164629222077e-09 0.0002249905365510102
6.441531387558175e-09 -4.97881175695132e-09 0.00022498604278092566
6.315900996959718e-09 4.980838912663985e-12 0.00022500275907074585
6.454602759998789e-09 4.9954331755506655e-09 0.00022498600886311092
1.815571891503293e-08 2.8059941671537225e-08 0.0002249885700862659
-9.439929890502506e-08 -3.224682975486266e-11 0.0002249458615488692
1.8200705690855706e-08 -2.8112445784367e-08 0.00022498856814919983
2.1803987735879862e-09 3.185819442961936e-08 0.00022497449854538587
-7.237529937147269e-08 -9.186077709839604e-12 0.0002249779595842194
2.4464980486776335e-09 -3.1959936313704895e-08 0.00022497451603830946
-8.910494362118351e-09 8.911321902988603e-09 0.00022499405377543485
1.0521616994236583e-07 -3.6462193794577174e-11 0.00022491053588378934
-8.903718304504564e-09 -8.947980063869668e-09 0.0002249940786990042
6.026819086713078e-09 -1.6320669234341833e-09 0.00022499189360896454
-1.0735586942771609e-10 3.0233387417430706e-12 0.00022499152054906876
6.03639654339936e-09 1.6419097552236705e-09 0.00022499189171763158
-2.674546928326848e-09 4.37386228833126e-09 0.00022499141587698103
1.070986826935307e-08 -8.795069838589525e-12 0.00022499661145098827
-2.6777101523795777e-09 -4.398464933114965e-09 0.0002249914237297282
-9.679810860087856e-09 6.405782120841243e-09 0.00022498887615843738
1.410878163925589e-09 -1.1896647916444589e-11 0.0002249881351711616
-9.679229928081014e-09 -6.427735919366988e-09 0.0002249888830759461
-9.871301350751246e-07 -6.447067742646309e-12 0.00020938875600530298
-3.3686811352467537e-06 2.492174846436203e-12 0.00020959196903710665
-5.932798340215726e-06 -7.446319824650068e-13 0.00020991232739541637
-1.9214668023506892e-06 1.747813727769493e-12 0.00021055547694192857
-4.115304705746734e-06 -1.8414672017491277e-13 0.0002111845498989509
-6.586204091156333e-06 -5.312732962387011e-13 0.00021162133441199514
-2.658522468500518e-06 2.0876549254960871e-13 0.00021164936381334022
-4.874480590795039e-06 -1.3881304862880218e-12 0.0002127878725954552
-5.943681804674128e-06 1.928233327153798e-12 0.00021392263137145213
-2.7217915807518886e-06 7.840285293966588e-13 0.00021324426888611226
-5.616469851278984e-06 1.5174963382166264e-12 0.00021362954464921853
-6.332286129798217e-06 -2.5851630039851223e-12 0.0002141415295948042
-3.0040060736300873e-06 7.963660170147393e-12 0.00021501592047573165
-5.679055100729236e-06 -5.7251179342490055e-12 0.00021394991417325907
-7.253738112331217e-06 4.385444712813852e-12 0.00021364246324317778
-2.740109506609474e-06 -6.4102782208993275e-12 0.0002161989376920523
-5.584004856875956e-06 4.3295405967992045e-12 0.0002160967604084359
-7.556665618778909e-06 -3.0433667985868883e-12 0.00021591394751336617
-1.761625115235858e-06 8.333665155350779e-12 0.0002182856200145977
-5.421825414087329e-06 -4.953361564319428e-12 0.00021750697946051705
-7.72756271111043e-06 3.13515670026361e-12 0.0002174561745229096
1.3265262064677295e-09 -1.6001239003804034e-08 0.0002249128867403537
-4.005436899760538e-09 -1.3628351735567232e-08 0.00022505694652759763
-6.728867678407627e-09 -1.170043073263067e-08 0.00022497320876092554
6.940162357344215e-10 -1.1781298932690251e-08 0.0002250031906016568
-3.206054500408956e-09 -1.0115037326290596e-08 0.00022500593866805267
-6.233340421226124e-09 -8.933048519456266e-09 0.00022498895116690194
-1.7809471812001582e-09 -8.854592704455259e-09 0.00022501634118316126
-2.1656908251970295e-09 -6.476859582925895e-09 0.0002249769841468355
-4.688733604638076e-09 -5.700362058663952e-09 0.0002250252360835869
-9.87000341062181e-10 -3.036131993690471e-09 0.00022501253670715576
-1.4372614973610204e-09 -3.433441032455091e-09 0.00022500429382883336
-2.4643897214553933e-09 -3.6431561311984995e-09 0.00022498456054997082
-1.5922683357628345e-09 -1.0649721486247822e-09 0.00022500459634246085
-6.947706388703905e-11 -1.4496731117048333e-09 0.00022498724689055103
-5.263002338557024e-10 -3.0007652281547795e-09 0.00022501338246089844
-2.4199220085053795e-09 5.980606434477404e-10 0.00022499664418061614
1.120129857506512e-09 -1.6255575349889129e-09 0.0002250071639984676
7.674472015603503e-10 -2.5934682416949247e-09 0.00022499556309914164
-3.6045722276932016e-09 -2.093114628166938e-09 0.0002250000844676203
1.6011092919710095e-09 -2.6726950113114725e-09 0.00022499715412180524
1.1248416186087351e-09 -1.869730502769666e-09 0.0002250009213299037
1.3308855326950097e-09 1.5998843177020416e-08 0.00022491289116833942
-4.0024442101931765e-09 1.362777125164834e-08 0.0002250569428567664
-6.727309706004468e-09 1.1699319534533297e-08 0.00022497321320301335
6.974153580086955e-10 1.178059777961077e-08 0.00022500318953204952
-3.2029286099942164e-09 1.0113314646271966e-08 0.00022500594048152587
-6.2316615074267944e-09 8.931266523226798e-09 0.00022498894793717127
-1.7785483945624972e-09 8.853283907750073e-09 0.0002250163430478795
-2.16301647506721e-09 6.475059573007333e-09 0.00022497698210019104
-4.686593364377084e-09 5.697621975700897e-09 0.00022502523883160497
-9.855668535217353e-10 3.035061876777199e-09 0.00022501253505246627
-1.434795092543969e-09 3.4306960555831194e-09 0.00022500429517906107
-2.4619068652693017e-09 3.6409214850899284e-09 0.0002249845587855033
-1.5914509753580369e-09 1.0627803483418313e-09 0.00022500459771589094
-6.738100424888633e-11 1.4478069074070389e-09 0.0002249872462041438
-5.2328171517588e-10 2.997995049781495e-09 0.000225013383274949
-2.41941883640359e-09 -5.987695334577882e-10 0.0002249966431620804
1.1218073053579512e-09 1.623357781333269e-09 0.0002250071644039605
7.709634946951148e-10 2.5918562880725877e-09 0.00022499556291095065
-3.604343878507279e-09 2.0920096097764054e-09 0.00022500008277965048
1.6022829426394796e-09 2.6723663222502908e-09 0.00022499715488695022
1.1287607402138666e-09 1.8686578208263653e-09 0.00022500092085540692
-4.199560036606063e-08 -5.2798717056462545e-12 0.00022501976016037968
1.9168321697001442e-08 1.8518736698248584e-12 0.00022499222066346854
1.8960044291230312e-08 1.2939844239866e-13 0.0002249818603190556
-3.2415045966997814e-08 -2.2214470878890426e-12 0.00022497670237766874
1.1852981688994378e-08 2.02455480667269e-12 0.00022497579192749692
1.217822816433856e-08 -1.5161006685036552e-12 0.00022497612434946017
1.0273551909993507e-08 3.5280326015116727e-12 0.00022499331215671068
2.0647244677958517e-09 -2.562210860385918e-12 0.0002249646136593247
-4.993078917989216e-09 1.2754251014170252e-12 0.00022497983850435047
-1.5784394998960042e-09 -4.004475212691952e-12 0.0002249559374984522
2.3318878151792225e-09 2.586760910415714e-12 0.00022498137182461848
-2.7140356761711257e-08 -1.5019512028051514e-12 0.0002249842832461878
1.4812807631799016e-08 2.6938902434259123e-12 0.0002249918488673032
-1.2283791643432657e-08 -1.562004699132337e-12 0.00022498084855525046
-3.895548320796501e-08 1.3259365042020932e-12 0.00022501497873136028
1.0197551429662504e-08 -2.6019738807680725e-12 0.00022498557548296985
-1.2354408343954381e-08 1.2298194638256092e-12 0.00022502249375204355
-5.30667662065253e-08 -9.050202596190802e-13 0.000225011413112731
1.6416611129569607e-08 4.0968410500290837e-13 0.0002250232626232342
-1.728156992295609e-08 -4.544314984850989e-14 0.00022501879947577083
-5.468741545216433e-08 9.257835014504976e-14 0.00022505582941275621
-4.6128038414620815e-08 -8.53668256552816e-12 0.0002250217342357365
-1.8607049436923958e-08 3.788835420105395e-12 0.00022498246488267699
7.988027874558354e-09 -1.1880038441396974e-12 0.00022498008678735405
-4.016065042561363e-08 3.27144551699778e-12 0.0002249893417870989
-1.559877957807355e-08 -7.101070215347331e-13 0.00022498631609557996
1.045967291641735e-08 -7.900771284064491e-13 0.00022498877711518939
-1.5714069616467687e-08 -2.4324314666429503e-12 0.00022496966826740316
-4.812956285795642e-09 -3.4753962971968016e-13 0.00022498368921933717
1.9057258988295917e-08 1.7649155818194385e-12 0.000224992366544264
1.821872513850966e-09 1.5628558312222592e-12 0.0002249671356282888
8.34685993296537e-09 1.0404553659861108e-12 0.0002249853547278714
3.085943502329645e-08 -1.9954710702981002e-12 0.00022499809350155122
6.9596000454280245e-09 -1.565050129803872e-12 0.00022498734590875908
1.7270719558632105e-08 -7.273277622775969e-13 0.00022499638511595474
4.320028157898729e-08 1.5103372804787624e-12 0.0002250063954940016
7.882013985415411e-09 2.5899400875164285e-13 0.00022500625314690858
2.106709931539412e-08 6.690886335667482e-13 0.0002250126180919304
5.191884880732583e-08 -9.011842993655511e-13 0.00022502240246039123
2.406907841606375e-09 5.661464038022923e-13 0.00022502546259561853
2.2879578403537264e-08 -6.565633110234657e-13 0.00022503063927673022
5.482891658161574e-08 5.413365628623365e-13 0.00022503737224076028
0.0 0.0 0.0
0.0 0.0 0.0
-1.9908545984911078e-08 2.6199874381351454e-08 -2.1379441616648566e-08
0.0 0.0 0.0
0.0 0.0 0.0
0.0 0.0 0.0
-2.8054708195453313e-07 -1.5550692115604014e-07 1.0562002918558266e-07
-2.5774545636783456e-08 3.181735652816118e-08 -2.1013570436054445e-08
0.0 0.0 0.0
0.0 0.0 0.0
-4.208565991537184e-08 -5.700843055116958e-07 3.03960787015948e-07
-3.088214886462392e-07 -1.688806437978786e-07 1.0981081057692676e-07
0.0 0.0 0.0
0.0 0.0 0.0
6.545650824945062e-08 -1.199982339244896e-07 2.8206292783093154e-07
-4.536583624405279e-08 -5.896889837350188e-07 3.0697782303266816e-07
0.0 0.0 0.0
0.0 0.0 0.0
1.3436980466298042e-08 2.56447858872529e-08 6.3598956705848e-08
5.967603662936853e-08 -1.2076258591293935e-07 2.7763548802828336e-07
0.0 0.0 0.0
0.0 0.0 0.0
8.257499513337039e-10 -1.5442822733568161e-09 -1.1550637431045386e-08
1.4033079419802058e-08 2.1756382093236482e-08 5.9158616390490835e-08
0.0 0.0 0.0
0.0 0.0 0.0
1.2144517788486468e-10 -2.7985647568405552e-11 2.5304315583029416e-09
4.776486313690044e-10 -1.0360149407882151e-09 -1.1387636593469433e-08
0.0 0.0 0.0
0.0 0.0 0.0
1.407446805442474e-12 -1.7529051971372668e-13 -7.161696069254939e-10
5.927689987636406e-11 -8.6025735074832e-12 2.6290665427382993e-09
0.0 0.0 0.0
0.0 0.0 0.0
1.2379114988026008e-14 1.5450729026182963e-15 2.4628541099311336e-10
4.1873218665551375e-13 -1.8759125356507448e-13 -7.793911513357187e-10
0.0 0.0 0.0
0.0 0.0 0.0
4.193434042036413e-17 -3.589370032240859e-17 -9.691415928590103e-11
3.0292881455755647e-15 9.798331210060552e-16 2.782806032652567e-10
0.0 0.0 0.0
0.0 0.0 0.0
9.334111803354731e-20 1.26273488968078e-19 2.274516469482531e-11
7.389754916959157e-18 -9.452024727061342e-18 -1.1097930772751334e-10
0.0 0.0 0.0
0.0 0.0 0.0
0.0 0.0 0.0
1.3292129162988642e-20 2.2931286740495673e-20 3.3715930680289896e-11
0.0 0.0 0.0
-1.9441913465120563e-08 2.5212916422693232e-08 -2.2836732572843974e-08
-2.4740733709580173e-08 -2.3665553555394145e-08 -2.1105746496268913e-08
0.0 0.0 0.0
-2.750282475488772e-08 3.436116132743974e-08 -2.256338168777551e-08
-2.979261499802325e-07 -1.7013871703152952e-07 1.0516672759545713e-07
-7.166367517278744e-08 1.0571729745962713e-07 -3.900325154625152e-08
-3.51202752564349e-08 -3.0290269152750426e-08 -2.054404004544883e-08
-3.5442646454868895e-07 -2.0804845831092772e-07 1.1123646281781758e-07
-6.66763265715693e-08 -6.384230641505919e-07 3.028210810224053e-07
-9.128199902594478e-07 -1.1898070206358518e-06 7.548217470104301e-05
-7.203786500129052e-08 1.180832332495651e-07 -4.5906950425951924e-08
-3.0790377589306614e-08 -6.779310771021873e-07 3.0592456146031424e-07
7.014098971593196e-08 -1.5702367236846914e-07 2.824072285576456e-07
-1.4763859454193978e-07 -2.2166894936094195e-08 5.1485502414545045e-05
-8.589192845439391e-07 -1.6285226864332716e-06 7.506199244840586e-05
6.626121421524572e-08 -1.3302865313395294e-07 2.7809968515212633e-07
1.2036003798741485e-08 2.8746026530873856e-08 6.390632395003886e-08
8.226461490664701e-09 1.9013623933115704e-08 -6.475120324827865e-08
-1.1470711516890863e-07 -1.8923299459783585e-08 4.997481298613578e-05
1.3018950108792078e-08 2.2754237007611934e-08 5.907070945828029e-08
5.586859552609052e-10 -1.140940280932995e-09 -1.18654133728148e-08
7.445832328844808e-09 -3.5646452696500463e-09 1.1978314723535235e-08
9.278274129353146e-09 1.900844193072119e-08 -6.035725313996581e-08
4.449062330181229e-10 -1.0145913408324285e-09 -1.1342799429776959e-08
2.764863736608977e-10 -1.6486354207812062e-10 2.4439106015439155e-09
1.2450527357370605e-10 9.837692000123987e-11 -2.7799736407606285e-09
4.7779038306346784e-09 -2.4758114934047405e-09 1.1095786347901315e-08
9.227370153573237e-11 -3.74766314583833e-11 2.3809510176176116e-09
2.1752331580234783e-12 7.436508721992061e-13 -8.250202720445765e-10
4.251099203106591e-12 -1.7169924432788646e-12 8.695340468545453e-10
4.8011987153310276e-11 4.506693265044371e-11 -2.5154732300147163e-09
5.650684600183272e-13 -6.58652796146019e-14 -6.559941060521478e-10
3.945349499777691e-14 -1.992961431492664e-14 3.8245492561321983e-10
2.5679028930932062e-14 1.5520548460759454e-14 -2.513962690849132e-10
1.277449532338655e-12 -5.374124742000144e-13 6.616961638553274e-10
6.686331997167115e-15 -1.601432046806678e-15 2.161125063053543e-10
1.025249011399551e-16 -1.7009932923947546e-17 -1.772630705579866e-10
1.734982265917534e-16 -1.2876121476161129e-17 5.264803493608206e-11
4.537704534520691e-15 2.958292045279316e-15 -9.428573498948474e-11
1.49122976740932e-17 -1.010116072454798e-17 -6.064625656558544e-11
4.500647575838034e-19 2.699319410600322e-21 7.606153659217909e-11
2.6157234470993803e-19 -4.038597271358922e-20 -2.6309605186035426e-11
2.8844496850033065e-17 -2.452735170088873e-18 -3.662423124323828e-11
4.358980693093332e-20 2.117428558065891e-20 -1.3511502073098046e-11
0.0 0.0 0.0
0.0 0.0 0.0
2.3777228533730694e-20 -6.726151082548027e-21 2.3586007257445427e-11
0.0 0.0 0.0
-2.4682623050021328e-08 -2.5493633947266156e-08 -2.1823936040261547e-08
-2.20088733660533e-08 2.277079006285166e-08 -3.0351468311164967e-08
0.0 0.0 0.0
-3.155594572547869e-08 -3.3906707522474906e-08 -1.997775535498677e-08
-7.11449684800146e-08 1.1915495483553888e-07 -3.8715839047496366e-08
-2.4252111160391006e-08 -1.1709490361932792e-07 1.3173131198134648e-07
-2.7066972695790742e-08 3.2812412266524285e-08 -3.322711566048271e-08
-8.104656977046298e-08 1.6174371590942237e-07 -4.652005084468664e-08
-1.0898911505952018e-06 -1.006637764079899e-06 8.027271495692411e-05
1.383572148015069e-07 3.9280503424909595e-07 4.296579916148517e-07
-3.825520278278529e-08 -1.413800872960739e-07 1.406535055571876e-07
7.570555042181322e-07 3.0331498411209932e-06 0.0003367791104772148
-1.1968598920169492e-07 -2.6277173184698198e-08 5.0993473193352006e-05
7.549166277628346e-07 7.001499388333261e-07 4.070913893153778e-07
1.7208313815708302e-07 5.905702762071049e-07 4.3593855995147284e-07
-1.0803781143517937e-07 1.5782439519341013e-08 4.866856622775813e-05
1.7492484198076674e-08 2.2764753868264602e-08 -6.458848344305277e-08
6.784133673643016e-08 -1.020967803364188e-07 2.4135619459515582e-08
6.757027923872277e-07 6.063964752300004e-07 3.9282706265153704e-07
1.128865763891613e-08 1.5653222517340817e-08 -6.088615487581686e-08
9.375992916110214e-09 -7.507454731099288e-09 1.1663545901659278e-08
4.2375671380343144e-09 7.274152980542402e-09 3.8478206023248315e-09
5.171627604984076e-08 -7.872336183075975e-08 2.172907358093519e-08
5.332663587647479e-09 -3.4285877577208664e-09 1.1182054050164692e-08
1.4072930113298866e-10 2.399839873331343e-10 -2.8799017271531537e-09
2.1261145192713522e-10 -1.9834137222183327e-10 -4.196191172507741e-09
2.4812784785839518e-09 4.1413422493629075e-09 3.7083049620588144e-09
5.00319766470702e-11 7.441828773077364e-11 -2.582863002041683e-09
5.270185366890398e-12 -5.2732283926641286e-12 9.459940481663513e-10
4.06168268161711e-12 5.414953684245948e-12 2.0165307890274787e-09
7.50574359615063e-11 -7.706932451396786e-11 -4.103234436343997e-09
1.4718983123079314e-12 -1.2067061623839312e-12 7.700519062845536e-10
2.25809428857222e-14 4.307195026697299e-14 -2.295336224040133e-10
2.8330396849023548e-14 -3.768745147903086e-14 -7.630369825600536e-10
1.0337630819264681e-12 1.4335086676239114e-12 2.0084036460740082e-09
4.118749962920095e-15 7.587063267732231e-15 -2.236194372985195e-10
2.2306916984531763e-16 -2.8671789006629517e-16 -3.004102648325513e-11
1.8387680011738785e-16 2.992516864993357e-16 2.772310914374328e-10
5.047550442384237e-15 -7.765262017151022e-15 -6.518536064000017e-10
3.4834856031251156e-17 -3.911177163849148e-17 6.076923747860181e-11
1.9703522207397728e-19 8.804509919024756e-19 6.066887198381905e-11
3.0028186918944316e-19 -8.332370454003466e-19 -1.1490424981548534e-10
2.602805331912762e-17 4.554854456193685e-17 1.3201628052978372e-10
1.836666339850214e-20 9.73814663963481e-20 -5.534630530853047e-11
0.0 0.0 0.0
0.0 0.0 0.0
2.9796510573715623e-20 -1.0368169753528087e-19 -4.028595569336891e-13
0.0 0.0 0.0
-2.0409567771059654e-08 2.2419708924160953e-08 -3.0635280696328176e-08
0.0 0.0 0.0
0.0 0.0 0.0
-2.386375865993256e-08 2.984292868639581e-08 -3.256599740916391e-08
-2.3225107582106858e-08 -1.1954846361520097e-07 1.3032866117488863e-07
0.0 0.0 0.0
0.0 0.0 0.0
-2.0747594191143772e-08 -1.3613984040463553e-07 1.3835833494525655e-07
1.4719209741426673e-07 4.072261719173813e-07 4.342840722603871e-07
0.0 0.0 0.0
0.0 0.0 0.0
1.5459511099085117e-07 4.5902661225996256e-07 4.429390220249171e-07
6.943948819409285e-07 6.096621100718718e-07 4.020424163515754e-07
0.0 0.0 0.0
0.0 0.0 0.0
6.39035227458347e-07 5.592985289229973e-07 3.920090762176894e-07
6.515312523538886e-08 -9.704316135111267e-08 2.508131541427929e-08
0.0 0.0 0.0
0.0 0.0 0.0
5.34873318762841e-08 -7.973264212124383e-08 2.1625390979692235e-08
4.078105822100454e-09 7.1164240976961715e-09 3.500426518787642e-09
0.0 0.0 0.0
0.0 0.0 0.0
2.3048614695204106e-09 4.135885307808107e-09 3.754934648524845e-09
1.1985235293266924e-10 -1.8249659662719152e-10 -4.010457362275107e-09
0.0 0.0 0.0
0.0 0.0 0.0
5.6956447092055516e-11 -7.744707595577118e-11 -3.859039840735722e-09
2.1409807364563728e-12 3.323976734814743e-12 2.218363503481329e-09
0.0 0.0 0.0
0.0 0.0 0.0
6.717965622723646e-13 1.0813746159920665e-12 1.971425255974552e-09
1.159299978343412e-14 -2.4401978123679092e-14 -9.286643770539365e-10
0.0 0.0 0.0
0.0 0.0 0.0
2.7864011275298342e-15 -5.900399347982975e-15 -7.736309942260954e-10
6.003478911507551e-17 1.2887276948360224e-16 2.390290330946384e-10
0.0 0.0 0.0
0.0 0.0 0.0
1.1224330212632623e-17 2.4981484058375883e-17 2.424231618574284e-10
8.73066005446207e-20 -3.500483754311593e-19 -1.1354637337311697e-11
0.0 0.0 0.0
0.0 0.0 0.0
1.1855084410145557e-20 -5.2872970844950835e-20 -9.236686864259056e-11
0.0 0.0 0.0
0.0 0.0 0.0
0.0 0.0 0.0
